WKT,Name,OBJECTID,UKATEGORIE,UTYP1,UART,UMONAT,USTUNDE,UWOCHENTAG,STRZUSTAND,ULICHTVERH,ISTRAD,ISTPKW,ISTFUSS,ISTKRAD
"POINT (9.809079205000046 52.379596181000068)","Unfall 8214 (2017) Kat:3, Licht: 2","8214","3","3","5","01","21","1","1","2","0","1","0","0"
"POINT (9.880214309000053 52.399306074000037)","Unfall 8217 (2017) Kat:3, Licht: 2","8217","3","6","2","01","17","1","0","2","0","1","0","0"
"POINT (9.781459315000063 52.425034258000039)","Unfall 8992 (2017) Kat:3, Licht: 2","8992","3","2","6","01","17","4","1","2","0","1","1","0"
"POINT (9.624535698000045 52.425019660000032)","Unfall 9169 (2017) Kat:3, Licht: 2","9169","3","6","3","01","18","3","1","2","0","1","0","0"
"POINT (9.764961613000025 52.370691901000043)","Unfall 9302 (2017) Kat:3, Licht: 0","9302","3","6","2","01","10","2","1","0","0","1","0","0"
"POINT (9.763376734000076 52.343905498000026)","Unfall 9481 (2017) Kat:3, Licht: 1","9481","3","3","5","01","16","5","0","1","1","1","0","0"
"POINT (9.814405623000027 52.429081589000077)","Unfall 9483 (2017) Kat:3, Licht: 0","9483","3","6","3","01","13","5","0","0","0","0","0","0"
"POINT (9.756781300000057 52.370188096000049)","Unfall 9484 (2017) Kat:2, Licht: 0","9484","2","3","5","01","08","5","1","0","1","1","0","0"
"POINT (9.861861068000053 52.369424589000062)","Unfall 9543 (2017) Kat:3, Licht: 0","9543","3","6","2","01","09","4","0","0","0","1","0","0"
"POINT (9.732223720000036 52.383051973000079)","Unfall 9544 (2017) Kat:3, Licht: 2","9544","3","2","5","01","18","4","1","2","1","1","0","0"
"POINT (9.651355902000034 52.419586627000058)","Unfall 9548 (2017) Kat:2, Licht: 2","9548","2","2","5","01","17","4","1","2","0","1","0","0"
"POINT (9.735848291000025 52.399303380000049)","Unfall 9549 (2017) Kat:2, Licht: 2","9549","2","7","9","01","21","4","0","2","0","1","0","0"
"POINT (9.734880288000056 52.391365271000041)","Unfall 9587 (2017) Kat:3, Licht: 0","9587","3","6","2","01","14","3","0","0","0","1","0","0"
"POINT (9.726492447000055 52.375641440000038)","Unfall 9628 (2017) Kat:3, Licht: 2","9628","3","2","2","01","18","2","1","2","0","1","0","0"
"POINT (9.797507453000037 52.416348926000069)","Unfall 9629 (2017) Kat:3, Licht: 2","9629","3","3","5","01","18","2","1","2","1","1","0","0"
"POINT (9.838561179000067 52.409878380000066)","Unfall 9630 (2017) Kat:3, Licht: 2","9630","3","6","2","01","17","2","1","2","0","1","0","0"
"POINT (9.756881036000038 52.341014320000056)","Unfall 9631 (2017) Kat:3, Licht: 0","9631","3","6","3","01","11","2","0","0","0","1","0","0"
"POINT (9.705838256000050 52.412308631000030)","Unfall 9683 (2017) Kat:3, Licht: 2","9683","3","1","8","01","18","7","2","2","0","1","0","0"
"POINT (9.793826845000069 52.394743602000062)","Unfall 9716 (2017) Kat:3, Licht: 0","9716","3","2","3","01","12","6","2","0","0","1","0","0"
"POINT (9.722587216000022 52.378673975000027)","Unfall 9717 (2017) Kat:3, Licht: 2","9717","3","2","0","01","05","6","0","2","1","1","0","0"
"POINT (9.829521000000057 52.409275698000044)","Unfall 9719 (2017) Kat:3, Licht: 0","9719","3","1","9","01","10","6","2","0","0","1","0","0"
"POINT (9.843010291000041 52.410946104000061)","Unfall 9720 (2017) Kat:3, Licht: 0","9720","3","6","2","01","10","6","2","0","0","1","0","0"
"POINT (9.785765488000038 52.429200015000049)","Unfall 9756 (2017) Kat:3, Licht: 0","9756","3","6","8","01","10","7","1","0","0","1","0","0"
"POINT (9.725343039000052 52.380372942000065)","Unfall 9781 (2017) Kat:3, Licht: 2","9781","3","3","5","01","20","6","0","2","1","1","0","0"
"POINT (9.820653237000045 52.408059634000040)","Unfall 9824 (2017) Kat:3, Licht: 1","9824","3","2","2","01","17","5","0","1","0","1","0","0"
"POINT (9.733356770000057 52.417992746000039)","Unfall 9828 (2017) Kat:3, Licht: 0","9828","3","7","0","01","12","5","0","0","1","0","0","0"
"POINT (9.736210085000039 52.399149111000042)","Unfall 9866 (2017) Kat:3, Licht: 1","9866","3","6","2","01","06","4","0","1","0","1","0","0"
"POINT (9.841745467000067 52.395173068000076)","Unfall 9950 (2017) Kat:3, Licht: 2","9950","3","3","5","01","17","2","0","2","1","1","0","0"
"POINT (9.739231829000062 52.368203014000073)","Unfall 9955 (2017) Kat:3, Licht: 2","9955","3","7","1","01","17","6","0","2","1","1","0","0"
"POINT (9.660100224000075 52.387269926000045)","Unfall 9956 (2017) Kat:3, Licht: 2","9956","3","7","9","01","06","2","1","2","0","1","0","0"
"POINT (9.756922636000070 52.370196586000077)","Unfall 9959 (2017) Kat:3, Licht: 2","9959","3","6","2","01","17","6","1","2","0","1","0","0"
"POINT (9.735268919000021 52.394591565000042)","Unfall 9974 (2017) Kat:3, Licht: 2","9974","3","2","5","01","06","6","1","2","1","1","0","0"
"POINT (9.827262954000048 52.346492809000040)","Unfall 9983 (2017) Kat:3, Licht: 1","9983","3","7","0","01","16","6","1","1","0","0","0","0"
"POINT (9.869544691000044 52.311470557000064)","Unfall 9998 (2017) Kat:3, Licht: 2","9998","3","1","8","01","04","6","2","2","0","1","0","0"
"POINT (9.696128907000059 52.380039855000064)","Unfall 10023 (2017) Kat:3, Licht: 2","10023","3","1","0","01","01","1","1","2","0","1","0","0"
"POINT (9.802567420000059 52.434784433000061)","Unfall 10055 (2017) Kat:2, Licht: 0","10055","2","2","5","01","11","1","0","0","1","0","0","0"
"POINT (9.830443921000040 52.339260908000028)","Unfall 10076 (2017) Kat:3, Licht: 0","10076","3","3","5","01","08","7","1","0","0","1","0","0"
"POINT (9.798771124000041 52.345000453000068)","Unfall 10080 (2017) Kat:3, Licht: 2","10080","3","1","9","01","19","7","1","2","0","1","0","0"
"POINT (9.782348192000029 52.371926523000070)","Unfall 10082 (2017) Kat:3, Licht: 0","10082","3","7","5","01","15","7","1","0","0","1","0","0"
"POINT (9.764894029000061 52.342663740000035)","Unfall 10128 (2017) Kat:3, Licht: 0","10128","3","2","2","01","11","6","0","0","0","1","0","0"
"POINT (9.644381899000052 52.423380868000038)","Unfall 10130 (2017) Kat:3, Licht: 0","10130","3","6","2","01","14","6","0","0","0","1","0","0"
"POINT (9.820916583000042 52.426859169000068)","Unfall 10131 (2017) Kat:3, Licht: 0","10131","3","6","2","01","08","6","0","0","0","1","0","0"
"POINT (9.697763366000061 52.376332042000058)","Unfall 10195 (2017) Kat:3, Licht: 0","10195","3","6","2","01","16","5","0","0","0","1","0","0"
"POINT (9.690503548000038 52.346812275000048)","Unfall 10196 (2017) Kat:3, Licht: 2","10196","3","6","2","01","06","5","1","2","0","1","0","0"
"POINT (9.776891981000063 52.426803812000060)","Unfall 10239 (2017) Kat:3, Licht: 0","10239","3","6","2","01","11","4","0","0","0","1","0","0"
"POINT (9.786470699000063 52.389335121000045)","Unfall 10240 (2017) Kat:3, Licht: 2","10240","3","6","2","01","07","4","1","2","0","1","0","0"
"POINT (9.723416835000023 52.379240856000081)","Unfall 10241 (2017) Kat:3, Licht: 2","10241","3","6","2","01","18","4","0","2","0","1","0","0"
"POINT (9.673999999000046 52.377241596000033)","Unfall 10242 (2017) Kat:3, Licht: 0","10242","3","2","5","01","09","4","0","0","0","1","0","0"
"POINT (9.723485071000027 52.377929599000026)","Unfall 10294 (2017) Kat:3, Licht: 0","10294","3","2","5","01","10","3","0","0","1","0","0","0"
"POINT (9.690727069000047 52.331711496000082)","Unfall 10324 (2017) Kat:3, Licht: 1","10324","3","6","2","01","08","2","1","1","0","1","0","0"
"POINT (9.839557529000047 52.410164170000030)","Unfall 10325 (2017) Kat:3, Licht: 2","10325","3","1","8","01","17","2","0","2","0","1","0","0"
"POINT (9.626360764000026 52.408221411000056)","Unfall 10327 (2017) Kat:3, Licht: 1","10327","3","6","0","01","07","2","1","1","1","1","0","0"
"POINT (9.719450373000029 52.367443436000030)","Unfall 10340 (2017) Kat:3, Licht: 2","10340","3","1","0","01","19","6","0","2","1","0","0","0"
"POINT (9.733380697000030 52.417809228000067)","Unfall 10341 (2017) Kat:3, Licht: 1","10341","3","3","5","02","07","4","1","1","1","1","0","0"
"POINT (9.697133554000061 52.341653932000042)","Unfall 10369 (2017) Kat:3, Licht: 1","10369","3","2","5","02","17","3","0","1","0","1","0","0"
"POINT (9.714983892000021 52.398346521000065)","Unfall 10370 (2017) Kat:3, Licht: 2","10370","3","4","6","02","17","3","0","2","0","0","1","1"
"POINT (9.738023695000038 52.368175961000077)","Unfall 10417 (2017) Kat:3, Licht: 0","10417","3","6","2","02","16","4","1","0","0","1","0","0"
"POINT (9.783654027000068 52.359891546000028)","Unfall 10435 (2017) Kat:2, Licht: 0","10435","2","1","8","02","13","1","1","0","0","1","0","0"
"POINT (9.699094258000059 52.347780898000053)","Unfall 10436 (2017) Kat:3, Licht: 2","10436","3","1","9","02","04","1","0","2","0","1","0","0"
"POINT (9.701363890000039 52.415343544000052)","Unfall 10474 (2017) Kat:3, Licht: 0","10474","3","3","5","02","11","7","0","0","0","1","0","0"
"POINT (9.784145658000057 52.359218442000042)","Unfall 10475 (2017) Kat:3, Licht: 0","10475","3","6","2","02","10","7","1","0","0","1","0","0"
"POINT (9.782919846000027 52.323816645000079)","Unfall 10515 (2017) Kat:3, Licht: 0","10515","3","4","6","02","16","6","1","0","0","0","1","0"
"POINT (9.734084353000071 52.386039215000039)","Unfall 10517 (2017) Kat:3, Licht: 0","10517","3","6","2","02","13","6","1","0","0","1","0","0"
"POINT (9.786639587000025 52.389692502000059)","Unfall 10519 (2017) Kat:3, Licht: 0","10519","3","6","2","02","10","6","0","0","0","1","0","0"
"POINT (9.725105244000076 52.377014092000081)","Unfall 10566 (2017) Kat:3, Licht: 2","10566","3","1","8","02","02","5","0","2","0","1","0","0"
"POINT (9.700170565000065 52.372264893000079)","Unfall 10606 (2017) Kat:3, Licht: 2","10606","3","6","2","02","07","4","0","2","0","1","0","0"
"POINT (9.722523273000036 52.362510637000071)","Unfall 10613 (2017) Kat:2, Licht: 0","10613","2","3","5","02","10","4","0","0","1","1","0","0"
"POINT (9.832717577000040 52.421885307000082)","Unfall 10615 (2017) Kat:3, Licht: 0","10615","3","6","3","02","07","4","1","0","0","1","0","0"
"POINT (9.641375652000022 52.414283846000046)","Unfall 10655 (2017) Kat:3, Licht: 2","10655","3","2","5","01","21","3","0","2","0","1","0","0"
"POINT (9.643991207000056 52.414349207000043)","Unfall 10700 (2017) Kat:1, Licht: 2","10700","1","1","8","01","00","2","1","2","0","1","0","0"
"POINT (9.775217193000060 52.330262268000070)","Unfall 10738 (2017) Kat:3, Licht: 2","10738","3","1","0","02","18","6","1","2","0","0","0","1"
"POINT (9.793340012000044 52.393673146000026)","Unfall 10739 (2017) Kat:3, Licht: 0","10739","3","2","3","02","13","6","0","0","0","1","0","0"
"POINT (9.667346324000050 52.377070328000059)","Unfall 10744 (2017) Kat:2, Licht: 1","10744","2","3","5","02","17","6","1","1","1","0","0","0"
"POINT (9.719198592000055 52.421494118000055)","Unfall 10746 (2017) Kat:3, Licht: 0","10746","3","2","2","02","12","6","1","0","0","1","0","0"
"POINT (9.644290382000065 52.423203386000068)","Unfall 10747 (2017) Kat:3, Licht: 0","10747","3","6","2","02","13","6","1","0","0","1","0","0"
"POINT (9.734063623000054 52.387412842000060)","Unfall 10803 (2017) Kat:3, Licht: 2","10803","3","2","6","02","18","5","0","2","0","1","1","0"
"POINT (9.762967379000031 52.427109500000029)","Unfall 10805 (2017) Kat:3, Licht: 0","10805","3","6","2","02","14","5","0","0","0","1","0","0"
"POINT (9.733585306000066 52.369164073000036)","Unfall 10845 (2017) Kat:3, Licht: 2","10845","3","3","5","02","20","4","0","2","1","1","0","0"
"POINT (9.670889227000032 52.382646277000049)","Unfall 10846 (2017) Kat:2, Licht: 0","10846","2","2","6","02","14","4","0","0","0","1","1","0"
"POINT (9.638311775000034 52.416255606000050)","Unfall 10896 (2017) Kat:3, Licht: 0","10896","3","6","2","02","14","3","0","0","0","1","0","0"
"POINT (9.844537202000026 52.414554666000072)","Unfall 10905 (2017) Kat:2, Licht: 0","10905","2","6","2","02","10","3","0","0","0","0","0","0"
"POINT (9.734684028000061 52.410760936000031)","Unfall 10944 (2017) Kat:3, Licht: 0","10944","3","6","2","02","10","2","0","0","0","1","0","0"
"POINT (9.752650460000041 52.427353068000059)","Unfall 10949 (2017) Kat:3, Licht: 2","10949","3","6","2","02","06","2","0","2","0","1","0","0"
"POINT (9.699674741000024 52.416457104000074)","Unfall 10993 (2017) Kat:3, Licht: 0","10993","3","6","2","02","15","1","0","0","0","1","0","0"
"POINT (9.733287157000063 52.384312613000077)","Unfall 10994 (2017) Kat:3, Licht: 0","10994","3","1","9","02","08","1","0","0","0","1","0","0"
"POINT (9.693554829000050 52.420238777000066)","Unfall 11010 (2017) Kat:3, Licht: 0","11010","3","5","1","02","12","3","0","0","1","0","0","0"
"POINT (9.801969051000071 52.432762464000064)","Unfall 11018 (2017) Kat:3, Licht: 0","11018","3","3","5","02","16","3","0","0","1","1","0","0"
"POINT (9.708264430000043 52.420841525000071)","Unfall 11023 (2017) Kat:3, Licht: 0","11023","3","6","2","02","14","7","0","0","0","1","0","0"
"POINT (9.777766112000052 52.372695505000081)","Unfall 11028 (2017) Kat:2, Licht: 0","11028","2","6","2","02","16","7","0","0","0","1","0","0"
"POINT (9.640081290000069 52.415384121000045)","Unfall 11081 (2017) Kat:3, Licht: 2","11081","3","6","9","02","22","6","0","2","0","1","0","0"
"POINT (9.740280673000029 52.368261244000053)","Unfall 11094 (2017) Kat:3, Licht: 0","11094","3","2","4","02","16","2","0","0","1","1","0","0"
"POINT (9.765491793000024 52.341581558000030)","Unfall 11098 (2017) Kat:3, Licht: 0","11098","3","2","5","02","07","2","1","0","1","1","0","0"
"POINT (9.797107133000054 52.347211196000046)","Unfall 11104 (2017) Kat:3, Licht: 0","11104","3","6","2","02","12","2","1","0","0","1","0","0"
"POINT (9.722529625000050 52.358339183000055)","Unfall 11105 (2017) Kat:3, Licht: 0","11105","3","4","6","02","07","2","0","0","0","0","1","0"
"POINT (9.790865205000046 52.430240664000053)","Unfall 11106 (2017) Kat:3, Licht: 2","11106","3","6","2","02","06","2","0","2","0","0","0","0"
"POINT (9.756311685000071 52.370161001000042)","Unfall 11149 (2017) Kat:3, Licht: 0","11149","3","6","2","02","12","5","0","0","0","1","0","0"
"POINT (9.644207946000051 52.414314024000078)","Unfall 11169 (2017) Kat:2, Licht: 2","11169","2","1","8","02","02","1","0","2","0","1","0","0"
"POINT (9.771781567000062 52.342958313000054)","Unfall 11173 (2017) Kat:3, Licht: 2","11173","3","6","2","02","18","7","0","2","0","1","0","0"
"POINT (9.652017902000068 52.415458281000042)","Unfall 11175 (2017) Kat:2, Licht: 2","11175","2","3","5","02","23","7","0","2","0","0","0","0"
"POINT (9.635056013000053 52.418122752000045)","Unfall 11199 (2017) Kat:3, Licht: 0","11199","3","6","2","03","11","4","1","0","0","1","0","0"
"POINT (9.770711893000055 52.342804795000063)","Unfall 11284 (2017) Kat:3, Licht: 2","11284","3","6","3","02","18","2","0","2","0","1","0","0"
"POINT (9.770177052000065 52.336134872000059)","Unfall 11350 (2017) Kat:3, Licht: 0","11350","3","7","6","02","14","7","1","0","0","1","1","0"
"POINT (9.734035533000053 52.387145257000043)","Unfall 11422 (2017) Kat:3, Licht: 2","11422","3","3","5","02","23","6","0","2","1","0","0","0"
"POINT (9.809930541000028 52.333944930000030)","Unfall 11423 (2017) Kat:3, Licht: 0","11423","3","6","2","02","18","6","1","0","0","1","0","0"
"POINT (9.706579443000067 52.419240264000052)","Unfall 11424 (2017) Kat:3, Licht: 0","11424","3","6","2","02","14","6","0","0","0","1","0","0"
"POINT (9.723025236000069 52.358047566000039)","Unfall 11425 (2017) Kat:3, Licht: 0","11425","3","6","2","03","11","7","0","0","0","1","0","0"
"POINT (9.733898481000040 52.413618207000070)","Unfall 11437 (2017) Kat:3, Licht: 2","11437","3","3","5","02","05","6","1","2","1","1","0","0"
"POINT (9.638179912000055 52.416336352000030)","Unfall 11550 (2017) Kat:3, Licht: 1","11550","3","6","2","02","06","5","1","1","0","1","0","0"
"POINT (9.858262137000054 52.387389251000059)","Unfall 11559 (2017) Kat:3, Licht: 0","11559","3","3","5","03","13","6","0","0","1","1","0","0"
"POINT (9.827064826000026 52.342897666000056)","Unfall 11560 (2017) Kat:2, Licht: 0","11560","2","3","5","03","08","6","0","0","1","1","0","0"
"POINT (9.632320748000041 52.411291540000036)","Unfall 11561 (2017) Kat:3, Licht: 0","11561","3","3","5","03","07","6","1","0","0","1","0","0"
"POINT (9.696791663000056 52.380034331000047)","Unfall 11639 (2017) Kat:3, Licht: 0","11639","3","6","2","03","10","5","1","0","0","1","0","0"
"POINT (9.696431151000070 52.379959374000066)","Unfall 11640 (2017) Kat:3, Licht: 2","11640","3","6","2","03","20","5","1","2","0","1","0","0"
"POINT (9.712366898000028 52.403924367000059)","Unfall 11646 (2017) Kat:3, Licht: 2","11646","3","7","0","03","19","5","1","2","1","0","0","0"
"POINT (9.664191555000059 52.384365363000029)","Unfall 11647 (2017) Kat:3, Licht: 0","11647","3","4","6","02","16","4","1","0","0","1","1","0"
"POINT (9.750006013000075 52.360782485000072)","Unfall 11648 (2017) Kat:3, Licht: 2","11648","3","6","3","02","22","4","1","2","0","1","0","0"
"POINT (9.762921942000048 52.344655373000080)","Unfall 11650 (2017) Kat:3, Licht: 0","11650","3","4","6","02","15","4","1","0","0","1","1","0"
"POINT (9.781724913000062 52.424856977000047)","Unfall 11659 (2017) Kat:3, Licht: 2","11659","3","2","5","03","05","5","1","2","0","1","0","0"
"POINT (9.720548255000040 52.338513097000032)","Unfall 11735 (2017) Kat:3, Licht: 0","11735","3","6","2","03","14","2","0","0","0","1","0","0"
"POINT (9.697142414000041 52.374974899000051)","Unfall 11736 (2017) Kat:3, Licht: 0","11736","3","3","5","03","13","2","0","0","1","1","0","0"
"POINT (9.708343299000035 52.422491954000066)","Unfall 11737 (2017) Kat:3, Licht: 0","11737","3","6","2","03","13","2","0","0","0","1","0","0"
"POINT (9.733541453000044 52.384372341000073)","Unfall 11738 (2017) Kat:3, Licht: 0","11738","3","6","2","03","16","2","0","0","0","1","0","0"
"POINT (9.794162594000056 52.350654259000066)","Unfall 11739 (2017) Kat:3, Licht: 0","11739","3","6","2","03","08","2","0","0","0","1","0","0"
"POINT (9.732923923000044 52.423603456000080)","Unfall 11741 (2017) Kat:3, Licht: 0","11741","3","3","5","03","13","2","0","0","1","1","0","0"
"POINT (9.664816578000057 52.384320276000039)","Unfall 11742 (2017) Kat:2, Licht: 0","11742","2","7","6","03","10","2","0","0","0","0","1","0"
"POINT (9.815115943000023 52.402357766000080)","Unfall 11743 (2017) Kat:3, Licht: 0","11743","3","6","3","03","10","2","0","0","0","1","0","0"
"POINT (9.731629457000054 52.369514632000062)","Unfall 11779 (2017) Kat:3, Licht: 1","11779","3","6","2","03","17","1","0","1","0","1","0","0"
"POINT (9.700788396000064 52.371285825000029)","Unfall 11833 (2017) Kat:3, Licht: 0","11833","3","3","0","03","16","7","0","0","0","1","0","0"
"POINT (9.798576488000037 52.431162185000062)","Unfall 11840 (2017) Kat:3, Licht: 2","11840","3","7","9","03","00","7","0","2","0","1","0","0"
"POINT (9.697291947000053 52.341552372000081)","Unfall 11841 (2017) Kat:3, Licht: 0","11841","3","2","2","03","07","2","1","0","0","1","0","0"
"POINT (9.827213297000071 52.345680581000067)","Unfall 11848 (2017) Kat:3, Licht: 1","11848","3","6","4","03","06","2","1","1","0","1","0","0"
"POINT (9.690577829000063 52.377006441000049)","Unfall 11853 (2017) Kat:3, Licht: 0","11853","3","2","5","03","12","2","1","0","0","1","0","0"
"POINT (9.734781680000026 52.407310468000048)","Unfall 11854 (2017) Kat:3, Licht: 0","11854","3","3","5","03","13","2","1","0","0","1","0","0"
"POINT (9.685814619000041 52.374888847000079)","Unfall 11910 (2017) Kat:3, Licht: 2","11910","3","6","8","03","20","1","1","2","0","1","0","0"
"POINT (9.789706194000075 52.354636890000052)","Unfall 11912 (2017) Kat:3, Licht: 0","11912","3","1","9","03","10","1","1","0","0","1","0","0"
"POINT (9.830588975000069 52.417620226000054)","Unfall 11964 (2017) Kat:3, Licht: 0","11964","3","3","5","03","16","7","0","0","1","1","0","0"
"POINT (9.720670719000054 52.337769728000069)","Unfall 12012 (2017) Kat:3, Licht: 2","12012","3","1","9","03","23","5","1","2","0","1","0","0"
"POINT (9.763626888000033 52.343962694000027)","Unfall 12013 (2017) Kat:3, Licht: 2","12013","3","3","5","03","20","5","0","2","1","1","0","0"
"POINT (9.718990264000070 52.393080655000063)","Unfall 12017 (2017) Kat:3, Licht: 0","12017","3","1","0","03","13","5","1","0","1","0","0","0"
"POINT (9.715936352000028 52.359038029000033)","Unfall 12029 (2017) Kat:3, Licht: 0","12029","3","4","6","03","10","6","1","0","0","1","1","0"
"POINT (9.733707717000073 52.385326949000046)","Unfall 12044 (2017) Kat:3, Licht: 0","12044","3","6","2","03","16","6","0","0","0","1","0","0"
"POINT (9.735430338000072 52.393865519000030)","Unfall 12046 (2017) Kat:3, Licht: 2","12046","3","6","2","03","19","6","0","2","0","1","0","0"
"POINT (9.832300816000043 52.386086841000065)","Unfall 12118 (2017) Kat:3, Licht: 0","12118","3","7","6","03","16","5","0","0","0","1","1","0"
"POINT (9.728051993000065 52.336203272000034)","Unfall 12120 (2017) Kat:3, Licht: 0","12120","3","6","2","03","15","5","0","0","0","1","0","1"
"POINT (9.778113911000048 52.371443951000060)","Unfall 12158 (2017) Kat:3, Licht: 0","12158","3","2","5","03","17","3","0","0","0","1","0","0"
"POINT (9.735842386000059 52.399371977000044)","Unfall 12162 (2017) Kat:2, Licht: 0","12162","2","2","5","03","11","3","0","0","1","0","0","0"
"POINT (9.623890824000057 52.425416570000039)","Unfall 12211 (2017) Kat:3, Licht: 2","12211","3","6","2","03","19","4","0","2","0","1","0","0"
"POINT (9.713419309000074 52.361932520000039)","Unfall 12212 (2017) Kat:3, Licht: 0","12212","3","6","2","03","13","4","0","0","0","1","0","0"
"POINT (9.749452305000034 52.369240530000070)","Unfall 12213 (2017) Kat:3, Licht: 0","12213","3","6","2","03","12","4","0","0","0","1","0","0"
"POINT (9.714961585000026 52.361878248000039)","Unfall 12227 (2017) Kat:3, Licht: 0","12227","3","6","2","03","13","2","0","0","0","1","0","0"
"POINT (9.705104957000060 52.430243305000033)","Unfall 12228 (2017) Kat:2, Licht: 2","12228","2","7","0","03","01","4","0","2","0","0","0","0"
"POINT (9.810745135000047 52.382633807000047)","Unfall 12231 (2017) Kat:3, Licht: 2","12231","3","2","2","03","20","2","1","2","0","1","0","0"
"POINT (9.775991706000070 52.371114347000059)","Unfall 12232 (2017) Kat:3, Licht: 1","12232","3","6","2","03","18","2","1","1","0","1","0","0"
"POINT (9.856655834000037 52.388506662000054)","Unfall 12241 (2017) Kat:3, Licht: 0","12241","3","2","2","03","10","2","1","0","0","1","0","0"
"POINT (9.799412237000070 52.409542989000045)","Unfall 12243 (2017) Kat:3, Licht: 0","12243","3","3","5","03","11","2","0","0","1","1","0","0"
"POINT (9.722781637000026 52.337510306000070)","Unfall 12259 (2017) Kat:3, Licht: 0","12259","3","7","2","03","13","2","0","0","0","1","0","0"
"POINT (9.759664886000053 52.335137022000026)","Unfall 12260 (2017) Kat:2, Licht: 0","12260","2","3","5","03","11","2","0","0","0","1","0","0"
"POINT (9.806706908000024 52.336458918000062)","Unfall 12261 (2017) Kat:3, Licht: 1","12261","3","6","2","03","07","2","1","1","0","1","0","0"
"POINT (9.771411144000069 52.334977861000027)","Unfall 12298 (2017) Kat:3, Licht: 2","12298","3","2","5","03","19","3","0","2","1","1","0","0"
"POINT (9.702542156000050 52.430441662000078)","Unfall 12309 (2017) Kat:3, Licht: 0","12309","3","7","8","03","16","3","0","0","0","0","0","0"
"POINT (9.743289999000069 52.368193609000059)","Unfall 12322 (2017) Kat:3, Licht: 0","12322","3","2","5","03","17","1","0","0","0","1","0","0"
"POINT (9.787011459000041 52.372163662000048)","Unfall 12328 (2017) Kat:3, Licht: 0","12328","3","2","3","03","16","3","0","0","1","1","0","0"
"POINT (9.719195455000033 52.348166290000052)","Unfall 12339 (2017) Kat:3, Licht: 0","12339","3","6","2","03","16","3","0","0","0","1","0","0"
"POINT (9.730984807000027 52.382498864000070)","Unfall 12361 (2017) Kat:3, Licht: 0","12361","3","6","2","04","08","2","0","0","0","1","0","0"
"POINT (9.693097028000068 52.381754182000066)","Unfall 12430 (2017) Kat:3, Licht: 0","12430","3","6","2","03","09","2","0","0","0","1","0","0"
"POINT (9.684291154000050 52.347503331000041)","Unfall 12432 (2017) Kat:3, Licht: 0","12432","3","6","2","03","07","2","0","0","0","1","0","0"
"POINT (9.811866952000059 52.409468948000040)","Unfall 12433 (2017) Kat:3, Licht: 0","12433","3","2","5","03","17","2","0","0","1","1","0","0"
"POINT (9.891597353000066 52.364768531000038)","Unfall 12440 (2017) Kat:3, Licht: 2","12440","3","1","3","04","04","1","1","2","0","1","0","0"
"POINT (9.808404930000052 52.408785863000048)","Unfall 12452 (2017) Kat:2, Licht: 0","12452","2","4","6","03","16","2","0","0","0","0","1","0"
"POINT (9.698842720000073 52.347750226000073)","Unfall 12509 (2017) Kat:3, Licht: 1","12509","3","2","5","04","20","7","1","1","0","1","0","0"
"POINT (9.696813325000051 52.380038001000059)","Unfall 12510 (2017) Kat:3, Licht: 0","12510","3","6","2","04","19","7","0","0","0","1","0","0"
"POINT (9.734297532000028 52.387344932000076)","Unfall 12512 (2017) Kat:3, Licht: 0","12512","3","4","6","04","18","7","0","0","0","1","1","0"
"POINT (9.827059314000053 52.354031151000072)","Unfall 12525 (2017) Kat:3, Licht: 0","12525","3","6","2","03","13","1","0","0","0","1","0","1"
"POINT (9.890295539000022 52.363029824000080)","Unfall 12529 (2017) Kat:3, Licht: 0","12529","3","6","3","04","08","7","0","0","0","1","0","0"
"POINT (9.697642125000073 52.377233340000032)","Unfall 12606 (2017) Kat:3, Licht: 2","12606","3","6","2","03","23","7","0","2","0","1","0","0"
"POINT (9.878577891000077 52.399806473000069)","Unfall 12607 (2017) Kat:3, Licht: 1","12607","3","1","9","03","05","7","0","1","0","1","0","0"
"POINT (9.796814552000058 52.347553801000061)","Unfall 12645 (2017) Kat:3, Licht: 0","12645","3","6","2","03","15","6","0","0","0","1","0","0"
"POINT (9.699462936000032 52.347362229000055)","Unfall 12713 (2017) Kat:3, Licht: 0","12713","3","3","5","03","15","6","0","0","0","1","0","1"
"POINT (9.708406376000028 52.365969120000045)","Unfall 12714 (2017) Kat:3, Licht: 2","12714","3","7","5","03","23","6","0","2","0","1","0","0"
"POINT (9.843953098000043 52.360721865000073)","Unfall 12724 (2017) Kat:2, Licht: 2","12724","2","7","0","03","23","6","0","2","0","1","0","0"
"POINT (9.701232415000050 52.379972138000028)","Unfall 12749 (2017) Kat:3, Licht: 2","12749","3","6","2","03","19","5","0","2","0","1","0","0"
"POINT (9.696348981000028 52.379841687000066)","Unfall 12750 (2017) Kat:2, Licht: 2","12750","2","2","5","03","23","5","0","2","0","1","0","0"
"POINT (9.764832687000023 52.342737794000072)","Unfall 12751 (2017) Kat:3, Licht: 0","12751","3","2","4","03","16","5","0","0","0","1","0","0"
"POINT (9.860551600000065 52.384580471000049)","Unfall 12754 (2017) Kat:3, Licht: 0","12754","3","5","1","03","12","5","0","0","0","1","0","0"
"POINT (9.732400693000045 52.383512399000040)","Unfall 12761 (2017) Kat:3, Licht: 0","12761","3","6","2","03","12","5","0","0","0","1","0","0"
"POINT (9.763322028000061 52.336780082000075)","Unfall 12793 (2017) Kat:2, Licht: 0","12793","2","4","6","03","08","5","0","0","0","1","1","0"