WKT,Name,OBJECTID,UKATEGORIE,UTYP1,UART,UMONAT,USTUNDE,UWOCHENTAG,STRZUSTAND,ULICHTVERH,ISTRAD,ISTPKW,ISTFUSS,ISTKRAD
"POINT (9.652122801000076 52.415920364000044)","Unfall 16412 (2017) Kat:3, Licht: 0","16412","3","3","5","06","12","2","0","0","1","1","0","0"
"POINT (9.850492459000066 52.411142045000076)","Unfall 16416 (2017) Kat:2, Licht: 0","16416","2","6","2","06","09","2","0","0","0","0","0","0"
"POINT (9.740144215000044 52.368247237000048)","Unfall 16498 (2017) Kat:3, Licht: 0","16498","3","6","2","06","11","1","0","0","0","1","0","0"
"POINT (9.733829621000041 52.384611167000060)","Unfall 16520 (2017) Kat:3, Licht: 1","16520","3","3","5","06","21","1","0","1","1","1","0","0"
"POINT (9.782034425000063 52.424743211000077)","Unfall 16620 (2017) Kat:3, Licht: 0","16620","3","6","2","06","07","7","0","0","0","1","0","1"
"POINT (9.847949688000028 52.360033386000055)","Unfall 16661 (2017) Kat:3, Licht: 0","16661","3","3","5","06","08","6","0","0","1","0","0","0"
"POINT (9.734284415000047 52.387234162000027)","Unfall 16679 (2017) Kat:3, Licht: 0","16679","3","1","0","06","16","6","0","0","1","0","0","0"
"POINT (9.639834230000076 52.422506051000028)","Unfall 16680 (2017) Kat:2, Licht: 0","16680","2","6","2","06","15","6","0","0","0","1","0","0"
"POINT (9.715540898000029 52.366732318000061)","Unfall 16726 (2017) Kat:3, Licht: 0","16726","3","5","1","06","17","2","0","0","1","1","0","0"
"POINT (9.839648747000069 52.417607163000071)","Unfall 16728 (2017) Kat:3, Licht: 0","16728","3","6","2","06","12","2","0","0","0","1","0","0"
"POINT (9.799437382000065 52.409440168000060)","Unfall 16731 (2017) Kat:3, Licht: 0","16731","3","3","5","06","09","2","0","0","1","0","0","1"
"POINT (9.822839662000035 52.308825614000057)","Unfall 16732 (2017) Kat:1, Licht: 0","16732","1","1","8","06","08","2","1","0","0","0","0","1"
"POINT (9.768444427000077 52.338451959000054)","Unfall 16766 (2017) Kat:3, Licht: 0","16766","3","6","0","06","18","1","1","0","0","1","0","0"
"POINT (9.730215378000025 52.371105886000066)","Unfall 16767 (2017) Kat:3, Licht: 0","16767","3","7","3","06","12","1","1","0","0","1","0","0"
"POINT (9.813320815000054 52.322398745000044)","Unfall 16768 (2017) Kat:3, Licht: 0","16768","3","1","9","06","13","1","1","0","0","1","0","0"
"POINT (9.732545713000036 52.383416086000068)","Unfall 16770 (2017) Kat:3, Licht: 0","16770","3","3","5","06","06","1","0","0","1","1","0","0"
"POINT (9.801744724000059 52.431924744000071)","Unfall 16830 (2017) Kat:3, Licht: 0","16830","3","4","6","06","14","7","0","0","0","1","1","0"
"POINT (9.629557979000026 52.421683739000059)","Unfall 16854 (2017) Kat:3, Licht: 0","16854","3","1","9","07","10","7","1","0","0","1","0","0"
"POINT (9.655902799000046 52.406380995000063)","Unfall 16856 (2017) Kat:3, Licht: 2","16856","3","1","8","07","00","7","1","2","0","1","0","0"
"POINT (9.815250054000046 52.363678945000061)","Unfall 16858 (2017) Kat:3, Licht: 0","16858","3","3","5","07","08","7","1","0","0","1","0","0"
"POINT (9.733565087000045 52.384392761000072)","Unfall 16861 (2017) Kat:3, Licht: 0","16861","3","6","2","07","12","7","1","0","0","1","0","0"
"POINT (9.811815631000059 52.409463752000079)","Unfall 16863 (2017) Kat:3, Licht: 0","16863","3","1","9","07","11","7","1","0","0","1","0","0"
"POINT (9.798525826000059 52.351933192000047)","Unfall 16869 (2017) Kat:2, Licht: 0","16869","2","6","4","07","18","7","1","0","0","1","0","0"
"POINT (9.780694103000030 52.326828123000041)","Unfall 16907 (2017) Kat:3, Licht: 0","16907","3","7","0","06","17","6","0","0","1","0","0","0"
"POINT (9.721122026000046 52.361436512000068)","Unfall 16911 (2017) Kat:3, Licht: 0","16911","3","2","5","06","12","6","0","0","1","1","0","0"
"POINT (9.804730740000025 52.337804445000074)","Unfall 16914 (2017) Kat:1, Licht: 2","16914","1","1","8","06","01","6","1","2","0","1","0","0"
"POINT (9.722220638000067 52.362624626000070)","Unfall 16980 (2017) Kat:3, Licht: 2","16980","3","2","5","06","22","6","1","2","0","1","0","0"
"POINT (9.748224165000067 52.363078174000066)","Unfall 16982 (2017) Kat:3, Licht: 0","16982","3","4","6","06","14","6","0","0","0","1","1","0"
"POINT (9.698806338000054 52.347727868000050)","Unfall 17015 (2017) Kat:3, Licht: 0","17015","3","2","5","06","17","5","0","0","0","1","0","0"
"POINT (9.645967862000020 52.423526939000055)","Unfall 17023 (2017) Kat:3, Licht: 0","17023","3","6","2","06","18","5","0","0","0","1","0","0"
"POINT (9.837313614000038 52.396992668000053)","Unfall 17035 (2017) Kat:2, Licht: 0","17035","2","2","5","06","06","5","0","0","0","0","0","0"
"POINT (9.727160935000029 52.366990602000044)","Unfall 17079 (2017) Kat:3, Licht: 0","17079","3","1","0","06","15","5","1","0","0","0","0","1"
"POINT (9.795260409000036 52.415122747000055)","Unfall 17080 (2017) Kat:3, Licht: 0","17080","3","3","5","06","06","5","0","0","1","1","0","0"
"POINT (9.735283357000071 52.394660313000031)","Unfall 17084 (2017) Kat:3, Licht: 0","17084","3","4","6","06","19","5","1","0","0","1","1","0"
"POINT (9.826232223000034 52.354367159000049)","Unfall 17085 (2017) Kat:3, Licht: 0","17085","3","6","2","06","19","5","1","0","0","1","0","0"
"POINT (9.747781668000073 52.363652969000043)","Unfall 17086 (2017) Kat:3, Licht: 0","17086","3","2","5","06","17","5","1","0","1","1","0","0"
"POINT (9.746237451000070 52.427319877000059)","Unfall 17087 (2017) Kat:3, Licht: 0","17087","3","6","3","06","13","5","1","0","0","1","0","0"
"POINT (9.676437197000041 52.355676947000063)","Unfall 17156 (2017) Kat:3, Licht: 0","17156","3","2","3","06","09","4","0","0","1","1","0","0"
"POINT (9.724007384000061 52.377639188000046)","Unfall 17157 (2017) Kat:3, Licht: 0","17157","3","2","3","06","17","4","0","0","1","1","0","0"
"POINT (9.862597025000071 52.372110167000073)","Unfall 17161 (2017) Kat:3, Licht: 0","17161","3","6","3","06","17","4","0","0","0","1","0","0"
"POINT (9.781172754000068 52.324730614000032)","Unfall 17164 (2017) Kat:3, Licht: 2","17164","3","3","5","06","22","4","0","2","0","1","0","0"
"POINT (9.789818070000024 52.421129518000043)","Unfall 17166 (2017) Kat:3, Licht: 0","17166","3","3","5","06","08","4","0","0","1","1","0","0"
"POINT (9.719158557000071 52.347341034000067)","Unfall 17167 (2017) Kat:3, Licht: 0","17167","3","6","3","06","08","4","0","0","0","1","0","0"
"POINT (9.642247019000024 52.414581487000078)","Unfall 17170 (2017) Kat:3, Licht: 0","17170","3","3","5","06","08","4","0","0","0","1","0","0"
"POINT (9.717149858000028 52.346179430000063)","Unfall 17180 (2017) Kat:2, Licht: 2","17180","2","3","5","06","23","4","0","2","1","1","0","0"
"POINT (9.690933527000027 52.376889383000048)","Unfall 17273 (2017) Kat:3, Licht: 0","17273","3","7","0","06","17","3","0","0","0","0","0","1"
"POINT (9.782710328000064 52.372025971000028)","Unfall 17280 (2017) Kat:3, Licht: 0","17280","3","3","5","06","19","3","0","0","1","1","0","0"
"POINT (9.722203983000043 52.378352025000027)","Unfall 17283 (2017) Kat:2, Licht: 0","17283","2","7","0","06","09","3","0","0","1","0","0","0"
"POINT (9.756551101000071 52.334126528000070)","Unfall 17303 (2017) Kat:3, Licht: 0","17303","3","2","3","06","16","3","0","0","1","1","0","0"
"POINT (9.660160879000046 52.426415132000045)","Unfall 17321 (2017) Kat:3, Licht: 0","17321","3","6","3","06","14","3","0","0","0","1","0","0"
"POINT (9.727014892000057 52.366566165000052)","Unfall 17330 (2017) Kat:2, Licht: 0","17330","2","3","5","07","18","2","0","0","1","1","0","0"
"POINT (9.629322310000021 52.421843826000043)","Unfall 17332 (2017) Kat:3, Licht: 0","17332","3","1","8","07","06","2","1","0","0","0","0","0"
"POINT (9.730173979000028 52.368941946000064)","Unfall 17334 (2017) Kat:3, Licht: 0","17334","3","3","0","07","08","2","0","0","1","1","0","0"
"POINT (9.831264469000075 52.422681550000050)","Unfall 17335 (2017) Kat:3, Licht: 0","17335","3","6","2","07","09","2","1","0","0","1","0","0"
"POINT (9.737916869000060 52.368402727000046)","Unfall 17336 (2017) Kat:3, Licht: 0","17336","3","4","6","07","07","2","1","0","1","0","1","0"
"POINT (9.761529300000063 52.345865529000037)","Unfall 17337 (2017) Kat:3, Licht: 0","17337","3","6","3","07","10","2","0","0","0","1","0","1"
"POINT (9.820017205000056 52.406482806000042)","Unfall 17354 (2017) Kat:3, Licht: 0","17354","3","6","2","07","18","2","0","0","0","1","0","0"
"POINT (9.777362214000050 52.328220057000067)","Unfall 17357 (2017) Kat:3, Licht: 0","17357","3","3","5","07","16","2","0","0","1","0","0","0"
"POINT (9.735688714000048 52.400663433000034)","Unfall 17358 (2017) Kat:3, Licht: 0","17358","3","6","2","07","15","2","0","0","0","1","0","0"
"POINT (9.761815120000051 52.345926433000045)","Unfall 17364 (2017) Kat:3, Licht: 0","17364","3","7","3","07","10","2","0","0","1","0","0","0"
"POINT (9.733639038000035 52.368962052000029)","Unfall 17406 (2017) Kat:3, Licht: 0","17406","3","6","2","07","18","1","0","0","0","1","0","0"
"POINT (9.745045186000027 52.367471324000064)","Unfall 17411 (2017) Kat:3, Licht: 0","17411","3","7","0","07","13","1","0","0","1","0","0","0"
"POINT (9.759716581000021 52.335153089000073)","Unfall 17413 (2017) Kat:3, Licht: 0","17413","3","2","2","07","17","1","0","0","0","1","0","0"
"POINT (9.698509177000062 52.345619969000040)","Unfall 17416 (2017) Kat:3, Licht: 0","17416","3","2","2","07","13","1","0","0","0","1","0","0"
"POINT (9.714575325000055 52.361076432000061)","Unfall 17417 (2017) Kat:3, Licht: 0","17417","3","2","5","07","13","1","0","0","0","1","0","0"
"POINT (9.774104588000057 52.371012026000074)","Unfall 17426 (2017) Kat:3, Licht: 0","17426","3","6","2","07","18","1","0","0","0","1","0","0"
"POINT (9.732939002000023 52.421114067000076)","Unfall 17480 (2017) Kat:3, Licht: 0","17480","3","6","2","07","20","7","0","0","0","1","0","0"
"POINT (9.698494738000022 52.347479502000056)","Unfall 17537 (2017) Kat:3, Licht: 0","17537","3","6","2","07","10","7","0","0","0","1","0","0"
"POINT (9.744675282000060 52.369018640000036)","Unfall 17538 (2017) Kat:3, Licht: 0","17538","3","4","6","07","09","7","0","0","1","0","1","0"
"POINT (9.718922043000021 52.333525095000027)","Unfall 17540 (2017) Kat:2, Licht: 2","17540","2","6","2","07","22","7","0","2","0","1","0","0"
"POINT (9.714826609000056 52.398467249000078)","Unfall 17558 (2017) Kat:3, Licht: 0","17558","3","6","2","07","18","6","0","0","0","1","0","0"
"POINT (9.720753963000050 52.339085145000070)","Unfall 17612 (2017) Kat:3, Licht: 0","17612","3","6","3","07","14","6","0","0","0","1","0","0"
"POINT (9.726761118000070 52.375740574000076)","Unfall 17658 (2017) Kat:3, Licht: 0","17658","3","3","5","07","14","5","0","0","1","1","0","0"
"POINT (9.786845448000065 52.335272434000046)","Unfall 17660 (2017) Kat:3, Licht: 1","17660","3","3","5","07","05","5","0","1","1","1","0","0"
"POINT (9.667177605000063 52.429336588000069)","Unfall 17662 (2017) Kat:3, Licht: 2","17662","3","6","2","07","22","5","0","2","0","1","0","0"
"POINT (9.651797308000027 52.424647428000071)","Unfall 17663 (2017) Kat:3, Licht: 0","17663","3","6","3","07","17","5","0","0","0","1","0","0"
"POINT (9.806161808000070 52.371817500000077)","Unfall 17700 (2017) Kat:3, Licht: 2","17700","3","1","9","07","02","5","0","2","0","0","0","1"
"POINT (9.800033684000027 52.352211810000028)","Unfall 17701 (2017) Kat:3, Licht: 2","17701","3","7","7","07","01","5","0","2","0","1","0","0"
"POINT (9.796296090000055 52.395305850000057)","Unfall 17707 (2017) Kat:3, Licht: 0","17707","3","6","2","07","15","5","0","0","0","1","0","0"
"POINT (9.735209219000069 52.405704205000063)","Unfall 17708 (2017) Kat:3, Licht: 0","17708","3","1","0","07","17","5","0","0","0","0","0","1"
"POINT (9.685862742000040 52.379144312000051)","Unfall 17745 (2017) Kat:3, Licht: 0","17745","3","7","0","07","10","4","0","0","0","0","0","0"
"POINT (9.799422205000042 52.409502233000069)","Unfall 17749 (2017) Kat:3, Licht: 0","17749","3","3","5","07","11","4","0","0","1","1","0","0"
"POINT (9.743255606000048 52.368172940000079)","Unfall 17768 (2017) Kat:3, Licht: 0","17768","3","7","0","07","17","4","0","0","0","0","0","0"
"POINT (9.899225321000074 52.402314014000069)","Unfall 17770 (2017) Kat:3, Licht: 0","17770","3","6","3","07","10","4","0","0","0","1","0","0"
"POINT (9.720613448000051 52.421505322000030)","Unfall 17787 (2017) Kat:3, Licht: 0","17787","3","6","2","07","17","4","1","0","0","1","0","0"
"POINT (9.735658982000075 52.395017669000026)","Unfall 17790 (2017) Kat:3, Licht: 0","17790","3","6","2","07","11","4","1","0","0","1","0","0"
"POINT (9.734953809000047 52.393089173000078)","Unfall 17800 (2017) Kat:2, Licht: 0","17800","2","6","8","07","18","4","1","0","0","1","0","1"
"POINT (9.764090500000066 52.343185281000046)","Unfall 17801 (2017) Kat:3, Licht: 2","17801","3","6","3","07","02","4","0","2","1","0","0","0"
"POINT (9.651721015000021 52.417114158000061)","Unfall 17803 (2017) Kat:3, Licht: 0","17803","3","3","5","07","14","4","1","0","1","1","0","0"
"POINT (9.748420911000039 52.362823629000047)","Unfall 17804 (2017) Kat:2, Licht: 0","17804","2","4","6","07","15","4","1","0","0","0","1","0"
"POINT (9.733770851000031 52.417642577000038)","Unfall 17847 (2017) Kat:3, Licht: 0","17847","3","3","5","07","20","3","0","0","1","1","0","0"
"POINT (9.812800592000031 52.409536990000049)","Unfall 17850 (2017) Kat:3, Licht: 0","17850","3","6","2","07","11","3","0","0","0","1","0","0"
"POINT (9.702336521000063 52.430303635000030)","Unfall 17902 (2017) Kat:2, Licht: 0","17902","2","6","3","07","14","3","0","0","0","1","0","0"
"POINT (9.826180020000038 52.425063115000057)","Unfall 17905 (2017) Kat:3, Licht: 0","17905","3","6","2","07","08","3","0","0","0","1","0","0"
"POINT (9.695518440000058 52.361352827000076)","Unfall 18000 (2017) Kat:2, Licht: 0","18000","2","6","6","07","18","1","0","0","1","0","1","0"
"POINT (9.696152542000050 52.380019346000040)","Unfall 18004 (2017) Kat:3, Licht: 0","18004","3","1","0","07","15","1","1","0","0","0","0","1"
"POINT (9.685377561000053 52.360203792000050)","Unfall 18016 (2017) Kat:3, Licht: 0","18016","3","2","5","08","16","4","0","0","0","1","0","0"
"POINT (9.686538427000073 52.378857408000044)","Unfall 18017 (2017) Kat:3, Licht: 0","18017","3","3","5","08","16","4","0","0","1","1","0","0"
"POINT (9.619717501000025 52.421129014000030)","Unfall 18021 (2017) Kat:3, Licht: 0","18021","3","6","2","08","17","5","0","0","0","1","0","0"
"POINT (9.831187130000046 52.385757707000039)","Unfall 18028 (2017) Kat:3, Licht: 0","18028","3","7","2","07","09","4","1","0","0","1","0","0"
"POINT (9.793260606000047 52.415788602000077)","Unfall 18031 (2017) Kat:3, Licht: 0","18031","3","6","2","07","15","4","0","0","0","1","0","0"
"POINT (9.625222637000036 52.420807521000029)","Unfall 18044 (2017) Kat:3, Licht: 0","18044","3","6","2","07","15","4","0","0","0","1","0","0"
"POINT (9.732962466000060 52.420886426000038)","Unfall 18046 (2017) Kat:3, Licht: 0","18046","3","6","2","07","12","4","0","0","0","1","0","0"
"POINT (9.732962085000054 52.420890134000047)","Unfall 18048 (2017) Kat:3, Licht: 0","18048","3","7","0","07","13","4","0","0","0","1","0","0"
"POINT (9.772397041000033 52.333491025000058)","Unfall 18049 (2017) Kat:1, Licht: 2","18049","1","4","6","08","21","4","0","2","0","0","1","0"
"POINT (9.722527662000061 52.378632652000078)","Unfall 18050 (2017) Kat:3, Licht: 0","18050","3","6","2","07","11","4","0","0","0","1","0","0"
"POINT (9.761241353000060 52.346139827000059)","Unfall 18051 (2017) Kat:3, Licht: 0","18051","3","4","6","08","16","4","0","0","0","1","1","0"
"POINT (9.734160499000041 52.368847883000058)","Unfall 18052 (2017) Kat:3, Licht: 0","18052","3","3","5","07","06","4","1","0","0","1","0","0"
"POINT (9.707143299000052 52.410455414000069)","Unfall 18145 (2017) Kat:3, Licht: 0","18145","3","2","2","07","08","3","1","0","0","1","0","0"
"POINT (9.722708689000058 52.378354458000047)","Unfall 18157 (2017) Kat:3, Licht: 0","18157","3","6","2","07","08","3","1","0","0","1","0","0"
"POINT (9.667950113000075 52.427752759000043)","Unfall 18161 (2017) Kat:3, Licht: 0","18161","3","6","2","07","17","3","1","0","0","1","0","0"
"POINT (9.633737426000039 52.421946237000043)","Unfall 18166 (2017) Kat:3, Licht: 0","18166","3","6","2","07","14","3","1","0","0","1","0","0"
"POINT (9.698777366000059 52.421020718000079)","Unfall 18167 (2017) Kat:2, Licht: 0","18167","2","4","6","08","16","5","0","0","1","0","1","0"
"POINT (9.733382500000062 52.417795403000071)","Unfall 18210 (2017) Kat:3, Licht: 0","18210","3","2","5","08","06","5","1","0","1","0","0","0"
"POINT (9.774138757000060 52.371231288000047)","Unfall 18211 (2017) Kat:3, Licht: 0","18211","3","3","5","08","17","5","0","0","1","1","0","0"
"POINT (9.733784352000043 52.414470760000029)","Unfall 18213 (2017) Kat:3, Licht: 0","18213","3","2","5","08","09","3","0","0","1","1","0","0"
"POINT (9.726327304000051 52.380809454000030)","Unfall 18220 (2017) Kat:2, Licht: 0","18220","2","3","5","08","20","3","0","0","1","1","0","0"
"POINT (9.666505345000076 52.384405833000073)","Unfall 18224 (2017) Kat:3, Licht: 1","18224","3","3","5","08","21","3","0","1","1","1","0","0"
"POINT (9.745484858000054 52.369053462000068)","Unfall 18226 (2017) Kat:3, Licht: 0","18226","3","6","2","08","12","5","0","0","0","1","0","0"
"POINT (9.650930292000055 52.421540276000030)","Unfall 18227 (2017) Kat:3, Licht: 0","18227","3","6","2","08","13","3","1","0","0","1","0","0"
"POINT (9.662728119000065 52.384871435000036)","Unfall 18229 (2017) Kat:3, Licht: 0","18229","3","6","4","08","17","5","0","0","0","1","0","0"
"POINT (9.799131258000045 52.410638951000067)","Unfall 18230 (2017) Kat:3, Licht: 0","18230","3","6","3","08","14","3","0","0","1","0","0","0"
"POINT (9.743289999000069 52.368193609000059)","Unfall 18290 (2017) Kat:3, Licht: 0","18290","3","3","5","07","16","2","1","0","1","1","0","0"
"POINT (9.863410700000031 52.379218205000029)","Unfall 18293 (2017) Kat:3, Licht: 0","18293","3","2","2","07","17","2","1","0","0","1","0","0"
"POINT (9.733608644000071 52.416043836000028)","Unfall 18309 (2017) Kat:3, Licht: 0","18309","3","6","2","07","09","3","0","0","0","1","0","0"
"POINT (9.714424300000076 52.362166180000031)","Unfall 18310 (2017) Kat:3, Licht: 0","18310","3","1","3","07","16","2","1","0","0","1","0","0"
"POINT (9.615768307000053 52.421656298000073)","Unfall 18317 (2017) Kat:3, Licht: 0","18317","3","6","3","07","12","2","1","0","0","1","0","0"
"POINT (9.725020426000071 52.380225216000042)","Unfall 18368 (2017) Kat:3, Licht: 0","18368","3","4","6","08","13","5","0","0","1","0","1","0"
"POINT (9.869288802000028 52.360492201000056)","Unfall 18377 (2017) Kat:3, Licht: 0","18377","3","2","5","07","16","3","0","0","0","1","0","0"
"POINT (9.788645646000077 52.335179290000042)","Unfall 18380 (2017) Kat:3, Licht: 0","18380","3","7","9","07","11","3","0","0","0","1","0","0"
"POINT (9.840819449000037 52.416644528000063)","Unfall 18389 (2017) Kat:3, Licht: 0","18389","3","6","2","07","14","2","0","0","0","1","0","0"
"POINT (9.735927498000024 52.398584839000080)","Unfall 18391 (2017) Kat:3, Licht: 0","18391","3","6","2","07","12","2","0","0","0","1","0","0"
"POINT (9.729826690000039 52.372056139000051)","Unfall 18392 (2017) Kat:2, Licht: 0","18392","2","5","1","07","09","2","0","0","0","1","0","1"
"POINT (9.734788333000040 52.407246855000039)","Unfall 18393 (2017) Kat:3, Licht: 0","18393","3","3","5","07","11","2","0","0","1","1","0","0"
"POINT (9.835135353000055 52.420448090000036)","Unfall 18394 (2017) Kat:3, Licht: 0","18394","3","6","2","07","08","2","0","0","0","1","0","0"
"POINT (9.699866539000027 52.416331185000047)","Unfall 18471 (2017) Kat:3, Licht: 0","18471","3","3","5","07","17","1","0","0","0","1","0","0"
"POINT (9.709251748000042 52.408006837000073)","Unfall 18481 (2017) Kat:3, Licht: 0","18481","3","6","9","07","09","1","0","0","0","1","0","1"
"POINT (9.735357656000076 52.404565644000058)","Unfall 18527 (2017) Kat:3, Licht: 0","18527","3","3","5","07","14","7","0","0","1","1","0","0"
"POINT (9.694639210000048 52.337289321000071)","Unfall 18629 (2017) Kat:3, Licht: 0","18629","3","7","8","07","17","6","0","0","0","1","0","0"
"POINT (9.712604358000021 52.366757121000035)","Unfall 18630 (2017) Kat:3, Licht: 0","18630","3","4","6","07","08","6","0","0","0","1","1","0"
"POINT (9.708797484000058 52.346817633000057)","Unfall 18643 (2017) Kat:3, Licht: 0","18643","3","6","3","07","12","6","0","0","0","1","0","0"
"POINT (9.744642581000051 52.369017255000074)","Unfall 18644 (2017) Kat:3, Licht: 0","18644","3","6","2","07","12","6","0","0","0","1","0","0"
"POINT (9.808776352000052 52.409014409000065)","Unfall 18648 (2017) Kat:3, Licht: 0","18648","3","4","0","07","16","6","0","0","1","0","1","0"
"POINT (9.833308584000065 52.419211362000055)","Unfall 18650 (2017) Kat:3, Licht: 0","18650","3","2","5","07","14","6","0","0","0","1","0","0"
"POINT (9.629660757000067 52.420765993000032)","Unfall 18658 (2017) Kat:3, Licht: 0","18658","3","6","3","07","13","6","0","0","0","1","0","0"
"POINT (9.774965549000058 52.371276578000050)","Unfall 18659 (2017) Kat:3, Licht: 0","18659","3","2","5","08","17","5","0","0","1","0","0","0"
"POINT (9.734434770000064 52.412357352000072)","Unfall 18661 (2017) Kat:3, Licht: 0","18661","3","2","5","07","13","6","0","0","1","1","0","0"
"POINT (9.826235187000066 52.362357083000063)","Unfall 18665 (2017) Kat:3, Licht: 0","18665","3","7","0","07","11","6","0","0","1","0","0","0"
"POINT (9.723021173000063 52.358065170000032)","Unfall 18730 (2017) Kat:3, Licht: 0","18730","3","6","2","07","15","5","0","0","0","1","0","0"
"POINT (9.685023025000021 52.379568375000076)","Unfall 18744 (2017) Kat:2, Licht: 0","18744","2","3","0","07","16","5","0","0","0","1","0","1"
"POINT (9.782714786000042 52.324182698000072)","Unfall 18745 (2017) Kat:3, Licht: 0","18745","3","6","2","07","15","5","0","0","0","1","0","0"
"POINT (9.722509660000071 52.358440805000043)","Unfall 18752 (2017) Kat:3, Licht: 0","18752","3","6","2","08","16","5","0","0","0","1","0","0"
"POINT (9.718619421000028 52.346578068000042)","Unfall 18764 (2017) Kat:3, Licht: 0","18764","3","6","2","07","16","5","0","0","0","1","0","0"
"POINT (9.765812616000062 52.343089439000039)","Unfall 18765 (2017) Kat:3, Licht: 0","18765","3","6","2","07","13","5","0","0","0","1","0","0"
"POINT (9.747854233000055 52.363558709000074)","Unfall 18766 (2017) Kat:3, Licht: 0","18766","3","4","6","07","18","5","1","0","0","1","1","0"
"POINT (9.735243644000036 52.393261458000040)","Unfall 18771 (2017) Kat:3, Licht: 0","18771","3","6","2","07","13","5","1","0","0","1","0","0"
"POINT (9.850228087000062 52.411271096000064)","Unfall 18852 (2017) Kat:2, Licht: 0","18852","2","6","2","07","07","4","0","0","0","0","0","0"
"POINT (9.783915853000053 52.359533143000078)","Unfall 18853 (2017) Kat:3, Licht: 0","18853","3","6","2","08","15","5","0","0","0","1","0","0"
"POINT (9.819312342000046 52.405592832000082)","Unfall 18883 (2017) Kat:3, Licht: 2","18883","3","7","8","08","22","7","0","2","0","1","0","0"
"POINT (9.899725031000060 52.400357171000053)","Unfall 18891 (2017) Kat:3, Licht: 0","18891","3","6","2","08","15","7","0","0","0","1","0","0"
"POINT (9.654390064000040 52.408011677000047)","Unfall 18905 (2017) Kat:3, Licht: 2","18905","3","6","2","08","22","4","0","2","0","1","0","0"
"POINT (9.714405685000031 52.361060235000082)","Unfall 18908 (2017) Kat:3, Licht: 0","18908","3","2","5","08","14","2","0","0","0","1","0","0"
"POINT (9.722503377000066 52.378463231000069)","Unfall 18911 (2017) Kat:3, Licht: 0","18911","3","6","2","08","09","2","0","0","0","1","0","0"
"POINT (9.754917102000036 52.370085385000039)","Unfall 18913 (2017) Kat:3, Licht: 0","18913","3","6","2","08","17","5","1","0","0","1","0","0"
"POINT (9.845517701000063 52.389985916000057)","Unfall 18914 (2017) Kat:3, Licht: 0","18914","3","3","5","08","17","2","0","0","1","1","0","0"
"POINT (9.794250532000035 52.394231469000033)","Unfall 18915 (2017) Kat:3, Licht: 0","18915","3","2","3","08","06","5","0","0","0","1","0","0"
"POINT (9.793610075000061 52.415313329000071)","Unfall 18916 (2017) Kat:3, Licht: 0","18916","3","6","2","08","17","2","0","0","0","1","0","0"
"POINT (9.722438182000076 52.337539868000079)","Unfall 18926 (2017) Kat:3, Licht: 0","18926","3","6","2","08","15","5","1","0","0","1","0","0"
"POINT (9.685261247000028 52.360191052000062)","Unfall 18928 (2017) Kat:3, Licht: 0","18928","3","2","5","08","11","5","0","0","0","1","0","0"
"POINT (9.852404259000025 52.389831946000072)","Unfall 18938 (2017) Kat:3, Licht: 0","18938","3","2","5","08","15","2","0","0","1","1","0","0"
"POINT (9.735289375000036 52.394688966000047)","Unfall 18941 (2017) Kat:3, Licht: 0","18941","3","6","2","08","16","2","0","0","0","1","0","0"
"POINT (9.798206471000071 52.419802942000047)","Unfall 18943 (2017) Kat:3, Licht: 0","18943","3","3","5","08","09","2","0","0","0","1","0","1"
"POINT (9.670668293000063 52.358342297000036)","Unfall 18945 (2017) Kat:3, Licht: 0","18945","3","3","5","08","07","7","0","0","0","1","0","0"
"POINT (9.719064982000077 52.378454811000040)","Unfall 18950 (2017) Kat:3, Licht: 0","18950","3","6","2","08","15","6","1","0","0","1","0","0"
"POINT (9.707470108000052 52.424414747000071)","Unfall 18986 (2017) Kat:3, Licht: 0","18986","3","2","5","08","07","4","0","0","0","1","0","0"
"POINT (9.698667229000023 52.347418389000040)","Unfall 19020 (2017) Kat:3, Licht: 0","19020","3","1","0","08","17","6","1","0","0","0","0","1"
"POINT (9.698798929000077 52.347723315000053)","Unfall 19052 (2017) Kat:3, Licht: 0","19052","3","2","5","08","08","4","0","0","0","1","0","1"
"POINT (9.782717384000023 52.324178059000076)","Unfall 19055 (2017) Kat:3, Licht: 0","19055","3","7","9","08","15","4","0","0","1","0","0","0"
"POINT (9.789463915000056 52.421291397000061)","Unfall 19056 (2017) Kat:3, Licht: 0","19056","3","1","8","08","10","4","0","0","0","1","0","1"
"POINT (9.716964528000062 52.356568448000075)","Unfall 19068 (2017) Kat:3, Licht: 1","19068","3","6","2","08","20","6","1","1","0","1","0","0"
"POINT (9.714248989000055 52.398928782000041)","Unfall 19070 (2017) Kat:3, Licht: 0","19070","3","3","5","08","12","3","0","0","1","0","0","0"
"POINT (9.768244418000052 52.337977484000078)","Unfall 19074 (2017) Kat:2, Licht: 0","19074","2","4","0","08","08","4","0","0","1","0","1","0"
"POINT (9.827247853000074 52.351714138000034)","Unfall 19077 (2017) Kat:3, Licht: 0","19077","3","7","6","08","13","4","0","0","1","0","1","0"
"POINT (9.850116359000026 52.355462232000036)","Unfall 19090 (2017) Kat:3, Licht: 1","19090","3","6","2","08","07","6","1","1","0","1","0","0"
"POINT (9.641756786000030 52.414737107000064)","Unfall 19092 (2017) Kat:3, Licht: 0","19092","3","6","2","08","09","6","1","0","0","1","0","0"
"POINT (9.697343644000057 52.341715923000038)","Unfall 19095 (2017) Kat:3, Licht: 0","19095","3","2","5","08","18","3","1","0","0","1","0","0"