WKT,Name,OBJECTID,UKATEGORIE,UTYP1,UART,UMONAT,USTUNDE,UWOCHENTAG,STRZUSTAND,ULICHTVERH,ISTRAD,ISTPKW,ISTFUSS,ISTKRAD
"POINT (9.667346324000050 52.377070328000059)","Unfall 19132 (2017) Kat:3, Licht: 0","19132","3","6","4","08","18","4","0","0","1","0","1","0"
"POINT (9.797958232000042 52.413176190000058)","Unfall 19197 (2017) Kat:3, Licht: 0","19197","3","2","5","08","09","3","0","0","1","1","0","0"
"POINT (9.621334776000026 52.406720776000043)","Unfall 19200 (2017) Kat:3, Licht: 0","19200","3","3","5","08","08","3","0","0","1","1","0","0"
"POINT (9.815258341000060 52.402523345000077)","Unfall 19220 (2017) Kat:3, Licht: 2","19220","3","6","2","08","05","6","1","2","0","1","0","0"
"POINT (9.705940453000039 52.412235706000047)","Unfall 19278 (2017) Kat:3, Licht: 0","19278","3","6","2","08","08","6","1","0","0","1","0","0"
"POINT (9.809040825000068 52.379438189000041)","Unfall 19371 (2017) Kat:3, Licht: 0","19371","3","3","5","08","17","2","0","0","1","1","0","0"
"POINT (9.707224759000042 52.424343815000043)","Unfall 19372 (2017) Kat:3, Licht: 0","19372","3","3","5","08","17","2","0","0","1","1","0","0"
"POINT (9.740451552000025 52.368061152000053)","Unfall 19384 (2017) Kat:3, Licht: 0","19384","3","6","3","08","16","1","0","0","0","1","0","0"
"POINT (9.717554685000039 52.396098357000028)","Unfall 19388 (2017) Kat:3, Licht: 0","19388","3","7","0","08","10","1","0","0","0","0","0","1"
"POINT (9.801761968000051 52.432008726000049)","Unfall 19390 (2017) Kat:3, Licht: 0","19390","3","3","5","08","15","1","0","0","0","1","0","0"
"POINT (9.715620235000074 52.378208886000039)","Unfall 19414 (2017) Kat:1, Licht: 0","19414","1","6","0","08","12","2","0","0","0","1","0","1"
"POINT (9.680069917000026 52.391653777000045)","Unfall 19449 (2017) Kat:3, Licht: 2","19449","3","6","3","08","05","7","1","2","0","1","0","0"
"POINT (9.728882511000052 52.372970866000060)","Unfall 19451 (2017) Kat:3, Licht: 0","19451","3","2","5","08","17","7","0","0","1","1","0","0"
"POINT (9.827115985000035 52.344092846000080)","Unfall 19453 (2017) Kat:3, Licht: 0","19453","3","3","5","08","14","7","0","0","0","1","0","0"
"POINT (9.722575136000046 52.378665593000051)","Unfall 19465 (2017) Kat:3, Licht: 0","19465","3","1","0","08","11","7","0","0","0","0","0","1"
"POINT (9.685814619000041 52.374888847000079)","Unfall 19555 (2017) Kat:3, Licht: 2","19555","3","3","0","08","22","6","1","2","1","1","0","0"
"POINT (9.834523540000021 52.337807541000075)","Unfall 19558 (2017) Kat:3, Licht: 0","19558","3","7","0","08","07","6","0","0","1","0","0","0"
"POINT (9.682520667000063 52.326405719000036)","Unfall 19560 (2017) Kat:3, Licht: 0","19560","3","3","5","08","18","1","0","0","0","1","0","0"
"POINT (9.842601458000047 52.354958393000061)","Unfall 19562 (2017) Kat:3, Licht: 0","19562","3","6","2","08","09","6","1","0","0","1","0","0"
"POINT (9.833485764000045 52.398546722000049)","Unfall 19591 (2017) Kat:3, Licht: 0","19591","3","2","2","08","12","6","0","0","0","1","0","0"
"POINT (9.719484339000076 52.345946552000044)","Unfall 19593 (2017) Kat:3, Licht: 0","19593","3","6","2","08","13","6","1","0","0","1","0","1"
"POINT (9.724584787000026 52.427501768000070)","Unfall 19595 (2017) Kat:3, Licht: 0","19595","3","6","2","08","14","6","0","0","0","1","0","0"
"POINT (9.820812662000037 52.426893226000061)","Unfall 19597 (2017) Kat:3, Licht: 0","19597","3","6","2","08","10","6","1","0","0","1","0","0"
"POINT (9.652146284000025 52.415329461000056)","Unfall 19598 (2017) Kat:3, Licht: 0","19598","3","2","4","08","07","6","0","0","1","1","0","0"
"POINT (9.827212256000053 52.345650133000049)","Unfall 19664 (2017) Kat:3, Licht: 0","19664","3","7","5","08","12","7","0","0","0","1","0","0"
"POINT (9.782582023000032 52.380261682000082)","Unfall 19674 (2017) Kat:3, Licht: 0","19674","3","1","8","08","08","7","1","0","0","1","0","0"
"POINT (9.715871156000048 52.346324362000075)","Unfall 19678 (2017) Kat:3, Licht: 0","19678","3","6","2","08","08","4","0","0","0","1","0","0"
"POINT (9.827638473000036 52.360837951000065)","Unfall 19712 (2017) Kat:3, Licht: 0","19712","3","7","0","08","12","3","0","0","0","0","1","0"
"POINT (9.732393836000028 52.383235472000081)","Unfall 19713 (2017) Kat:3, Licht: 2","19713","3","2","4","08","21","7","0","2","0","1","0","0"
"POINT (9.811958097000058 52.337670439000078)","Unfall 19720 (2017) Kat:2, Licht: 0","19720","2","1","8","08","20","6","0","0","0","1","0","1"
"POINT (9.716141937000032 52.428704933000063)","Unfall 19723 (2017) Kat:3, Licht: 0","19723","3","6","2","08","15","6","0","0","0","1","0","0"
"POINT (9.712453255000071 52.362529260000031)","Unfall 19792 (2017) Kat:3, Licht: 0","19792","3","6","2","08","14","2","0","0","0","1","0","0"
"POINT (9.781168198000046 52.522930026000040)","Unfall 19801 (2017) Kat:3, Licht: 0","19801","3","7","8","08","10","2","0","0","0","0","0","0"
"POINT (9.691478678000067 52.332435601000043)","Unfall 19864 (2017) Kat:3, Licht: 0","19864","3","6","2","08","17","5","0","0","0","1","0","1"
"POINT (9.836272193000070 52.387160373000029)","Unfall 19869 (2017) Kat:2, Licht: 0","19869","2","2","5","08","16","5","0","0","1","0","0","0"
"POINT (9.818251070000031 52.409232271000064)","Unfall 19870 (2017) Kat:3, Licht: 0","19870","3","4","6","08","15","5","0","0","1","0","1","0"
"POINT (9.710292860000038 52.407129050000037)","Unfall 19871 (2017) Kat:2, Licht: 0","19871","2","4","6","08","12","5","0","0","0","0","1","0"
"POINT (9.725099000000057 52.377017857000055)","Unfall 19872 (2017) Kat:3, Licht: 0","19872","3","2","5","08","09","5","0","0","1","1","0","0"
"POINT (9.847752033000063 52.392722541000069)","Unfall 19932 (2017) Kat:3, Licht: 0","19932","3","3","0","08","12","4","0","0","0","1","0","0"
"POINT (9.735823251000056 52.401842519000070)","Unfall 19937 (2017) Kat:3, Licht: 0","19937","3","6","2","08","12","4","0","0","0","1","0","0"
"POINT (9.758705937000059 52.427060896000057)","Unfall 19999 (2017) Kat:3, Licht: 0","19999","3","6","2","08","18","3","0","0","0","0","0","0"
"POINT (9.793463401000054 52.371520768000039)","Unfall 20000 (2017) Kat:3, Licht: 0","20000","3","7","0","08","14","3","0","0","0","1","0","1"
"POINT (9.839120461000050 52.417940304000069)","Unfall 20001 (2017) Kat:3, Licht: 0","20001","3","6","2","08","15","3","0","0","0","1","0","0"
"POINT (9.793417260000069 52.415328259000034)","Unfall 20002 (2017) Kat:3, Licht: 0","20002","3","2","5","08","12","3","0","0","1","1","0","0"
"POINT (9.686743248000028 52.429757795000057)","Unfall 20003 (2017) Kat:3, Licht: 0","20003","3","6","2","08","08","3","0","0","0","1","0","0"
"POINT (9.690897069000073 52.421984393000059)","Unfall 20004 (2017) Kat:3, Licht: 0","20004","3","2","5","08","06","3","0","0","0","1","0","1"
"POINT (9.714516595000021 52.361076788000048)","Unfall 20042 (2017) Kat:3, Licht: 0","20042","3","2","5","08","11","5","1","0","0","1","0","0"
"POINT (9.827188268000043 52.349404186000072)","Unfall 20043 (2017) Kat:2, Licht: 0","20043","2","3","5","08","11","5","1","0","1","1","0","0"
"POINT (9.793231422000076 52.415342648000035)","Unfall 20044 (2017) Kat:3, Licht: 0","20044","3","2","5","08","07","5","0","0","1","1","0","0"
"POINT (9.762901311000064 52.344677660000059)","Unfall 20095 (2017) Kat:3, Licht: 0","20095","3","1","0","08","15","4","0","0","1","0","0","0"
"POINT (9.754306709000048 52.355369707000079)","Unfall 20100 (2017) Kat:3, Licht: 0","20100","3","2","0","08","08","4","0","0","1","1","0","0"
"POINT (9.796716588000038 52.415875431000075)","Unfall 20156 (2017) Kat:3, Licht: 0","20156","3","6","0","08","15","3","0","0","0","1","0","1"
"POINT (9.786833977000072 52.390023877000033)","Unfall 20162 (2017) Kat:3, Licht: 2","20162","3","6","2","08","21","3","0","2","0","1","0","0"
"POINT (9.862350277000076 52.371472653000069)","Unfall 20163 (2017) Kat:3, Licht: 0","20163","3","1","0","08","07","3","0","0","0","0","0","1"
"POINT (9.827678936000041 52.354923702000065)","Unfall 20215 (2017) Kat:3, Licht: 0","20215","3","6","2","08","19","2","0","0","0","1","0","0"
"POINT (9.794166090000033 52.394505085000048)","Unfall 20216 (2017) Kat:3, Licht: 0","20216","3","2","3","08","09","2","0","0","0","1","0","0"
"POINT (9.830415665000032 52.361078330000055)","Unfall 20223 (2017) Kat:3, Licht: 0","20223","3","7","0","08","10","2","0","0","1","0","0","0"
"POINT (9.742799230000060 52.427511216000028)","Unfall 20258 (2017) Kat:2, Licht: 0","20258","2","1","8","08","15","1","0","0","0","0","0","1"
"POINT (9.691619799000023 52.430148147000068)","Unfall 20260 (2017) Kat:3, Licht: 1","20260","3","7","2","08","01","1","1","1","0","1","0","0"
"POINT (9.733891364000044 52.368912332000036)","Unfall 20303 (2017) Kat:3, Licht: 0","20303","3","2","5","08","15","7","0","0","1","1","0","0"
"POINT (9.737177113000030 52.427241141000081)","Unfall 20304 (2017) Kat:3, Licht: 0","20304","3","6","2","08","12","7","0","0","0","1","0","0"
"POINT (9.642006323000032 52.414656399000080)","Unfall 20356 (2017) Kat:3, Licht: 0","20356","3","6","2","08","19","6","0","0","0","1","0","0"
"POINT (9.832316053000056 52.418376702000046)","Unfall 20357 (2017) Kat:3, Licht: 0","20357","3","6","2","08","16","6","0","0","0","1","0","0"
"POINT (9.833403572000066 52.419268250000073)","Unfall 20359 (2017) Kat:3, Licht: 0","20359","3","3","5","08","08","6","0","0","0","1","0","0"
"POINT (9.653391741000064 52.409007470000063)","Unfall 20394 (2017) Kat:3, Licht: 0","20394","3","6","2","09","17","4","1","0","0","1","0","0"
"POINT (9.641942209000035 52.414677073000064)","Unfall 20395 (2017) Kat:3, Licht: 0","20395","3","6","2","09","13","4","0","0","0","1","0","0"
"POINT (9.647080464000055 52.413608007000050)","Unfall 20396 (2017) Kat:3, Licht: 1","20396","3","3","5","09","06","4","1","1","0","1","0","0"
"POINT (9.802028158000042 52.432966467000028)","Unfall 20402 (2017) Kat:3, Licht: 0","20402","3","2","2","09","14","4","1","0","0","1","0","0"
"POINT (9.717098014000044 52.346364730000062)","Unfall 20457 (2017) Kat:3, Licht: 0","20457","3","2","5","09","15","3","0","0","1","1","0","0"
"POINT (9.628577729000028 52.422149309000076)","Unfall 20459 (2017) Kat:3, Licht: 0","20459","3","6","2","09","09","3","0","0","0","1","0","0"
"POINT (9.711395641000024 52.405524137000043)","Unfall 20515 (2017) Kat:3, Licht: 0","20515","3","6","2","09","17","2","0","0","0","1","0","0"
"POINT (9.732951780000064 52.420990102000076)","Unfall 20516 (2017) Kat:3, Licht: 0","20516","3","6","2","09","12","2","0","0","0","1","0","0"
"POINT (9.777303577000055 52.371193040000037)","Unfall 20560 (2017) Kat:3, Licht: 0","20560","3","6","2","09","14","1","0","0","0","1","0","0"
"POINT (9.762901311000064 52.344677660000059)","Unfall 20561 (2017) Kat:3, Licht: 0","20561","3","3","5","09","18","1","0","0","1","1","0","0"
"POINT (9.654766509000069 52.407665239000039)","Unfall 20599 (2017) Kat:3, Licht: 1","20599","3","6","2","09","20","7","1","1","0","1","0","0"
"POINT (9.691550895000034 52.332506872000067)","Unfall 20600 (2017) Kat:3, Licht: 0","20600","3","6","2","09","15","7","1","0","0","1","0","0"
"POINT (9.737605295000037 52.368250439000064)","Unfall 20605 (2017) Kat:2, Licht: 0","20605","2","4","6","09","15","7","0","0","1","0","1","0"
"POINT (9.700077745000044 52.416193067000052)","Unfall 20658 (2017) Kat:3, Licht: 0","20658","3","6","2","09","15","6","0","0","0","1","0","0"
"POINT (9.833303574000070 52.338248151000073)","Unfall 20692 (2017) Kat:2, Licht: 0","20692","2","4","6","09","15","5","1","0","0","1","1","0"
"POINT (9.800132450000035 52.343250779000073)","Unfall 20693 (2017) Kat:3, Licht: 0","20693","3","6","2","09","13","5","1","0","0","1","0","0"
"POINT (9.698783543000047 52.347377046000076)","Unfall 20753 (2017) Kat:3, Licht: 0","20753","3","2","5","08","12","5","0","0","0","1","0","1"
"POINT (9.720336075000034 52.391552622000063)","Unfall 20755 (2017) Kat:3, Licht: 0","20755","3","1","0","08","17","5","0","0","1","0","0","0"
"POINT (9.827319978000048 52.358011852000061)","Unfall 20796 (2017) Kat:3, Licht: 0","20796","3","3","5","09","12","4","1","0","1","1","0","0"
"POINT (9.730160955000031 52.368936526000027)","Unfall 20804 (2017) Kat:3, Licht: 0","20804","3","3","5","09","08","4","1","0","1","1","0","0"
"POINT (9.652292329000034 52.409825635000061)","Unfall 20844 (2017) Kat:3, Licht: 0","20844","3","6","2","09","18","3","1","0","0","1","0","0"
"POINT (9.653296533000059 52.409078763000082)","Unfall 20845 (2017) Kat:3, Licht: 0","20845","3","6","2","09","17","3","1","0","0","1","0","0"
"POINT (9.649221908000072 52.414604762000067)","Unfall 20846 (2017) Kat:3, Licht: 0","20846","3","6","2","09","17","3","1","0","0","1","0","0"
"POINT (9.723379612000031 52.368319077000081)","Unfall 20847 (2017) Kat:3, Licht: 0","20847","3","6","3","09","11","3","0","0","0","1","0","0"
"POINT (9.708420340000032 52.426683486000059)","Unfall 20848 (2017) Kat:3, Licht: 0","20848","3","6","2","09","13","3","0","0","1","1","0","0"
"POINT (9.736288966000075 52.398372836000078)","Unfall 20849 (2017) Kat:3, Licht: 0","20849","3","6","3","09","07","3","0","0","0","1","0","0"
"POINT (9.802200536000044 52.407148262000078)","Unfall 20850 (2017) Kat:3, Licht: 0","20850","3","3","5","09","12","3","0","0","1","1","0","0"
"POINT (9.700229551000064 52.422077517000048)","Unfall 20858 (2017) Kat:3, Licht: 0","20858","3","3","5","09","17","3","1","0","1","1","0","0"
"POINT (9.823448822000046 52.384231286000045)","Unfall 20860 (2017) Kat:3, Licht: 0","20860","3","2","5","09","11","3","0","0","1","1","0","0"
"POINT (9.726992655000061 52.366836995000028)","Unfall 20893 (2017) Kat:3, Licht: 0","20893","3","2","4","09","10","2","0","0","1","1","0","0"
"POINT (9.826256386000068 52.414901783000062)","Unfall 20894 (2017) Kat:3, Licht: 0","20894","3","6","2","09","17","2","0","0","0","1","0","0"
"POINT (9.736207071000024 52.399171698000032)","Unfall 20898 (2017) Kat:3, Licht: 2","20898","3","3","5","09","20","2","0","2","1","0","0","0"
"POINT (9.734275417000049 52.388717728000074)","Unfall 20950 (2017) Kat:2, Licht: 0","20950","2","4","6","09","11","1","0","0","0","1","1","0"
"POINT (9.714253127000063 52.361115201000075)","Unfall 20998 (2017) Kat:3, Licht: 0","20998","3","2","5","09","13","7","0","0","0","1","0","0"
"POINT (9.763129878000029 52.344431946000043)","Unfall 21002 (2017) Kat:3, Licht: 0","21002","3","2","5","09","17","7","0","0","1","1","0","0"
"POINT (9.682433043000060 52.429390321000028)","Unfall 21004 (2017) Kat:3, Licht: 0","21004","3","7","2","09","11","7","1","0","0","1","0","0"
"POINT (9.677452711000058 52.393080688000055)","Unfall 21005 (2017) Kat:3, Licht: 2","21005","3","1","8","09","06","7","1","2","0","1","0","0"
"POINT (9.843968512000060 52.360718174000056)","Unfall 21034 (2017) Kat:3, Licht: 0","21034","3","3","5","09","07","6","0","0","1","1","0","0"
"POINT (9.655902799000046 52.406380995000063)","Unfall 21119 (2017) Kat:3, Licht: 0","21119","3","6","2","09","14","6","1","0","0","1","0","0"
"POINT (9.696290669000064 52.379899489000081)","Unfall 21121 (2017) Kat:3, Licht: 2","21121","3","3","5","09","05","6","1","2","0","1","0","0"
"POINT (9.771164766000027 52.370857324000042)","Unfall 21122 (2017) Kat:3, Licht: 0","21122","3","6","2","09","18","6","1","0","0","1","0","0"
"POINT (9.859804984000050 52.385732624000070)","Unfall 21127 (2017) Kat:3, Licht: 0","21127","3","3","5","09","09","6","1","0","0","1","0","0"
"POINT (9.801774878000060 52.432057545000077)","Unfall 21129 (2017) Kat:3, Licht: 0","21129","3","6","2","09","12","6","1","0","0","1","0","0"
"POINT (9.648854206000067 52.424239462000060)","Unfall 21144 (2017) Kat:3, Licht: 0","21144","3","6","2","09","08","6","1","0","0","1","0","0"
"POINT (9.697667864000039 52.377207005000059)","Unfall 21145 (2017) Kat:3, Licht: 0","21145","3","6","2","09","18","6","1","0","0","1","0","0"
"POINT (9.696270717000061 52.379916802000082)","Unfall 21146 (2017) Kat:3, Licht: 2","21146","3","2","5","09","19","6","1","2","0","1","0","0"
"POINT (9.654134004000071 52.425096447000044)","Unfall 21149 (2017) Kat:3, Licht: 0","21149","3","6","3","09","18","6","1","0","0","1","0","1"
"POINT (9.786843456000042 52.390039818000048)","Unfall 21150 (2017) Kat:3, Licht: 0","21150","3","6","2","09","16","6","1","0","0","1","0","0"
"POINT (9.651996364000070 52.424685214000078)","Unfall 21151 (2017) Kat:3, Licht: 0","21151","3","6","2","09","14","6","1","0","0","1","0","0"
"POINT (9.756020617000047 52.370144840000080)","Unfall 21170 (2017) Kat:3, Licht: 1","21170","3","7","2","09","06","5","0","1","0","1","0","1"
"POINT (9.805031885000062 52.408262926000077)","Unfall 21172 (2017) Kat:3, Licht: 0","21172","3","3","5","09","18","5","1","0","0","1","0","0"
"POINT (9.785489994000045 52.335298566000063)","Unfall 21186 (2017) Kat:3, Licht: 0","21186","3","6","2","09","14","5","0","0","0","1","0","0"
"POINT (9.696305453000036 52.379884828000058)","Unfall 21226 (2017) Kat:3, Licht: 0","21226","3","3","5","09","19","6","0","0","0","1","0","1"
"POINT (9.745073585000057 52.367452769000067)","Unfall 21284 (2017) Kat:2, Licht: 0","21284","2","4","6","09","14","5","0","0","1","0","1","0"
"POINT (9.647490578000031 52.413414024000076)","Unfall 21286 (2017) Kat:3, Licht: 0","21286","3","6","2","09","12","5","0","0","0","1","0","0"
"POINT (9.648576620000029 52.412707829000055)","Unfall 21337 (2017) Kat:3, Licht: 0","21337","3","1","0","09","12","4","0","0","0","0","0","0"
"POINT (9.790418587000033 52.349288165000075)","Unfall 21338 (2017) Kat:3, Licht: 0","21338","3","6","3","09","11","4","0","0","0","1","0","0"
"POINT (9.762434381000048 52.370412591000047)","Unfall 21380 (2017) Kat:3, Licht: 0","21380","3","2","5","09","07","3","1","0","1","1","0","0"
"POINT (9.806075538000073 52.318081988000074)","Unfall 21383 (2017) Kat:3, Licht: 0","21383","3","6","2","09","09","3","0","0","0","1","0","0"
"POINT (9.807281322000051 52.335806189000039)","Unfall 21384 (2017) Kat:3, Licht: 0","21384","3","6","2","09","08","3","0","0","0","1","0","0"
"POINT (9.667256634000069 52.377066432000049)","Unfall 21473 (2017) Kat:3, Licht: 0","21473","3","2","2","09","08","2","1","0","0","1","0","0"
"POINT (9.766130122000050 52.340827720000050)","Unfall 21474 (2017) Kat:3, Licht: 0","21474","3","2","0","09","15","2","1","0","1","1","0","0"
"POINT (9.648124545000030 52.414138057000059)","Unfall 21479 (2017) Kat:3, Licht: 2","21479","3","6","2","09","22","2","1","2","0","1","0","0"
"POINT (9.847420235000072 52.360120393000045)","Unfall 21481 (2017) Kat:2, Licht: 0","21481","2","2","5","09","12","2","0","0","0","0","0","0"
"POINT (9.796944001000043 52.347125832000074)","Unfall 21482 (2017) Kat:3, Licht: 2","21482","3","6","3","09","06","2","1","2","0","1","0","0"
"POINT (9.731527700000072 52.369393651000053)","Unfall 21484 (2017) Kat:3, Licht: 0","21484","3","2","5","09","07","2","1","0","1","1","0","0"
"POINT (9.726506325000059 52.365974173000041)","Unfall 21485 (2017) Kat:3, Licht: 1","21485","3","3","5","09","06","2","1","1","0","1","0","0"
"POINT (9.797207602000071 52.346900142000038)","Unfall 21486 (2017) Kat:3, Licht: 1","21486","3","6","9","09","06","2","1","1","0","1","0","0"
"POINT (9.814996255000040 52.363857818000042)","Unfall 21489 (2017) Kat:3, Licht: 2","21489","3","7","1","09","19","2","1","2","0","1","0","1"
"POINT (9.661787020000077 52.401809961000026)","Unfall 21491 (2017) Kat:3, Licht: 0","21491","3","1","9","09","16","2","1","0","0","0","0","0"
"POINT (9.712656520000053 52.429317019000052)","Unfall 21493 (2017) Kat:3, Licht: 0","21493","3","6","2","09","14","2","0","0","0","1","0","0"
"POINT (9.845608602000027 52.411653131000037)","Unfall 21494 (2017) Kat:3, Licht: 0","21494","3","6","2","09","07","2","0","0","0","1","0","0"
"POINT (9.721476295000059 52.361422285000060)","Unfall 21566 (2017) Kat:3, Licht: 0","21566","3","6","2","09","17","1","1","0","0","1","0","0"
"POINT (9.810745135000047 52.382633807000047)","Unfall 21567 (2017) Kat:3, Licht: 2","21567","3","1","8","09","01","1","0","2","0","1","0","0"
"POINT (9.721193526000036 52.361672081000052)","Unfall 21568 (2017) Kat:3, Licht: 0","21568","3","6","2","09","17","1","1","0","0","1","0","0"
"POINT (9.781315237000058 52.364085880000061)","Unfall 21571 (2017) Kat:3, Licht: 0","21571","3","1","8","09","13","1","1","0","0","1","0","0"
"POINT (9.786185692000061 52.356592883000076)","Unfall 21575 (2017) Kat:3, Licht: 0","21575","3","6","2","09","18","1","0","0","0","1","0","0"
"POINT (9.856611123000050 52.358730382000033)","Unfall 21577 (2017) Kat:3, Licht: 0","21577","3","1","0","09","10","1","0","0","1","0","0","0"
"POINT (9.734342998000045 52.368805823000059)","Unfall 21645 (2017) Kat:3, Licht: 2","21645","3","3","5","09","23","7","0","2","1","1","0","0"
"POINT (9.827241723000043 52.346831197000029)","Unfall 21647 (2017) Kat:3, Licht: 0","21647","3","5","1","09","10","7","0","0","0","1","0","0"
"POINT (9.726373397000032 52.388384996000070)","Unfall 21672 (2017) Kat:3, Licht: 2","21672","3","3","5","09","05","7","0","2","0","1","0","0"
"POINT (9.707468678000055 52.424426679000078)","Unfall 21764 (2017) Kat:3, Licht: 0","21764","3","2","5","10","18","2","0","0","0","1","0","0"
"POINT (9.733991119000052 52.415955593000035)","Unfall 21768 (2017) Kat:2, Licht: 0","21768","2","1","6","10","14","2","0","0","0","1","1","0"
"POINT (9.687224777000040 52.425977482000064)","Unfall 21769 (2017) Kat:2, Licht: 0","21769","2","2","2","10","11","2","1","0","0","1","0","0"
"POINT (9.655902799000046 52.406380995000063)","Unfall 21797 (2017) Kat:2, Licht: 2","21797","2","1","8","10","06","1","1","2","0","1","0","0"
"POINT (9.775144532000070 52.371286076000047)","Unfall 21850 (2017) Kat:3, Licht: 0","21850","3","6","2","10","16","2","0","0","0","1","0","0"
"POINT (9.768844050000041 52.338037245000066)","Unfall 21852 (2017) Kat:3, Licht: 0","21852","3","7","0","10","10","2","0","0","1","0","0","0"
"POINT (9.824700522000057 52.339779077000060)","Unfall 21858 (2017) Kat:2, Licht: 0","21858","2","1","0","10","15","2","0","0","1","0","0","0"
"POINT (9.735653433000039 52.402940895000029)","Unfall 21876 (2017) Kat:3, Licht: 0","21876","3","5","6","09","11","7","1","0","0","1","1","0"
"POINT (9.822443603000068 52.407626117000063)","Unfall 21881 (2017) Kat:3, Licht: 2","21881","3","6","0","09","19","7","1","2","0","1","0","0"
"POINT (9.870321961000059 52.310483753000028)","Unfall 21926 (2017) Kat:3, Licht: 0","21926","3","3","5","10","16","1","0","0","0","1","0","0"
"POINT (9.776134329000058 52.329172770000071)","Unfall 21992 (2017) Kat:3, Licht: 0","21992","3","6","2","09","14","6","0","0","0","1","0","0"
"POINT (9.721757819000061 52.421535991000042)","Unfall 21993 (2017) Kat:3, Licht: 0","21993","3","6","2","09","14","6","0","0","0","1","0","0"
"POINT (9.655902799000046 52.406380995000063)","Unfall 21998 (2017) Kat:3, Licht: 1","21998","3","6","2","10","17","7","1","1","0","1","0","0"
"POINT (9.753974726000024 52.370035557000051)","Unfall 22001 (2017) Kat:3, Licht: 0","22001","3","6","2","10","17","7","0","0","0","1","0","0"
"POINT (9.717513182000062 52.367088188000082)","Unfall 22003 (2017) Kat:3, Licht: 0","22003","3","3","0","09","13","6","0","0","1","0","0","0"
"POINT (9.786490668000056 52.356262567000044)","Unfall 22005 (2017) Kat:2, Licht: 2","22005","2","6","4","10","19","7","1","2","0","1","0","0"
"POINT (9.827223761000028 52.345986504000052)","Unfall 22045 (2017) Kat:3, Licht: 0","22045","3","1","0","10","12","6","1","0","0","0","0","1"
"POINT (9.797279701000036 52.414081464000049)","Unfall 22060 (2017) Kat:3, Licht: 0","22060","3","1","0","10","13","6","1","0","1","0","0","0"
"POINT (9.778766209000025 52.376566940000032)","Unfall 22162 (2017) Kat:3, Licht: 0","22162","3","7","7","10","13","5","1","0","0","1","0","0"
"POINT (9.785804440000050 52.335307513000032)","Unfall 22165 (2017) Kat:3, Licht: 2","22165","3","3","5","09","18","5","1","2","1","1","0","0"
"POINT (9.745059701000059 52.367461841000079)","Unfall 22167 (2017) Kat:2, Licht: 0","22167","2","7","0","09","15","5","0","0","1","0","0","0"
"POINT (9.786712447000070 52.389681642000028)","Unfall 22174 (2017) Kat:3, Licht: 0","22174","3","7","7","10","14","5","1","0","0","1","0","0"
"POINT (9.785215951000055 52.335286673000041)","Unfall 22179 (2017) Kat:3, Licht: 0","22179","3","2","5","10","10","5","1","0","1","0","0","0"
"POINT (9.713305502000026 52.400061390000076)","Unfall 22180 (2017) Kat:2, Licht: 0","22180","2","2","6","10","10","5","1","0","0","1","1","0"
"POINT (9.729784601000063 52.384078409000040)","Unfall 22182 (2017) Kat:3, Licht: 0","22182","3","2","2","10","09","5","1","0","0","1","0","0"
"POINT (9.709504232000029 52.346767022000051)","Unfall 22233 (2017) Kat:3, Licht: 0","22233","3","6","2","09","16","4","0","0","0","1","0","0"
"POINT (9.697157008000033 52.341726605000076)","Unfall 22242 (2017) Kat:3, Licht: 0","22242","3","2","5","09","16","4","0","0","0","1","0","0"
"POINT (9.791812728000025 52.393610608000074)","Unfall 22243 (2017) Kat:3, Licht: 0","22243","3","6","2","09","15","4","0","0","0","1","0","0"
"POINT (9.680444253000076 52.371930216000067)","Unfall 22290 (2017) Kat:3, Licht: 0","22290","3","2","5","10","10","4","0","0","1","1","0","0"
"POINT (9.882494395000038 52.359075897000082)","Unfall 22291 (2017) Kat:3, Licht: 2","22291","3","6","8","10","05","4","1","2","0","1","0","0"
"POINT (9.695984304000035 52.379886692000071)","Unfall 22317 (2017) Kat:3, Licht: 0","22317","3","6","2","09","12","3","1","0","0","1","0","0"
"POINT (9.711160457000062 52.405796731000066)","Unfall 22322 (2017) Kat:3, Licht: 0","22322","3","3","5","09","11","3","0","0","1","1","0","0"
"POINT (9.679508941000051 52.391979096000057)","Unfall 22337 (2017) Kat:3, Licht: 2","22337","3","1","8","10","22","3","1","2","0","1","0","0"
"POINT (9.740058346000069 52.368238329000064)","Unfall 22352 (2017) Kat:3, Licht: 1","22352","3","2","6","10","18","2","0","1","0","1","1","0"
"POINT (9.744676442000070 52.369018689000029)","Unfall 22353 (2017) Kat:3, Licht: 0","22353","3","6","4","10","17","2","0","0","1","0","0","0"
"POINT (9.750587941000049 52.360018845000070)","Unfall 22356 (2017) Kat:3, Licht: 2","22356","3","6","3","10","19","2","0","2","0","1","0","0"
"POINT (9.827329036000037 52.355524422000030)","Unfall 22358 (2017) Kat:3, Licht: 0","22358","3","3","5","10","08","2","0","0","0","1","0","0"
"POINT (9.676398045000042 52.393863488000079)","Unfall 22469 (2017) Kat:3, Licht: 1","22469","3","1","8","10","17","7","1","1","0","1","0","0"
"POINT (9.640218734000030 52.415235536000068)","Unfall 22474 (2017) Kat:3, Licht: 0","22474","3","6","2","10","16","1","0","0","0","1","0","0"
"POINT (9.838419473000045 52.417983571000036)","Unfall 22489 (2017) Kat:2, Licht: 0","22489","2","1","9","10","18","1","0","0","0","0","0","1"
"POINT (9.727002063000043 52.366552644000080)","Unfall 22492 (2017) Kat:2, Licht: 0","22492","2","6","2","10","14","1","0","0","0","1","0","1"