WKT,Name,OBJECTID,UKATEGORIE,UTYP1,UART,UMONAT,USTUNDE,UWOCHENTAG,STRZUSTAND,ULICHTVERH,ISTRAD,ISTPKW,ISTFUSS,ISTKRAD
"POINT (9.716420555000070 52.357655152000063)","Unfall 22560 (2017) Kat:3, Licht: 0","22560","3","3","5","10","12","6","1","0","1","1","0","0"
"POINT (9.719942068000023 52.330888529000049)","Unfall 22561 (2017) Kat:3, Licht: 0","22561","3","6","2","10","14","6","1","0","0","1","0","0"
"POINT (9.834682407000059 52.337750120000067)","Unfall 22565 (2017) Kat:3, Licht: 1","22565","3","2","6","10","07","6","0","1","0","1","1","0"
"POINT (9.810588620000033 52.333125547000066)","Unfall 22578 (2017) Kat:2, Licht: 0","22578","2","1","9","10","16","6","1","0","0","1","0","0"
"POINT (9.801024009000059 52.396468970000058)","Unfall 22579 (2017) Kat:3, Licht: 0","22579","3","6","2","10","16","6","0","0","0","1","0","0"
"POINT (9.712512522000054 52.403042182000036)","Unfall 22583 (2017) Kat:3, Licht: 0","22583","3","2","4","10","14","7","0","0","1","1","0","0"
"POINT (9.793890756000053 52.393914004000067)","Unfall 22585 (2017) Kat:3, Licht: 0","22585","3","6","2","10","16","7","0","0","0","1","0","1"
"POINT (9.723435627000072 52.363262701000053)","Unfall 22689 (2017) Kat:3, Licht: 0","22689","3","6","2","10","07","5","1","0","0","1","0","1"
"POINT (9.827277374000062 52.310931962000041)","Unfall 22695 (2017) Kat:2, Licht: 0","22695","2","3","5","10","16","5","0","0","1","1","0","0"
"POINT (9.632888269000034 52.419442701000037)","Unfall 22696 (2017) Kat:3, Licht: 0","22696","3","1","0","10","11","5","0","0","1","0","0","0"
"POINT (9.713943269000026 52.366599315000030)","Unfall 22697 (2017) Kat:2, Licht: 0","22697","2","5","0","10","08","5","0","0","1","1","0","0"
"POINT (9.733828483000025 52.385979185000053)","Unfall 22721 (2017) Kat:3, Licht: 2","22721","3","6","2","10","19","6","0","2","0","1","0","0"
"POINT (9.820129759000054 52.362470775000077)","Unfall 22790 (2017) Kat:3, Licht: 0","22790","3","1","0","10","13","4","0","0","1","0","0","0"
"POINT (9.735629377000066 52.396093447000055)","Unfall 22800 (2017) Kat:2, Licht: 2","22800","2","3","5","10","06","5","1","2","1","1","0","0"
"POINT (9.765296861000024 52.341812135000055)","Unfall 22802 (2017) Kat:3, Licht: 2","22802","3","4","6","10","22","5","0","2","0","1","1","0"
"POINT (9.678158229000076 52.365721129000065)","Unfall 22803 (2017) Kat:2, Licht: 2","22803","2","2","6","10","19","5","0","2","0","1","1","0"
"POINT (9.750076238000077 52.327160320000075)","Unfall 22804 (2017) Kat:2, Licht: 0","22804","2","3","5","10","17","5","0","0","1","1","0","0"
"POINT (9.761595693000061 52.342092063000052)","Unfall 22805 (2017) Kat:3, Licht: 0","22805","3","6","2","10","15","5","0","0","0","1","0","0"
"POINT (9.738809514000025 52.368038677000072)","Unfall 22879 (2017) Kat:3, Licht: 0","22879","3","3","5","10","15","3","0","0","1","1","0","0"
"POINT (9.646512772000051 52.423517345000050)","Unfall 22881 (2017) Kat:3, Licht: 0","22881","3","6","3","10","13","3","0","0","0","1","0","0"
"POINT (9.712816253000028 52.401156963000062)","Unfall 22891 (2017) Kat:3, Licht: 1","22891","3","6","2","10","08","4","1","1","0","1","0","0"
"POINT (9.717098014000044 52.346364730000062)","Unfall 22898 (2017) Kat:2, Licht: 0","22898","2","2","5","10","09","4","1","0","1","0","0","0"
"POINT (9.670329707000064 52.347988854000050)","Unfall 22988 (2017) Kat:2, Licht: 0","22988","2","7","0","10","08","3","1","0","0","0","0","1"
"POINT (9.885368822000032 52.360083342000053)","Unfall 22989 (2017) Kat:3, Licht: 0","22989","3","1","9","10","15","1","1","0","0","1","0","0"
"POINT (9.807004716000051 52.336244688000079)","Unfall 22990 (2017) Kat:3, Licht: 0","22990","3","1","8","10","10","3","1","0","0","1","0","0"
"POINT (9.723024621000036 52.358050234000075)","Unfall 22991 (2017) Kat:3, Licht: 0","22991","3","6","2","10","16","3","1","0","0","1","0","0"
"POINT (9.733298446000049 52.427542644000027)","Unfall 22992 (2017) Kat:3, Licht: 0","22992","3","6","2","10","15","1","1","0","0","1","0","0"
"POINT (9.831544531000077 52.399108283000032)","Unfall 23049 (2017) Kat:3, Licht: 0","23049","3","6","2","10","13","2","0","0","0","1","0","0"
"POINT (9.863378318000059 52.373936171000082)","Unfall 23056 (2017) Kat:3, Licht: 0","23056","3","2","6","10","08","2","0","0","0","1","1","0"
"POINT (9.856082026000024 52.408358137000050)","Unfall 23060 (2017) Kat:3, Licht: 0","23060","3","6","3","11","12","3","0","0","0","1","0","0"
"POINT (9.722432402000038 52.378501653000058)","Unfall 23117 (2017) Kat:3, Licht: 2","23117","3","2","5","10","02","1","1","2","1","1","0","0"
"POINT (9.775001858000053 52.371066605000067)","Unfall 23118 (2017) Kat:3, Licht: 2","23118","3","6","2","10","18","1","1","2","0","1","0","0"
"POINT (9.632511965000049 52.419670393000047)","Unfall 23176 (2017) Kat:3, Licht: 0","23176","3","6","3","10","08","2","1","0","0","1","0","0"
"POINT (9.730162320000034 52.368702821000056)","Unfall 23187 (2017) Kat:3, Licht: 0","23187","3","3","5","11","16","2","0","0","1","1","0","0"
"POINT (9.725035893000040 52.376698936000082)","Unfall 23189 (2017) Kat:3, Licht: 0","23189","3","3","5","11","08","2","0","0","0","1","0","0"
"POINT (9.827653321000071 52.360848386000043)","Unfall 23191 (2017) Kat:3, Licht: 0","23191","3","4","6","11","12","2","0","0","0","1","1","0"
"POINT (9.734402064000051 52.412596002000043)","Unfall 23192 (2017) Kat:3, Licht: 0","23192","3","2","3","11","10","2","0","0","1","0","0","0"
"POINT (9.728882511000052 52.372970866000060)","Unfall 23193 (2017) Kat:3, Licht: 0","23193","3","2","4","10","17","2","1","0","1","1","0","0"
"POINT (9.802579547000050 52.434825249000028)","Unfall 23204 (2017) Kat:3, Licht: 0","23204","3","2","5","11","17","2","0","0","1","1","0","0"
"POINT (9.720480011000063 52.337558629000057)","Unfall 23210 (2017) Kat:3, Licht: 2","23210","3","6","2","10","19","7","1","2","0","1","0","0"
"POINT (9.783436819000031 52.323232445000031)","Unfall 23211 (2017) Kat:3, Licht: 2","23211","3","2","5","10","08","7","0","2","1","1","0","0"
"POINT (9.732364471000039 52.383201949000068)","Unfall 23214 (2017) Kat:3, Licht: 2","23214","3","6","2","10","19","7","1","2","0","1","0","0"
"POINT (9.834006626000075 52.418952520000062)","Unfall 23216 (2017) Kat:3, Licht: 0","23216","3","6","2","11","09","2","0","0","0","1","0","0"
"POINT (9.692281520000051 52.420983341000067)","Unfall 23223 (2017) Kat:3, Licht: 2","23223","3","3","5","10","22","7","1","2","0","1","0","0"
"POINT (9.782972217000065 52.361351231000071)","Unfall 23263 (2017) Kat:3, Licht: 1","23263","3","1","8","10","18","2","1","1","0","1","0","0"
"POINT (9.734768851000069 52.407450806000043)","Unfall 23264 (2017) Kat:3, Licht: 0","23264","3","4","6","10","16","2","1","0","0","1","1","0"
"POINT (9.735308842000052 52.402947400000073)","Unfall 23272 (2017) Kat:3, Licht: 0","23272","3","6","3","11","13","6","1","0","1","0","0","0"
"POINT (9.696337968000023 52.379852602000028)","Unfall 23275 (2017) Kat:3, Licht: 2","23275","3","2","5","11","22","1","0","2","0","1","0","0"
"POINT (9.762276444000065 52.336308357000064)","Unfall 23282 (2017) Kat:3, Licht: 0","23282","3","3","5","10","08","2","0","0","1","1","0","0"
"POINT (9.789462366000066 52.357730149000076)","Unfall 23285 (2017) Kat:3, Licht: 0","23285","3","6","2","10","09","2","1","0","0","1","0","0"
"POINT (9.727385264000077 52.381249322000031)","Unfall 23288 (2017) Kat:3, Licht: 0","23288","3","6","2","11","11","5","0","0","0","1","0","0"
"POINT (9.733771797000031 52.384566095000082)","Unfall 23331 (2017) Kat:3, Licht: 0","23331","3","6","2","10","14","2","1","0","0","1","0","0"
"POINT (9.799896786000033 52.407495538000035)","Unfall 23344 (2017) Kat:3, Licht: 0","23344","3","7","0","11","10","6","1","0","1","0","0","0"
"POINT (9.763450639000041 52.343834398000070)","Unfall 23361 (2017) Kat:3, Licht: 0","23361","3","3","5","11","13","7","0","0","0","1","0","1"
"POINT (9.651196830000060 52.415280089000078)","Unfall 23367 (2017) Kat:3, Licht: 1","23367","3","7","0","10","17","6","1","1","1","0","0","0"
"POINT (9.722552398000062 52.357872223000072)","Unfall 23369 (2017) Kat:3, Licht: 0","23369","3","4","6","10","12","6","0","0","1","0","1","0"
"POINT (9.759735425000031 52.370358939000027)","Unfall 23372 (2017) Kat:3, Licht: 2","23372","3","2","2","10","21","6","0","2","0","1","0","0"
"POINT (9.786955120000073 52.390229978000036)","Unfall 23374 (2017) Kat:3, Licht: 1","23374","3","6","2","10","18","6","1","1","0","1","0","0"
"POINT (9.685821562000058 52.374891766000076)","Unfall 23375 (2017) Kat:3, Licht: 0","23375","3","3","5","10","14","6","0","0","1","1","0","0"
"POINT (9.863302340000075 52.329841504000058)","Unfall 23384 (2017) Kat:3, Licht: 0","23384","3","6","9","11","11","7","0","0","0","1","0","0"
"POINT (9.727153889000022 52.387988735000079)","Unfall 23387 (2017) Kat:3, Licht: 0","23387","3","3","5","11","12","7","0","0","1","1","0","0"
"POINT (9.728896909000071 52.372950117000073)","Unfall 23432 (2017) Kat:3, Licht: 1","23432","3","6","2","11","15","6","1","1","0","1","0","0"
"POINT (9.726339346000032 52.380814795000049)","Unfall 23442 (2017) Kat:3, Licht: 2","23442","3","3","5","11","19","4","0","2","1","1","0","0"
"POINT (9.722557308000035 52.358018866000066)","Unfall 23537 (2017) Kat:3, Licht: 0","23537","3","4","6","10","15","5","0","0","0","1","1","0"
"POINT (9.720249517000070 52.337866806000079)","Unfall 23565 (2017) Kat:3, Licht: 2","23565","3","6","2","11","17","4","0","2","0","1","0","0"
"POINT (9.661876183000061 52.401729038000042)","Unfall 23588 (2017) Kat:3, Licht: 0","23588","3","7","0","11","14","5","1","0","0","1","0","0"
"POINT (9.638978419000068 52.415848423000057)","Unfall 23607 (2017) Kat:3, Licht: 2","23607","3","6","2","11","06","5","0","2","0","1","0","0"
"POINT (9.697757350000074 52.376339850000079)","Unfall 23658 (2017) Kat:3, Licht: 0","23658","3","6","2","10","15","4","0","0","0","1","0","0"
"POINT (9.756952381000076 52.370198609000056)","Unfall 23685 (2017) Kat:3, Licht: 0","23685","3","7","0","10","15","4","0","0","1","0","0","0"
"POINT (9.773919956000043 52.428299247000041)","Unfall 23686 (2017) Kat:3, Licht: 0","23686","3","6","2","10","16","4","0","0","0","1","0","0"
"POINT (9.806126593000045 52.408569205000049)","Unfall 23688 (2017) Kat:3, Licht: 0","23688","3","6","2","10","16","4","1","0","0","1","0","0"
"POINT (9.853774339000040 52.390439068000035)","Unfall 23692 (2017) Kat:3, Licht: 0","23692","3","2","6","10","08","4","1","0","0","1","1","0"
"POINT (9.642021435000061 52.414556895000032)","Unfall 23733 (2017) Kat:3, Licht: 0","23733","3","6","2","11","10","4","1","0","0","1","0","0"
"POINT (9.721281841000064 52.361785155000064)","Unfall 23736 (2017) Kat:3, Licht: 2","23736","3","6","2","11","20","4","1","2","0","1","0","0"
"POINT (9.793257772000061 52.415745281000056)","Unfall 23737 (2017) Kat:3, Licht: 2","23737","3","6","2","11","19","4","1","2","0","1","0","0"
"POINT (9.734292233000076 52.387300184000026)","Unfall 23761 (2017) Kat:3, Licht: 2","23761","3","2","5","11","22","4","1","2","1","1","0","0"
"POINT (9.804259322000064 52.407977044000063)","Unfall 23773 (2017) Kat:3, Licht: 0","23773","3","3","5","11","13","4","0","0","1","1","0","0"
"POINT (9.746826585000065 52.364910370000075)","Unfall 23789 (2017) Kat:3, Licht: 2","23789","3","6","2","10","18","3","1","2","0","1","0","0"
"POINT (9.862360604000060 52.371499003000054)","Unfall 23794 (2017) Kat:3, Licht: 1","23794","3","4","6","11","16","6","1","1","0","1","1","0"
"POINT (9.835819018000052 52.354985193000061)","Unfall 23797 (2017) Kat:3, Licht: 2","23797","3","6","3","10","19","3","1","2","0","1","0","0"
"POINT (9.678245243000049 52.362758731000042)","Unfall 23800 (2017) Kat:3, Licht: 2","23800","3","4","6","10","19","3","1","2","0","1","1","0"
"POINT (9.793280277000065 52.393671197000060)","Unfall 23801 (2017) Kat:3, Licht: 2","23801","3","2","3","10","19","3","1","2","0","1","0","0"
"POINT (9.730170915000031 52.368705924000039)","Unfall 23804 (2017) Kat:3, Licht: 0","23804","3","3","5","11","13","5","0","0","1","1","0","0"
"POINT (9.756122967000067 52.352921963000028)","Unfall 23805 (2017) Kat:3, Licht: 0","23805","3","2","0","10","12","3","1","0","1","0","0","1"
"POINT (9.863734209000029 52.331888588000027)","Unfall 23806 (2017) Kat:3, Licht: 0","23806","3","6","3","10","08","3","0","0","0","1","0","0"
"POINT (9.715016731000048 52.360576511000033)","Unfall 23860 (2017) Kat:3, Licht: 0","23860","3","1","0","10","16","1","1","0","0","0","0","1"
"POINT (9.725160626000047 52.380289414000060)","Unfall 23963 (2017) Kat:3, Licht: 2","23963","3","6","3","11","19","1","1","2","0","1","0","0"
"POINT (9.861832305000064 52.369129931000032)","Unfall 23970 (2017) Kat:3, Licht: 2","23970","3","7","0","11","22","1","1","2","1","0","0","0"
"POINT (9.679615374000036 52.324947545000043)","Unfall 23973 (2017) Kat:3, Licht: 0","23973","3","1","8","11","14","1","2","0","0","1","0","0"
"POINT (9.727109526000049 52.366943742000046)","Unfall 23975 (2017) Kat:3, Licht: 0","23975","3","2","3","11","07","6","1","0","1","1","0","0"
"POINT (9.751184808000062 52.359239793000029)","Unfall 23977 (2017) Kat:3, Licht: 2","23977","3","2","4","11","07","6","1","2","0","1","0","0"
"POINT (9.792750027000068 52.394356349000077)","Unfall 23980 (2017) Kat:3, Licht: 2","23980","3","6","2","11","18","6","0","2","0","1","0","0"
"POINT (9.746669473000054 52.365142607000053)","Unfall 23993 (2017) Kat:3, Licht: 2","23993","3","4","6","11","21","2","1","2","0","1","1","0"
"POINT (9.638552601000072 52.422261934000062)","Unfall 23997 (2017) Kat:3, Licht: 2","23997","3","6","2","11","16","6","1","2","0","1","0","0"
"POINT (9.737104320000071 52.368336571000043)","Unfall 24014 (2017) Kat:3, Licht: 2","24014","3","6","2","11","17","2","0","2","0","1","0","0"
"POINT (9.722979650000070 52.358222060000060)","Unfall 24015 (2017) Kat:3, Licht: 0","24015","3","2","2","11","12","6","1","0","0","1","0","0"
"POINT (9.760059053000077 52.427185878000046)","Unfall 24018 (2017) Kat:3, Licht: 0","24018","3","6","2","11","13","2","0","0","0","1","0","0"
"POINT (9.690426228000035 52.346860668000033)","Unfall 24036 (2017) Kat:3, Licht: 2","24036","3","6","2","11","06","6","1","2","0","1","0","0"
"POINT (9.697593496000025 52.375288655000077)","Unfall 24058 (2017) Kat:3, Licht: 2","24058","3","6","2","11","17","1","0","2","0","1","0","0"
"POINT (9.834468574000027 52.420449231000077)","Unfall 24060 (2017) Kat:3, Licht: 2","24060","3","6","3","11","05","2","0","2","0","1","0","0"
"POINT (9.728277447000039 52.381590598000059)","Unfall 24061 (2017) Kat:3, Licht: 0","24061","3","2","5","11","14","1","0","0","1","1","0","0"
"POINT (9.641605547000040 52.414786074000062)","Unfall 24071 (2017) Kat:3, Licht: 0","24071","3","6","2","11","13","2","1","0","0","0","0","1"
"POINT (9.885173774000066 52.357883326000035)","Unfall 24088 (2017) Kat:3, Licht: 2","24088","3","1","9","11","23","1","1","2","0","0","0","1"
"POINT (9.654499688000044 52.407815871000082)","Unfall 24089 (2017) Kat:3, Licht: 0","24089","3","6","2","11","15","7","1","0","0","1","0","0"
"POINT (9.645797946000073 52.413918526000032)","Unfall 24090 (2017) Kat:3, Licht: 0","24090","3","6","2","11","13","7","1","0","0","1","0","0"
"POINT (9.806769008000060 52.336412995000046)","Unfall 24096 (2017) Kat:3, Licht: 2","24096","3","6","2","11","17","7","1","2","0","1","0","0"
"POINT (9.779945684000040 52.327371321000044)","Unfall 24098 (2017) Kat:3, Licht: 0","24098","3","5","3","11","14","7","1","0","0","1","0","0"
"POINT (9.722203983000043 52.378352025000027)","Unfall 24170 (2017) Kat:3, Licht: 2","24170","3","2","5","11","18","5","1","2","1","1","0","0"
"POINT (9.830099658000052 52.417114613000081)","Unfall 24172 (2017) Kat:3, Licht: 0","24172","3","4","6","11","15","2","0","0","0","1","1","0"
"POINT (9.864574547000075 52.404481543000031)","Unfall 24193 (2017) Kat:3, Licht: 2","24193","3","6","3","11","18","5","1","2","0","1","0","0"
"POINT (9.633705218000046 52.411264704000075)","Unfall 24199 (2017) Kat:3, Licht: 0","24199","3","1","8","11","12","5","0","0","0","1","0","0"
"POINT (9.843530595000061 52.415332335000073)","Unfall 24202 (2017) Kat:3, Licht: 2","24202","3","6","3","11","05","5","0","2","0","1","0","0"
"POINT (9.786931820000064 52.390189929000030)","Unfall 24204 (2017) Kat:3, Licht: 2","24204","3","6","2","11","06","5","1","2","0","1","0","0"
"POINT (9.697731600000054 52.377145645000041)","Unfall 24274 (2017) Kat:3, Licht: 2","24274","3","6","2","11","06","6","1","2","0","1","0","0"
"POINT (9.768782859000055 52.338111240000046)","Unfall 24277 (2017) Kat:3, Licht: 2","24277","3","2","5","11","19","6","0","2","0","1","0","0"
"POINT (9.702515638000023 52.430443285000081)","Unfall 24278 (2017) Kat:3, Licht: 2","24278","3","6","2","11","17","6","0","2","0","1","0","0"
"POINT (9.786859694000043 52.372178041000041)","Unfall 24281 (2017) Kat:3, Licht: 0","24281","3","5","0","11","14","6","0","0","0","1","0","0"
"POINT (9.720264274000044 52.391659249000043)","Unfall 24282 (2017) Kat:2, Licht: 0","24282","2","1","0","11","13","1","1","0","1","0","0","0"
"POINT (9.724275316000046 52.337055607000082)","Unfall 24343 (2017) Kat:3, Licht: 0","24343","3","6","2","11","16","2","0","0","0","1","0","0"
"POINT (9.642638522000027 52.414627968000048)","Unfall 24345 (2017) Kat:3, Licht: 2","24345","3","6","2","11","05","4","1","2","0","1","0","0"
"POINT (9.720318648000045 52.337999680000053)","Unfall 24363 (2017) Kat:3, Licht: 2","24363","3","2","5","11","21","4","0","2","0","1","0","0"
"POINT (9.717039320000026 52.346365527000046)","Unfall 24370 (2017) Kat:3, Licht: 2","24370","3","2","6","11","18","4","0","2","0","1","1","0"
"POINT (9.858972866000045 52.386794500000065)","Unfall 24402 (2017) Kat:3, Licht: 0","24402","3","6","2","11","13","7","1","0","0","1","0","0"
"POINT (9.734630560000028 52.391656146000059)","Unfall 24405 (2017) Kat:3, Licht: 2","24405","3","4","6","11","23","7","0","2","0","1","1","0"
"POINT (9.724195920000057 52.379756113000042)","Unfall 24422 (2017) Kat:2, Licht: 0","24422","2","2","2","11","09","7","1","0","0","1","0","0"
"POINT (9.731693724000024 52.369431441000074)","Unfall 24499 (2017) Kat:3, Licht: 0","24499","3","3","5","11","15","5","0","0","1","1","0","0"
"POINT (9.713928878000047 52.366602503000081)","Unfall 24500 (2017) Kat:3, Licht: 2","24500","3","4","6","11","22","5","1","2","0","1","1","0"
"POINT (9.745944801000064 52.366436296000074)","Unfall 24504 (2017) Kat:3, Licht: 1","24504","3","7","0","11","16","5","0","1","1","0","0","0"
"POINT (9.648197595000056 52.412832940000044)","Unfall 24534 (2017) Kat:3, Licht: 0","24534","3","6","2","11","12","3","1","0","0","1","0","0"
"POINT (9.776447486000052 52.328803020000066)","Unfall 24537 (2017) Kat:3, Licht: 0","24537","3","3","5","11","16","3","0","0","1","1","0","0"
"POINT (9.736269250000021 52.397667530000035)","Unfall 24538 (2017) Kat:3, Licht: 2","24538","3","2","2","11","20","3","1","2","0","1","0","0"
"POINT (9.734776447000058 52.407364444000052)","Unfall 24579 (2017) Kat:3, Licht: 0","24579","3","2","5","11","14","3","1","0","1","1","0","0"
"POINT (9.745279185000072 52.367041207000057)","Unfall 24581 (2017) Kat:2, Licht: 0","24581","2","3","5","11","07","3","1","0","1","1","0","0"
"POINT (9.857818951000070 52.407777512000052)","Unfall 24584 (2017) Kat:2, Licht: 0","24584","2","6","2","11","09","3","1","0","0","1","0","0"
"POINT (9.857575854000061 52.306753433000040)","Unfall 24650 (2017) Kat:3, Licht: 2","24650","3","6","2","11","17","4","1","2","0","1","0","0"
"POINT (9.824739412000042 52.414038301000062)","Unfall 24658 (2017) Kat:1, Licht: 2","24658","1","7","0","11","17","4","0","2","0","0","1","0"
"POINT (9.696321802000057 52.379868623000050)","Unfall 24661 (2017) Kat:3, Licht: 0","24661","3","6","2","11","14","4","1","0","0","1","0","0"
"POINT (9.768493215000035 52.338131592000082)","Unfall 24662 (2017) Kat:3, Licht: 0","24662","3","6","2","11","14","4","1","0","0","1","0","1"
"POINT (9.779105234000042 52.327706319000072)","Unfall 24693 (2017) Kat:3, Licht: 2","24693","3","1","9","11","05","2","1","2","0","0","0","1"
"POINT (9.707363907000058 52.424368731000072)","Unfall 24760 (2017) Kat:3, Licht: 0","24760","3","3","5","11","15","2","0","0","0","1","0","0"
"POINT (9.860773754000036 52.357550447000051)","Unfall 24788 (2017) Kat:3, Licht: 2","24788","3","6","3","11","18","3","1","2","0","1","0","0"
"POINT (9.787702209000031 52.356623440000078)","Unfall 24798 (2017) Kat:3, Licht: 2","24798","3","6","2","11","17","2","1","2","0","1","0","0"
"POINT (9.830656303000069 52.422788026000035)","Unfall 24814 (2017) Kat:3, Licht: 1","24814","3","6","2","11","17","2","1","1","0","1","0","0"
"POINT (9.826364507000051 52.424794909000070)","Unfall 24817 (2017) Kat:3, Licht: 1","24817","3","6","0","11","15","2","1","1","0","1","0","0"
"POINT (9.714654459000030 52.398601120000080)","Unfall 24820 (2017) Kat:2, Licht: 2","24820","2","1","0","11","17","2","1","2","0","0","0","1"
"POINT (9.827193348000037 52.347252500000081)","Unfall 24825 (2017) Kat:2, Licht: 0","24825","2","6","0","11","13","2","1","0","0","1","0","0"
"POINT (9.811000267000054 52.382684616000063)","Unfall 24828 (2017) Kat:3, Licht: 0","24828","3","3","5","11","11","2","1","0","0","1","0","0"
"POINT (9.821512691000066 52.339196680000043)","Unfall 24832 (2017) Kat:3, Licht: 2","24832","3","2","6","11","07","2","0","2","0","1","1","0"
"POINT (9.722203983000043 52.378352025000027)","Unfall 24893 (2017) Kat:3, Licht: 2","24893","3","6","2","12","18","1","1","2","0","1","0","0"
"POINT (9.750590748000036 52.427241546000062)","Unfall 24947 (2017) Kat:2, Licht: 2","24947","2","7","2","12","02","7","1","2","0","1","0","0"
"POINT (9.720205937000060 52.337783047000073)","Unfall 24972 (2017) Kat:3, Licht: 2","24972","3","6","3","11","17","3","0","2","0","1","0","0"
"POINT (9.734878170000059 52.391352196000071)","Unfall 24976 (2017) Kat:3, Licht: 2","24976","3","2","6","11","17","3","0","2","0","1","1","0"
"POINT (9.665285220000044 52.428080901000044)","Unfall 24977 (2017) Kat:3, Licht: 2","24977","3","1","9","11","18","3","0","2","0","1","0","0"
"POINT (9.682591467000066 52.326471563000041)","Unfall 24995 (2017) Kat:3, Licht: 1","24995","3","3","5","12","07","6","1","1","0","1","0","0"
"POINT (9.735552627000061 52.403539075000026)","Unfall 24996 (2017) Kat:3, Licht: 2","24996","3","3","5","12","21","6","0","2","1","1","0","0"
"POINT (9.729862383000068 52.382119406000072)","Unfall 24997 (2017) Kat:3, Licht: 0","24997","3","6","3","12","14","6","1","0","0","1","0","0"
"POINT (9.791828208000027 52.335039474000041)","Unfall 25002 (2017) Kat:3, Licht: 0","25002","3","3","5","12","12","6","1","0","1","1","0","0"
"POINT (9.744798165000077 52.367440533000035)","Unfall 25062 (2017) Kat:3, Licht: 2","25062","3","3","5","11","18","5","0","2","1","1","0","0"
"POINT (9.765958359000024 52.343102462000047)","Unfall 25064 (2017) Kat:3, Licht: 0","25064","3","6","2","11","07","5","1","0","0","1","0","0"
"POINT (9.731113147000031 52.383602963000044)","Unfall 25110 (2017) Kat:3, Licht: 0","25110","3","2","5","11","08","4","0","0","1","1","0","0"
"POINT (9.782666139000071 52.324269570000070)","Unfall 25111 (2017) Kat:3, Licht: 2","25111","3","3","5","11","18","4","0","2","1","1","0","0"
"POINT (9.697702897000056 52.377171158000067)","Unfall 25147 (2017) Kat:3, Licht: 2","25147","3","6","2","11","17","3","1","2","0","1","0","0"
"POINT (9.861791939000057 52.368611443000077)","Unfall 25149 (2017) Kat:3, Licht: 2","25149","3","2","0","11","05","3","1","2","0","0","0","1"
"POINT (9.723785611000039 52.377535557000044)","Unfall 25172 (2017) Kat:3, Licht: 2","25172","3","6","2","12","18","7","1","2","0","1","0","0"
"POINT (9.818975456000032 52.410335217000068)","Unfall 25173 (2017) Kat:3, Licht: 2","25173","3","2","5","12","19","7","1","2","1","1","0","0"
"POINT (9.809862588000044 52.334001885000077)","Unfall 25177 (2017) Kat:3, Licht: 2","25177","3","6","2","12","16","7","1","2","0","1","0","0"
"POINT (9.832135388000040 52.386037512000030)","Unfall 25178 (2017) Kat:2, Licht: 0","25178","2","3","5","12","12","7","0","0","1","1","0","0"
"POINT (9.831453434000025 52.422369332000073)","Unfall 25231 (2017) Kat:3, Licht: 2","25231","3","6","2","12","19","6","1","2","0","1","0","0"
"POINT (9.845767519000049 52.413522683000053)","Unfall 25232 (2017) Kat:3, Licht: 2","25232","3","6","2","12","17","6","1","2","0","0","0","0"
"POINT (9.661387551000075 52.376960946000054)","Unfall 25233 (2017) Kat:3, Licht: 2","25233","3","3","5","12","16","6","1","2","0","1","0","0"
"POINT (9.732598568000071 52.423292409000055)","Unfall 25234 (2017) Kat:3, Licht: 0","25234","3","6","2","12","08","6","0","0","0","1","0","0"
"POINT (9.722399684000038 52.378519364000056)","Unfall 25236 (2017) Kat:3, Licht: 2","25236","3","2","5","12","07","6","0","2","1","1","0","0"
"POINT (9.744004551000046 52.427347640000050)","Unfall 25237 (2017) Kat:3, Licht: 2","25237","3","6","2","12","07","6","1","2","0","1","0","0"
"POINT (9.734080032000065 52.412240577000034)","Unfall 25313 (2017) Kat:2, Licht: 2","25313","2","2","6","12","20","5","1","2","0","1","1","0"
"POINT (9.807536572000061 52.335878094000066)","Unfall 25314 (2017) Kat:3, Licht: 2","25314","3","6","2","12","17","5","0","2","0","1","0","0"
"POINT (9.659534215000065 52.356692852000037)","Unfall 25316 (2017) Kat:2, Licht: 0","25316","2","2","5","12","14","5","0","0","1","1","0","0"
"POINT (9.745627949000038 52.366904235000050)","Unfall 25349 (2017) Kat:3, Licht: 2","25349","3","6","2","12","17","4","1","2","0","1","0","0"
"POINT (9.761901226000077 52.370419874000049)","Unfall 25395 (2017) Kat:3, Licht: 2","25395","3","2","2","12","06","3","1","2","0","1","0","0"
"POINT (9.708457850000059 52.427018848000046)","Unfall 25401 (2017) Kat:3, Licht: 2","25401","3","3","5","12","17","3","0","2","1","1","0","0"
"POINT (9.782211494000023 52.325076198000033)","Unfall 25445 (2017) Kat:3, Licht: 0","25445","3","2","5","12","12","2","1","0","0","1","0","0"
"POINT (9.705219892000059 52.430232128000057)","Unfall 25453 (2017) Kat:3, Licht: 2","25453","3","7","8","12","19","2","1","2","0","1","0","0"
"POINT (9.818780311000069 52.384697181000035)","Unfall 25454 (2017) Kat:3, Licht: 0","25454","3","2","0","12","15","2","1","0","1","0","0","0"
"POINT (9.733760737000068 52.384557474000076)","Unfall 25455 (2017) Kat:2, Licht: 0","25455","2","6","2","12","13","2","1","0","0","1","0","0"
"POINT (9.774822110000059 52.343246284000031)","Unfall 25457 (2017) Kat:3, Licht: 0","25457","3","6","3","12","08","2","1","0","0","1","0","0"
"POINT (9.721520771000030 52.421529883000062)","Unfall 25458 (2017) Kat:3, Licht: 0","25458","3","6","2","12","09","2","1","0","0","1","0","0"
"POINT (9.786767122000072 52.389911455000060)","Unfall 25459 (2017) Kat:3, Licht: 2","25459","3","6","2","12","05","2","1","2","0","1","0","0"