WKT,Name,OBJECTID,UKATEGORIE,UTYP1,UART,UMONAT,USTUNDE,UWOCHENTAG,STRZUSTAND,ULICHTVERH,ISTRAD,ISTPKW,ISTFUSS,ISTKRAD
"POINT (9.725212758000055 52.376949189000072)","Unfall 25519 (2017) Kat:3, Licht: 2","25519","3","2","3","12","18","6","1","2","1","1","0","0"
"POINT (9.721467385000040 52.378488667000056)","Unfall 25520 (2017) Kat:3, Licht: 0","25520","3","6","2","12","13","6","0","0","0","1","0","0"
"POINT (9.887375971000040 52.360165326000072)","Unfall 25523 (2017) Kat:2, Licht: 2","25523","2","6","2","12","20","6","1","2","0","1","0","0"
"POINT (9.768638325000040 52.337960900000041)","Unfall 25524 (2017) Kat:2, Licht: 2","25524","2","4","6","12","21","6","0","2","0","0","1","0"
"POINT (9.654161592000037 52.408343644000070)","Unfall 25585 (2017) Kat:3, Licht: 0","25585","3","6","2","12","14","5","1","0","0","1","0","0"
"POINT (9.647932719000039 52.413159151000059)","Unfall 25590 (2017) Kat:3, Licht: 2","25590","3","6","2","12","18","5","1","2","0","1","0","0"
"POINT (9.777258163000056 52.333070855000074)","Unfall 25595 (2017) Kat:2, Licht: 1","25595","2","6","2","12","08","5","1","1","0","1","0","0"
"POINT (9.651637715000049 52.417687097000055)","Unfall 25643 (2017) Kat:3, Licht: 0","25643","3","6","6","12","08","4","1","0","0","1","1","0"
"POINT (9.721666730000038 52.421533644000078)","Unfall 25645 (2017) Kat:3, Licht: 2","25645","3","6","2","12","17","4","1","2","0","1","0","0"
"POINT (9.796704725000041 52.415079314000081)","Unfall 25646 (2017) Kat:3, Licht: 1","25646","3","2","5","12","07","4","1","1","1","1","0","0"
"POINT (9.717554685000039 52.396098357000028)","Unfall 25649 (2017) Kat:2, Licht: 2","25649","2","2","6","12","17","4","1","2","0","1","1","0"
"POINT (9.697109902000022 52.341572699000039)","Unfall 25651 (2017) Kat:2, Licht: 2","25651","2","2","5","12","16","4","1","2","1","1","0","0"
"POINT (9.670811886000024 52.382678587000044)","Unfall 25653 (2017) Kat:2, Licht: 2","25653","2","1","0","12","05","4","2","2","1","0","0","0"
"POINT (9.722980711000048 52.358218819000058)","Unfall 25703 (2017) Kat:3, Licht: 2","25703","3","2","5","12","07","3","1","2","1","1","0","0"
"POINT (9.719632812000043 52.392383390000077)","Unfall 25704 (2017) Kat:3, Licht: 0","25704","3","6","2","12","08","3","1","0","0","0","0","0"
"POINT (9.765364663000071 52.341731934000052)","Unfall 25709 (2017) Kat:3, Licht: 2","25709","3","3","5","12","17","3","1","2","1","1","0","0"
"POINT (9.727322352000044 52.381225217000065)","Unfall 25710 (2017) Kat:3, Licht: 2","25710","3","4","6","12","17","3","1","2","0","1","1","0"
"POINT (9.642583286000047 52.414642257000082)","Unfall 25778 (2017) Kat:3, Licht: 0","25778","3","6","2","12","13","7","0","0","0","1","0","0"
"POINT (9.821702851000055 52.408557135000081)","Unfall 25785 (2017) Kat:3, Licht: 0","25785","3","6","2","12","12","2","1","0","0","1","0","0"
"POINT (9.809064359000047 52.379532471000061)","Unfall 25786 (2017) Kat:2, Licht: 0","25786","2","7","0","12","09","2","1","0","1","0","0","0"
"POINT (9.832552474000067 52.398843288000080)","Unfall 25829 (2017) Kat:3, Licht: 2","25829","3","6","2","12","16","1","2","2","0","1","0","0"
"POINT (9.764900408000074 52.342656039000076)","Unfall 25847 (2017) Kat:3, Licht: 0","25847","3","5","1","12","10","7","0","0","0","1","0","0"
"POINT (9.734892125000044 52.391438346000029)","Unfall 25849 (2017) Kat:3, Licht: 1","25849","3","2","0","12","15","7","0","1","0","1","0","0"
"POINT (9.735834749000048 52.399472447000051)","Unfall 25897 (2017) Kat:3, Licht: 2","25897","3","6","2","12","19","6","1","2","0","1","0","0"
"POINT (9.847303945000022 52.390494860000047)","Unfall 25899 (2017) Kat:3, Licht: 0","25899","3","5","1","12","12","6","0","0","1","0","0","0"
"POINT (9.735697077000054 52.402656166000043)","Unfall 25940 (2017) Kat:3, Licht: 1","25940","3","6","2","12","16","5","0","1","0","1","0","0"
"POINT (9.834626411000045 52.409661215000028)","Unfall 25941 (2017) Kat:3, Licht: 2","25941","3","6","3","12","17","5","1","2","0","1","0","0"
"POINT (9.635106849000067 52.418091493000077)","Unfall 25964 (2017) Kat:3, Licht: 2","25964","3","6","2","12","16","2","0","2","0","1","0","0"
"POINT (9.802271813000061 52.437477976000082)","Unfall 25966 (2017) Kat:3, Licht: 1","25966","3","2","5","12","15","2","0","1","1","1","0","0"
"POINT (9.725048456000025 52.376689586000055)","Unfall 25974 (2017) Kat:3, Licht: 2","25974","3","1","0","12","18","4","0","2","0","1","0","0"
"POINT (9.840935411000032 52.416571499000042)","Unfall 25993 (2017) Kat:3, Licht: 2","25993","3","7","0","12","05","2","0","2","0","1","0","0"
"POINT (9.863541971000075 52.329768530000081)","Unfall 26016 (2017) Kat:3, Licht: 0","26016","3","7","8","12","15","2","0","0","0","1","0","0"
"POINT (9.812772821000067 52.328509617000066)","Unfall 26017 (2017) Kat:3, Licht: 1","26017","3","1","8","12","07","2","0","1","0","1","0","0"
"POINT (9.659534215000065 52.356692852000037)","Unfall 26060 (2017) Kat:3, Licht: 2","26060","3","1","9","12","02","7","0","2","0","1","0","0"
"POINT (9.725706670000022 52.388842237000063)","Unfall 26061 (2017) Kat:3, Licht: 0","26061","3","6","2","12","12","7","1","0","0","1","0","0"
"POINT (9.885158278000063 52.398715797000079)","Unfall 26100 (2017) Kat:3, Licht: 0","26100","3","6","3","12","08","6","0","0","0","1","0","0"
"POINT (9.827290719000075 52.355609350000066)","Unfall 26215 (2017) Kat:3, Licht: 0","26215","3","3","5","12","11","4","0","0","1","1","0","0"
"POINT (9.890186114000073 52.398007136000047)","Unfall 26216 (2017) Kat:3, Licht: 2","26216","3","6","2","12","19","4","1","2","0","1","0","0"
"POINT (9.710996517000069 52.405986720000044)","Unfall 26217 (2017) Kat:3, Licht: 2","26217","3","6","2","12","17","4","1","2","0","0","0","0"
"POINT (9.731058389000054 52.427256737000050)","Unfall 26218 (2017) Kat:3, Licht: 0","26218","3","6","2","12","13","4","0","0","0","0","0","0"
"POINT (9.634432588000038 52.418506094000065)","Unfall 26269 (2017) Kat:2, Licht: 2","26269","2","6","8","12","18","3","1","2","0","1","0","0"
"POINT (9.782246412000063 52.371983196000031)","Unfall 26464 (2017) Kat:3, Licht: 2","26464","3","2","5","12","20","1","1","2","0","1","0","0"
"POINT (9.805242488000033 52.430785265000054)","Unfall 26476 (2017) Kat:3, Licht: 0","26476","3","1","9","12","12","1","1","0","0","1","0","0"
"POINT (9.734279112000024 52.413510328000029)","Unfall 26639 (2017) Kat:3, Licht: 2","26639","3","6","2","12","19","7","1","2","0","1","0","0"
"POINT (9.717788913000049 52.395559565000042)","Unfall 26671 (2017) Kat:2, Licht: 2","26671","2","7","0","12","23","7","1","2","0","0","0","0"
"POINT (9.773903494000024 52.332090964000031)","Unfall 26674 (2017) Kat:2, Licht: 2","26674","2","4","6","12","19","7","1","2","0","0","1","0"
"POINT (9.628916092000054 52.422119749000046)","Unfall 26682 (2017) Kat:3, Licht: 1","26682","3","1","8","12","15","7","1","1","0","1","0","0"
"POINT (9.763214165000022 52.370591092000041)","Unfall 26701 (2017) Kat:3, Licht: 2","26701","3","6","3","12","16","7","1","2","0","1","0","0"
"POINT (9.702787374000025 52.369343893000064)","Unfall 126880 (2017) Kat:3, Licht: 0","126880","3","2","5","01","15","7","1","0","0","1","0","0"
"POINT (9.829527648000067 52.350744291000069)","Unfall 126881 (2017) Kat:2, Licht: 0","126881","2","6","0","01","10","7","0","0","1","1","0","0"
"POINT (9.741819854000028 52.373122127000045)","Unfall 126897 (2017) Kat:3, Licht: 2","126897","3","5","2","01","16","6","1","2","0","1","0","0"
"POINT (9.813965915000040 52.398983807000036)","Unfall 126899 (2017) Kat:3, Licht: 2","126899","3","3","5","01","23","6","2","2","0","1","0","0"
"POINT (9.667420927000023 52.373142177000034)","Unfall 126922 (2017) Kat:3, Licht: 2","126922","3","3","5","01","19","5","0","2","1","1","0","0"
"POINT (9.815313039000046 52.319342261000031)","Unfall 126923 (2017) Kat:3, Licht: 2","126923","3","6","2","01","06","5","1","2","0","1","0","0"
"POINT (9.662251041000047 52.403698703000032)","Unfall 126926 (2017) Kat:3, Licht: 2","126926","3","7","8","01","22","5","1","2","0","1","0","0"
"POINT (9.751896764000037 52.385933180000052)","Unfall 126947 (2017) Kat:3, Licht: 0","126947","3","2","5","01","14","4","1","0","1","0","0","0"
"POINT (9.739655919000029 52.381216873000028)","Unfall 126948 (2017) Kat:3, Licht: 1","126948","3","3","5","01","07","4","0","1","1","1","0","0"
"POINT (9.744935306000059 52.355736136000075)","Unfall 126949 (2017) Kat:3, Licht: 2","126949","3","7","4","01","20","4","0","2","0","1","0","0"
"POINT (9.749280218000024 52.399133371000062)","Unfall 126950 (2017) Kat:2, Licht: 2","126950","2","4","6","01","17","4","1","2","0","1","1","0"
"POINT (9.813813669000069 52.391437506000045)","Unfall 126951 (2017) Kat:2, Licht: 2","126951","2","4","6","01","17","4","1","2","0","1","1","0"
"POINT (9.810370055000021 52.383693104000031)","Unfall 126973 (2017) Kat:3, Licht: 0","126973","3","1","8","01","14","3","0","0","0","1","0","0"
"POINT (9.742016130000025 52.375807974000054)","Unfall 126974 (2017) Kat:3, Licht: 0","126974","3","4","6","01","15","3","0","0","1","0","1","0"
"POINT (9.745310849000020 52.421247231000052)","Unfall 126975 (2017) Kat:3, Licht: 2","126975","3","6","2","01","07","3","1","2","0","1","0","0"
"POINT (9.735873388000073 52.384200114000066)","Unfall 126976 (2017) Kat:2, Licht: 2","126976","2","1","8","01","03","3","0","2","0","1","0","0"
"POINT (9.714445154000032 52.371476491000067)","Unfall 126992 (2017) Kat:2, Licht: 0","126992","2","2","5","01","15","2","0","0","0","1","0","0"
"POINT (9.860129539000070 52.362755162000042)","Unfall 127010 (2017) Kat:3, Licht: 2","127010","3","1","4","01","17","7","2","2","0","1","0","0"
"POINT (9.829053712000075 52.425514024000051)","Unfall 127011 (2017) Kat:3, Licht: 2","127011","3","1","2","01","18","7","2","2","0","1","0","0"
"POINT (9.789712266000038 52.397059163000051)","Unfall 127012 (2017) Kat:3, Licht: 2","127012","3","6","2","01","19","7","2","2","0","1","0","0"
"POINT (9.741264562000026 52.393748959000050)","Unfall 127013 (2017) Kat:3, Licht: 2","127013","3","1","4","01","17","7","2","2","0","1","0","0"
"POINT (9.743937004000031 52.370935770000074)","Unfall 127015 (2017) Kat:3, Licht: 0","127015","3","7","6","01","15","7","1","0","0","1","1","0"
"POINT (9.814562991000059 52.320730253000079)","Unfall 127016 (2017) Kat:3, Licht: 2","127016","3","2","4","01","17","7","2","2","0","1","0","0"
"POINT (9.703484982000077 52.369499606000034)","Unfall 127017 (2017) Kat:2, Licht: 0","127017","2","2","5","01","14","7","1","0","0","1","0","0"
"POINT (9.837458392000031 52.387389277000068)","Unfall 127032 (2017) Kat:3, Licht: 0","127032","3","3","5","01","10","6","0","0","1","1","0","0"
"POINT (9.812310689000071 52.401032297000029)","Unfall 127033 (2017) Kat:3, Licht: 0","127033","3","3","5","01","14","6","0","0","0","1","0","0"
"POINT (9.744149219000065 52.374525281000047)","Unfall 127034 (2017) Kat:3, Licht: 0","127034","3","2","5","01","12","6","0","0","1","1","0","0"
"POINT (9.661171831000047 52.404279638000048)","Unfall 127037 (2017) Kat:2, Licht: 2","127037","2","4","6","01","19","6","0","2","0","1","1","0"
"POINT (9.741113020000057 52.398252827000078)","Unfall 127038 (2017) Kat:3, Licht: 0","127038","3","3","5","01","12","6","0","0","1","1","0","0"
"POINT (9.686820049000062 52.392592519000061)","Unfall 127039 (2017) Kat:2, Licht: 2","127039","2","2","6","01","06","6","0","2","0","1","1","0"
"POINT (9.631827948000023 52.414515974000039)","Unfall 127040 (2017) Kat:3, Licht: 2","127040","3","1","1","01","04","6","2","2","0","1","0","0"
"POINT (9.702833827000063 52.369264497000074)","Unfall 127060 (2017) Kat:3, Licht: 0","127060","3","2","5","01","08","5","2","0","1","1","0","0"
"POINT (9.771378142000060 52.397587252000051)","Unfall 127062 (2017) Kat:3, Licht: 0","127062","3","6","2","01","15","5","0","0","0","1","0","0"
"POINT (9.705939238000042 52.390799524000045)","Unfall 127075 (2017) Kat:3, Licht: 2","127075","3","4","6","01","18","4","1","2","0","1","1","0"
"POINT (9.718907336000029 52.333233847000031)","Unfall 127077 (2017) Kat:2, Licht: 0","127077","2","1","0","01","14","4","1","0","0","0","0","0"
"POINT (9.767642423000041 52.358011715000032)","Unfall 127093 (2017) Kat:3, Licht: 1","127093","3","2","4","01","16","3","0","1","1","1","0","0"
"POINT (9.820790107000050 52.350861949000034)","Unfall 127094 (2017) Kat:3, Licht: 2","127094","3","3","5","01","18","3","1","2","0","1","0","0"
"POINT (9.735695260000057 52.376832328000035)","Unfall 127095 (2017) Kat:3, Licht: 2","127095","3","2","2","01","19","3","1","2","0","1","0","0"
"POINT (9.745632311000065 52.379021289000036)","Unfall 127109 (2017) Kat:2, Licht: 0","127109","2","4","6","01","15","2","0","0","0","1","1","0"
"POINT (9.753258154000037 52.390195361000053)","Unfall 127110 (2017) Kat:3, Licht: 0","127110","3","2","2","01","11","2","0","0","0","1","0","0"
"POINT (9.808328503000041 52.386361880000038)","Unfall 127133 (2017) Kat:3, Licht: 2","127133","3","6","2","01","18","5","0","2","0","1","0","0"
"POINT (9.768340062000050 52.377945033000060)","Unfall 127134 (2017) Kat:3, Licht: 1","127134","3","6","2","01","07","5","0","1","0","1","0","0"
"POINT (9.719886654000050 52.367978873000027)","Unfall 127159 (2017) Kat:3, Licht: 0","127159","3","5","1","01","10","4","0","0","0","1","0","0"
"POINT (9.693272571000023 52.395670433000078)","Unfall 127160 (2017) Kat:2, Licht: 2","127160","2","3","5","01","19","4","0","2","1","1","0","0"
"POINT (9.748682983000037 52.374616015000072)","Unfall 127161 (2017) Kat:3, Licht: 1","127161","3","2","5","01","17","4","0","1","1","1","0","0"
"POINT (9.744254703000024 52.377662102000045)","Unfall 127181 (2017) Kat:3, Licht: 0","127181","3","2","6","01","11","3","0","0","0","1","1","0"
"POINT (9.789033467000024 52.330485542000076)","Unfall 127182 (2017) Kat:3, Licht: 2","127182","3","2","2","01","17","3","1","2","0","1","0","0"
"POINT (9.755850069000076 52.377727384000082)","Unfall 127202 (2017) Kat:3, Licht: 2","127202","3","2","5","01","07","2","1","2","1","1","0","0"
"POINT (9.727887554000063 52.349426279000056)","Unfall 127211 (2017) Kat:3, Licht: 0","127211","3","3","5","01","12","1","0","0","0","1","0","0"
"POINT (9.731753572000059 52.375431174000028)","Unfall 127220 (2017) Kat:3, Licht: 2","127220","3","2","2","01","18","7","0","2","0","1","0","0"
"POINT (9.826738147000071 52.361081804000037)","Unfall 127221 (2017) Kat:3, Licht: 2","127221","3","5","0","01","21","7","0","2","0","1","0","0"
"POINT (9.705242245000022 52.369828197000061)","Unfall 127240 (2017) Kat:3, Licht: 0","127240","3","6","2","01","15","6","0","0","0","1","0","0"
"POINT (9.758286350000049 52.362885715000061)","Unfall 127241 (2017) Kat:3, Licht: 0","127241","3","3","5","01","14","6","0","0","1","1","0","0"
"POINT (9.741246012000033 52.411359066000045)","Unfall 127242 (2017) Kat:3, Licht: 0","127242","3","3","5","01","07","6","0","0","1","1","0","0"
"POINT (9.710240488000068 52.372555921000071)","Unfall 127243 (2017) Kat:3, Licht: 0","127243","3","3","5","01","16","6","0","0","1","0","0","0"
"POINT (9.735173482000050 52.380400919000067)","Unfall 127244 (2017) Kat:3, Licht: 1","127244","3","6","2","01","16","6","0","1","0","1","0","0"
"POINT (9.817240418000040 52.399718278000080)","Unfall 127246 (2017) Kat:3, Licht: 0","127246","3","3","5","01","12","6","0","0","0","1","0","0"
"POINT (9.729658042000040 52.398259084000074)","Unfall 127269 (2017) Kat:3, Licht: 0","127269","3","6","2","01","16","5","0","0","0","1","0","0"
"POINT (9.736336596000058 52.420962907000046)","Unfall 127270 (2017) Kat:3, Licht: 2","127270","3","6","2","01","17","5","0","2","0","1","0","0"
"POINT (9.694509097000037 52.365400146000070)","Unfall 127272 (2017) Kat:3, Licht: 2","127272","3","6","2","01","17","5","0","2","0","1","0","0"
"POINT (9.792983948000028 52.414576777000036)","Unfall 127273 (2017) Kat:3, Licht: 0","127273","3","2","5","01","14","5","0","0","1","1","0","0"
"POINT (9.732577588000027 52.376621622000073)","Unfall 127304 (2017) Kat:2, Licht: 2","127304","2","3","0","01","19","4","0","2","1","0","0","0"
"POINT (9.736742829000036 52.393109614000082)","Unfall 127305 (2017) Kat:3, Licht: 0","127305","3","2","6","01","08","4","0","0","0","1","1","0"
"POINT (9.766156003000049 52.381616633000078)","Unfall 127331 (2017) Kat:3, Licht: 0","127331","3","2","5","01","11","3","0","0","1","0","0","0"
"POINT (9.750713297000061 52.388300715000071)","Unfall 127332 (2017) Kat:2, Licht: 2","127332","2","4","6","01","17","3","0","2","0","1","1","0"
"POINT (9.713578278000057 52.414663368000049)","Unfall 127353 (2017) Kat:3, Licht: 2","127353","3","7","5","01","07","2","2","2","0","0","0","0"
"POINT (9.793038763000027 52.403226852000046)","Unfall 127354 (2017) Kat:3, Licht: 2","127354","3","3","5","01","16","2","1","2","1","1","0","0"
"POINT (9.753321447000076 52.390230338000038)","Unfall 127355 (2017) Kat:3, Licht: 0","127355","3","4","0","01","16","2","1","0","0","1","1","0"
"POINT (9.762630918000070 52.415986038000028)","Unfall 127358 (2017) Kat:3, Licht: 0","127358","3","3","5","01","08","2","1","0","1","1","0","0"
"POINT (9.746307780000052 52.354362074000051)","Unfall 127374 (2017) Kat:3, Licht: 0","127374","3","2","4","01","10","6","0","0","0","1","0","0"
"POINT (9.802336332000039 52.417860683000072)","Unfall 127379 (2017) Kat:3, Licht: 0","127379","3","3","5","02","15","4","0","0","1","1","0","0"
"POINT (9.741851642000029 52.398640811000064)","Unfall 127380 (2017) Kat:3, Licht: 0","127380","3","3","5","02","15","4","0","0","1","1","0","0"
"POINT (9.732779259000040 52.379275712000037)","Unfall 127381 (2017) Kat:3, Licht: 2","127381","3","6","2","02","19","4","0","2","0","1","0","0"
"POINT (9.809523728000045 52.404112555000040)","Unfall 127382 (2017) Kat:3, Licht: 0","127382","3","1","0","02","15","4","2","0","1","0","0","0"
"POINT (9.714478377000035 52.343700896000030)","Unfall 127400 (2017) Kat:3, Licht: 0","127400","3","3","5","02","09","3","0","0","0","1","0","0"
"POINT (9.820105491000049 52.346901903000060)","Unfall 127402 (2017) Kat:2, Licht: 0","127402","2","4","6","02","15","3","1","0","0","1","1","0"
"POINT (9.747577785000033 52.381402565000030)","Unfall 127427 (2017) Kat:3, Licht: 0","127427","3","3","5","02","15","2","0","0","1","1","0","0"
"POINT (9.727542112000037 52.382357513000045)","Unfall 127428 (2017) Kat:3, Licht: 2","127428","3","3","5","02","20","2","0","2","1","1","0","0"
"POINT (9.725570344000062 52.397936220000076)","Unfall 127429 (2017) Kat:3, Licht: 0","127429","3","3","5","02","15","2","0","0","1","1","0","0"
"POINT (9.742029196000033 52.411339822000059)","Unfall 127438 (2017) Kat:3, Licht: 2","127438","3","1","8","02","03","1","0","2","0","1","0","0"
"POINT (9.755603080000071 52.357027143000039)","Unfall 127446 (2017) Kat:3, Licht: 0","127446","3","5","0","02","09","7","1","0","1","1","0","0"
"POINT (9.821480467000072 52.341781876000027)","Unfall 127447 (2017) Kat:3, Licht: 0","127447","3","3","5","02","12","7","0","0","0","1","0","0"
"POINT (9.737948228000050 52.399071876000050)","Unfall 127448 (2017) Kat:3, Licht: 1","127448","3","7","6","02","18","7","0","1","0","1","1","0"
"POINT (9.725382726000021 52.383281271000044)","Unfall 127449 (2017) Kat:3, Licht: 0","127449","3","6","6","02","15","7","0","0","0","1","1","0"
"POINT (9.739899446000038 52.366529432000050)","Unfall 127473 (2017) Kat:3, Licht: 2","127473","3","2","6","02","17","6","1","2","0","1","1","0"
"POINT (9.800292461000026 52.406129204000081)","Unfall 127474 (2017) Kat:2, Licht: 0","127474","2","4","0","02","10","6","1","0","0","1","1","0"
"POINT (9.733330856000066 52.362173179000081)","Unfall 127503 (2017) Kat:3, Licht: 0","127503","3","6","2","02","10","5","0","0","0","1","0","0"
"POINT (9.818172959000037 52.363745930000050)","Unfall 127504 (2017) Kat:3, Licht: 2","127504","3","4","6","02","16","5","0","2","0","1","1","0"
"POINT (9.791885478000040 52.401851511000075)","Unfall 127506 (2017) Kat:3, Licht: 0","127506","3","6","4","02","13","5","0","0","0","1","0","0"
"POINT (9.693325280000067 52.401071478000063)","Unfall 127524 (2017) Kat:2, Licht: 2","127524","2","2","5","02","21","4","0","2","1","1","0","0"
"POINT (9.744042597000032 52.379374966000057)","Unfall 127525 (2017) Kat:3, Licht: 0","127525","3","6","2","02","12","4","0","0","0","1","0","0"
"POINT (9.719741223000028 52.378237808000051)","Unfall 127540 (2017) Kat:3, Licht: 0","127540","3","3","5","01","12","3","1","0","1","1","0","0"
"POINT (9.715883401000042 52.362192585000059)","Unfall 127541 (2017) Kat:3, Licht: 0","127541","3","6","2","01","11","3","1","0","0","1","0","0"
"POINT (9.735507558000052 52.387067902000069)","Unfall 127542 (2017) Kat:3, Licht: 0","127542","3","4","6","01","14","3","0","0","0","1","1","0"
"POINT (9.672783196000069 52.398275532000071)","Unfall 127561 (2017) Kat:3, Licht: 2","127561","3","2","6","01","18","2","1","2","0","1","1","0"
"POINT (9.751224907000051 52.359187370000029)","Unfall 127562 (2017) Kat:3, Licht: 0","127562","3","2","0","01","11","2","1","0","1","0","0","0"
"POINT (9.752242018000061 52.410360868000055)","Unfall 127563 (2017) Kat:3, Licht: 2","127563","3","6","0","01","19","2","1","2","0","1","0","0"
"POINT (9.744019362000074 52.380737749000048)","Unfall 127564 (2017) Kat:3, Licht: 2","127564","3","7","1","01","21","2","0","2","0","1","0","0"
"POINT (9.737927247000073 52.388829187000056)","Unfall 127565 (2017) Kat:3, Licht: 2","127565","3","7","6","01","18","2","1","2","0","1","1","0"
"POINT (9.772194816000024 52.395518761000062)","Unfall 127566 (2017) Kat:3, Licht: 1","127566","3","4","6","01","16","2","1","1","0","1","1","0"
"POINT (9.749916725000048 52.392591736000043)","Unfall 127567 (2017) Kat:3, Licht: 2","127567","3","2","5","01","18","2","1","2","1","1","0","0"
"POINT (9.737707789000069 52.372479165000072)","Unfall 127568 (2017) Kat:2, Licht: 0","127568","2","4","6","01","12","2","1","0","0","1","1","0"
"POINT (9.669461121000040 52.354834109000080)","Unfall 127569 (2017) Kat:1, Licht: 2","127569","1","4","6","01","05","2","1","2","0","1","1","0"
"POINT (9.744210559000067 52.377448817000072)","Unfall 127582 (2017) Kat:3, Licht: 0","127582","3","2","5","01","16","1","0","0","0","1","0","1"
"POINT (9.716841230000057 52.339154725000071)","Unfall 127597 (2017) Kat:3, Licht: 0","127597","3","3","5","01","09","7","0","0","1","1","0","0"
"POINT (9.703096894000055 52.368731734000050)","Unfall 127598 (2017) Kat:3, Licht: 0","127598","3","3","5","01","11","7","0","0","1","1","0","0"
"POINT (9.748596338000027 52.354672383000036)","Unfall 127615 (2017) Kat:3, Licht: 1","127615","3","3","5","01","07","6","1","1","0","1","0","0"
"POINT (9.793029611000065 52.395337898000037)","Unfall 127616 (2017) Kat:3, Licht: 2","127616","3","1","0","01","00","6","0","2","1","0","0","0"
"POINT (9.731059323000068 52.378663501000062)","Unfall 127619 (2017) Kat:3, Licht: 2","127619","3","3","5","01","23","6","0","2","0","1","0","0"
"POINT (9.818542391000051 52.313347373000056)","Unfall 127620 (2017) Kat:3, Licht: 0","127620","3","3","5","01","13","6","0","0","0","1","0","0"
"POINT (9.781802524000057 52.415594484000053)","Unfall 127622 (2017) Kat:3, Licht: 0","127622","3","2","6","01","11","6","0","0","0","0","1","0"
"POINT (9.746880954000062 52.373818574000040)","Unfall 127623 (2017) Kat:2, Licht: 0","127623","2","2","5","01","13","6","0","0","1","1","0","0"
"POINT (9.706953330000033 52.373624362000044)","Unfall 127644 (2017) Kat:3, Licht: 2","127644","3","4","0","02","01","1","0","2","0","1","1","0"
"POINT (9.725012330000027 52.397789352000075)","Unfall 127645 (2017) Kat:3, Licht: 2","127645","3","3","5","02","18","1","0","2","0","1","0","0"
"POINT (9.792241744000023 52.403017540000064)","Unfall 127646 (2017) Kat:3, Licht: 0","127646","3","3","5","02","17","1","1","0","1","1","0","0"
"POINT (9.709496248000050 52.372752258000048)","Unfall 127658 (2017) Kat:3, Licht: 0","127658","3","4","6","02","16","7","0","0","1","0","1","0"
"POINT (9.821375130000035 52.341848745000050)","Unfall 127659 (2017) Kat:3, Licht: 0","127659","3","6","2","02","10","7","0","0","0","1","0","0"
"POINT (9.805569817000048 52.399547372000029)","Unfall 127660 (2017) Kat:3, Licht: 0","127660","3","6","2","02","13","7","0","0","0","1","0","0"
"POINT (9.735788070000069 52.379109020000044)","Unfall 127661 (2017) Kat:3, Licht: 1","127661","3","6","2","02","18","7","0","1","0","1","0","0"
"POINT (9.840142438000044 52.384355195000069)","Unfall 127662 (2017) Kat:3, Licht: 0","127662","3","6","4","02","14","7","0","0","1","1","0","0"
"POINT (9.827697569000065 52.346177354000076)","Unfall 127689 (2017) Kat:3, Licht: 2","127689","3","1","0","02","20","6","1","2","1","0","0","0"
"POINT (9.673335029000043 52.365273796000054)","Unfall 127718 (2017) Kat:3, Licht: 0","127718","3","7","6","02","11","5","0","0","0","1","1","0"
"POINT (9.797852813000077 52.405212675000030)","Unfall 127720 (2017) Kat:3, Licht: 2","127720","3","4","0","02","20","5","0","2","0","0","1","0"
"POINT (9.721283822000032 52.354724060000080)","Unfall 127747 (2017) Kat:3, Licht: 0","127747","3","3","5","02","16","4","0","0","1","1","0","0"
"POINT (9.742849191000062 52.411322657000028)","Unfall 127749 (2017) Kat:3, Licht: 0","127749","3","4","6","02","12","4","0","0","0","1","1","0"
"POINT (9.656564851000042 52.407445416000030)","Unfall 127771 (2017) Kat:3, Licht: 0","127771","3","2","3","02","07","3","0","0","0","1","0","0"
"POINT (9.775295729000050 52.363561991000040)","Unfall 127772 (2017) Kat:3, Licht: 0","127772","3","5","2","02","16","3","0","0","0","1","0","0"
"POINT (9.793051887000047 52.414493744000026)","Unfall 127773 (2017) Kat:3, Licht: 0","127773","3","6","2","02","07","3","2","0","0","1","0","0"
"POINT (9.756249187000037 52.383087326000066)","Unfall 127774 (2017) Kat:3, Licht: 2","127774","3","4","6","02","18","3","0","2","0","1","1","0"
"POINT (9.750591310000061 52.375554657000066)","Unfall 127775 (2017) Kat:3, Licht: 2","127775","3","6","2","02","18","3","0","2","0","1","0","0"
"POINT (9.739345967000077 52.369236373000035)","Unfall 127777 (2017) Kat:2, Licht: 2","127777","2","1","0","02","20","3","0","2","0","0","0","1"
"POINT (9.684174258000041 52.366313231000049)","Unfall 127779 (2017) Kat:2, Licht: 2","127779","2","3","5","02","06","3","1","2","1","0","0","0"
"POINT (9.732669927000075 52.379462675000070)","Unfall 127801 (2017) Kat:3, Licht: 2","127801","3","3","5","02","20","2","0","2","0","1","0","0"
"POINT (9.823937362000038 52.383416764000060)","Unfall 127802 (2017) Kat:3, Licht: 0","127802","3","4","6","02","12","2","0","0","0","0","1","0"
"POINT (9.819134024000050 52.399898941000060)","Unfall 127825 (2017) Kat:3, Licht: 0","127825","3","2","5","02","09","7","0","0","1","1","0","0"
"POINT (9.734375079000074 52.397928937000074)","Unfall 127826 (2017) Kat:3, Licht: 0","127826","3","4","6","02","12","7","0","0","0","1","1","0"