WKT,Name,OBJECTID,UKATEGORIE,UTYP1,UART,UMONAT,USTUNDE,UWOCHENTAG,STRZUSTAND,ULICHTVERH,ISTRAD,ISTPKW,ISTFUSS,ISTKRAD
"POINT (9.730631597000070 52.373790071000030)","Unfall 127827 (2017) Kat:3, Licht: 0","127827","3","7","6","02","10","7","0","0","0","1","1","0"
"POINT (9.727964324000027 52.345422939000059)","Unfall 127846 (2017) Kat:3, Licht: 0","127846","3","5","1","02","08","6","0","0","1","1","0","0"
"POINT (9.749079242000050 52.390141579000044)","Unfall 127848 (2017) Kat:3, Licht: 0","127848","3","3","5","02","08","6","0","0","1","1","0","0"
"POINT (9.710863348000032 52.359414391000030)","Unfall 127860 (2017) Kat:3, Licht: 0","127860","3","3","5","02","16","5","0","0","0","1","0","0"
"POINT (9.691771457000073 52.341679083000031)","Unfall 127863 (2017) Kat:2, Licht: 0","127863","2","5","0","02","10","5","0","0","1","1","0","0"
"POINT (9.736548898000024 52.371116161000032)","Unfall 127881 (2017) Kat:3, Licht: 0","127881","3","2","6","03","14","6","0","0","0","1","1","0"
"POINT (9.779626682000071 52.414190872000063)","Unfall 127882 (2017) Kat:3, Licht: 2","127882","3","5","5","03","19","6","0","2","0","1","0","0"
"POINT (9.721733346000065 52.342245988000059)","Unfall 127903 (2017) Kat:3, Licht: 1","127903","3","6","2","03","17","5","1","1","0","1","0","0"
"POINT (9.727309347000073 52.392054475000066)","Unfall 127904 (2017) Kat:3, Licht: 0","127904","3","3","5","03","13","5","1","0","0","1","0","0"
"POINT (9.726051066000025 52.384941462000029)","Unfall 127905 (2017) Kat:3, Licht: 0","127905","3","7","5","03","14","5","1","0","1","1","0","0"
"POINT (9.767285902000026 52.357979862000036)","Unfall 127925 (2017) Kat:3, Licht: 0","127925","3","6","2","03","16","4","1","0","0","1","0","0"
"POINT (9.741704551000055 52.371164934000035)","Unfall 127926 (2017) Kat:3, Licht: 2","127926","3","2","5","03","18","4","0","2","1","1","0","0"
"POINT (9.706729022000047 52.373700899000028)","Unfall 127929 (2017) Kat:2, Licht: 2","127929","2","4","6","03","21","4","0","2","1","0","1","0"
"POINT (9.723095789000070 52.377719672000069)","Unfall 127952 (2017) Kat:3, Licht: 0","127952","3","6","4","02","16","3","0","0","1","0","0","0"
"POINT (9.763094645000024 52.337027093000074)","Unfall 127955 (2017) Kat:3, Licht: 0","127955","3","5","1","02","11","3","0","0","1","1","0","0"
"POINT (9.713186158000042 52.340053596000075)","Unfall 127956 (2017) Kat:3, Licht: 0","127956","3","4","6","02","07","3","0","0","0","1","1","0"
"POINT (9.694849002000069 52.329189455000062)","Unfall 127982 (2017) Kat:3, Licht: 0","127982","3","5","1","02","07","2","0","0","0","1","0","0"
"POINT (9.808844987000043 52.385967576000041)","Unfall 127983 (2017) Kat:3, Licht: 0","127983","3","6","2","02","07","2","0","0","0","1","0","0"
"POINT (9.815302082000073 52.319362486000045)","Unfall 127984 (2017) Kat:3, Licht: 2","127984","3","1","0","02","05","2","1","2","0","0","0","1"
"POINT (9.772527643000046 52.400448799000060)","Unfall 127985 (2017) Kat:3, Licht: 0","127985","3","5","1","02","09","2","0","0","1","1","0","0"
"POINT (9.755601024000043 52.357036959000027)","Unfall 127986 (2017) Kat:3, Licht: 0","127986","3","4","6","02","16","2","0","0","0","1","1","0"
"POINT (9.683500799000058 52.368007854000041)","Unfall 127987 (2017) Kat:3, Licht: 0","127987","3","3","5","02","15","2","0","0","1","0","0","0"
"POINT (9.812726371000053 52.380298431000028)","Unfall 127988 (2017) Kat:3, Licht: 0","127988","3","2","5","02","10","2","0","0","1","0","0","0"
"POINT (9.725523500000065 52.383966409000038)","Unfall 127997 (2017) Kat:3, Licht: 0","127997","3","6","4","02","14","1","0","0","1","1","0","0"
"POINT (9.737593750000031 52.372447610000052)","Unfall 128005 (2017) Kat:3, Licht: 1","128005","3","4","6","02","17","7","1","1","0","1","1","0"
"POINT (9.751792523000063 52.392465123000079)","Unfall 128023 (2017) Kat:3, Licht: 0","128023","3","5","1","02","12","6","1","0","1","1","0","0"
"POINT (9.793719466000027 52.332827162000058)","Unfall 128024 (2017) Kat:3, Licht: 0","128024","3","4","6","02","15","6","0","0","1","0","1","0"
"POINT (9.795890818000032 52.375285496000060)","Unfall 128026 (2017) Kat:3, Licht: 0","128026","3","4","6","02","07","6","1","0","0","1","1","0"
"POINT (9.748893540000040 52.382822740000051)","Unfall 128053 (2017) Kat:3, Licht: 2","128053","3","5","1","02","07","5","1","2","1","1","0","0"
"POINT (9.756970560000070 52.396013550000077)","Unfall 128057 (2017) Kat:3, Licht: 2","128057","3","3","5","02","21","5","1","2","1","1","0","0"
"POINT (9.707311113000060 52.389388578000080)","Unfall 128082 (2017) Kat:3, Licht: 0","128082","3","3","5","02","08","4","1","0","0","1","0","0"
"POINT (9.666051336000066 52.415383687000030)","Unfall 128105 (2017) Kat:3, Licht: 0","128105","3","6","3","02","08","3","1","0","0","1","0","0"
"POINT (9.703054126000041 52.369417408000061)","Unfall 128106 (2017) Kat:3, Licht: 0","128106","3","6","3","02","15","3","0","0","0","1","0","0"
"POINT (9.740993959000036 52.398856471000045)","Unfall 128107 (2017) Kat:3, Licht: 0","128107","3","3","0","02","08","3","0","0","1","1","0","0"
"POINT (9.765981538000062 52.381969811000033)","Unfall 128108 (2017) Kat:2, Licht: 0","128108","2","2","5","02","16","3","0","0","1","1","0","0"
"POINT (9.746303797000053 52.361194449000038)","Unfall 128110 (2017) Kat:3, Licht: 0","128110","3","3","5","02","11","3","0","0","1","1","0","0"
"POINT (9.737220743000023 52.370648713000037)","Unfall 128137 (2017) Kat:3, Licht: 0","128137","3","4","6","02","10","2","0","0","0","1","1","0"
"POINT (9.652172489000066 52.415489355000034)","Unfall 128141 (2017) Kat:3, Licht: 2","128141","3","3","5","02","18","2","1","2","0","1","0","0"
"POINT (9.734637070000076 52.373541658000079)","Unfall 128142 (2017) Kat:3, Licht: 0","128142","3","4","6","02","12","2","1","0","0","1","1","0"
"POINT (9.705858229000057 52.352554631000032)","Unfall 128143 (2017) Kat:3, Licht: 2","128143","3","6","0","02","02","2","1","2","1","1","0","0"
"POINT (9.692825325000058 52.344460796000078)","Unfall 128160 (2017) Kat:3, Licht: 0","128160","3","2","2","03","12","3","0","0","0","1","0","0"
"POINT (9.743588466000063 52.357232783000029)","Unfall 128161 (2017) Kat:3, Licht: 0","128161","3","6","2","03","15","3","0","0","0","1","0","0"
"POINT (9.854209742000023 52.391305340000031)","Unfall 128162 (2017) Kat:3, Licht: 2","128162","3","2","5","03","20","3","0","2","1","1","0","0"
"POINT (9.643272000000025 52.415222805000042)","Unfall 128180 (2017) Kat:3, Licht: 0","128180","3","3","5","03","16","2","0","0","0","1","0","0"
"POINT (9.719733287000054 52.360442840000076)","Unfall 128181 (2017) Kat:3, Licht: 0","128181","3","3","5","03","12","2","0","0","1","0","0","0"
"POINT (9.753108838000060 52.397785830000032)","Unfall 128182 (2017) Kat:3, Licht: 1","128182","3","2","4","03","17","2","0","1","0","1","0","0"
"POINT (9.730119127000023 52.374905932000047)","Unfall 128183 (2017) Kat:3, Licht: 0","128183","3","6","2","03","11","2","0","0","0","1","0","0"
"POINT (9.775180026000044 52.363688233000062)","Unfall 128188 (2017) Kat:3, Licht: 0","128188","3","2","5","03","16","2","0","0","1","1","0","0"
"POINT (9.674418952000053 52.397579455000027)","Unfall 128189 (2017) Kat:3, Licht: 0","128189","3","6","2","03","16","2","0","0","0","1","0","0"
"POINT (9.669546529000058 52.349593363000054)","Unfall 128221 (2017) Kat:3, Licht: 0","128221","3","3","5","03","10","7","0","0","1","0","0","1"
"POINT (9.728428523000048 52.374319232000062)","Unfall 128222 (2017) Kat:3, Licht: 0","128222","3","6","2","03","15","7","0","0","0","1","0","0"
"POINT (9.800944896000033 52.352561006000030)","Unfall 128223 (2017) Kat:2, Licht: 1","128223","2","7","0","03","18","7","0","1","1","0","0","0"
"POINT (9.741450092000036 52.398640628000066)","Unfall 128224 (2017) Kat:3, Licht: 2","128224","3","1","8","03","05","7","0","2","0","1","0","0"
"POINT (9.738296231000049 52.381962695000027)","Unfall 128244 (2017) Kat:3, Licht: 2","128244","3","2","5","03","03","6","1","2","1","1","0","0"
"POINT (9.745268408000072 52.378596106000032)","Unfall 128245 (2017) Kat:3, Licht: 0","128245","3","3","5","03","10","6","0","0","0","1","0","0"
"POINT (9.738654099000030 52.382306350000079)","Unfall 128248 (2017) Kat:3, Licht: 0","128248","3","4","6","03","15","6","0","0","0","1","1","0"
"POINT (9.823462581000058 52.384210043000053)","Unfall 128263 (2017) Kat:3, Licht: 0","128263","3","2","4","03","06","5","1","0","0","1","0","0"
"POINT (9.841289720000077 52.359111280000036)","Unfall 128264 (2017) Kat:3, Licht: 1","128264","3","7","9","03","06","5","0","1","0","1","0","0"
"POINT (9.736760775000050 52.421053132000054)","Unfall 128265 (2017) Kat:3, Licht: 0","128265","3","3","5","03","16","5","1","0","1","1","0","0"
"POINT (9.763568187000033 52.399964805000081)","Unfall 128266 (2017) Kat:3, Licht: 0","128266","3","2","4","03","10","5","0","0","0","1","0","0"
"POINT (9.731826557000034 52.375412467000046)","Unfall 128267 (2017) Kat:3, Licht: 0","128267","3","2","3","03","13","5","0","0","1","0","0","0"
"POINT (9.744470321000051 52.374437763000060)","Unfall 128268 (2017) Kat:3, Licht: 0","128268","3","2","5","03","15","5","1","0","0","1","0","0"
"POINT (9.724589471000058 52.358361307000052)","Unfall 128269 (2017) Kat:3, Licht: 0","128269","3","2","5","03","13","5","1","0","1","1","0","0"
"POINT (9.707459974000074 52.368745090000061)","Unfall 128298 (2017) Kat:3, Licht: 2","128298","3","5","1","03","19","4","1","2","1","1","0","0"
"POINT (9.820594428000049 52.359402624000040)","Unfall 128299 (2017) Kat:3, Licht: 2","128299","3","2","6","03","18","4","1","2","0","1","1","0"
"POINT (9.766948252000077 52.357880331000047)","Unfall 128300 (2017) Kat:2, Licht: 0","128300","2","4","6","03","15","4","1","0","0","1","1","0"
"POINT (9.854046905000075 52.390752549000069)","Unfall 128317 (2017) Kat:3, Licht: 0","128317","3","7","5","03","11","3","0","0","1","0","0","0"
"POINT (9.720019092000030 52.387895673000060)","Unfall 128318 (2017) Kat:3, Licht: 1","128318","3","7","0","03","07","3","1","1","1","0","0","0"
"POINT (9.747870622000050 52.395242390000078)","Unfall 128319 (2017) Kat:3, Licht: 2","128319","3","2","4","03","19","3","0","2","1","1","0","0"
"POINT (9.819184537000069 52.400023043000033)","Unfall 128320 (2017) Kat:2, Licht: 0","128320","2","3","5","03","13","3","0","0","1","1","0","0"
"POINT (9.733730784000045 52.362123319000034)","Unfall 128321 (2017) Kat:3, Licht: 0","128321","3","3","5","03","15","3","0","0","1","1","0","0"
"POINT (9.714459315000056 52.371448472000054)","Unfall 128342 (2017) Kat:3, Licht: 0","128342","3","7","0","03","15","2","0","0","0","1","0","0"
"POINT (9.813884152000071 52.398964825000064)","Unfall 128343 (2017) Kat:3, Licht: 0","128343","3","2","4","03","16","2","0","0","0","1","0","0"
"POINT (9.753772840000067 52.386412602000064)","Unfall 128344 (2017) Kat:3, Licht: 0","128344","3","3","5","03","10","2","0","0","1","1","0","0"
"POINT (9.761920174000068 52.371159447000082)","Unfall 128346 (2017) Kat:3, Licht: 0","128346","3","3","5","03","09","2","0","0","1","1","0","0"
"POINT (9.722347063000029 52.378288360000056)","Unfall 128356 (2017) Kat:3, Licht: 0","128356","3","3","5","03","11","1","0","0","0","1","0","0"
"POINT (9.833340832000033 52.386703667000063)","Unfall 128357 (2017) Kat:3, Licht: 1","128357","3","3","6","03","17","1","0","1","0","1","1","0"
"POINT (9.736456302000022 52.383477783000046)","Unfall 128358 (2017) Kat:2, Licht: 2","128358","2","6","3","03","22","1","0","2","0","1","0","0"
"POINT (9.670160246000023 52.347683699000072)","Unfall 128377 (2017) Kat:3, Licht: 0","128377","3","2","4","03","10","7","0","0","0","1","0","0"
"POINT (9.734929772000044 52.380153319000044)","Unfall 128378 (2017) Kat:3, Licht: 0","128378","3","6","6","03","14","7","0","0","1","0","1","0"
"POINT (9.749930003000031 52.362205273000029)","Unfall 128381 (2017) Kat:2, Licht: 0","128381","2","3","5","03","12","7","0","0","1","1","0","0"
"POINT (9.723041114000068 52.387170277000052)","Unfall 128408 (2017) Kat:3, Licht: 0","128408","3","7","6","03","10","1","0","0","0","1","1","0"
"POINT (9.774445052000033 52.373134111000070)","Unfall 128409 (2017) Kat:3, Licht: 0","128409","3","6","2","03","12","1","0","0","0","1","0","0"
"POINT (9.714408804000073 52.398794043000066)","Unfall 128427 (2017) Kat:3, Licht: 0","128427","3","6","2","03","12","7","0","0","0","1","0","0"
"POINT (9.729430522000030 52.374629164000055)","Unfall 128430 (2017) Kat:3, Licht: 0","128430","3","7","0","03","11","7","0","0","0","1","0","1"
"POINT (9.739340444000050 52.363850813000056)","Unfall 128459 (2017) Kat:3, Licht: 0","128459","3","6","0","03","16","6","0","0","0","1","0","1"
"POINT (9.744731790000060 52.374656657000060)","Unfall 128460 (2017) Kat:3, Licht: 2","128460","3","3","5","03","21","6","0","2","1","1","0","0"
"POINT (9.698763097000040 52.355319332000079)","Unfall 128466 (2017) Kat:2, Licht: 0","128466","2","1","2","03","19","6","0","0","0","1","0","1"
"POINT (9.717218991000038 52.340875907000054)","Unfall 128467 (2017) Kat:2, Licht: 0","128467","2","3","5","03","16","6","0","0","1","1","0","0"
"POINT (9.779069313000036 52.361883259000081)","Unfall 128468 (2017) Kat:3, Licht: 0","128468","3","6","2","03","15","6","0","0","0","1","0","0"
"POINT (9.701777047000064 52.375185941000041)","Unfall 128469 (2017) Kat:2, Licht: 0","128469","2","4","6","03","16","6","0","0","0","1","1","0"
"POINT (9.781291445000022 52.410210678000055)","Unfall 128470 (2017) Kat:3, Licht: 0","128470","3","2","5","03","12","6","0","0","1","1","0","0"
"POINT (9.724201179000033 52.369916469000032)","Unfall 128494 (2017) Kat:3, Licht: 0","128494","3","7","1","03","10","5","0","0","0","1","0","0"
"POINT (9.740990744000044 52.398864835000040)","Unfall 128495 (2017) Kat:3, Licht: 0","128495","3","3","5","03","07","5","0","0","1","1","0","0"
"POINT (9.675397499000042 52.377258099000073)","Unfall 128515 (2017) Kat:3, Licht: 0","128515","3","2","0","03","15","4","0","0","0","1","1","0"
"POINT (9.731624173000057 52.378051417000052)","Unfall 128516 (2017) Kat:3, Licht: 0","128516","3","7","0","03","11","4","0","0","0","1","0","1"
"POINT (9.743047750000073 52.379181827000082)","Unfall 128517 (2017) Kat:1, Licht: 0","128517","1","2","5","03","12","4","0","0","1","0","0","0"
"POINT (9.715841473000069 52.377375749000066)","Unfall 128540 (2017) Kat:3, Licht: 0","128540","3","6","4","03","11","3","0","0","1","1","0","0"
"POINT (9.761584498000048 52.394813435000060)","Unfall 128541 (2017) Kat:3, Licht: 0","128541","3","5","1","03","10","3","0","0","1","1","0","0"
"POINT (9.735310186000049 52.420923073000040)","Unfall 128542 (2017) Kat:3, Licht: 0","128542","3","6","2","03","10","3","0","0","0","1","0","0"
"POINT (9.715459196000040 52.371968734000063)","Unfall 128543 (2017) Kat:3, Licht: 0","128543","3","6","2","03","08","3","1","0","0","1","0","0"
"POINT (9.735323868000023 52.372143489000052)","Unfall 128544 (2017) Kat:3, Licht: 0","128544","3","7","0","03","14","3","1","0","0","1","0","0"
"POINT (9.727792579000038 52.368333117000077)","Unfall 128568 (2017) Kat:3, Licht: 0","128568","3","7","0","03","08","2","0","0","1","1","0","0"
"POINT (9.705280012000060 52.373417550000056)","Unfall 128569 (2017) Kat:3, Licht: 2","128569","3","7","0","03","21","2","0","2","1","0","0","0"
"POINT (9.725335886000039 52.383504315000039)","Unfall 128570 (2017) Kat:3, Licht: 0","128570","3","6","2","03","14","2","1","0","0","1","0","0"
"POINT (9.708898960000056 52.370486575000029)","Unfall 128574 (2017) Kat:3, Licht: 2","128574","3","3","5","03","21","2","0","2","0","1","0","0"
"POINT (9.747341705000054 52.411309054000071)","Unfall 128587 (2017) Kat:3, Licht: 0","128587","3","3","5","03","17","1","1","0","1","1","0","0"
"POINT (9.740665921000073 52.400221046000070)","Unfall 128588 (2017) Kat:3, Licht: 1","128588","3","3","5","03","18","1","1","1","0","1","0","0"
"POINT (9.734919316000060 52.380260705000069)","Unfall 128589 (2017) Kat:2, Licht: 2","128589","2","2","5","03","00","1","0","2","0","1","0","0"
"POINT (9.767531600000041 52.358156042000076)","Unfall 128591 (2017) Kat:3, Licht: 2","128591","3","2","5","03","05","1","1","2","1","1","0","0"
"POINT (9.857572312000059 52.411023258000057)","Unfall 128600 (2017) Kat:3, Licht: 0","128600","3","7","1","03","10","7","1","0","0","1","1","0"
"POINT (9.774670957000069 52.403776036000068)","Unfall 128601 (2017) Kat:3, Licht: 0","128601","3","3","5","03","10","7","1","0","0","1","0","0"
"POINT (9.786881392000055 52.407035360000066)","Unfall 128602 (2017) Kat:2, Licht: 0","128602","2","7","0","03","16","7","0","0","0","1","0","0"
"POINT (9.764035039000021 52.360278419000053)","Unfall 128616 (2017) Kat:3, Licht: 0","128616","3","6","2","03","16","6","0","0","0","1","0","0"
"POINT (9.762497668000037 52.332641009000042)","Unfall 128617 (2017) Kat:3, Licht: 0","128617","3","1","0","03","11","6","1","0","1","0","0","0"
"POINT (9.718511723000063 52.380987962000063)","Unfall 128618 (2017) Kat:2, Licht: 1","128618","2","4","6","03","17","6","0","1","0","1","1","0"
"POINT (9.819461530000069 52.429298468000070)","Unfall 128638 (2017) Kat:3, Licht: 0","128638","3","3","5","03","10","5","0","0","1","0","0","0"
"POINT (9.822078257000044 52.386349637000080)","Unfall 128641 (2017) Kat:3, Licht: 0","128641","3","6","2","03","09","5","0","0","0","1","0","0"
"POINT (9.773048572000050 52.344881037000050)","Unfall 128642 (2017) Kat:3, Licht: 0","128642","3","3","5","03","09","5","0","0","1","1","0","0"
"POINT (9.712355309000031 52.360758395000062)","Unfall 128643 (2017) Kat:3, Licht: 0","128643","3","1","0","03","15","5","0","0","1","0","0","0"
"POINT (9.761333888000024 52.372598047000054)","Unfall 128663 (2017) Kat:3, Licht: 2","128663","3","4","6","03","18","4","0","2","0","1","1","0"
"POINT (9.749517406000052 52.337289579000071)","Unfall 128666 (2017) Kat:2, Licht: 2","128666","2","7","0","03","20","4","1","2","1","0","0","0"
"POINT (9.663668265000069 52.380122197000048)","Unfall 128667 (2017) Kat:2, Licht: 1","128667","2","3","5","03","06","4","0","1","1","1","0","0"
"POINT (9.870350268000038 52.363347702000056)","Unfall 128679 (2017) Kat:3, Licht: 0","128679","3","3","5","04","09","2","0","0","0","1","0","0"
"POINT (9.712165612000035 52.387378906000038)","Unfall 128680 (2017) Kat:3, Licht: 0","128680","3","7","0","04","08","2","0","0","1","0","0","0"
"POINT (9.729263528000047 52.376489677000052)","Unfall 128681 (2017) Kat:3, Licht: 0","128681","3","7","1","04","13","2","0","0","1","1","0","0"
"POINT (9.734822623000071 52.415796744000033)","Unfall 128682 (2017) Kat:3, Licht: 1","128682","3","7","0","04","20","2","0","1","1","0","0","0"
"POINT (9.723365768000065 52.377755166000043)","Unfall 128683 (2017) Kat:3, Licht: 0","128683","3","2","6","04","13","2","0","0","0","1","1","0"
"POINT (9.702564695000035 52.337551130000065)","Unfall 128709 (2017) Kat:3, Licht: 0","128709","3","2","4","04","17","1","0","0","0","1","0","1"
"POINT (9.688747499000044 52.341890804000059)","Unfall 128710 (2017) Kat:3, Licht: 0","128710","3","5","4","04","18","1","0","0","1","1","0","0"
"POINT (9.725269811000032 52.380508516000077)","Unfall 128711 (2017) Kat:3, Licht: 0","128711","3","3","5","04","16","1","0","0","1","1","0","0"
"POINT (9.732671126000071 52.379498571000056)","Unfall 128712 (2017) Kat:3, Licht: 0","128712","3","3","5","04","16","1","0","0","0","1","0","0"
"POINT (9.793659568000066 52.332900486000028)","Unfall 128713 (2017) Kat:3, Licht: 0","128713","3","3","5","04","18","1","0","0","0","1","0","0"
"POINT (9.753912912000033 52.378769229000056)","Unfall 128714 (2017) Kat:2, Licht: 0","128714","2","7","5","04","15","1","0","0","0","1","0","1"
"POINT (9.702124004000041 52.375095191000071)","Unfall 128728 (2017) Kat:3, Licht: 0","128728","3","3","6","04","16","7","0","0","0","1","1","0"
"POINT (9.755908667000028 52.360610843000075)","Unfall 128729 (2017) Kat:3, Licht: 0","128729","3","7","2","04","10","7","0","0","1","0","0","0"
"POINT (9.753905163000070 52.386246763000031)","Unfall 128730 (2017) Kat:3, Licht: 1","128730","3","3","5","04","19","7","0","1","1","1","0","0"
"POINT (9.746942416000024 52.373802267000030)","Unfall 128731 (2017) Kat:3, Licht: 2","128731","3","2","5","04","01","7","0","2","1","1","0","0"
"POINT (9.738652948000038 52.374420058000055)","Unfall 128734 (2017) Kat:3, Licht: 0","128734","3","7","6","04","16","7","0","0","0","1","1","0"
"POINT (9.748197654000023 52.364863029000048)","Unfall 128735 (2017) Kat:3, Licht: 0","128735","3","5","0","04","14","7","0","0","1","1","0","0"
"POINT (9.740264165000042 52.375901198000065)","Unfall 128736 (2017) Kat:3, Licht: 0","128736","3","1","0","04","12","7","0","0","1","0","0","0"
"POINT (9.734333154000069 52.391697710000074)","Unfall 128737 (2017) Kat:2, Licht: 2","128737","2","7","0","04","00","7","1","2","1","0","0","0"
"POINT (9.740060984000024 52.367485391000059)","Unfall 128738 (2017) Kat:3, Licht: 2","128738","3","1","0","04","21","7","0","2","1","0","0","0"
"POINT (9.693527723000045 52.363407138000071)","Unfall 128765 (2017) Kat:3, Licht: 0","128765","3","7","0","03","15","6","0","0","1","1","0","0"
"POINT (9.730675993000034 52.378544427000065)","Unfall 128766 (2017) Kat:3, Licht: 2","128766","3","2","4","03","23","6","0","2","0","1","0","0"
"POINT (9.681577576000052 52.416224611000075)","Unfall 128770 (2017) Kat:3, Licht: 2","128770","3","7","8","03","21","6","0","2","0","1","0","0"
"POINT (9.664464032000069 52.411805246000029)","Unfall 128772 (2017) Kat:3, Licht: 0","128772","3","3","5","03","17","6","0","0","0","1","0","0"
"POINT (9.706972890000031 52.373375947000056)","Unfall 128804 (2017) Kat:3, Licht: 0","128804","3","5","1","03","13","5","0","0","0","1","0","0"
"POINT (9.750834125000040 52.375287733000050)","Unfall 128807 (2017) Kat:3, Licht: 0","128807","3","3","5","03","18","5","0","0","0","1","0","0"
"POINT (9.669079750000037 52.351620404000073)","Unfall 128808 (2017) Kat:2, Licht: 0","128808","2","3","5","03","16","5","0","0","1","1","0","0"
"POINT (9.752087028000062 52.410493831000053)","Unfall 128810 (2017) Kat:3, Licht: 0","128810","3","3","5","03","07","5","0","0","1","1","0","0"
"POINT (9.677922998000042 52.414995528000077)","Unfall 128836 (2017) Kat:3, Licht: 0","128836","3","5","1","03","13","4","0","0","1","1","0","0"
"POINT (9.753185920000021 52.397905736000041)","Unfall 128837 (2017) Kat:2, Licht: 0","128837","2","2","5","03","07","4","0","0","1","1","0","0"
"POINT (9.754040495000027 52.379564177000077)","Unfall 128838 (2017) Kat:3, Licht: 0","128838","3","4","6","03","08","4","0","0","0","1","1","0"
"POINT (9.688420200000053 52.331944352000050)","Unfall 128873 (2017) Kat:3, Licht: 0","128873","3","7","0","03","17","3","0","0","1","0","0","0"
"POINT (9.697094331000074 52.368279979000079)","Unfall 128874 (2017) Kat:3, Licht: 0","128874","3","6","2","03","15","3","0","0","0","1","0","0"
"POINT (9.825640589000045 52.400000577000071)","Unfall 128875 (2017) Kat:3, Licht: 0","128875","3","5","0","03","19","3","0","0","0","1","0","0"
"POINT (9.739595831000031 52.381118949000040)","Unfall 128878 (2017) Kat:3, Licht: 0","128878","3","2","5","03","17","3","0","0","1","1","0","0"
"POINT (9.817589090000070 52.367838777000031)","Unfall 128879 (2017) Kat:2, Licht: 0","128879","2","3","5","03","16","3","0","0","1","0","0","0"
"POINT (9.689532687000053 52.418244170000037)","Unfall 128880 (2017) Kat:3, Licht: 0","128880","3","6","2","03","10","3","0","0","0","1","0","0"
"POINT (9.756327155000065 52.394482465000067)","Unfall 128915 (2017) Kat:3, Licht: 0","128915","3","3","5","03","16","2","0","0","0","1","0","1"
"POINT (9.748860936000028 52.377515121000044)","Unfall 128916 (2017) Kat:3, Licht: 0","128916","3","6","2","03","16","2","0","0","0","1","0","0"
"POINT (9.732729843000072 52.379840078000029)","Unfall 128917 (2017) Kat:3, Licht: 0","128917","3","2","4","03","18","2","0","0","1","1","0","0"
"POINT (9.735044453000057 52.380327969000064)","Unfall 128920 (2017) Kat:2, Licht: 0","128920","2","1","0","03","14","2","0","0","0","0","0","0"
"POINT (9.772335950000070 52.350620343000060)","Unfall 128921 (2017) Kat:2, Licht: 0","128921","2","2","5","03","08","2","0","0","1","1","0","0"
"POINT (9.831085072000064 52.346261553000033)","Unfall 128922 (2017) Kat:2, Licht: 0","128922","2","4","6","03","19","2","0","0","0","1","1","0"
"POINT (9.723730806000049 52.386638953000045)","Unfall 128944 (2017) Kat:3, Licht: 1","128944","3","5","0","04","20","2","0","1","1","1","0","0"
"POINT (9.684515624000028 52.395956310000031)","Unfall 128962 (2017) Kat:3, Licht: 0","128962","3","4","6","04","18","5","0","0","0","1","1","0"
"POINT (9.728294685000037 52.359006531000034)","Unfall 128963 (2017) Kat:3, Licht: 0","128963","3","3","5","04","18","5","0","0","1","1","0","0"
"POINT (9.772156559000052 52.368423695000047)","Unfall 128964 (2017) Kat:3, Licht: 0","128964","3","3","6","04","16","5","0","0","0","1","1","0"
"POINT (9.819010740000067 52.365395596000042)","Unfall 128965 (2017) Kat:3, Licht: 0","128965","3","7","7","04","08","5","1","0","1","0","0","0"
"POINT (9.776899854000021 52.416449912000076)","Unfall 128967 (2017) Kat:3, Licht: 2","128967","3","2","5","04","20","5","0","2","0","1","0","0"
"POINT (9.734113710000031 52.399123209000038)","Unfall 128968 (2017) Kat:3, Licht: 0","128968","3","1","2","04","13","5","1","0","0","1","0","1"
"POINT (9.717651044000036 52.398284261000072)","Unfall 128969 (2017) Kat:2, Licht: 0","128969","2","6","3","04","11","5","0","0","1","1","0","0"
"POINT (9.746261782000033 52.377684378000026)","Unfall 128970 (2017) Kat:3, Licht: 0","128970","3","2","5","04","09","5","0","0","1","0","0","0"
"POINT (9.749786725000035 52.378029905000062)","Unfall 128971 (2017) Kat:3, Licht: 2","128971","3","3","5","04","00","5","1","2","0","1","0","0"
"POINT (9.798737315000039 52.385315683000044)","Unfall 128990 (2017) Kat:3, Licht: 0","128990","3","3","5","04","17","4","1","0","1","1","0","0"
"POINT (9.720545502000050 52.391255982000075)","Unfall 128991 (2017) Kat:3, Licht: 2","128991","3","7","0","04","04","4","0","2","1","0","0","0"
"POINT (9.774401215000069 52.398277347000032)","Unfall 128996 (2017) Kat:3, Licht: 0","128996","3","3","0","04","10","4","0","0","1","0","0","0"
"POINT (9.657107174000032 52.410125769000047)","Unfall 129013 (2017) Kat:3, Licht: 0","129013","3","2","6","04","15","3","0","0","1","0","1","0"
"POINT (9.716927146000046 52.336252157000047)","Unfall 129014 (2017) Kat:3, Licht: 0","129014","3","3","5","04","14","3","0","0","1","1","0","0"
"POINT (9.714887967000038 52.370855325000036)","Unfall 129015 (2017) Kat:3, Licht: 0","129015","3","2","3","04","14","3","0","0","0","1","0","0"
"POINT (9.695801552000035 52.365597162000029)","Unfall 129016 (2017) Kat:3, Licht: 0","129016","3","2","3","04","10","3","0","0","0","1","0","1"