WKT,Name,OBJECTID,UKATEGORIE,UTYP1,UART,UMONAT,USTUNDE,UWOCHENTAG,STRZUSTAND,ULICHTVERH,ISTRAD,ISTPKW,ISTFUSS,ISTKRAD
"POINT (9.743810212000028 52.382359399000052)","Unfall 129017 (2017) Kat:3, Licht: 0","129017","3","5","0","04","16","3","0","0","1","1","0","0"
"POINT (9.743802401000039 52.384880844000065)","Unfall 129018 (2017) Kat:3, Licht: 0","129018","3","2","3","04","08","3","0","0","1","1","0","0"
"POINT (9.752219177000029 52.370752515000049)","Unfall 129020 (2017) Kat:2, Licht: 0","129020","2","4","6","04","15","3","0","0","1","0","1","0"
"POINT (9.830975379000051 52.338272921000055)","Unfall 129021 (2017) Kat:3, Licht: 0","129021","3","3","6","04","08","3","0","0","0","1","1","0"
"POINT (9.819611504000022 52.331337612000027)","Unfall 129047 (2017) Kat:3, Licht: 0","129047","3","2","5","04","14","2","0","0","0","1","0","0"
"POINT (9.721400909000067 52.379250284000079)","Unfall 129048 (2017) Kat:3, Licht: 0","129048","3","3","5","04","16","2","0","0","0","1","0","1"
"POINT (9.725227283000038 52.397810793000076)","Unfall 129049 (2017) Kat:3, Licht: 0","129049","3","6","2","04","15","2","0","0","0","1","0","0"
"POINT (9.725425346000066 52.382844070000033)","Unfall 129050 (2017) Kat:3, Licht: 0","129050","3","5","3","04","09","2","0","0","1","1","0","0"
"POINT (9.737364279000076 52.394535786000063)","Unfall 129074 (2017) Kat:3, Licht: 0","129074","3","6","6","04","15","1","0","0","1","0","1","0"
"POINT (9.769362723000029 52.383432535000054)","Unfall 129075 (2017) Kat:3, Licht: 0","129075","3","6","2","04","12","1","0","0","0","1","0","0"
"POINT (9.761752874000024 52.356415221000077)","Unfall 129077 (2017) Kat:2, Licht: 0","129077","2","2","4","04","15","1","0","0","1","1","0","0"
"POINT (9.717060564000065 52.339873617000080)","Unfall 129088 (2017) Kat:3, Licht: 0","129088","3","7","2","04","12","7","0","0","0","1","0","0"
"POINT (9.714408804000073 52.398794043000066)","Unfall 129089 (2017) Kat:3, Licht: 0","129089","3","3","5","04","07","7","0","0","1","1","0","0"
"POINT (9.697174534000055 52.413732021000044)","Unfall 129090 (2017) Kat:3, Licht: 0","129090","3","2","2","04","12","7","0","0","0","1","0","0"
"POINT (9.738545494000050 52.413846354000043)","Unfall 129091 (2017) Kat:3, Licht: 0","129091","3","6","4","04","10","7","0","0","0","1","0","0"
"POINT (9.850588157000061 52.387911854000038)","Unfall 129092 (2017) Kat:2, Licht: 0","129092","2","3","5","04","17","7","0","0","1","1","0","0"
"POINT (9.767616228000065 52.323366969000062)","Unfall 129113 (2017) Kat:3, Licht: 0","129113","3","6","4","04","08","6","0","0","0","1","0","0"
"POINT (9.708610850000071 52.373056114000065)","Unfall 129114 (2017) Kat:3, Licht: 2","129114","3","1","0","04","21","6","0","2","1","0","0","0"
"POINT (9.752145170000063 52.370865387000038)","Unfall 129139 (2017) Kat:3, Licht: 0","129139","3","6","2","04","13","5","0","0","0","1","0","0"
"POINT (9.731954813000073 52.405463484000052)","Unfall 129188 (2017) Kat:3, Licht: 0","129188","3","3","5","04","08","3","0","0","0","0","0","1"
"POINT (9.751594838000074 52.420960875000048)","Unfall 129189 (2017) Kat:3, Licht: 0","129189","3","3","5","04","18","3","0","0","1","1","0","0"
"POINT (9.795978875000060 52.404652729000077)","Unfall 129190 (2017) Kat:3, Licht: 0","129190","3","3","5","04","13","3","0","0","1","1","0","0"
"POINT (9.781525213000066 52.419794131000060)","Unfall 129191 (2017) Kat:3, Licht: 0","129191","3","1","0","04","11","3","0","0","1","0","0","0"
"POINT (9.733439506000025 52.375266570000065)","Unfall 129192 (2017) Kat:3, Licht: 0","129192","3","6","2","04","14","3","0","0","0","1","0","0"
"POINT (9.807571253000049 52.397436622000043)","Unfall 129194 (2017) Kat:3, Licht: 0","129194","3","3","5","04","14","3","0","0","1","1","0","0"
"POINT (9.702982407000036 52.368963047000079)","Unfall 129195 (2017) Kat:3, Licht: 0","129195","3","2","5","04","17","3","0","0","0","1","0","1"
"POINT (9.777882697000052 52.345994956000027)","Unfall 129196 (2017) Kat:2, Licht: 0","129196","2","3","5","04","13","3","0","0","1","1","0","0"
"POINT (9.744461504000071 52.370735161000027)","Unfall 129197 (2017) Kat:3, Licht: 0","129197","3","3","5","04","14","3","0","0","1","1","0","0"
"POINT (9.818627430000049 52.390454206000072)","Unfall 129218 (2017) Kat:3, Licht: 0","129218","3","4","6","04","16","5","0","0","0","1","1","0"
"POINT (9.716098580000050 52.415430286000060)","Unfall 129234 (2017) Kat:3, Licht: 2","129234","3","6","8","04","21","5","0","2","0","1","0","1"
"POINT (9.750869534000060 52.375575343000037)","Unfall 129261 (2017) Kat:3, Licht: 0","129261","3","2","3","04","15","4","0","0","1","1","0","0"
"POINT (9.695768507000025 52.408958022000036)","Unfall 129263 (2017) Kat:2, Licht: 0","129263","2","2","5","04","07","4","0","0","1","1","0","0"
"POINT (9.781445354000027 52.415623390000064)","Unfall 129264 (2017) Kat:3, Licht: 0","129264","3","4","6","04","18","4","0","0","0","1","1","0"
"POINT (9.741222912000069 52.411354280000069)","Unfall 129304 (2017) Kat:3, Licht: 0","129304","3","3","0","04","09","3","0","0","0","1","0","0"
"POINT (9.753360849000046 52.378361796000036)","Unfall 129305 (2017) Kat:3, Licht: 0","129305","3","2","5","04","09","3","1","0","0","1","0","0"
"POINT (9.806529362000049 52.389031904000035)","Unfall 129331 (2017) Kat:3, Licht: 0","129331","3","3","5","04","15","2","0","0","0","1","0","0"
"POINT (9.807540891000031 52.379670574000045)","Unfall 129332 (2017) Kat:3, Licht: 0","129332","3","3","5","04","11","2","0","0","1","0","0","0"
"POINT (9.664771043000030 52.410053495000057)","Unfall 129349 (2017) Kat:3, Licht: 0","129349","3","4","6","04","17","1","0","0","0","1","1","0"
"POINT (9.825342834000026 52.364246739000066)","Unfall 129369 (2017) Kat:3, Licht: 0","129369","3","6","6","04","11","7","0","0","1","0","1","0"
"POINT (9.684343658000046 52.395946828000035)","Unfall 129388 (2017) Kat:3, Licht: 0","129388","3","1","7","04","12","6","0","0","0","1","0","0"
"POINT (9.702955191000058 52.350395848000062)","Unfall 129389 (2017) Kat:3, Licht: 0","129389","3","3","5","04","06","6","0","0","1","0","0","0"
"POINT (9.774437518000070 52.371603487000073)","Unfall 129390 (2017) Kat:3, Licht: 0","129390","3","6","2","04","15","6","0","0","0","1","0","0"
"POINT (9.800646202000053 52.335231732000068)","Unfall 129391 (2017) Kat:3, Licht: 0","129391","3","7","0","04","15","6","0","0","0","0","0","0"
"POINT (9.667702561000056 52.415466681000055)","Unfall 129393 (2017) Kat:3, Licht: 1","129393","3","6","2","04","05","6","0","1","0","1","0","1"
"POINT (9.827389689000029 52.417418908000059)","Unfall 129420 (2017) Kat:3, Licht: 0","129420","3","3","5","04","15","5","0","0","0","1","0","0"
"POINT (9.836073407000072 52.341694119000067)","Unfall 129422 (2017) Kat:3, Licht: 0","129422","3","3","5","04","10","5","0","0","1","0","0","0"
"POINT (9.792821272000026 52.395831984000040)","Unfall 129423 (2017) Kat:3, Licht: 0","129423","3","6","2","04","11","5","0","0","0","1","0","0"
"POINT (9.682292796000070 52.379915628000049)","Unfall 129440 (2017) Kat:3, Licht: 0","129440","3","7","7","04","18","4","0","0","1","0","0","0"
"POINT (9.686800604000041 52.416550619000077)","Unfall 129456 (2017) Kat:3, Licht: 0","129456","3","6","6","04","11","3","1","0","0","1","1","0"
"POINT (9.684927203000029 52.365058104000070)","Unfall 129458 (2017) Kat:3, Licht: 0","129458","3","3","5","04","07","3","1","0","1","1","0","0"
"POINT (9.736759572000040 52.371288282000080)","Unfall 129459 (2017) Kat:3, Licht: 0","129459","3","4","6","04","08","3","1","0","0","1","1","0"
"POINT (9.781537830000048 52.415614676000075)","Unfall 129460 (2017) Kat:3, Licht: 0","129460","3","3","5","04","07","3","1","0","0","1","0","0"
"POINT (9.750966402000074 52.348367216000042)","Unfall 129480 (2017) Kat:3, Licht: 0","129480","3","4","6","04","15","1","0","0","1","0","1","0"
"POINT (9.750909394000075 52.364181610000060)","Unfall 129481 (2017) Kat:3, Licht: 2","129481","3","5","1","04","04","1","0","2","1","1","0","0"
"POINT (9.796351760000050 52.412097580000079)","Unfall 129482 (2017) Kat:3, Licht: 0","129482","3","4","6","04","13","1","0","0","0","1","1","0"
"POINT (9.787192982000022 52.373172566000051)","Unfall 129483 (2017) Kat:3, Licht: 2","129483","3","1","8","04","22","1","1","2","0","1","0","0"
"POINT (9.663718864000032 52.376098190000050)","Unfall 129490 (2017) Kat:3, Licht: 2","129490","3","3","5","04","01","7","0","2","0","1","0","0"
"POINT (9.723081457000035 52.377708349000045)","Unfall 129491 (2017) Kat:3, Licht: 0","129491","3","2","5","04","09","7","1","0","0","1","0","0"
"POINT (9.684645887000045 52.393389078000041)","Unfall 129531 (2017) Kat:3, Licht: 0","129531","3","3","0","05","15","2","0","0","0","1","0","1"
"POINT (9.822538321000025 52.400352066000039)","Unfall 129532 (2017) Kat:3, Licht: 0","129532","3","2","5","05","15","2","0","0","1","1","0","0"
"POINT (9.705755012000054 52.370010396000055)","Unfall 129534 (2017) Kat:3, Licht: 0","129534","3","3","5","05","18","2","0","0","1","1","0","0"
"POINT (9.800847206000071 52.405748670000037)","Unfall 129535 (2017) Kat:3, Licht: 0","129535","3","2","5","05","11","2","0","0","1","1","0","0"
"POINT (9.737853911000059 52.403516081000078)","Unfall 129553 (2017) Kat:3, Licht: 0","129553","3","7","1","05","18","1","0","0","0","1","0","0"
"POINT (9.729661301000022 52.411412261000066)","Unfall 129555 (2017) Kat:2, Licht: 0","129555","2","6","3","05","14","1","0","0","1","1","0","0"
"POINT (9.854393377000065 52.368906017000029)","Unfall 129574 (2017) Kat:3, Licht: 0","129574","3","6","4","05","15","7","0","0","1","0","0","0"
"POINT (9.743622989000073 52.379378449000058)","Unfall 129575 (2017) Kat:3, Licht: 0","129575","3","7","0","05","17","7","0","0","0","0","1","0"
"POINT (9.708801001000040 52.372990693000077)","Unfall 129576 (2017) Kat:3, Licht: 0","129576","3","5","1","05","09","7","0","0","1","0","0","0"
"POINT (9.703029535000042 52.350433600000031)","Unfall 129606 (2017) Kat:3, Licht: 0","129606","3","5","1","05","16","6","0","0","0","1","0","0"
"POINT (9.725307316000055 52.371388626000055)","Unfall 129607 (2017) Kat:3, Licht: 0","129607","3","7","0","05","08","6","1","0","1","0","0","0"
"POINT (9.749283484000046 52.378625949000082)","Unfall 129608 (2017) Kat:3, Licht: 0","129608","3","1","0","05","18","6","0","0","1","0","0","0"
"POINT (9.762691169000050 52.378544195000075)","Unfall 129609 (2017) Kat:3, Licht: 0","129609","3","1","0","05","09","6","1","0","1","0","0","0"
"POINT (9.720406604000061 52.375493124000059)","Unfall 129628 (2017) Kat:3, Licht: 0","129628","3","7","0","05","15","5","1","0","0","0","0","1"
"POINT (9.824470141000063 52.359030878000056)","Unfall 129629 (2017) Kat:3, Licht: 0","129629","3","6","2","05","08","5","0","0","0","1","0","0"
"POINT (9.762237918000039 52.392750303000071)","Unfall 129630 (2017) Kat:3, Licht: 0","129630","3","3","5","05","14","5","1","0","1","1","0","0"
"POINT (9.749551853000071 52.350057376000052)","Unfall 129634 (2017) Kat:3, Licht: 0","129634","3","5","5","05","12","5","1","0","0","1","0","1"
"POINT (9.752481955000064 52.370403766000038)","Unfall 129666 (2017) Kat:3, Licht: 0","129666","3","6","3","05","08","4","0","0","0","1","0","0"
"POINT (9.822026841000024 52.335205804000054)","Unfall 129667 (2017) Kat:3, Licht: 1","129667","3","1","0","05","07","4","1","1","1","0","0","0"
"POINT (9.716835126000035 52.379064341000060)","Unfall 129668 (2017) Kat:3, Licht: 0","129668","3","2","5","05","17","4","0","0","1","0","0","0"
"POINT (9.749207847000037 52.350509289000058)","Unfall 129695 (2017) Kat:3, Licht: 0","129695","3","6","2","05","13","3","1","0","0","1","0","0"
"POINT (9.753238803000045 52.387081893000072)","Unfall 129696 (2017) Kat:3, Licht: 0","129696","3","6","2","05","14","3","1","0","0","1","0","0"
"POINT (9.739597364000076 52.364863874000037)","Unfall 129737 (2017) Kat:3, Licht: 2","129737","3","6","6","04","22","1","0","2","1","0","1","0"
"POINT (9.730877452000073 52.375073787000076)","Unfall 129738 (2017) Kat:3, Licht: 2","129738","3","7","0","04","21","1","0","2","1","0","0","0"
"POINT (9.798489415000063 52.339572784000040)","Unfall 129739 (2017) Kat:2, Licht: 0","129739","2","3","5","04","15","1","0","0","1","1","0","0"
"POINT (9.799435991000053 52.376537831000064)","Unfall 129761 (2017) Kat:3, Licht: 0","129761","3","2","2","04","13","7","0","0","0","1","0","0"
"POINT (9.852864969000052 52.356797297000071)","Unfall 129762 (2017) Kat:3, Licht: 0","129762","3","7","5","04","17","7","0","0","1","1","0","0"
"POINT (9.736230211000077 52.362689130000035)","Unfall 129765 (2017) Kat:3, Licht: 0","129765","3","6","2","04","16","7","0","0","1","0","0","0"
"POINT (9.784953304000055 52.411235257000044)","Unfall 129780 (2017) Kat:3, Licht: 0","129780","3","6","4","04","08","6","0","0","1","0","0","0"
"POINT (9.673273821000066 52.356121817000030)","Unfall 129807 (2017) Kat:3, Licht: 0","129807","3","5","1","05","15","3","0","0","1","1","0","0"
"POINT (9.750618479000025 52.375524551000069)","Unfall 129808 (2017) Kat:3, Licht: 2","129808","3","2","3","05","22","3","0","2","1","1","0","0"
"POINT (9.770425453000030 52.383905051000056)","Unfall 129810 (2017) Kat:3, Licht: 0","129810","3","3","5","05","17","3","0","0","1","1","0","0"
"POINT (9.781394045000070 52.399535076000063)","Unfall 129811 (2017) Kat:3, Licht: 0","129811","3","6","6","05","13","3","0","0","1","0","1","0"
"POINT (9.820948261000069 52.316318744000057)","Unfall 129844 (2017) Kat:3, Licht: 0","129844","3","1","0","05","20","2","0","0","0","0","0","1"
"POINT (9.727476609000064 52.350851584000054)","Unfall 129847 (2017) Kat:3, Licht: 0","129847","3","7","0","05","12","2","0","0","1","1","0","0"
"POINT (9.692615045000025 52.419011912000030)","Unfall 129848 (2017) Kat:3, Licht: 0","129848","3","1","0","05","08","2","0","0","1","0","0","0"
"POINT (9.772236105000047 52.342947397000046)","Unfall 129864 (2017) Kat:3, Licht: 0","129864","3","6","2","05","11","1","0","0","0","1","0","0"
"POINT (9.679572006000058 52.399281157000075)","Unfall 129867 (2017) Kat:3, Licht: 0","129867","3","7","8","05","16","1","0","0","0","1","0","0"
"POINT (9.701396489000047 52.375286791000065)","Unfall 129886 (2017) Kat:3, Licht: 0","129886","3","1","0","05","12","7","0","0","1","0","0","0"
"POINT (9.701279298000031 52.395939172000055)","Unfall 129891 (2017) Kat:2, Licht: 0","129891","2","3","5","05","20","7","0","0","0","1","0","0"
"POINT (9.741014438000036 52.398762605000059)","Unfall 129892 (2017) Kat:3, Licht: 0","129892","3","3","5","05","11","7","0","0","1","1","0","0"
"POINT (9.698696405000021 52.368581943000038)","Unfall 129927 (2017) Kat:3, Licht: 0","129927","3","6","2","05","13","6","0","0","0","1","0","0"
"POINT (9.823318082000071 52.421619075000081)","Unfall 129928 (2017) Kat:3, Licht: 0","129928","3","3","5","05","15","6","0","0","0","0","1","1"
"POINT (9.748344661000033 52.396269370000027)","Unfall 129929 (2017) Kat:3, Licht: 0","129929","3","4","0","05","18","6","1","0","1","0","1","0"
"POINT (9.731989893000048 52.389642208000055)","Unfall 129932 (2017) Kat:2, Licht: 2","129932","2","3","5","05","22","6","0","2","0","1","0","0"
"POINT (9.734284395000032 52.384886215000051)","Unfall 129933 (2017) Kat:3, Licht: 2","129933","3","3","0","05","22","6","0","2","1","1","0","0"
"POINT (9.849923783000065 52.412044855000033)","Unfall 129934 (2017) Kat:3, Licht: 0","129934","3","1","9","05","19","6","1","0","0","1","0","0"
"POINT (9.704215095000052 52.369662402000074)","Unfall 129935 (2017) Kat:3, Licht: 0","129935","3","3","5","05","18","6","1","0","1","1","0","0"
"POINT (9.714372904000072 52.342279021000081)","Unfall 129936 (2017) Kat:3, Licht: 0","129936","3","2","5","05","12","6","0","0","0","1","0","0"
"POINT (9.858774003000065 52.361185164000062)","Unfall 129963 (2017) Kat:3, Licht: 0","129963","3","2","5","05","16","5","0","0","1","1","0","0"
"POINT (9.868416326000045 52.362972864000028)","Unfall 129964 (2017) Kat:3, Licht: 0","129964","3","2","5","05","13","5","0","0","0","1","0","0"
"POINT (9.714408804000073 52.398794043000066)","Unfall 129965 (2017) Kat:3, Licht: 0","129965","3","7","0","05","08","5","0","0","1","0","0","0"
"POINT (9.754087463000076 52.379371410000033)","Unfall 129966 (2017) Kat:3, Licht: 0","129966","3","2","4","05","15","5","0","0","1","1","0","0"
"POINT (9.738324269000032 52.376470881000046)","Unfall 129967 (2017) Kat:3, Licht: 0","129967","3","5","1","05","18","5","0","0","0","1","0","0"
"POINT (9.734697364000056 52.380558361000055)","Unfall 129969 (2017) Kat:3, Licht: 0","129969","3","7","0","05","12","5","0","0","1","0","0","0"
"POINT (9.720959713000070 52.354720149000059)","Unfall 129970 (2017) Kat:2, Licht: 1","129970","2","3","5","05","20","5","1","1","1","0","0","0"
"POINT (9.781607583000039 52.417089083000064)","Unfall 129971 (2017) Kat:3, Licht: 0","129971","3","4","6","05","16","5","0","0","0","1","1","0"
"POINT (9.710824959000036 52.367292028000065)","Unfall 130000 (2017) Kat:3, Licht: 0","130000","3","7","0","05","17","4","0","0","1","0","0","0"
"POINT (9.855981829000029 52.395624195000039)","Unfall 130001 (2017) Kat:3, Licht: 0","130001","3","7","0","05","19","4","0","0","0","1","0","0"
"POINT (9.775786024000070 52.333825117000060)","Unfall 130002 (2017) Kat:3, Licht: 0","130002","3","3","5","05","14","4","0","0","1","1","0","0"
"POINT (9.753321447000076 52.390230338000038)","Unfall 130003 (2017) Kat:3, Licht: 0","130003","3","3","5","05","13","4","0","0","1","1","0","0"
"POINT (9.793214623000040 52.397025804000066)","Unfall 130005 (2017) Kat:3, Licht: 0","130005","3","3","5","05","18","4","0","0","0","1","0","0"
"POINT (9.741408345000025 52.387568505000047)","Unfall 130006 (2017) Kat:3, Licht: 0","130006","3","5","1","05","14","4","0","0","1","1","0","0"
"POINT (9.753571695000062 52.380248815000073)","Unfall 130007 (2017) Kat:3, Licht: 0","130007","3","7","0","05","08","4","0","0","1","0","0","0"
"POINT (9.693891279000070 52.392314253000052)","Unfall 130008 (2017) Kat:3, Licht: 0","130008","3","6","2","05","09","4","0","0","0","1","0","0"
"POINT (9.769043693000072 52.358444983000027)","Unfall 130009 (2017) Kat:3, Licht: 0","130009","3","3","5","05","07","4","0","0","1","1","0","0"
"POINT (9.822691156000076 52.322986556000046)","Unfall 130038 (2017) Kat:3, Licht: 0","130038","3","7","5","05","09","3","0","0","1","1","0","0"
"POINT (9.704347203000054 52.370838252000055)","Unfall 130040 (2017) Kat:3, Licht: 0","130040","3","5","1","05","12","3","0","0","0","1","0","1"
"POINT (9.747558152000067 52.359453026000040)","Unfall 130067 (2017) Kat:3, Licht: 0","130067","3","5","1","05","09","3","0","0","1","1","0","0"
"POINT (9.710842450000030 52.359456162000072)","Unfall 130070 (2017) Kat:3, Licht: 0","130070","3","2","5","05","13","3","0","0","0","1","0","1"
"POINT (9.758006658000056 52.392874011000060)","Unfall 130071 (2017) Kat:3, Licht: 2","130071","3","1","0","05","02","3","0","2","1","0","0","0"
"POINT (9.678159774000051 52.365695981000044)","Unfall 130105 (2017) Kat:3, Licht: 0","130105","3","3","5","05","05","2","0","0","0","1","0","0"
"POINT (9.669495427000072 52.349673840000037)","Unfall 130106 (2017) Kat:2, Licht: 0","130106","2","2","4","05","14","2","0","0","0","1","0","0"
"POINT (9.740185262000068 52.372572115000082)","Unfall 130107 (2017) Kat:3, Licht: 0","130107","3","6","2","05","17","2","0","0","0","1","0","0"
"POINT (9.711699185000043 52.371996392000028)","Unfall 130108 (2017) Kat:3, Licht: 0","130108","3","1","0","05","14","2","0","0","1","0","0","0"
"POINT (9.734682540000051 52.373547492000057)","Unfall 130109 (2017) Kat:3, Licht: 0","130109","3","4","6","05","11","2","0","0","1","0","1","0"
"POINT (9.714774095000053 52.365349915000081)","Unfall 130110 (2017) Kat:3, Licht: 0","130110","3","2","5","05","09","2","0","0","1","1","0","0"
"POINT (9.692992810000021 52.406377275000068)","Unfall 130136 (2017) Kat:3, Licht: 0","130136","3","3","5","05","18","1","0","0","1","1","0","0"
"POINT (9.739480061000052 52.364253667000071)","Unfall 130137 (2017) Kat:3, Licht: 0","130137","3","7","6","05","19","1","0","0","1","0","1","0"
"POINT (9.685071356000037 52.358257989000037)","Unfall 130138 (2017) Kat:3, Licht: 0","130138","3","3","5","05","13","1","0","0","0","1","0","0"
"POINT (9.720358629000032 52.375524610000070)","Unfall 130139 (2017) Kat:2, Licht: 0","130139","2","6","2","05","14","1","0","0","0","1","0","0"
"POINT (9.835737561000030 52.417975063000029)","Unfall 130140 (2017) Kat:3, Licht: 0","130140","3","3","5","05","17","1","0","0","0","1","0","1"
"POINT (9.744606924000038 52.395163144000037)","Unfall 130141 (2017) Kat:3, Licht: 0","130141","3","2","5","05","15","1","0","0","1","1","0","0"
"POINT (9.728738095000040 52.377984871000081)","Unfall 130142 (2017) Kat:3, Licht: 0","130142","3","6","2","05","19","1","0","0","0","1","0","0"
"POINT (9.684696977000044 52.376285832000065)","Unfall 130144 (2017) Kat:3, Licht: 0","130144","3","6","9","05","18","1","0","0","1","1","0","0"
"POINT (9.643917902000055 52.415110467000034)","Unfall 130160 (2017) Kat:3, Licht: 0","130160","3","3","5","05","17","7","0","0","1","0","0","0"
"POINT (9.703550790000065 52.375601895000045)","Unfall 130161 (2017) Kat:3, Licht: 0","130161","3","3","5","05","05","7","0","0","1","1","0","0"
"POINT (9.818942758000048 52.381452796000076)","Unfall 130163 (2017) Kat:3, Licht: 0","130163","3","4","6","05","10","7","0","0","0","0","1","1"
"POINT (9.717214225000021 52.345581574000050)","Unfall 130164 (2017) Kat:3, Licht: 0","130164","3","7","0","05","18","7","0","0","1","0","0","0"
"POINT (9.755929035000065 52.355596197000068)","Unfall 130165 (2017) Kat:3, Licht: 0","130165","3","2","6","05","16","7","0","0","0","1","1","0"
"POINT (9.716930840000032 52.357974879000039)","Unfall 130166 (2017) Kat:3, Licht: 0","130166","3","5","1","05","08","7","0","0","1","1","0","0"
"POINT (9.755107213000031 52.367136254000059)","Unfall 130197 (2017) Kat:3, Licht: 1","130197","3","6","2","05","18","6","0","1","0","1","0","0"
"POINT (9.853544662000047 52.326862007000045)","Unfall 130198 (2017) Kat:3, Licht: 0","130198","3","6","4","05","18","6","1","0","1","0","1","0"
"POINT (9.761540976000049 52.379781524000066)","Unfall 130199 (2017) Kat:3, Licht: 0","130199","3","3","0","05","10","6","0","0","0","1","0","0"
"POINT (9.736610960000064 52.380328382000073)","Unfall 130202 (2017) Kat:2, Licht: 1","130202","2","1","0","05","20","6","1","1","0","1","0","0"
"POINT (9.691059818000042 52.329221734000043)","Unfall 130204 (2017) Kat:3, Licht: 0","130204","3","1","9","05","06","6","0","0","1","1","0","0"
"POINT (9.754586337000035 52.367942371000026)","Unfall 130231 (2017) Kat:3, Licht: 0","130231","3","7","0","05","16","5","0","0","1","0","1","0"
"POINT (9.698400147000029 52.382030145000044)","Unfall 130232 (2017) Kat:3, Licht: 2","130232","3","7","0","05","22","5","0","2","1","0","0","0"
"POINT (9.756571376000068 52.376465417000077)","Unfall 130233 (2017) Kat:3, Licht: 0","130233","3","3","0","05","08","5","0","0","1","1","0","0"
"POINT (9.749786725000035 52.378029905000062)","Unfall 130234 (2017) Kat:3, Licht: 0","130234","3","3","5","05","17","5","1","0","0","1","1","0"
"POINT (9.743721890000074 52.384972400000038)","Unfall 130235 (2017) Kat:3, Licht: 0","130235","3","2","4","05","17","5","1","0","1","1","0","0"
"POINT (9.753900012000031 52.361583003000078)","Unfall 130238 (2017) Kat:3, Licht: 0","130238","3","7","8","05","15","5","0","0","1","1","0","0"
"POINT (9.735702684000046 52.375873234000039)","Unfall 130239 (2017) Kat:3, Licht: 0","130239","3","7","6","05","11","5","0","0","0","1","1","0"
"POINT (9.723817728000029 52.342506590000028)","Unfall 130240 (2017) Kat:3, Licht: 0","130240","3","2","0","05","11","5","0","0","1","0","0","0"
"POINT (9.821818989000064 52.356350147000057)","Unfall 130241 (2017) Kat:3, Licht: 0","130241","3","6","0","05","07","5","0","0","0","0","0","0"
"POINT (9.810553994000031 52.359839496000063)","Unfall 130242 (2017) Kat:3, Licht: 0","130242","3","3","5","05","10","5","0","0","1","1","0","0"
"POINT (9.709447474000058 52.361021683000047)","Unfall 130244 (2017) Kat:3, Licht: 0","130244","3","4","6","05","19","5","1","0","0","1","1","0"
"POINT (9.816136666000034 52.387203419000059)","Unfall 130274 (2017) Kat:3, Licht: 0","130274","3","3","5","05","16","4","0","0","0","1","0","0"
"POINT (9.858912384000064 52.400205143000051)","Unfall 130275 (2017) Kat:3, Licht: 0","130275","3","3","5","05","11","4","0","0","1","1","0","0"
"POINT (9.742263165000054 52.390099728000052)","Unfall 130276 (2017) Kat:3, Licht: 0","130276","3","5","1","05","08","4","0","0","1","1","0","0"
"POINT (9.632349899000076 52.411289815000032)","Unfall 130313 (2017) Kat:3, Licht: 0","130313","3","2","5","05","12","4","0","0","0","1","0","0"
"POINT (9.739726523000059 52.381258835000040)","Unfall 130314 (2017) Kat:3, Licht: 0","130314","3","2","2","05","17","4","0","0","0","1","0","0"
"POINT (9.747361217000048 52.378482119000068)","Unfall 130315 (2017) Kat:3, Licht: 0","130315","3","6","0","05","15","4","0","0","0","1","0","0"
"POINT (9.729416997000044 52.378811038000038)","Unfall 130316 (2017) Kat:3, Licht: 0","130316","3","6","2","05","20","4","0","0","0","1","0","1"
"POINT (9.771372662000033 52.354090642000074)","Unfall 130320 (2017) Kat:3, Licht: 2","130320","3","7","0","05","22","4","0","2","1","0","0","0"
"POINT (9.774213880000048 52.360757175000060)","Unfall 130321 (2017) Kat:3, Licht: 0","130321","3","3","5","05","16","4","0","0","1","1","0","0"
"POINT (9.700805093000042 52.391455955000026)","Unfall 130322 (2017) Kat:3, Licht: 0","130322","3","3","5","05","16","4","0","0","1","0","0","0"
"POINT (9.722020794000059 52.389140649000069)","Unfall 130323 (2017) Kat:3, Licht: 0","130323","3","3","5","05","12","4","0","0","1","1","0","0"
"POINT (9.710620424000069 52.367318699000066)","Unfall 130324 (2017) Kat:3, Licht: 0","130324","3","7","0","05","14","4","0","0","1","0","0","0"
"POINT (9.672918653000068 52.398465787000077)","Unfall 130325 (2017) Kat:3, Licht: 0","130325","3","2","5","05","07","4","0","0","1","1","0","0"
"POINT (9.725019807000024 52.387441968000076)","Unfall 130326 (2017) Kat:3, Licht: 0","130326","3","2","5","05","08","4","0","0","1","1","0","0"
"POINT (9.723980349000044 52.386214223000081)","Unfall 130327 (2017) Kat:3, Licht: 0","130327","3","5","1","05","10","4","0","0","1","1","0","0"
"POINT (9.687435504000064 52.392575420000071)","Unfall 130360 (2017) Kat:3, Licht: 0","130360","3","6","0","05","09","3","0","0","1","0","0","0"
"POINT (9.711379760000057 52.372982683000032)","Unfall 130361 (2017) Kat:3, Licht: 0","130361","3","4","6","05","19","3","0","0","1","0","1","0"
"POINT (9.719540969000036 52.396925856000053)","Unfall 130362 (2017) Kat:3, Licht: 0","130362","3","6","2","05","16","3","1","0","0","1","0","0"
"POINT (9.725343913000074 52.383319022000080)","Unfall 130363 (2017) Kat:3, Licht: 0","130363","3","3","5","05","17","3","1","0","1","1","0","0"