WKT,Name,OBJECTID,UKATEGORIE,UTYP1,UART,UMONAT,USTUNDE,UWOCHENTAG,STRZUSTAND,ULICHTVERH,ISTRAD,ISTPKW,ISTFUSS,ISTKRAD
"POINT (9.743629264000049 52.398208898000064)","Unfall 130364 (2017) Kat:3, Licht: 0","130364","3","2","0","05","07","3","0","0","1","0","0","1"
"POINT (9.751755064000065 52.385926986000072)","Unfall 130367 (2017) Kat:3, Licht: 0","130367","3","2","0","05","17","3","1","0","1","1","0","0"
"POINT (9.754000192000035 52.379733938000072)","Unfall 130368 (2017) Kat:2, Licht: 0","130368","2","4","6","05","08","3","0","0","0","1","1","0"
"POINT (9.726992655000061 52.366836995000028)","Unfall 130398 (2017) Kat:3, Licht: 0","130398","3","3","5","05","17","2","0","0","1","1","0","0"
"POINT (9.729723977000049 52.369554874000073)","Unfall 130399 (2017) Kat:3, Licht: 0","130399","3","2","4","05","14","2","0","0","1","1","0","0"
"POINT (9.791069835000030 52.412421324000036)","Unfall 130400 (2017) Kat:3, Licht: 0","130400","3","3","0","05","14","2","0","0","1","1","0","0"
"POINT (9.745764649000023 52.413251577000040)","Unfall 130404 (2017) Kat:3, Licht: 0","130404","3","7","8","05","13","2","0","0","0","1","0","0"
"POINT (9.793237465000061 52.393642843000066)","Unfall 130405 (2017) Kat:2, Licht: 0","130405","2","6","0","05","14","2","0","0","0","1","0","1"
"POINT (9.807446780000021 52.391258571000037)","Unfall 130423 (2017) Kat:3, Licht: 0","130423","3","7","0","05","13","1","0","0","1","0","0","0"
"POINT (9.711938172000032 52.360668990000079)","Unfall 130445 (2017) Kat:3, Licht: 0","130445","3","6","3","05","17","7","0","0","0","1","0","1"
"POINT (9.817739484000072 52.319823089000067)","Unfall 130475 (2017) Kat:3, Licht: 0","130475","3","5","1","05","08","6","0","0","0","1","0","0"
"POINT (9.758337248000032 52.343272647000049)","Unfall 130476 (2017) Kat:3, Licht: 0","130476","3","7","1","05","13","6","0","0","0","1","0","0"
"POINT (9.775798479000059 52.336063536000040)","Unfall 130477 (2017) Kat:3, Licht: 0","130477","3","1","0","05","15","6","0","0","1","0","0","0"
"POINT (9.710722898000029 52.367309969000075)","Unfall 130480 (2017) Kat:3, Licht: 0","130480","3","1","0","05","17","6","0","0","1","0","0","0"
"POINT (9.707002388000035 52.375456955000061)","Unfall 130504 (2017) Kat:3, Licht: 0","130504","3","5","1","05","13","5","0","0","1","1","0","0"
"POINT (9.854535599000030 52.369467893000035)","Unfall 130505 (2017) Kat:3, Licht: 0","130505","3","7","0","05","13","5","0","0","1","0","0","0"
"POINT (9.731756816000029 52.373296732000028)","Unfall 130506 (2017) Kat:3, Licht: 0","130506","3","6","6","05","17","5","0","0","1","0","1","0"
"POINT (9.804379246000053 52.338379355000029)","Unfall 130509 (2017) Kat:3, Licht: 0","130509","3","6","2","05","18","5","0","0","0","1","0","0"
"POINT (9.721812194000052 52.353326836000065)","Unfall 130535 (2017) Kat:3, Licht: 0","130535","3","6","2","05","18","4","0","0","0","1","0","1"
"POINT (9.796359301000052 52.376615690000051)","Unfall 130536 (2017) Kat:3, Licht: 0","130536","3","5","1","05","19","4","0","0","1","1","0","0"
"POINT (9.792487918000063 52.397556290000068)","Unfall 130537 (2017) Kat:3, Licht: 0","130537","3","3","5","05","09","4","0","0","1","1","0","0"
"POINT (9.745236616000057 52.385365501000081)","Unfall 130538 (2017) Kat:3, Licht: 0","130538","3","6","2","05","17","4","0","0","1","1","0","0"
"POINT (9.740628132000040 52.400152401000071)","Unfall 130539 (2017) Kat:3, Licht: 0","130539","3","2","5","05","07","4","0","0","0","1","0","0"
"POINT (9.692362885000023 52.408833429000026)","Unfall 130542 (2017) Kat:2, Licht: 0","130542","2","3","5","05","18","4","0","0","0","1","0","0"
"POINT (9.778297554000062 52.361632490000034)","Unfall 130543 (2017) Kat:3, Licht: 0","130543","3","7","0","05","08","4","0","0","1","0","0","0"
"POINT (9.774466059000076 52.371296591000032)","Unfall 130558 (2017) Kat:3, Licht: 0","130558","3","2","6","06","15","5","0","0","0","1","1","0"
"POINT (9.750535457000069 52.410596141000042)","Unfall 130560 (2017) Kat:3, Licht: 0","130560","3","2","0","06","08","5","1","0","0","0","0","1"
"POINT (9.729740357000026 52.376407226000026)","Unfall 130561 (2017) Kat:3, Licht: 0","130561","3","3","5","06","09","5","1","0","1","0","0","0"
"POINT (9.792488217000027 52.397559519000026)","Unfall 130562 (2017) Kat:3, Licht: 0","130562","3","6","2","06","06","5","1","0","0","1","0","0"
"POINT (9.723855272000037 52.346996492000073)","Unfall 130590 (2017) Kat:3, Licht: 0","130590","3","3","5","06","11","4","0","0","1","1","0","0"
"POINT (9.858837376000054 52.361348377000070)","Unfall 130591 (2017) Kat:3, Licht: 0","130591","3","2","2","06","12","4","0","0","0","1","0","0"
"POINT (9.786559851000050 52.373084929000072)","Unfall 130629 (2017) Kat:3, Licht: 0","130629","3","5","1","06","15","3","1","0","0","1","0","0"
"POINT (9.744692893000035 52.380751612000040)","Unfall 130632 (2017) Kat:3, Licht: 0","130632","3","3","5","06","17","3","0","0","1","1","0","0"
"POINT (9.674298508000049 52.412143556000046)","Unfall 130633 (2017) Kat:3, Licht: 0","130633","3","7","0","06","09","3","0","0","0","1","0","0"
"POINT (9.713269744000058 52.343784703000040)","Unfall 130657 (2017) Kat:3, Licht: 0","130657","3","3","5","06","14","2","0","0","0","1","0","0"
"POINT (9.790331221000031 52.383234861000062)","Unfall 130658 (2017) Kat:3, Licht: 0","130658","3","7","8","06","13","2","0","0","1","0","0","0"
"POINT (9.800399347000052 52.335122084000034)","Unfall 130659 (2017) Kat:3, Licht: 0","130659","3","2","5","06","18","2","0","0","1","1","0","0"
"POINT (9.697273073000076 52.421979091000026)","Unfall 130661 (2017) Kat:3, Licht: 0","130661","3","6","4","06","16","2","0","0","1","0","0","0"
"POINT (9.862201024000058 52.361714460000030)","Unfall 130662 (2017) Kat:2, Licht: 0","130662","2","7","0","06","16","2","0","0","1","0","0","0"
"POINT (9.744246327000042 52.377422349000028)","Unfall 130663 (2017) Kat:3, Licht: 0","130663","3","2","5","06","16","2","0","0","1","1","0","0"
"POINT (9.708728945000075 52.380186332000051)","Unfall 130664 (2017) Kat:2, Licht: 0","130664","2","6","6","06","13","2","0","0","1","0","1","0"
"POINT (9.692413325000075 52.337069124000038)","Unfall 130679 (2017) Kat:3, Licht: 0","130679","3","2","5","06","08","1","1","0","0","1","0","0"
"POINT (9.721199391000027 52.360749912000074)","Unfall 130700 (2017) Kat:3, Licht: 0","130700","3","3","5","06","17","7","0","0","1","1","0","0"
"POINT (9.708813328000076 52.372986452000077)","Unfall 130704 (2017) Kat:3, Licht: 0","130704","3","4","6","06","14","7","0","0","0","0","1","0"
"POINT (9.754036321000058 52.379581759000075)","Unfall 130733 (2017) Kat:3, Licht: 0","130733","3","4","6","06","17","6","0","0","0","1","1","0"
"POINT (9.747116322000068 52.365289636000057)","Unfall 130734 (2017) Kat:3, Licht: 0","130734","3","3","5","06","13","6","0","0","1","1","0","0"
"POINT (9.686333425000044 52.364780237000048)","Unfall 130735 (2017) Kat:2, Licht: 0","130735","2","2","5","06","11","6","0","0","1","1","0","0"
"POINT (9.786325535000060 52.374937454000076)","Unfall 130736 (2017) Kat:3, Licht: 0","130736","3","2","5","06","09","6","0","0","1","0","0","0"
"POINT (9.734211235000032 52.377612149000072)","Unfall 130737 (2017) Kat:2, Licht: 2","130737","2","1","0","06","01","6","0","2","1","1","0","0"
"POINT (9.702257874000054 52.328906227000061)","Unfall 130775 (2017) Kat:3, Licht: 0","130775","3","3","5","06","07","5","0","0","1","1","0","0"
"POINT (9.773424593000073 52.350707665000073)","Unfall 130777 (2017) Kat:3, Licht: 0","130777","3","2","0","06","07","5","0","0","1","1","0","0"
"POINT (9.791582879000032 52.403249601000027)","Unfall 130778 (2017) Kat:3, Licht: 0","130778","3","2","5","06","09","5","0","0","1","1","0","0"
"POINT (9.750423277000039 52.375247569000067)","Unfall 130779 (2017) Kat:3, Licht: 0","130779","3","6","2","06","16","5","0","0","0","1","0","0"
"POINT (9.731672248000052 52.370955168000080)","Unfall 130783 (2017) Kat:3, Licht: 0","130783","3","3","5","06","10","5","0","0","1","0","0","0"
"POINT (9.687435506000043 52.364778042000069)","Unfall 130784 (2017) Kat:2, Licht: 0","130784","2","7","0","06","06","5","0","0","0","1","0","1"
"POINT (9.787293494000039 52.348639810000066)","Unfall 130816 (2017) Kat:3, Licht: 0","130816","3","7","0","06","06","6","0","0","1","0","1","0"
"POINT (9.746862209000028 52.392661964000069)","Unfall 130817 (2017) Kat:3, Licht: 0","130817","3","2","5","06","12","6","0","0","1","1","0","0"
"POINT (9.750549734000060 52.379827533000082)","Unfall 130818 (2017) Kat:3, Licht: 0","130818","3","7","3","06","08","6","0","0","1","1","0","0"
"POINT (9.693285905000039 52.364746085000036)","Unfall 130819 (2017) Kat:3, Licht: 0","130819","3","1","0","06","16","6","0","0","1","0","0","0"
"POINT (9.775043570000037 52.401773430000048)","Unfall 130822 (2017) Kat:3, Licht: 0","130822","3","3","5","06","21","6","0","0","0","1","0","0"
"POINT (9.789955108000072 52.414586490000033)","Unfall 130823 (2017) Kat:3, Licht: 0","130823","3","4","6","06","13","6","0","0","0","1","1","0"
"POINT (9.691937946000053 52.351938503000042)","Unfall 130824 (2017) Kat:3, Licht: 0","130824","3","5","1","06","14","6","0","0","0","1","0","0"
"POINT (9.693576836000034 52.338106061000076)","Unfall 130857 (2017) Kat:3, Licht: 0","130857","3","3","5","06","13","5","0","0","0","1","0","0"
"POINT (9.733496592000051 52.362187776000042)","Unfall 130858 (2017) Kat:3, Licht: 0","130858","3","6","2","06","13","5","0","0","0","1","0","0"
"POINT (9.750966402000074 52.348367216000042)","Unfall 130859 (2017) Kat:3, Licht: 0","130859","3","3","5","06","09","5","0","0","0","1","0","1"
"POINT (9.832173894000050 52.347173897000062)","Unfall 130860 (2017) Kat:3, Licht: 0","130860","3","1","4","06","12","5","0","0","1","1","0","0"
"POINT (9.753610320000064 52.381459582000048)","Unfall 130861 (2017) Kat:3, Licht: 0","130861","3","7","8","06","14","5","0","0","0","1","0","0"
"POINT (9.728469717000053 52.377910255000074)","Unfall 130862 (2017) Kat:3, Licht: 2","130862","3","3","0","06","21","5","1","2","0","1","0","0"
"POINT (9.744634751000035 52.395168970000043)","Unfall 130866 (2017) Kat:3, Licht: 0","130866","3","2","5","06","10","5","0","0","1","1","0","0"
"POINT (9.747875357000055 52.395241879000082)","Unfall 130867 (2017) Kat:3, Licht: 0","130867","3","2","5","06","07","5","0","0","1","1","0","0"
"POINT (9.751836446000027 52.386049984000067)","Unfall 130868 (2017) Kat:2, Licht: 0","130868","2","3","5","06","08","5","0","0","1","0","0","0"
"POINT (9.755464269000072 52.355605623000031)","Unfall 130898 (2017) Kat:3, Licht: 0","130898","3","7","0","06","10","4","0","0","0","1","0","0"
"POINT (9.713811455000041 52.371269839000036)","Unfall 130900 (2017) Kat:3, Licht: 0","130900","3","3","0","06","09","4","0","0","1","0","0","1"
"POINT (9.774674002000040 52.363897446000067)","Unfall 130901 (2017) Kat:3, Licht: 0","130901","3","3","5","06","12","4","0","0","1","1","0","0"
"POINT (9.696192265000036 52.393376008000075)","Unfall 130902 (2017) Kat:3, Licht: 0","130902","3","6","4","06","11","4","0","0","1","0","0","0"
"POINT (9.795782407000047 52.375545253000041)","Unfall 130930 (2017) Kat:3, Licht: 0","130930","3","2","2","06","16","3","0","0","0","1","0","0"
"POINT (9.855629328000021 52.393185385000038)","Unfall 130931 (2017) Kat:3, Licht: 0","130931","3","3","5","06","16","3","0","0","1","1","0","0"
"POINT (9.751873120000028 52.392647912000029)","Unfall 130932 (2017) Kat:3, Licht: 0","130932","3","2","6","06","19","3","0","0","1","0","1","0"
"POINT (9.744888346000039 52.374708476000080)","Unfall 130933 (2017) Kat:3, Licht: 0","130933","3","2","5","06","14","3","0","0","1","1","0","0"
"POINT (9.692694050000057 52.396664764000036)","Unfall 130934 (2017) Kat:3, Licht: 0","130934","3","3","5","06","13","3","0","0","1","1","0","0"
"POINT (9.799007708000033 52.376516778000052)","Unfall 130935 (2017) Kat:3, Licht: 0","130935","3","3","5","06","05","3","0","0","1","0","0","0"
"POINT (9.641714180000065 52.416179601000067)","Unfall 130959 (2017) Kat:3, Licht: 0","130959","3","6","2","06","15","2","0","0","0","1","0","0"
"POINT (9.685277279000047 52.394693418000031)","Unfall 130960 (2017) Kat:3, Licht: 0","130960","3","3","5","06","10","2","0","0","1","1","0","0"
"POINT (9.818990403000043 52.348068142000045)","Unfall 130961 (2017) Kat:3, Licht: 2","130961","3","5","5","06","22","2","0","2","0","1","0","0"
"POINT (9.720769733000054 52.390120127000046)","Unfall 130962 (2017) Kat:3, Licht: 0","130962","3","5","1","06","09","2","0","0","1","1","0","0"
"POINT (9.762298620000024 52.410288863000062)","Unfall 130963 (2017) Kat:3, Licht: 0","130963","3","7","0","06","18","2","0","0","1","0","0","0"
"POINT (9.729144688000076 52.410785898000029)","Unfall 130964 (2017) Kat:3, Licht: 0","130964","3","6","2","06","15","2","0","0","1","0","0","0"
"POINT (9.854318948000071 52.391485543000044)","Unfall 130987 (2017) Kat:3, Licht: 0","130987","3","7","0","06","16","1","0","0","1","0","0","0"
"POINT (9.735161364000021 52.380394067000054)","Unfall 130988 (2017) Kat:3, Licht: 0","130988","3","1","8","06","05","1","0","0","0","1","0","0"
"POINT (9.724377317000062 52.345981895000079)","Unfall 131005 (2017) Kat:3, Licht: 0","131005","3","5","3","06","17","7","0","0","0","1","0","0"
"POINT (9.717073169000059 52.344901338000057)","Unfall 131006 (2017) Kat:3, Licht: 0","131006","3","2","5","06","19","7","0","0","1","1","0","0"
"POINT (9.815265440000076 52.360804251000047)","Unfall 131007 (2017) Kat:3, Licht: 0","131007","3","7","6","06","14","7","0","0","0","1","1","0"
"POINT (9.702377220000074 52.328911526000070)","Unfall 131036 (2017) Kat:3, Licht: 0","131036","3","3","5","06","16","6","1","0","1","1","0","0"
"POINT (9.719974777000061 52.373540206000030)","Unfall 131037 (2017) Kat:3, Licht: 0","131037","3","1","0","06","16","6","1","0","1","0","0","0"
"POINT (9.755694327000072 52.376340104000064)","Unfall 131038 (2017) Kat:3, Licht: 0","131038","3","6","4","06","13","6","0","0","1","1","0","0"
"POINT (9.722225532000039 52.385736012000052)","Unfall 131039 (2017) Kat:2, Licht: 0","131039","2","3","5","06","21","6","1","0","0","1","0","1"
"POINT (9.737307384000076 52.399156820000030)","Unfall 131040 (2017) Kat:3, Licht: 0","131040","3","1","5","06","17","6","1","0","0","1","0","1"
"POINT (9.803438509000046 52.411177361000057)","Unfall 131042 (2017) Kat:3, Licht: 0","131042","3","3","5","06","15","6","0","0","1","1","0","0"
"POINT (9.829195136000067 52.399504138000054)","Unfall 131043 (2017) Kat:3, Licht: 0","131043","3","1","0","06","13","6","0","0","0","0","0","1"
"POINT (9.717101818000060 52.341777303000072)","Unfall 131075 (2017) Kat:3, Licht: 0","131075","3","2","4","06","11","5","1","0","0","1","0","0"
"POINT (9.717268851000029 52.346362408000061)","Unfall 131076 (2017) Kat:3, Licht: 0","131076","3","6","4","06","08","5","1","0","0","1","0","1"
"POINT (9.804233851000049 52.391233390000082)","Unfall 131077 (2017) Kat:3, Licht: 0","131077","3","2","2","06","08","5","1","0","1","1","0","0"
"POINT (9.728515219000030 52.377923026000076)","Unfall 131086 (2017) Kat:3, Licht: 0","131086","3","6","2","06","10","7","0","0","0","1","0","0"
"POINT (9.723420446000034 52.361149668000053)","Unfall 131105 (2017) Kat:3, Licht: 0","131105","3","3","5","06","12","6","0","0","1","1","0","0"
"POINT (9.764787809000040 52.357262667000043)","Unfall 131106 (2017) Kat:3, Licht: 0","131106","3","6","2","06","16","6","0","0","0","1","0","0"
"POINT (9.729790373000071 52.398316079000040)","Unfall 131107 (2017) Kat:3, Licht: 0","131107","3","3","5","06","16","6","0","0","0","1","0","0"
"POINT (9.748816627000053 52.389006843000061)","Unfall 131108 (2017) Kat:3, Licht: 2","131108","3","3","5","06","23","6","0","2","1","1","0","0"
"POINT (9.794177714000057 52.350816435000070)","Unfall 131109 (2017) Kat:3, Licht: 0","131109","3","6","3","06","16","6","0","0","0","1","0","1"
"POINT (9.765603628000065 52.338245168000071)","Unfall 131110 (2017) Kat:3, Licht: 0","131110","3","3","5","06","14","6","0","0","1","1","0","0"
"POINT (9.728392948000021 52.377888707000068)","Unfall 131111 (2017) Kat:3, Licht: 0","131111","3","2","0","06","10","6","0","0","0","1","0","1"
"POINT (9.804566620000060 52.330585660000054)","Unfall 131141 (2017) Kat:3, Licht: 2","131141","3","2","5","06","22","5","1","2","0","1","0","0"
"POINT (9.693830477000063 52.400951738000060)","Unfall 131142 (2017) Kat:3, Licht: 0","131142","3","2","5","06","16","5","0","0","0","1","0","1"
"POINT (9.760713730000077 52.369331376000048)","Unfall 131143 (2017) Kat:2, Licht: 0","131143","2","2","5","06","07","5","0","0","1","1","0","0"
"POINT (9.715901891000044 52.362216798000077)","Unfall 131175 (2017) Kat:3, Licht: 0","131175","3","6","3","06","21","4","0","0","0","1","0","0"
"POINT (9.793360518000043 52.393607854000038)","Unfall 131177 (2017) Kat:3, Licht: 0","131177","3","6","2","06","14","4","0","0","0","1","0","0"
"POINT (9.830946176000055 52.390034862000050)","Unfall 131178 (2017) Kat:3, Licht: 0","131178","3","5","1","06","18","4","0","0","1","0","0","0"
"POINT (9.756527097000060 52.420408791000057)","Unfall 131179 (2017) Kat:3, Licht: 0","131179","3","3","5","06","08","4","0","0","1","1","0","0"
"POINT (9.767381733000036 52.396358630000066)","Unfall 131180 (2017) Kat:3, Licht: 0","131180","3","2","5","06","09","4","0","0","1","1","0","0"
"POINT (9.762393912000050 52.380484054000078)","Unfall 131182 (2017) Kat:3, Licht: 0","131182","3","6","2","06","16","4","0","0","0","1","0","0"
"POINT (9.762456307000036 52.335623996000038)","Unfall 131183 (2017) Kat:3, Licht: 0","131183","3","2","5","06","07","4","0","0","1","1","0","0"
"POINT (9.784069690000024 52.398296028000061)","Unfall 131184 (2017) Kat:3, Licht: 0","131184","3","2","5","06","08","4","0","0","0","1","0","0"
"POINT (9.760661166000034 52.395920681000064)","Unfall 131185 (2017) Kat:3, Licht: 0","131185","3","2","5","06","08","4","0","0","1","1","0","0"
"POINT (9.675401724000039 52.400314027000036)","Unfall 131228 (2017) Kat:3, Licht: 0","131228","3","7","3","06","16","3","0","0","1","1","0","0"
"POINT (9.786873612000022 52.335215860000062)","Unfall 131229 (2017) Kat:3, Licht: 0","131229","3","2","4","06","09","3","0","0","1","1","0","0"
"POINT (9.757555854000032 52.374199530000055)","Unfall 131230 (2017) Kat:3, Licht: 0","131230","3","5","1","06","16","3","0","0","1","1","0","0"
"POINT (9.728347775000032 52.376645051000082)","Unfall 131231 (2017) Kat:3, Licht: 0","131231","3","3","5","06","07","3","0","0","1","1","0","0"
"POINT (9.703110192000054 52.368704991000072)","Unfall 131233 (2017) Kat:3, Licht: 0","131233","3","3","5","06","11","3","0","0","1","1","0","0"
"POINT (9.745079790000034 52.381525805000081)","Unfall 131234 (2017) Kat:3, Licht: 0","131234","3","5","1","06","16","3","0","0","1","1","0","0"
"POINT (9.692424965000043 52.398117091000074)","Unfall 131272 (2017) Kat:3, Licht: 0","131272","3","2","3","06","18","2","0","0","1","1","0","0"
"POINT (9.711824162000028 52.372831630000064)","Unfall 131273 (2017) Kat:3, Licht: 0","131273","3","7","0","06","18","2","0","0","1","0","0","0"
"POINT (9.689729465000028 52.364666173000046)","Unfall 131274 (2017) Kat:3, Licht: 0","131274","3","6","2","06","15","2","0","0","0","1","0","0"
"POINT (9.755850069000076 52.377727384000082)","Unfall 131275 (2017) Kat:3, Licht: 0","131275","3","2","5","06","16","2","0","0","0","1","0","1"
"POINT (9.798570888000029 52.405462643000078)","Unfall 131277 (2017) Kat:2, Licht: 0","131277","2","3","5","06","18","2","0","0","1","0","0","0"
"POINT (9.771372662000033 52.354090642000074)","Unfall 131278 (2017) Kat:3, Licht: 0","131278","3","1","0","06","12","2","0","0","1","0","0","0"
"POINT (9.761590560000059 52.379733306000048)","Unfall 131280 (2017) Kat:3, Licht: 0","131280","3","3","5","06","09","2","0","0","0","1","0","0"
"POINT (9.709421724000038 52.343903111000031)","Unfall 131281 (2017) Kat:3, Licht: 0","131281","3","3","5","06","06","2","0","0","0","1","0","0"
"POINT (9.799545567000052 52.434591633000082)","Unfall 131304 (2017) Kat:3, Licht: 0","131304","3","1","7","06","09","1","0","0","0","1","0","0"
"POINT (9.809697311000036 52.391437367000037)","Unfall 131319 (2017) Kat:3, Licht: 0","131319","3","5","0","06","13","7","0","0","1","1","0","0"
"POINT (9.730496162000065 52.381199063000054)","Unfall 131320 (2017) Kat:3, Licht: 2","131320","3","1","0","06","01","7","0","2","1","0","0","0"
"POINT (9.670132997000053 52.409188624000080)","Unfall 131321 (2017) Kat:3, Licht: 0","131321","3","4","6","06","19","7","0","0","0","1","1","0"
"POINT (9.740629181000031 52.364802793000081)","Unfall 131322 (2017) Kat:3, Licht: 0","131322","3","4","6","06","18","7","0","0","1","0","1","0"
"POINT (9.683484689000068 52.395387161000031)","Unfall 131348 (2017) Kat:3, Licht: 0","131348","3","5","1","06","12","6","0","0","1","1","0","0"
"POINT (9.717395508000038 52.354410093000070)","Unfall 131349 (2017) Kat:3, Licht: 0","131349","3","3","5","06","10","6","0","0","1","1","0","0"
"POINT (9.696656997000048 52.391513039000074)","Unfall 131351 (2017) Kat:3, Licht: 0","131351","3","7","0","07","19","3","0","0","0","0","0","1"
"POINT (9.731938824000054 52.396669709000037)","Unfall 131352 (2017) Kat:3, Licht: 0","131352","3","7","6","07","18","3","0","0","1","0","1","0"
"POINT (9.761296247000075 52.379999803000032)","Unfall 131356 (2017) Kat:3, Licht: 0","131356","3","3","5","07","12","3","0","0","0","1","0","0"
"POINT (9.729687730000023 52.355525622000073)","Unfall 131357 (2017) Kat:3, Licht: 0","131357","3","3","5","07","08","3","0","0","1","1","0","0"
"POINT (9.722295878000068 52.378252274000033)","Unfall 131380 (2017) Kat:3, Licht: 0","131380","3","6","0","07","19","2","0","0","0","1","0","1"
"POINT (9.670597419000046 52.355425280000077)","Unfall 131381 (2017) Kat:3, Licht: 0","131381","3","6","3","07","11","2","0","0","1","1","0","0"
"POINT (9.793361305000076 52.402613387000031)","Unfall 131382 (2017) Kat:3, Licht: 0","131382","3","3","5","07","12","2","0","0","0","1","0","0"
"POINT (9.782557239000028 52.401150617000042)","Unfall 131383 (2017) Kat:3, Licht: 0","131383","3","1","0","07","19","2","0","0","1","0","0","0"
"POINT (9.755472711000039 52.368684384000062)","Unfall 131386 (2017) Kat:2, Licht: 0","131386","2","7","0","07","06","2","0","0","1","0","0","0"
"POINT (9.791270671000063 52.342604633000064)","Unfall 131387 (2017) Kat:3, Licht: 0","131387","3","2","2","07","12","2","0","0","1","0","0","0"
"POINT (9.707708774000025 52.374192839000045)","Unfall 131388 (2017) Kat:2, Licht: 0","131388","2","2","5","07","15","2","0","0","1","1","0","0"
"POINT (9.692422968000074 52.398072328000069)","Unfall 131389 (2017) Kat:3, Licht: 0","131389","3","2","5","07","13","2","0","0","1","1","0","0"
"POINT (9.744343979000064 52.358811332000073)","Unfall 131408 (2017) Kat:3, Licht: 0","131408","3","3","5","07","11","1","0","0","0","1","0","0"
"POINT (9.860351588000071 52.362946852000050)","Unfall 131409 (2017) Kat:3, Licht: 0","131409","3","1","0","07","14","1","1","0","0","0","0","1"
"POINT (9.666224163000038 52.380157678000046)","Unfall 131410 (2017) Kat:3, Licht: 0","131410","3","1","8","07","12","1","0","0","0","0","0","1"
"POINT (9.710889044000055 52.359363032000033)","Unfall 131424 (2017) Kat:3, Licht: 0","131424","3","2","5","07","14","7","0","0","0","1","0","0"
"POINT (9.668103499000040 52.364792997000052)","Unfall 131425 (2017) Kat:2, Licht: 0","131425","2","7","6","07","13","7","1","0","0","1","1","0"
"POINT (9.781058742000028 52.400205784000036)","Unfall 131426 (2017) Kat:3, Licht: 0","131426","3","2","4","07","20","7","1","0","0","1","0","0"
"POINT (9.768656615000054 52.399144772000056)","Unfall 131427 (2017) Kat:3, Licht: 0","131427","3","5","1","07","13","7","1","0","0","1","0","0"
"POINT (9.781061992000048 52.400298379000048)","Unfall 131428 (2017) Kat:3, Licht: 0","131428","3","4","6","07","12","7","1","0","0","1","1","0"
"POINT (9.684515774000033 52.393330882000043)","Unfall 131456 (2017) Kat:3, Licht: 0","131456","3","3","5","06","16","6","0","0","1","1","0","0"
"POINT (9.700733180000043 52.375461753000081)","Unfall 131457 (2017) Kat:3, Licht: 0","131457","3","2","2","06","11","6","0","0","0","1","0","0"
"POINT (9.753017291000049 52.363099378000072)","Unfall 131490 (2017) Kat:3, Licht: 0","131490","3","7","6","06","20","5","1","0","0","1","1","0"
"POINT (9.753633146000027 52.355369688000053)","Unfall 131491 (2017) Kat:3, Licht: 0","131491","3","6","2","06","10","5","0","0","0","1","0","0"
"POINT (9.791835903000049 52.334967107000068)","Unfall 131492 (2017) Kat:3, Licht: 0","131492","3","3","5","06","13","5","0","0","1","1","0","0"
"POINT (9.737482951000061 52.381689578000078)","Unfall 131496 (2017) Kat:3, Licht: 0","131496","3","3","5","06","11","5","0","0","1","0","0","0"
"POINT (9.661029954000071 52.405571204000069)","Unfall 131520 (2017) Kat:3, Licht: 0","131520","3","5","0","06","16","4","1","0","0","1","0","0"
"POINT (9.789917381000066 52.395668936000050)","Unfall 131521 (2017) Kat:3, Licht: 0","131521","3","1","8","06","13","4","1","0","0","1","0","0"
"POINT (9.756383277000055 52.390653788000066)","Unfall 131522 (2017) Kat:3, Licht: 0","131522","3","6","2","06","16","4","1","0","0","1","0","0"
"POINT (9.763153967000051 52.395164931000068)","Unfall 131523 (2017) Kat:3, Licht: 0","131523","3","2","5","06","10","4","0","0","1","0","0","0"
"POINT (9.777818563000039 52.399197614000059)","Unfall 131524 (2017) Kat:3, Licht: 2","131524","3","6","3","06","00","4","0","2","1","1","0","0"
"POINT (9.749227565000069 52.374707252000064)","Unfall 131525 (2017) Kat:3, Licht: 0","131525","3","6","2","06","17","4","1","0","0","1","0","0"
"POINT (9.732794089000038 52.375588449000077)","Unfall 131526 (2017) Kat:3, Licht: 0","131526","3","7","0","06","17","4","0","0","1","1","0","0"
"POINT (9.754194239000071 52.379501768000068)","Unfall 131528 (2017) Kat:2, Licht: 0","131528","2","4","6","06","20","4","0","0","1","0","1","0"
"POINT (9.706891446000043 52.370129953000060)","Unfall 131529 (2017) Kat:3, Licht: 0","131529","3","2","5","06","16","4","1","0","0","1","0","0"
"POINT (9.809092063000037 52.385602246000076)","Unfall 131530 (2017) Kat:3, Licht: 0","131530","3","1","9","06","14","4","1","0","0","1","0","0"
"POINT (9.751673265000022 52.371162137000056)","Unfall 131531 (2017) Kat:3, Licht: 0","131531","3","6","2","06","17","4","0","0","0","1","0","0"
"POINT (9.706244187000038 52.372692401000052)","Unfall 131560 (2017) Kat:3, Licht: 0","131560","3","3","5","06","15","3","0","0","1","1","0","0"
"POINT (9.738968702000022 52.372108928000046)","Unfall 131563 (2017) Kat:2, Licht: 0","131563","2","2","6","06","10","3","0","0","0","1","1","0"
"POINT (9.705032553000024 52.346220547000030)","Unfall 131597 (2017) Kat:3, Licht: 0","131597","3","3","5","06","17","2","0","0","1","0","0","0"