WKT,Name,OBJECTID,UKATEGORIE,UTYP1,UART,UMONAT,USTUNDE,UWOCHENTAG,STRZUSTAND,ULICHTVERH,ISTRAD,ISTPKW,ISTFUSS,ISTKRAD
"POINT (9.804576702000077 52.419577443000037)","Unfall 134256 (2017) Kat:3, Licht: 0","134256","3","6","2","09","08","6","0","0","0","1","0","0"
"POINT (9.672298720000072 52.365084641000067)","Unfall 134258 (2017) Kat:3, Licht: 0","134258","3","3","5","09","18","6","0","0","1","1","0","0"
"POINT (9.704073867000034 52.369611950000035)","Unfall 134259 (2017) Kat:2, Licht: 0","134259","2","2","0","09","16","6","0","0","1","0","0","1"
"POINT (9.787560174000021 52.330820110000047)","Unfall 134260 (2017) Kat:3, Licht: 0","134260","3","3","5","09","13","6","0","0","0","1","0","0"
"POINT (9.770301179000057 52.348964032000026)","Unfall 134285 (2017) Kat:3, Licht: 0","134285","3","3","5","09","12","5","0","0","0","1","0","0"
"POINT (9.749677281000061 52.395048351000071)","Unfall 134286 (2017) Kat:3, Licht: 0","134286","3","6","2","09","16","5","0","0","0","1","0","0"
"POINT (9.730991127000038 52.378642496000055)","Unfall 134292 (2017) Kat:3, Licht: 0","134292","3","2","5","10","13","4","0","0","1","1","0","0"
"POINT (9.712935076000065 52.371558037000057)","Unfall 134321 (2017) Kat:3, Licht: 0","134321","3","1","0","10","11","3","1","0","1","0","0","0"
"POINT (9.755820400000062 52.365635853000072)","Unfall 134322 (2017) Kat:3, Licht: 1","134322","3","6","4","10","07","3","1","1","0","1","0","0"
"POINT (9.721068156000058 52.387580177000075)","Unfall 134323 (2017) Kat:3, Licht: 0","134323","3","3","5","10","16","3","1","0","1","1","0","0"
"POINT (9.753133246000061 52.382752020000055)","Unfall 134324 (2017) Kat:3, Licht: 0","134324","3","3","5","10","12","3","1","0","1","1","0","0"
"POINT (9.818874387000051 52.325726987000053)","Unfall 134327 (2017) Kat:3, Licht: 0","134327","3","1","4","10","14","3","1","0","0","1","0","0"
"POINT (9.735429419000070 52.384488574000045)","Unfall 134328 (2017) Kat:3, Licht: 0","134328","3","3","5","10","09","3","1","0","1","1","0","0"
"POINT (9.684376249000025 52.365941888000066)","Unfall 134369 (2017) Kat:3, Licht: 2","134369","3","1","0","10","22","1","0","2","1","0","0","0"
"POINT (9.699352523000073 52.366139481000062)","Unfall 134371 (2017) Kat:3, Licht: 2","134371","3","6","3","10","22","1","0","2","0","1","0","0"
"POINT (9.744577674000027 52.395157020000056)","Unfall 134383 (2017) Kat:2, Licht: 2","134383","2","3","5","10","20","7","1","2","1","1","0","0"
"POINT (9.736236924000025 52.414568408000036)","Unfall 134405 (2017) Kat:3, Licht: 0","134405","3","6","2","10","08","6","0","0","0","1","0","0"
"POINT (9.741847420000056 52.387062159000038)","Unfall 134406 (2017) Kat:3, Licht: 0","134406","3","6","2","10","12","6","1","0","0","1","0","0"
"POINT (9.677953291000051 52.395615787000054)","Unfall 134439 (2017) Kat:3, Licht: 0","134439","3","2","4","10","16","5","1","0","0","1","0","0"
"POINT (9.652009884000051 52.413282894000076)","Unfall 134440 (2017) Kat:3, Licht: 0","134440","3","6","4","10","13","5","1","0","0","1","0","0"
"POINT (9.747644025000056 52.373914202000037)","Unfall 134441 (2017) Kat:3, Licht: 0","134441","3","6","2","10","11","5","0","0","1","1","0","0"
"POINT (9.734945767000056 52.380125744000054)","Unfall 134442 (2017) Kat:3, Licht: 2","134442","3","6","2","10","20","5","1","2","0","1","0","0"
"POINT (9.790314381000030 52.408243978000030)","Unfall 134444 (2017) Kat:3, Licht: 0","134444","3","2","2","10","12","5","1","0","0","1","0","0"
"POINT (9.719693057000029 52.386670316000050)","Unfall 134446 (2017) Kat:2, Licht: 0","134446","2","7","7","10","11","5","1","0","1","0","0","0"
"POINT (9.732259833000057 52.417740352000067)","Unfall 134465 (2017) Kat:3, Licht: 0","134465","3","1","0","10","15","4","0","0","1","0","0","0"
"POINT (9.738482145000035 52.390116690000070)","Unfall 134467 (2017) Kat:3, Licht: 0","134467","3","6","2","10","10","4","0","0","0","1","0","0"
"POINT (9.706854319000058 52.407815569000036)","Unfall 134468 (2017) Kat:3, Licht: 2","134468","3","3","5","10","06","4","1","2","0","1","0","0"
"POINT (9.802348996000035 52.398445732000027)","Unfall 134481 (2017) Kat:3, Licht: 1","134481","3","1","0","10","18","3","1","1","0","0","0","1"
"POINT (9.742563692000033 52.386274495000066)","Unfall 134483 (2017) Kat:3, Licht: 0","134483","3","3","5","10","12","3","0","0","0","1","0","0"
"POINT (9.724128775000054 52.363737601000082)","Unfall 134498 (2017) Kat:3, Licht: 0","134498","3","7","0","10","16","2","0","0","0","0","0","1"
"POINT (9.771801560000029 52.370857762000071)","Unfall 134499 (2017) Kat:3, Licht: 2","134499","3","3","5","10","06","2","1","2","0","1","0","0"
"POINT (9.836912986000073 52.421182829000031)","Unfall 134500 (2017) Kat:3, Licht: 0","134500","3","2","5","10","10","2","1","0","0","1","0","0"
"POINT (9.676419001000056 52.416064671000072)","Unfall 134531 (2017) Kat:3, Licht: 2","134531","3","7","0","10","05","1","1","2","1","0","0","0"
"POINT (9.690642545000060 52.346127105000051)","Unfall 134532 (2017) Kat:3, Licht: 0","134532","3","2","5","10","13","1","0","0","1","1","0","0"
"POINT (9.743824510000025 52.380704973000036)","Unfall 134555 (2017) Kat:3, Licht: 2","134555","3","3","0","09","19","7","0","2","1","1","0","0"
"POINT (9.707436879000056 52.364332420000039)","Unfall 134556 (2017) Kat:3, Licht: 0","134556","3","1","0","09","17","7","0","0","1","0","0","0"
"POINT (9.729113020000057 52.370512563000034)","Unfall 134557 (2017) Kat:3, Licht: 0","134557","3","1","0","09","13","7","1","0","0","0","0","1"
"POINT (9.694095120000043 52.409161577000077)","Unfall 134577 (2017) Kat:3, Licht: 0","134577","3","3","5","10","15","5","0","0","1","1","0","0"
"POINT (9.745652144000076 52.367378812000027)","Unfall 134578 (2017) Kat:3, Licht: 1","134578","3","3","5","10","17","5","0","1","1","1","0","0"
"POINT (9.681139257000041 52.409495361000040)","Unfall 134602 (2017) Kat:2, Licht: 2","134602","2","1","0","10","05","5","1","2","1","0","0","0"
"POINT (9.722522665000042 52.377245937000055)","Unfall 134603 (2017) Kat:3, Licht: 0","134603","3","6","2","10","08","5","0","0","0","1","0","0"
"POINT (9.739633793000053 52.381203724000045)","Unfall 134604 (2017) Kat:3, Licht: 2","134604","3","2","5","10","07","5","0","2","1","1","0","0"
"POINT (9.769038954000052 52.358462449000058)","Unfall 134606 (2017) Kat:2, Licht: 2","134606","2","3","5","10","18","5","0","2","1","0","0","1"
"POINT (9.756150265000031 52.342667381000069)","Unfall 134607 (2017) Kat:3, Licht: 0","134607","3","2","5","10","16","5","0","0","1","1","0","0"
"POINT (9.711318993000077 52.358503670000061)","Unfall 134608 (2017) Kat:3, Licht: 0","134608","3","3","5","10","13","5","0","0","0","0","0","1"
"POINT (9.817610921000039 52.392812122000066)","Unfall 134609 (2017) Kat:3, Licht: 0","134609","3","3","5","10","08","5","0","0","1","1","0","0"
"POINT (9.664064933000077 52.402769097000032)","Unfall 134610 (2017) Kat:3, Licht: 2","134610","3","3","5","10","06","5","1","2","0","1","0","1"
"POINT (9.716315464000047 52.365889704000040)","Unfall 134611 (2017) Kat:3, Licht: 1","134611","3","1","9","10","07","5","0","1","1","0","0","0"
"POINT (9.668494048000071 52.359050543000080)","Unfall 134644 (2017) Kat:3, Licht: 0","134644","3","7","2","10","16","4","0","0","0","1","0","0"
"POINT (9.736792775000026 52.382886614000029)","Unfall 134647 (2017) Kat:3, Licht: 2","134647","3","6","4","10","21","4","0","2","1","0","0","0"
"POINT (9.722385117000044 52.385090935000051)","Unfall 134648 (2017) Kat:3, Licht: 0","134648","3","2","5","10","17","4","0","0","1","0","0","0"
"POINT (9.708033923000073 52.367159537000077)","Unfall 134649 (2017) Kat:2, Licht: 0","134649","2","2","6","10","16","4","0","0","0","1","1","0"
"POINT (9.678318235000063 52.409968456000058)","Unfall 134679 (2017) Kat:3, Licht: 0","134679","3","5","1","10","16","3","0","0","1","1","0","0"
"POINT (9.814331965000065 52.387717831000032)","Unfall 134680 (2017) Kat:3, Licht: 0","134680","3","3","5","10","15","3","0","0","1","1","0","0"
"POINT (9.792052149000028 52.434091557000045)","Unfall 134681 (2017) Kat:3, Licht: 2","134681","3","5","0","10","19","3","0","2","0","1","0","0"
"POINT (9.764418705000026 52.399190187000045)","Unfall 134682 (2017) Kat:3, Licht: 0","134682","3","5","1","10","14","3","0","0","1","1","0","0"
"POINT (9.803575497000054 52.359901827000044)","Unfall 134687 (2017) Kat:3, Licht: 0","134687","3","7","6","10","16","3","0","0","0","1","1","0"
"POINT (9.736532005000072 52.371288283000069)","Unfall 134688 (2017) Kat:3, Licht: 0","134688","3","6","4","10","16","3","0","0","1","0","0","0"
"POINT (9.793046600000025 52.403212538000048)","Unfall 134689 (2017) Kat:3, Licht: 0","134689","3","3","5","10","09","3","0","0","1","1","0","0"
"POINT (9.776698041000032 52.332798501000070)","Unfall 134712 (2017) Kat:3, Licht: 2","134712","3","2","4","10","20","2","0","2","1","1","0","0"
"POINT (9.750668380000036 52.375351392000027)","Unfall 134713 (2017) Kat:3, Licht: 0","134713","3","2","3","10","16","2","0","0","1","1","0","0"
"POINT (9.713774641000043 52.381714629000044)","Unfall 134735 (2017) Kat:3, Licht: 0","134735","3","4","6","10","15","1","0","0","0","1","1","0"
"POINT (9.744678854000028 52.382238917000052)","Unfall 134736 (2017) Kat:3, Licht: 0","134736","3","5","1","10","15","1","0","0","1","1","0","0"
"POINT (9.736520018000022 52.371092546000057)","Unfall 134737 (2017) Kat:3, Licht: 0","134737","3","1","0","10","17","1","0","0","1","1","0","0"
"POINT (9.773788531000037 52.407715357000029)","Unfall 134739 (2017) Kat:1, Licht: 0","134739","1","1","5","10","14","1","0","0","1","0","0","0"
"POINT (9.728601231000027 52.394545058000062)","Unfall 134757 (2017) Kat:3, Licht: 0","134757","3","2","4","10","13","7","0","0","0","1","0","1"
"POINT (9.745281416000069 52.392008329000078)","Unfall 134759 (2017) Kat:3, Licht: 2","134759","3","4","6","10","07","7","0","2","1","0","1","0"
"POINT (9.769441087000075 52.398098338000068)","Unfall 134786 (2017) Kat:3, Licht: 0","134786","3","2","3","10","14","6","0","0","1","1","0","0"
"POINT (9.668630157000052 52.414811475000079)","Unfall 134789 (2017) Kat:3, Licht: 2","134789","3","2","5","10","07","6","0","2","1","1","0","0"
"POINT (9.725384023000061 52.343089119000069)","Unfall 134809 (2017) Kat:3, Licht: 0","134809","3","2","5","10","16","5","0","0","1","1","0","0"
"POINT (9.740134371000067 52.368142912000053)","Unfall 134810 (2017) Kat:3, Licht: 0","134810","3","2","4","10","08","5","1","0","1","1","0","0"
"POINT (9.754188644000067 52.410229246000029)","Unfall 134815 (2017) Kat:2, Licht: 1","134815","2","2","5","10","07","5","1","1","1","1","0","0"
"POINT (9.709544606000065 52.338236940000058)","Unfall 134826 (2017) Kat:3, Licht: 0","134826","3","6","4","10","15","6","0","0","1","1","0","0"
"POINT (9.708313873000066 52.367104837000056)","Unfall 134827 (2017) Kat:3, Licht: 1","134827","3","2","3","10","07","6","0","1","1","1","0","0"
"POINT (9.724714955000025 52.384890375000055)","Unfall 134836 (2017) Kat:3, Licht: 0","134836","3","5","1","10","09","6","0","0","1","1","0","0"
"POINT (9.732473110000058 52.379161013000044)","Unfall 134837 (2017) Kat:3, Licht: 2","134837","3","3","5","10","19","6","1","2","0","1","0","1"
"POINT (9.788363446000062 52.331077354000058)","Unfall 134840 (2017) Kat:2, Licht: 0","134840","2","2","6","10","15","6","0","0","0","1","1","0"
"POINT (9.792178555000021 52.357240826000066)","Unfall 134842 (2017) Kat:3, Licht: 2","134842","3","4","6","10","07","6","1","2","0","1","1","0"
"POINT (9.692462841000065 52.396658259000048)","Unfall 134871 (2017) Kat:3, Licht: 2","134871","3","6","3","10","19","5","0","2","0","1","0","0"
"POINT (9.839073243000030 52.354297817000031)","Unfall 134873 (2017) Kat:3, Licht: 0","134873","3","7","0","10","14","5","0","0","0","1","1","0"
"POINT (9.756557698000052 52.420401831000049)","Unfall 134874 (2017) Kat:3, Licht: 2","134874","3","3","5","10","06","5","1","2","0","1","0","1"
"POINT (9.745006307000040 52.387564336000082)","Unfall 134875 (2017) Kat:3, Licht: 1","134875","3","6","2","10","19","5","0","1","0","1","0","1"
"POINT (9.803741196000033 52.336172801000032)","Unfall 134878 (2017) Kat:2, Licht: 0","134878","2","3","5","10","17","5","0","0","1","1","0","0"
"POINT (9.819292949000044 52.340407902000038)","Unfall 134909 (2017) Kat:3, Licht: 0","134909","3","1","0","10","11","4","0","0","0","1","0","0"
"POINT (9.791369096000040 52.404160734000072)","Unfall 134910 (2017) Kat:3, Licht: 2","134910","3","7","0","10","06","4","1","2","0","1","0","0"
"POINT (9.708739251000054 52.367168372000037)","Unfall 134912 (2017) Kat:3, Licht: 2","134912","3","7","0","10","23","4","1","2","1","0","0","0"
"POINT (9.713189412000077 52.384499352000034)","Unfall 134913 (2017) Kat:3, Licht: 0","134913","3","7","0","10","15","4","0","0","0","1","0","1"
"POINT (9.677945078000050 52.416066117000071)","Unfall 134979 (2017) Kat:3, Licht: 2","134979","3","6","3","10","07","2","1","2","0","1","0","0"
"POINT (9.739450746000046 52.376262093000037)","Unfall 135012 (2017) Kat:3, Licht: 0","135012","3","7","6","10","15","1","0","0","0","1","1","0"
"POINT (9.739480061000052 52.364253667000071)","Unfall 135030 (2017) Kat:3, Licht: 0","135030","3","1","0","10","13","7","1","0","1","0","0","0"
"POINT (9.771593830000029 52.400484352000035)","Unfall 135031 (2017) Kat:3, Licht: 0","135031","3","3","5","10","09","7","0","0","0","1","0","0"
"POINT (9.659362707000071 52.408965361000071)","Unfall 135035 (2017) Kat:3, Licht: 0","135035","3","2","5","10","14","7","1","0","1","1","0","0"
"POINT (9.751242109000032 52.372427029000050)","Unfall 135061 (2017) Kat:3, Licht: 0","135061","3","2","3","10","11","6","1","0","1","1","0","0"
"POINT (9.827323818000025 52.361146848000033)","Unfall 135062 (2017) Kat:3, Licht: 0","135062","3","3","5","10","15","6","1","0","1","1","0","0"
"POINT (9.805852180000045 52.413306255000066)","Unfall 135063 (2017) Kat:3, Licht: 0","135063","3","2","4","10","15","6","1","0","1","1","0","0"
"POINT (9.742950526000072 52.394762469000057)","Unfall 135067 (2017) Kat:2, Licht: 2","135067","2","3","0","10","19","6","1","2","1","1","0","0"
"POINT (9.747849621000057 52.389214568000057)","Unfall 135068 (2017) Kat:3, Licht: 0","135068","3","2","5","10","14","6","1","0","1","1","0","0"
"POINT (9.744345967000072 52.377746608000052)","Unfall 135076 (2017) Kat:3, Licht: 0","135076","3","6","0","11","09","3","0","0","0","0","0","0"
"POINT (9.777889607000077 52.411267616000032)","Unfall 135079 (2017) Kat:3, Licht: 0","135079","3","4","6","11","14","3","0","0","0","1","1","0"
"POINT (9.742366119000053 52.358818155000051)","Unfall 135090 (2017) Kat:3, Licht: 0","135090","3","5","2","11","09","3","0","0","0","1","0","0"
"POINT (9.709888083000067 52.372619103000034)","Unfall 135091 (2017) Kat:3, Licht: 2","135091","3","7","0","11","21","3","0","2","1","0","0","0"
"POINT (9.723249897000073 52.372390513000028)","Unfall 135111 (2017) Kat:3, Licht: 1","135111","3","6","2","11","16","2","0","1","1","1","0","0"
"POINT (9.747656917000029 52.395265212000027)","Unfall 135112 (2017) Kat:3, Licht: 1","135112","3","2","3","11","06","2","0","1","1","1","0","0"
"POINT (9.718489804000058 52.381001459000061)","Unfall 135116 (2017) Kat:2, Licht: 1","135116","2","4","6","11","16","2","0","1","0","1","1","0"
"POINT (9.725060161000044 52.387357647000044)","Unfall 135117 (2017) Kat:3, Licht: 0","135117","3","1","0","11","15","2","0","0","1","0","0","0"
"POINT (9.712249414000041 52.368634666000048)","Unfall 135118 (2017) Kat:3, Licht: 0","135118","3","2","5","11","12","2","0","0","1","0","0","0"
"POINT (9.705104930000061 52.407288047000065)","Unfall 135119 (2017) Kat:3, Licht: 0","135119","3","3","5","11","11","2","0","0","0","1","0","0"
"POINT (9.760573065000074 52.364184795000028)","Unfall 135120 (2017) Kat:3, Licht: 0","135120","3","7","0","11","08","2","0","0","1","1","0","0"
"POINT (9.746701524000059 52.370057718000055)","Unfall 135121 (2017) Kat:3, Licht: 0","135121","3","3","5","11","07","2","1","0","1","1","0","0"
"POINT (9.677625621000061 52.395962632000078)","Unfall 135122 (2017) Kat:3, Licht: 0","135122","3","3","5","11","07","2","0","0","1","1","0","0"
"POINT (9.722308906000023 52.385157175000074)","Unfall 135137 (2017) Kat:2, Licht: 0","135137","2","3","5","11","14","1","1","0","1","1","0","0"
"POINT (9.725025671000026 52.384318687000075)","Unfall 135138 (2017) Kat:3, Licht: 2","135138","3","5","1","11","00","1","0","2","1","1","0","0"
"POINT (9.792477222000059 52.397440909000068)","Unfall 135152 (2017) Kat:3, Licht: 0","135152","3","6","2","11","13","7","0","0","0","1","0","0"
"POINT (9.702853408000067 52.369231026000080)","Unfall 135154 (2017) Kat:3, Licht: 2","135154","3","2","5","11","00","7","0","2","1","1","0","0"
"POINT (9.728743817000066 52.396732577000080)","Unfall 135179 (2017) Kat:3, Licht: 2","135179","3","1","0","11","19","6","0","2","1","0","0","0"
"POINT (9.747668202000057 52.395264050000037)","Unfall 135180 (2017) Kat:3, Licht: 2","135180","3","3","5","11","20","6","1","2","0","1","0","0"
"POINT (9.726181360000055 52.377229319000037)","Unfall 135185 (2017) Kat:3, Licht: 0","135185","3","7","5","11","12","6","0","0","1","1","0","0"
"POINT (9.806758758000058 52.388697227000080)","Unfall 135186 (2017) Kat:3, Licht: 0","135186","3","2","3","11","07","6","0","0","1","0","0","0"
"POINT (9.734061014000076 52.368708314000060)","Unfall 135216 (2017) Kat:3, Licht: 2","135216","3","2","5","11","17","5","0","2","1","1","0","0"
"POINT (9.770316282000067 52.358907959000078)","Unfall 135217 (2017) Kat:3, Licht: 0","135217","3","3","5","11","09","5","0","0","0","1","0","1"
"POINT (9.746406496000077 52.395265919000053)","Unfall 135218 (2017) Kat:3, Licht: 2","135218","3","3","0","11","06","5","1","2","0","1","0","0"
"POINT (9.713112109000065 52.372386695000046)","Unfall 135221 (2017) Kat:3, Licht: 2","135221","3","2","5","11","19","5","0","2","0","1","0","1"
"POINT (9.740050295000060 52.366998807000073)","Unfall 135222 (2017) Kat:2, Licht: 0","135222","2","3","5","11","09","5","0","0","1","1","0","0"
"POINT (9.790537956000037 52.407477156000027)","Unfall 135254 (2017) Kat:3, Licht: 2","135254","3","7","0","11","22","4","1","2","1","0","0","0"
"POINT (9.749496059000023 52.378384625000081)","Unfall 135293 (2017) Kat:3, Licht: 0","135293","3","7","6","10","07","2","0","0","0","0","1","0"
"POINT (9.689880275000064 52.342351658000041)","Unfall 135297 (2017) Kat:3, Licht: 2","135297","3","4","6","10","18","2","0","2","0","1","1","0"
"POINT (9.696815438000044 52.341691110000056)","Unfall 135314 (2017) Kat:3, Licht: 0","135314","3","6","2","10","15","1","1","0","0","1","0","0"
"POINT (9.681661793000046 52.359679081000081)","Unfall 135315 (2017) Kat:3, Licht: 2","135315","3","3","5","10","20","1","1","2","0","1","0","0"
"POINT (9.730964853000046 52.394954304000066)","Unfall 135316 (2017) Kat:3, Licht: 0","135316","3","3","5","10","10","1","1","0","0","1","0","0"
"POINT (9.739979618000064 52.366991391000056)","Unfall 135335 (2017) Kat:3, Licht: 0","135335","3","3","5","10","14","7","0","0","0","1","0","0"
"POINT (9.739883038000073 52.382979133000049)","Unfall 135336 (2017) Kat:3, Licht: 0","135336","3","5","1","10","15","7","0","0","1","1","0","0"
"POINT (9.720201097000029 52.391559506000078)","Unfall 135358 (2017) Kat:3, Licht: 0","135358","3","6","2","11","09","4","1","0","0","1","1","0"
"POINT (9.734221308000031 52.384397092000029)","Unfall 135361 (2017) Kat:3, Licht: 2","135361","3","7","6","11","23","4","0","2","0","1","1","0"
"POINT (9.804266751000057 52.391218402000050)","Unfall 135362 (2017) Kat:2, Licht: 2","135362","2","2","5","11","18","4","0","2","1","1","0","0"
"POINT (9.794261174000042 52.393532994000054)","Unfall 135363 (2017) Kat:3, Licht: 1","135363","3","3","5","11","15","4","0","1","1","1","0","0"
"POINT (9.849455402000046 52.387682281000082)","Unfall 135364 (2017) Kat:3, Licht: 2","135364","3","5","2","11","05","4","1","2","0","1","0","0"
"POINT (9.667687856000043 52.415551531000062)","Unfall 135390 (2017) Kat:3, Licht: 0","135390","3","2","0","11","13","3","0","0","0","1","0","1"
"POINT (9.809722921000059 52.384281355000041)","Unfall 135391 (2017) Kat:3, Licht: 0","135391","3","2","4","11","09","3","0","0","0","1","0","0"
"POINT (9.754316723000045 52.368366168000080)","Unfall 135392 (2017) Kat:3, Licht: 1","135392","3","2","4","11","17","3","0","1","1","1","0","0"
"POINT (9.819780950000052 52.326879552000037)","Unfall 135393 (2017) Kat:3, Licht: 0","135393","3","5","1","11","10","3","1","0","0","1","0","0"
"POINT (9.741070219000051 52.373926399000027)","Unfall 135399 (2017) Kat:2, Licht: 2","135399","2","5","1","11","19","3","1","2","1","1","0","0"
"POINT (9.821423676000052 52.345171605000075)","Unfall 135400 (2017) Kat:2, Licht: 0","135400","2","7","0","11","07","3","1","0","0","0","0","1"
"POINT (9.717196101000070 52.344979722000062)","Unfall 135434 (2017) Kat:3, Licht: 1","135434","3","4","6","11","17","2","0","1","0","1","1","0"
"POINT (9.808671246000074 52.379564616000039)","Unfall 135435 (2017) Kat:3, Licht: 0","135435","3","3","0","11","10","2","0","0","1","0","0","0"
"POINT (9.792814380000039 52.414161729000057)","Unfall 135436 (2017) Kat:3, Licht: 0","135436","3","6","2","11","07","2","1","0","0","1","0","0"
"POINT (9.733006878000026 52.381435682000074)","Unfall 135437 (2017) Kat:3, Licht: 2","135437","3","7","0","11","20","2","0","2","1","0","0","0"
"POINT (9.734934054000064 52.380268627000078)","Unfall 135438 (2017) Kat:3, Licht: 2","135438","3","2","5","11","18","2","0","2","1","1","0","0"
"POINT (9.706455057000028 52.390101678000065)","Unfall 135439 (2017) Kat:1, Licht: 2","135439","1","4","6","11","19","2","0","2","0","0","1","0"
"POINT (9.743462231000024 52.396758865000038)","Unfall 135440 (2017) Kat:3, Licht: 2","135440","3","5","1","11","18","2","0","2","1","1","0","0"
"POINT (9.710868550000043 52.359403993000058)","Unfall 135441 (2017) Kat:3, Licht: 0","135441","3","2","5","11","15","2","0","0","0","1","0","0"
"POINT (9.807122525000068 52.394889090000049)","Unfall 135443 (2017) Kat:3, Licht: 0","135443","3","7","0","11","09","2","1","0","0","0","0","0"
"POINT (9.733543791000045 52.387475180000081)","Unfall 135444 (2017) Kat:3, Licht: 0","135444","3","4","6","11","15","2","0","0","0","1","1","0"
"POINT (9.720629974000076 52.337785178000047)","Unfall 135459 (2017) Kat:3, Licht: 0","135459","3","6","2","11","14","1","1","0","0","1","0","0"
"POINT (9.702967364000074 52.374875140000029)","Unfall 135477 (2017) Kat:3, Licht: 0","135477","3","7","0","11","11","7","1","0","0","1","0","1"
"POINT (9.737993543000073 52.382169730000044)","Unfall 135478 (2017) Kat:3, Licht: 1","135478","3","2","4","11","16","7","0","1","1","1","0","0"
"POINT (9.753373430000067 52.378358054000046)","Unfall 135479 (2017) Kat:3, Licht: 0","135479","3","2","5","11","12","7","1","0","0","1","0","0"
"POINT (9.814051466000024 52.380566782000074)","Unfall 135482 (2017) Kat:3, Licht: 2","135482","3","4","6","11","18","7","1","2","0","1","1","0"
"POINT (9.734501663000060 52.367830852000054)","Unfall 135483 (2017) Kat:3, Licht: 0","135483","3","5","2","11","14","7","1","0","0","1","0","1"
"POINT (9.686158603000024 52.417394830000035)","Unfall 135513 (2017) Kat:3, Licht: 0","135513","3","6","2","11","14","6","1","0","0","1","0","0"
"POINT (9.747422698000037 52.352856784000039)","Unfall 135514 (2017) Kat:3, Licht: 2","135514","3","4","0","11","18","6","1","2","0","0","1","1"
"POINT (9.749841081000056 52.349678627000060)","Unfall 135515 (2017) Kat:3, Licht: 1","135515","3","5","2","11","07","6","1","1","0","1","0","0"
"POINT (9.827154443000040 52.353390187000059)","Unfall 135516 (2017) Kat:3, Licht: 0","135516","3","3","5","11","10","6","1","0","0","1","0","0"
"POINT (9.749803727000028 52.378035343000079)","Unfall 135517 (2017) Kat:3, Licht: 1","135517","3","1","0","11","08","6","1","1","1","0","0","0"
"POINT (9.744003103000068 52.390502244000061)","Unfall 135518 (2017) Kat:3, Licht: 2","135518","3","3","5","11","05","6","1","2","0","1","0","0"
"POINT (9.734948792000068 52.380276549000030)","Unfall 135519 (2017) Kat:3, Licht: 0","135519","3","2","4","11","08","6","1","0","0","1","0","0"
"POINT (9.855363347000036 52.366829102000054)","Unfall 135524 (2017) Kat:3, Licht: 0","135524","3","4","6","11","08","6","1","0","0","1","1","0"
"POINT (9.655607834000023 52.408955537000054)","Unfall 135525 (2017) Kat:3, Licht: 1","135525","3","3","5","11","07","6","1","1","0","1","0","1"
"POINT (9.744023343000038 52.369686956000066)","Unfall 135559 (2017) Kat:3, Licht: 2","135559","3","3","5","11","17","5","0","2","1","1","0","0"
"POINT (9.667464864000067 52.386282209000058)","Unfall 135560 (2017) Kat:3, Licht: 0","135560","3","3","5","11","16","5","0","0","1","1","0","0"
"POINT (9.671585288000074 52.355757667000034)","Unfall 135561 (2017) Kat:2, Licht: 0","135561","2","2","6","11","08","5","0","0","0","1","1","0"
"POINT (9.694080771000074 52.352750740000033)","Unfall 135577 (2017) Kat:3, Licht: 0","135577","3","6","2","11","11","4","0","0","0","1","0","0"
"POINT (9.817048533000047 52.381446839000034)","Unfall 135580 (2017) Kat:3, Licht: 2","135580","3","2","6","11","17","4","0","2","0","1","1","0"
"POINT (9.728611777000026 52.394527202000063)","Unfall 135604 (2017) Kat:2, Licht: 2","135604","2","2","6","11","19","6","0","2","0","1","1","0"
"POINT (9.771058727000025 52.375666552000041)","Unfall 135605 (2017) Kat:3, Licht: 2","135605","3","7","0","11","18","6","0","2","1","0","0","0"
"POINT (9.694437403000052 52.352743256000053)","Unfall 135626 (2017) Kat:3, Licht: 1","135626","3","6","2","11","17","5","0","1","0","1","0","0"
"POINT (9.718679686000030 52.365546012000038)","Unfall 135627 (2017) Kat:3, Licht: 2","135627","3","2","6","11","16","5","0","2","0","1","1","0"
"POINT (9.737527366000052 52.370339340000044)","Unfall 135628 (2017) Kat:3, Licht: 0","135628","3","5","1","11","12","5","0","0","1","1","0","0"
"POINT (9.757161555000039 52.375032365000038)","Unfall 135629 (2017) Kat:3, Licht: 2","135629","3","5","1","11","17","5","0","2","1","1","0","0"
"POINT (9.736840848000043 52.376771408000081)","Unfall 135630 (2017) Kat:3, Licht: 0","135630","3","2","0","11","15","5","0","0","1","1","0","0"
"POINT (9.707085705000054 52.373501289000046)","Unfall 135663 (2017) Kat:3, Licht: 0","135663","3","3","5","11","16","4","0","0","1","1","0","0"
"POINT (9.735449222000057 52.387071161000051)","Unfall 135664 (2017) Kat:3, Licht: 0","135664","3","4","6","11","07","4","0","0","0","1","1","0"
"POINT (9.739500749000058 52.364343720000079)","Unfall 135691 (2017) Kat:3, Licht: 1","135691","3","7","7","11","07","3","1","1","1","0","1","0"
"POINT (9.758807956000055 52.362458090000075)","Unfall 135692 (2017) Kat:3, Licht: 1","135692","3","3","5","11","07","3","1","1","1","1","0","0"