WKT,Name,OBJECTID,UKATEGORIE,UTYP1,UART,UMONAT,USTUNDE,UWOCHENTAG,STRZUSTAND,ULICHTVERH,ISTRAD,ISTPKW,ISTFUSS,ISTKRAD
"POINT (9.819580645000031 52.331343505000063)","Unfall 135693 (2017) Kat:3, Licht: 0","135693","3","2","4","11","13","3","1","0","0","1","0","0"
"POINT (9.790270823000071 52.410393259000045)","Unfall 135694 (2017) Kat:3, Licht: 2","135694","3","7","8","11","18","3","1","2","0","1","0","0"
"POINT (9.763262282000028 52.401576056000067)","Unfall 135695 (2017) Kat:3, Licht: 0","135695","3","7","5","11","12","3","0","0","1","1","0","0"
"POINT (9.741846163000048 52.373696043000052)","Unfall 135696 (2017) Kat:2, Licht: 0","135696","2","7","0","11","16","3","1","0","0","0","0","0"
"POINT (9.736810060000039 52.371037970000032)","Unfall 135697 (2017) Kat:3, Licht: 2","135697","3","2","3","11","07","3","1","2","1","0","0","0"
"POINT (9.822508961000040 52.326639160000070)","Unfall 135699 (2017) Kat:3, Licht: 2","135699","3","3","5","11","17","3","1","2","1","1","0","0"
"POINT (9.804308021000054 52.391499782000039)","Unfall 135700 (2017) Kat:3, Licht: 1","135700","3","2","5","11","15","3","1","1","1","1","0","0"
"POINT (9.670112138000036 52.355259084000068)","Unfall 135745 (2017) Kat:3, Licht: 2","135745","3","4","6","11","17","2","1","2","0","1","1","0"
"POINT (9.804992438000056 52.409516776000032)","Unfall 135746 (2017) Kat:3, Licht: 2","135746","3","6","2","11","16","2","1","2","0","1","0","0"
"POINT (9.761318758000073 52.380058002000055)","Unfall 135747 (2017) Kat:3, Licht: 2","135747","3","3","5","11","19","2","1","2","1","1","0","0"
"POINT (9.734848734000025 52.376695094000070)","Unfall 135748 (2017) Kat:3, Licht: 0","135748","3","7","6","11","12","2","1","0","1","0","1","0"
"POINT (9.717421017000049 52.381642302000046)","Unfall 135752 (2017) Kat:3, Licht: 2","135752","3","3","5","11","18","2","1","2","1","1","0","0"
"POINT (9.769739918000028 52.358628369000030)","Unfall 135753 (2017) Kat:3, Licht: 0","135753","3","3","0","11","11","2","1","0","0","1","0","1"
"POINT (9.740996372000041 52.398850195000080)","Unfall 135754 (2017) Kat:3, Licht: 0","135754","3","3","5","11","08","2","1","0","1","1","0","0"
"POINT (9.806706173000066 52.417870341000082)","Unfall 135775 (2017) Kat:3, Licht: 0","135775","3","4","6","11","13","1","1","0","0","1","1","0"
"POINT (9.830861465000055 52.334803510000029)","Unfall 135776 (2017) Kat:2, Licht: 2","135776","2","4","6","11","17","1","1","2","1","0","1","0"
"POINT (9.674444504000064 52.357203602000027)","Unfall 135777 (2017) Kat:2, Licht: 0","135777","2","2","6","11","12","1","1","0","0","1","1","0"
"POINT (9.739950941000075 52.369138311000029)","Unfall 135789 (2017) Kat:3, Licht: 2","135789","3","3","5","11","00","7","0","2","1","1","0","0"
"POINT (9.761612190000051 52.379712272000063)","Unfall 135792 (2017) Kat:3, Licht: 0","135792","3","3","0","11","13","7","0","0","0","1","0","0"
"POINT (9.741594068000040 52.403891211000030)","Unfall 135817 (2017) Kat:3, Licht: 2","135817","3","3","0","11","07","6","1","2","1","1","0","0"
"POINT (9.797212413000068 52.321912667000049)","Unfall 135819 (2017) Kat:3, Licht: 2","135819","3","4","6","11","18","6","0","2","0","1","1","0"
"POINT (9.745759213000042 52.367379469000070)","Unfall 135820 (2017) Kat:3, Licht: 0","135820","3","4","6","11","16","6","0","0","0","1","1","0"
"POINT (9.678233524000063 52.416341095000064)","Unfall 135851 (2017) Kat:3, Licht: 2","135851","3","3","5","11","19","5","0","2","1","1","0","0"
"POINT (9.805906951000054 52.384878084000036)","Unfall 135852 (2017) Kat:3, Licht: 0","135852","3","7","2","11","14","5","0","0","0","1","0","0"
"POINT (9.859401140000045 52.362265475000072)","Unfall 135853 (2017) Kat:3, Licht: 2","135853","3","6","2","11","17","5","0","2","0","1","0","0"
"POINT (9.729116087000023 52.378086837000069)","Unfall 135857 (2017) Kat:3, Licht: 2","135857","3","3","5","11","18","5","0","2","0","1","0","1"
"POINT (9.736158029000023 52.384148607000043)","Unfall 135858 (2017) Kat:3, Licht: 1","135858","3","2","5","11","16","5","0","1","1","1","0","0"
"POINT (9.809892975000025 52.384403735000035)","Unfall 135859 (2017) Kat:3, Licht: 2","135859","3","3","5","11","17","5","0","2","0","1","0","0"
"POINT (9.743820423000045 52.371109807000039)","Unfall 135871 (2017) Kat:3, Licht: 2","135871","3","2","4","12","22","2","1","2","1","1","0","0"
"POINT (9.850960914000041 52.412644995000051)","Unfall 135873 (2017) Kat:3, Licht: 0","135873","3","1","8","12","12","2","1","0","0","1","0","0"
"POINT (9.745051886000056 52.381805068000062)","Unfall 135880 (2017) Kat:3, Licht: 2","135880","3","5","1","12","01","1","1","2","1","1","0","0"
"POINT (9.781450629000062 52.411389905000078)","Unfall 135881 (2017) Kat:3, Licht: 0","135881","3","4","6","12","14","1","1","0","0","1","1","0"
"POINT (9.743081645000075 52.379665199000044)","Unfall 135882 (2017) Kat:2, Licht: 2","135882","2","4","6","12","03","1","1","2","0","1","1","0"
"POINT (9.725580202000060 52.397845994000079)","Unfall 135895 (2017) Kat:3, Licht: 2","135895","3","3","5","12","02","7","1","2","0","1","0","0"
"POINT (9.737205256000038 52.371671912000068)","Unfall 135896 (2017) Kat:3, Licht: 2","135896","3","5","1","12","19","7","0","2","1","1","0","0"
"POINT (9.780177093000077 52.328436362000048)","Unfall 135930 (2017) Kat:3, Licht: 2","135930","3","2","6","12","18","6","0","2","0","1","1","0"
"POINT (9.731847554000069 52.405699044000073)","Unfall 135931 (2017) Kat:3, Licht: 0","135931","3","7","0","12","11","6","1","0","1","0","0","0"
"POINT (9.773426344000029 52.398010124000052)","Unfall 135936 (2017) Kat:3, Licht: 0","135936","3","6","2","12","15","6","1","0","0","1","0","0"
"POINT (9.723507925000035 52.387012349000031)","Unfall 135937 (2017) Kat:1, Licht: 0","135937","1","4","6","12","09","6","0","0","0","0","1","0"
"POINT (9.755637320000062 52.392638489000035)","Unfall 135972 (2017) Kat:3, Licht: 2","135972","3","3","5","11","18","5","0","2","0","1","0","1"
"POINT (9.752052626000022 52.371482571000058)","Unfall 135978 (2017) Kat:3, Licht: 0","135978","3","4","6","11","08","5","0","0","0","0","1","0"
"POINT (9.707104901000037 52.373522617000049)","Unfall 135979 (2017) Kat:3, Licht: 2","135979","3","3","0","11","07","5","1","2","0","1","0","0"
"POINT (9.853997398000047 52.390592091000030)","Unfall 136007 (2017) Kat:3, Licht: 0","136007","3","3","5","11","12","4","0","0","1","0","0","0"
"POINT (9.755947499000058 52.355684871000051)","Unfall 136073 (2017) Kat:3, Licht: 2","136073","3","2","4","11","19","2","1","2","1","1","0","0"
"POINT (9.743611698000052 52.379399312000032)","Unfall 136074 (2017) Kat:3, Licht: 0","136074","3","2","4","11","13","2","1","0","1","0","0","0"
"POINT (9.749687585000061 52.391612126000041)","Unfall 136075 (2017) Kat:3, Licht: 1","136075","3","5","0","11","08","2","0","1","1","1","0","0"
"POINT (9.716808854000021 52.362161630000060)","Unfall 136077 (2017) Kat:2, Licht: 2","136077","2","4","6","11","17","2","1","2","0","1","1","0"
"POINT (9.700381052000068 52.326586998000039)","Unfall 136096 (2017) Kat:3, Licht: 0","136096","3","3","5","11","11","1","0","0","1","1","0","0"
"POINT (9.728557033000072 52.394620263000036)","Unfall 136098 (2017) Kat:3, Licht: 2","136098","3","3","5","11","22","1","1","2","0","1","0","0"
"POINT (9.809406654000043 52.403985180000063)","Unfall 136114 (2017) Kat:3, Licht: 1","136114","3","2","5","11","07","7","1","1","1","1","0","0"
"POINT (9.788386369000023 52.331084696000062)","Unfall 136138 (2017) Kat:3, Licht: 2","136138","3","2","6","11","07","6","1","2","0","1","1","0"
"POINT (9.784749295000040 52.325866191000046)","Unfall 136139 (2017) Kat:3, Licht: 0","136139","3","3","5","11","09","6","1","0","0","1","0","0"
"POINT (9.657034967000072 52.407144917000039)","Unfall 136161 (2017) Kat:3, Licht: 0","136161","3","2","5","12","14","4","1","0","0","1","0","0"
"POINT (9.707723243000032 52.344025572000078)","Unfall 136162 (2017) Kat:3, Licht: 0","136162","3","5","1","12","08","4","0","0","1","1","0","0"
"POINT (9.728506355000036 52.394707826000058)","Unfall 136163 (2017) Kat:3, Licht: 2","136163","3","4","6","12","16","4","1","2","0","1","1","0"
"POINT (9.755928050000023 52.390400903000057)","Unfall 136164 (2017) Kat:3, Licht: 1","136164","3","6","2","12","07","4","1","1","0","1","0","0"
"POINT (9.744237384000030 52.373326528000064)","Unfall 136167 (2017) Kat:3, Licht: 0","136167","3","7","0","12","13","4","1","0","1","0","0","0"
"POINT (9.838055919000055 52.338539920000073)","Unfall 136168 (2017) Kat:3, Licht: 0","136168","3","1","0","12","10","4","2","0","1","0","0","0"
"POINT (9.718219087000023 52.396344931000044)","Unfall 136169 (2017) Kat:3, Licht: 2","136169","3","4","6","12","07","4","2","2","0","0","1","0"
"POINT (9.669743315000062 52.355209825000031)","Unfall 136201 (2017) Kat:3, Licht: 2","136201","3","4","6","12","16","3","1","2","0","1","1","0"
"POINT (9.688411466000048 52.417961834000039)","Unfall 136204 (2017) Kat:2, Licht: 2","136204","2","3","5","12","06","3","1","2","1","1","0","0"
"POINT (9.690410648000068 52.346165961000054)","Unfall 136228 (2017) Kat:3, Licht: 2","136228","3","2","5","12","07","2","1","2","1","0","0","0"
"POINT (9.744164957000066 52.390410060000079)","Unfall 136229 (2017) Kat:3, Licht: 0","136229","3","6","2","12","15","2","2","0","0","1","0","0"
"POINT (9.741204947000028 52.360346972000059)","Unfall 136264 (2017) Kat:3, Licht: 2","136264","3","7","8","12","23","7","1","2","0","1","0","0"
"POINT (9.728309775000071 52.358979651000027)","Unfall 136265 (2017) Kat:3, Licht: 2","136265","3","3","5","12","19","7","1","2","1","1","0","0"
"POINT (9.714485190000062 52.366276267000046)","Unfall 136270 (2017) Kat:2, Licht: 0","136270","2","3","0","12","14","7","1","0","0","1","0","1"
"POINT (9.683863328000030 52.411548989000039)","Unfall 136298 (2017) Kat:3, Licht: 0","136298","3","3","5","12","08","6","0","0","1","0","0","0"
"POINT (9.708185994000075 52.367201522000073)","Unfall 136299 (2017) Kat:3, Licht: 2","136299","3","3","5","12","21","6","0","2","1","1","0","0"
"POINT (9.724870173000056 52.345045776000063)","Unfall 136332 (2017) Kat:3, Licht: 0","136332","3","6","2","12","11","5","0","0","1","1","0","0"
"POINT (9.792134961000045 52.357268089000058)","Unfall 136333 (2017) Kat:3, Licht: 2","136333","3","4","6","12","20","5","1","2","0","1","1","0"
"POINT (9.721957662000023 52.386954195000044)","Unfall 136334 (2017) Kat:3, Licht: 0","136334","3","2","6","12","11","5","0","0","0","1","1","0"
"POINT (9.666722648000075 52.400947434000045)","Unfall 136365 (2017) Kat:3, Licht: 0","136365","3","1","0","12","10","4","0","0","1","0","0","1"
"POINT (9.723454945000071 52.337229832000048)","Unfall 136366 (2017) Kat:3, Licht: 2","136366","3","6","3","12","21","4","0","2","0","1","0","0"
"POINT (9.702797545000067 52.369372346000034)","Unfall 136367 (2017) Kat:3, Licht: 0","136367","3","3","5","12","12","4","0","0","0","1","0","0"
"POINT (9.774442515000033 52.371549754000057)","Unfall 136368 (2017) Kat:3, Licht: 2","136368","3","5","5","12","17","4","0","2","1","1","0","0"
"POINT (9.793452117000072 52.332828128000074)","Unfall 136370 (2017) Kat:3, Licht: 1","136370","3","4","6","12","16","4","0","1","0","1","1","0"
"POINT (9.614113739000061 52.419511086000057)","Unfall 136394 (2017) Kat:2, Licht: 0","136394","2","5","1","12","10","3","1","0","0","1","0","0"
"POINT (9.724231360000033 52.363650610000036)","Unfall 136395 (2017) Kat:3, Licht: 1","136395","3","6","2","12","08","3","0","1","0","0","0","1"
"POINT (9.736054783000043 52.375351175000048)","Unfall 136396 (2017) Kat:3, Licht: 2","136396","3","6","6","12","19","3","1","2","1","0","1","0"
"POINT (9.781056938000063 52.400084486000026)","Unfall 136397 (2017) Kat:3, Licht: 2","136397","3","2","0","12","18","3","0","2","0","1","0","0"
"POINT (9.700816778000046 52.391454398000064)","Unfall 136398 (2017) Kat:2, Licht: 2","136398","2","4","6","12","17","3","0","2","0","0","1","0"
"POINT (9.711279886000057 52.370948557000077)","Unfall 136399 (2017) Kat:3, Licht: 0","136399","3","1","0","12","11","3","1","0","0","0","0","1"
"POINT (9.714327517000072 52.408921732000067)","Unfall 136433 (2017) Kat:3, Licht: 1","136433","3","7","0","12","16","4","0","1","1","0","0","0"
"POINT (9.726639167000030 52.388627069000052)","Unfall 136434 (2017) Kat:3, Licht: 2","136434","3","1","0","12","17","4","0","2","1","0","0","0"
"POINT (9.739455004000035 52.380820097000026)","Unfall 136435 (2017) Kat:3, Licht: 0","136435","3","2","5","12","15","4","0","0","1","0","0","0"
"POINT (9.762760216000061 52.410190059000058)","Unfall 136440 (2017) Kat:3, Licht: 2","136440","3","2","2","12","19","3","0","2","0","1","0","0"
"POINT (9.707861989000037 52.364768298000058)","Unfall 136446 (2017) Kat:3, Licht: 0","136446","3","1","0","12","15","2","0","0","1","0","0","0"
"POINT (9.801678885000058 52.408861780000052)","Unfall 136447 (2017) Kat:3, Licht: 2","136447","3","1","0","12","01","2","0","2","1","0","0","0"
"POINT (9.735382989000073 52.372268614000063)","Unfall 136452 (2017) Kat:3, Licht: 1","136452","3","1","9","12","07","1","0","1","0","1","0","0"
"POINT (9.734821703000023 52.380347555000071)","Unfall 136458 (2017) Kat:3, Licht: 2","136458","3","7","0","12","23","7","0","2","0","1","0","0"
"POINT (9.714622665000036 52.365569844000049)","Unfall 136459 (2017) Kat:3, Licht: 0","136459","3","4","6","12","12","7","1","0","0","1","1","0"
"POINT (9.744007137000040 52.390459636000060)","Unfall 136474 (2017) Kat:3, Licht: 2","136474","3","3","5","12","23","6","0","2","0","1","0","0"
"POINT (9.742240588000072 52.381335026000045)","Unfall 136504 (2017) Kat:3, Licht: 0","136504","3","2","2","12","13","5","1","0","1","1","0","0"
"POINT (9.740609622000022 52.374426550000067)","Unfall 136507 (2017) Kat:2, Licht: 2","136507","2","5","1","12","20","5","0","2","1","1","0","0"
"POINT (9.725677457000074 52.397810180000079)","Unfall 136508 (2017) Kat:3, Licht: 2","136508","3","2","5","12","07","5","1","2","1","0","0","0"
"POINT (9.706791574000022 52.407890501000054)","Unfall 136540 (2017) Kat:3, Licht: 2","136540","3","3","5","12","16","4","1","2","0","1","0","0"
"POINT (9.743566168000029 52.357261283000071)","Unfall 136542 (2017) Kat:2, Licht: 0","136542","2","6","3","12","13","4","1","0","0","1","0","0"
"POINT (9.771892211000022 52.417474135000077)","Unfall 136543 (2017) Kat:2, Licht: 0","136543","2","3","5","12","14","4","0","0","1","1","0","0"
"POINT (9.753364641000076 52.365130218000047)","Unfall 136545 (2017) Kat:2, Licht: 0","136545","2","4","6","12","11","4","1","0","0","1","1","0"
"POINT (9.722537533000036 52.362364532000072)","Unfall 136569 (2017) Kat:3, Licht: 0","136569","3","1","3","12","09","3","1","0","1","0","0","0"
"POINT (9.782582803000025 52.373348670000041)","Unfall 136570 (2017) Kat:3, Licht: 1","136570","3","3","5","12","16","3","1","1","1","1","0","0"
"POINT (9.738065088000042 52.381858472000033)","Unfall 136571 (2017) Kat:3, Licht: 2","136571","3","2","2","12","16","3","1","2","1","1","0","0"
"POINT (9.749780505000047 52.393565147000061)","Unfall 136573 (2017) Kat:3, Licht: 2","136573","3","5","1","12","07","3","1","2","1","1","0","0"
"POINT (9.720106384000076 52.392024622000065)","Unfall 136606 (2017) Kat:3, Licht: 0","136606","3","7","0","12","10","2","0","0","0","0","0","0"
"POINT (9.716477470000029 52.362235966000071)","Unfall 136607 (2017) Kat:2, Licht: 2","136607","2","4","6","12","16","2","0","2","0","0","1","0"
"POINT (9.823577435000061 52.356241667000063)","Unfall 136608 (2017) Kat:3, Licht: 2","136608","3","6","2","12","07","2","0","2","0","1","0","0"
"POINT (9.722366070000021 52.388265159000071)","Unfall 136622 (2017) Kat:3, Licht: 2","136622","3","3","5","12","16","1","0","2","1","1","0","0"
"POINT (9.796648670000025 52.404929427000070)","Unfall 136623 (2017) Kat:3, Licht: 0","136623","3","7","8","12","15","1","0","0","0","1","0","0"
"POINT (9.781212286000027 52.403848317000040)","Unfall 136644 (2017) Kat:3, Licht: 0","136644","3","3","5","12","12","7","0","0","1","1","0","0"
"POINT (9.732570680000038 52.376845968000055)","Unfall 136661 (2017) Kat:3, Licht: 2","136661","3","7","0","12","21","6","0","2","1","0","0","0"
"POINT (9.734139886000037 52.374586877000070)","Unfall 136662 (2017) Kat:3, Licht: 0","136662","3","7","6","12","14","6","0","0","0","1","1","0"
"POINT (9.732796727000050 52.398795514000028)","Unfall 136663 (2017) Kat:3, Licht: 2","136663","3","5","1","12","18","6","1","2","0","1","0","1"
"POINT (9.695321237000030 52.407503065000071)","Unfall 136664 (2017) Kat:3, Licht: 0","136664","3","1","0","12","14","6","0","0","1","0","0","0"
"POINT (9.806321179000065 52.417214208000075)","Unfall 136665 (2017) Kat:3, Licht: 2","136665","3","3","5","12","16","6","0","2","1","1","0","0"
"POINT (9.780784250000068 52.328474867000068)","Unfall 136666 (2017) Kat:2, Licht: 0","136666","2","3","0","12","14","6","0","0","1","1","0","0"
"POINT (9.749243485000022 52.390211228000055)","Unfall 136667 (2017) Kat:3, Licht: 0","136667","3","2","5","12","10","6","1","0","1","1","0","0"
"POINT (9.721455383000034 52.376336746000050)","Unfall 136690 (2017) Kat:3, Licht: 0","136690","3","5","1","12","09","5","1","0","0","1","0","1"
"POINT (9.833056561000035 52.390009035000048)","Unfall 136691 (2017) Kat:3, Licht: 0","136691","3","7","0","12","10","5","1","0","1","0","0","0"
"POINT (9.793036069000038 52.403231772000026)","Unfall 136692 (2017) Kat:3, Licht: 2","136692","3","2","2","12","18","5","0","2","0","1","0","0"
"POINT (9.751438832000076 52.374251021000077)","Unfall 136693 (2017) Kat:3, Licht: 0","136693","3","6","3","12","09","5","1","0","0","1","0","0"
"POINT (9.805409799000074 52.412339667000026)","Unfall 136939 (2017) Kat:2, Licht: 0","136939","2","2","5","12","10","7","1","0","1","1","0","0"
"POINT (9.733730600000058 52.362124115000029)","Unfall 136955 (2017) Kat:3, Licht: 2","136955","3","3","5","12","17","6","0","2","0","1","0","1"
"POINT (9.837259259000064 52.396916555000075)","Unfall 136956 (2017) Kat:3, Licht: 0","136956","3","3","5","12","12","6","0","0","1","1","0","0"
"POINT (9.737721749000059 52.372481073000074)","Unfall 136971 (2017) Kat:2, Licht: 0","136971","2","4","6","12","13","5","0","0","0","1","1","0"
"POINT (9.703082599000027 52.350460548000058)","Unfall 136972 (2017) Kat:3, Licht: 2","136972","3","3","0","12","07","5","0","2","0","1","0","1"
"POINT (9.766617352000026 52.340256203000081)","Unfall 8400 (2018) Kat:3, Licht: 2","8400","3","6","2","01","17","5","1","2","0","1","0","0"
"POINT (9.697102799000049 52.341540381000073)","Unfall 8658 (2018) Kat:2, Licht: 2","8658","2","2","5","01","17","5","1","2","1","1","0","0"
"POINT (9.798555452000073 52.416857679000032)","Unfall 8730 (2018) Kat:3, Licht: 0","8730","3","7","6","01","09","6","1","0","0","1","1","0"
"POINT (9.735877317000075 52.401478784000062)","Unfall 8736 (2018) Kat:2, Licht: 2","8736","2","4","6","01","02","2","1","2","0","1","1","0"
"POINT (9.749677945000030 52.369259496000041)","Unfall 8838 (2018) Kat:3, Licht: 2","8838","3","2","3","01","19","5","1","2","1","1","0","0"
"POINT (9.726383999000063 52.380834332000063)","Unfall 9057 (2018) Kat:3, Licht: 2","9057","3","3","5","01","18","5","1","2","1","1","0","0"
"POINT (9.699595825000074 52.347518665000052)","Unfall 9292 (2018) Kat:3, Licht: 0","9292","3","6","2","01","14","4","1","0","0","1","0","0"
"POINT (9.757412723000073 52.427244477000045)","Unfall 9349 (2018) Kat:2, Licht: 0","9349","2","6","2","01","08","2","0","0","0","0","0","0"
"POINT (9.736134349000054 52.396881220000068)","Unfall 9459 (2018) Kat:3, Licht: 0","9459","3","2","5","01","12","1","0","0","1","1","0","0"
"POINT (9.838396448000026 52.409977289000039)","Unfall 9515 (2018) Kat:3, Licht: 0","9515","3","3","5","01","14","7","0","0","0","1","0","0"
"POINT (9.861158859000057 52.357763661000035)","Unfall 9520 (2018) Kat:3, Licht: 0","9520","3","6","3","01","11","2","0","0","0","1","0","0"
"POINT (9.698375582000040 52.417299287000048)","Unfall 9524 (2018) Kat:3, Licht: 2","9524","3","6","2","01","17","3","0","2","0","1","0","0"
"POINT (9.733380812000064 52.417807815000060)","Unfall 9536 (2018) Kat:3, Licht: 2","9536","3","3","5","01","07","2","0","2","1","1","0","0"
"POINT (9.781688735000046 52.424946651000027)","Unfall 9563 (2018) Kat:3, Licht: 0","9563","3","2","6","01","12","6","0","0","0","1","1","0"
"POINT (9.697191314000065 52.374988169000062)","Unfall 9590 (2018) Kat:3, Licht: 2","9590","3","4","6","01","18","1","0","2","0","1","1","0"
"POINT (9.730213768000056 52.368958507000059)","Unfall 9638 (2018) Kat:3, Licht: 2","9638","3","3","5","01","18","2","0","2","1","1","0","0"
"POINT (9.697724344000051 52.377160806000063)","Unfall 9640 (2018) Kat:3, Licht: 0","9640","3","6","2","01","13","2","0","0","0","1","0","0"
"POINT (9.793223648000037 52.351734586000077)","Unfall 9643 (2018) Kat:2, Licht: 1","9643","2","6","2","01","07","6","1","1","0","1","0","0"
"POINT (9.800109616000043 52.426448424000057)","Unfall 9647 (2018) Kat:2, Licht: 0","9647","2","1","0","01","15","7","0","0","1","0","0","0"
"POINT (9.822208363000073 52.406287949000046)","Unfall 9650 (2018) Kat:3, Licht: 0","9650","3","6","2","01","15","2","0","0","0","1","0","0"
"POINT (9.733617405000075 52.427244264000080)","Unfall 9736 (2018) Kat:3, Licht: 0","9736","3","6","3","01","15","4","1","0","0","1","0","0"
"POINT (9.709831524000038 52.407332623000059)","Unfall 9751 (2018) Kat:3, Licht: 2","9751","3","3","5","01","17","7","0","2","1","0","0","0"
"POINT (9.709498033000045 52.346767433000082)","Unfall 9796 (2018) Kat:3, Licht: 0","9796","3","6","2","01","07","6","1","0","0","1","0","0"
"POINT (9.722203983000043 52.378352025000027)","Unfall 9826 (2018) Kat:3, Licht: 1","9826","3","6","2","01","17","5","1","1","0","1","0","0"
"POINT (9.715232032000074 52.378120763000027)","Unfall 9833 (2018) Kat:3, Licht: 2","9833","3","6","2","01","17","5","1","2","0","1","0","0"
"POINT (9.827247338000063 52.346278014000063)","Unfall 9873 (2018) Kat:3, Licht: 2","9873","3","2","5","01","18","7","0","2","0","1","1","0"
"POINT (9.733198186000038 52.419148841000037)","Unfall 9887 (2018) Kat:3, Licht: 0","9887","3","3","5","01","12","5","1","0","1","1","0","0"
"POINT (9.847054507000053 52.412744735000047)","Unfall 9895 (2018) Kat:3, Licht: 0","9895","3","6","2","01","11","5","1","0","0","1","0","0"
"POINT (9.709498033000045 52.346767433000082)","Unfall 9900 (2018) Kat:3, Licht: 0","9900","3","6","2","01","07","6","1","0","0","1","0","0"
"POINT (9.753771380000046 52.370023268000068)","Unfall 9908 (2018) Kat:3, Licht: 0","9908","3","6","2","01","10","3","1","0","0","1","0","0"
"POINT (9.757066703000021 52.334432872000036)","Unfall 9911 (2018) Kat:3, Licht: 0","9911","3","6","2","01","07","3","1","0","0","1","0","0"
"POINT (9.727144908000071 52.381157227000074)","Unfall 9913 (2018) Kat:3, Licht: 2","9913","3","2","6","01","07","3","1","2","0","1","1","0"
"POINT (9.850795979000054 52.322202041000082)","Unfall 9971 (2018) Kat:3, Licht: 2","9971","3","1","8","01","07","3","1","2","0","1","0","0"
"POINT (9.787788537000040 52.355491748000077)","Unfall 9986 (2018) Kat:3, Licht: 2","9986","3","6","2","01","06","3","1","2","0","1","0","0"
"POINT (9.651368395000077 52.424723850000078)","Unfall 9996 (2018) Kat:3, Licht: 0","9996","3","6","2","01","15","3","0","0","0","1","0","0"
"POINT (9.771376362000069 52.335021223000069)","Unfall 10064 (2018) Kat:2, Licht: 0","10064","2","4","6","01","12","3","0","0","0","1","1","0"
"POINT (9.854132872000037 52.390420123000069)","Unfall 10092 (2018) Kat:3, Licht: 0","10092","3","2","5","01","11","2","0","0","1","1","0","0"
"POINT (9.734015913000064 52.387059292000060)","Unfall 10107 (2018) Kat:3, Licht: 1","10107","3","2","5","01","17","5","0","1","0","1","0","0"
"POINT (9.818630207000069 52.410279195000044)","Unfall 10141 (2018) Kat:3, Licht: 0","10141","3","2","3","01","13","4","0","0","0","1","0","0"
"POINT (9.746319642000060 52.365816404000043)","Unfall 10160 (2018) Kat:3, Licht: 0","10160","3","2","5","01","10","5","0","0","1","1","0","0"
"POINT (9.782288355000048 52.324939567000058)","Unfall 10167 (2018) Kat:1, Licht: 2","10167","1","7","0","01","03","1","1","2","0","0","1","0"
"POINT (9.836422920000075 52.421371484000076)","Unfall 10217 (2018) Kat:3, Licht: 0","10217","3","6","2","01","09","4","0","0","0","1","0","0"
"POINT (9.652477648000058 52.424937319000037)","Unfall 10253 (2018) Kat:2, Licht: 0","10253","2","7","2","01","08","1","0","0","0","1","0","0"
"POINT (9.857611674000054 52.407658288000050)","Unfall 10272 (2018) Kat:3, Licht: 2","10272","3","6","3","01","23","7","1","2","0","1","0","0"
"POINT (9.771781291000025 52.342960255000037)","Unfall 10283 (2018) Kat:3, Licht: 0","10283","3","6","3","01","08","3","0","0","0","1","0","0"
"POINT (9.782836957000029 52.324309851000066)","Unfall 10301 (2018) Kat:2, Licht: 0","10301","2","4","6","02","10","3","0","0","0","1","1","0"
"POINT (9.698513196000022 52.417212481000035)","Unfall 10340 (2018) Kat:3, Licht: 0","10340","3","6","2","02","15","4","0","0","0","1","0","0"
"POINT (9.723012200000028 52.358073056000080)","Unfall 10433 (2018) Kat:3, Licht: 0","10433","3","6","2","02","13","5","0","0","0","1","0","0"
"POINT (9.693000516000041 52.335663022000062)","Unfall 10437 (2018) Kat:3, Licht: 1","10437","3","1","4","02","07","5","2","1","0","1","0","0"
"POINT (9.719910027000026 52.367996995000055)","Unfall 10442 (2018) Kat:3, Licht: 2","10442","3","1","0","02","20","5","1","2","1","0","0","0"
"POINT (9.717554685000039 52.396098357000028)","Unfall 10444 (2018) Kat:3, Licht: 2","10444","3","3","5","02","00","6","0","2","0","1","0","0"
"POINT (9.798718727000050 52.431007750000049)","Unfall 10461 (2018) Kat:3, Licht: 0","10461","3","6","2","02","15","5","0","0","0","1","0","0"
"POINT (9.763023931000021 52.336714125000071)","Unfall 10464 (2018) Kat:3, Licht: 0","10464","3","3","5","02","11","5","1","0","0","1","0","0"
"POINT (9.715124641000045 52.361408105000066)","Unfall 10468 (2018) Kat:3, Licht: 0","10468","3","6","2","02","07","4","2","0","0","1","0","0"
"POINT (9.812138704000063 52.409493646000044)","Unfall 10567 (2018) Kat:3, Licht: 0","10567","3","7","5","02","15","7","1","0","0","1","0","0"
"POINT (9.743771559000038 52.368142395000064)","Unfall 10585 (2018) Kat:3, Licht: 0","10585","3","6","2","01","13","4","1","0","0","0","0","0"
"POINT (9.773716508000064 52.427404867000064)","Unfall 10596 (2018) Kat:3, Licht: 2","10596","3","7","2","01","07","4","1","2","0","0","0","0"
"POINT (9.761693575000038 52.342113538000035)","Unfall 10621 (2018) Kat:3, Licht: 0","10621","3","6","2","02","15","4","0","0","0","1","0","0"
"POINT (9.844767705000038 52.321589433000042)","Unfall 10622 (2018) Kat:3, Licht: 2","10622","3","1","4","02","20","7","2","2","0","1","0","0"
"POINT (9.732318651000071 52.383274373000063)","Unfall 10718 (2018) Kat:2, Licht: 0","10718","2","2","5","02","14","1","0","0","0","1","0","0"