WKT,Name,OBJECTID,UKATEGORIE,UTYP1,UART,UMONAT,USTUNDE,UWOCHENTAG,STRZUSTAND,ULICHTVERH,ISTRAD,ISTPKW,ISTFUSS,ISTKRAD
"POINT (9.762937511000075 52.426953008000055)","Unfall 10729 (2018) Kat:3, Licht: 2","10729","3","6","2","02","00","7","0","2","0","1","0","0"
"POINT (9.735256307000043 52.405297676000032)","Unfall 10734 (2018) Kat:3, Licht: 1","10734","3","2","5","02","17","1","1","1","1","1","0","0"
"POINT (9.833391041000027 52.419261182000071)","Unfall 10736 (2018) Kat:3, Licht: 1","10736","3","2","5","02","18","1","1","1","0","1","0","0"
"POINT (9.713407247000021 52.399910928000054)","Unfall 10745 (2018) Kat:3, Licht: 0","10745","3","6","2","02","12","4","0","0","0","1","0","0"
"POINT (9.733754130000023 52.384548292000034)","Unfall 10747 (2018) Kat:3, Licht: 2","10747","3","6","2","02","18","6","0","2","0","1","0","0"
"POINT (9.760158217000026 52.370382382000059)","Unfall 10799 (2018) Kat:3, Licht: 0","10799","3","6","9","02","15","5","1","0","1","0","0","0"
"POINT (9.740539710000064 52.368279918000042)","Unfall 10817 (2018) Kat:3, Licht: 0","10817","3","6","2","02","12","7","0","0","0","1","0","0"
"POINT (9.779396333000022 52.371347989000071)","Unfall 10871 (2018) Kat:3, Licht: 2","10871","3","2","5","02","17","2","1","2","0","1","0","0"
"POINT (9.697626783000032 52.377252976000079)","Unfall 10930 (2018) Kat:3, Licht: 2","10930","3","6","2","02","19","6","0","2","0","1","0","0"
"POINT (9.862835193000024 52.372688729000060)","Unfall 10932 (2018) Kat:3, Licht: 0","10932","3","3","5","02","11","6","0","0","0","1","0","0"
"POINT (9.721305578000056 52.391587159000039)","Unfall 10943 (2018) Kat:2, Licht: 0","10943","2","4","6","02","14","2","0","0","0","0","1","0"
"POINT (9.648123717000033 52.412882763000027)","Unfall 10944 (2018) Kat:3, Licht: 0","10944","3","6","2","02","09","6","0","0","0","1","0","0"
"POINT (9.696456309000041 52.430383168000048)","Unfall 10946 (2018) Kat:2, Licht: 2","10946","2","6","8","02","17","6","1","2","0","1","0","0"
"POINT (9.734150868000029 52.386429228000054)","Unfall 10947 (2018) Kat:3, Licht: 0","10947","3","6","2","02","13","2","0","0","0","1","0","0"
"POINT (9.732072705000064 52.369467464000081)","Unfall 10948 (2018) Kat:2, Licht: 1","10948","2","6","3","02","17","6","0","1","0","1","0","1"
"POINT (9.768472826000050 52.338154039000074)","Unfall 10975 (2018) Kat:3, Licht: 2","10975","3","6","2","02","18","5","1","2","0","1","0","0"
"POINT (9.827036459000055 52.408888223000076)","Unfall 11018 (2018) Kat:3, Licht: 2","11018","3","6","2","02","19","3","0","2","0","1","0","0"
"POINT (9.811488662000045 52.332984291000059)","Unfall 11067 (2018) Kat:2, Licht: 0","11067","2","6","9","02","11","6","0","0","0","1","0","0"
"POINT (9.761688813000035 52.345708809000030)","Unfall 11076 (2018) Kat:3, Licht: 2","11076","3","2","6","02","18","2","0","2","0","1","1","0"
"POINT (9.724593004000042 52.380003417000069)","Unfall 11096 (2018) Kat:3, Licht: 0","11096","3","3","5","02","12","7","0","0","1","1","0","0"
"POINT (9.776428098000054 52.427669748000028)","Unfall 11109 (2018) Kat:3, Licht: 1","11109","3","6","2","02","08","5","0","1","0","1","0","0"
"POINT (9.655902091000030 52.406380739000042)","Unfall 11112 (2018) Kat:2, Licht: 0","11112","2","7","0","02","13","3","0","0","0","1","0","0"
"POINT (9.758388116000049 52.370288069000026)","Unfall 11146 (2018) Kat:3, Licht: 0","11146","3","5","1","02","09","2","0","0","0","0","0","0"
"POINT (9.723572771000022 52.379335294000043)","Unfall 11164 (2018) Kat:3, Licht: 0","11164","3","6","3","02","10","4","2","0","0","1","0","0"
"POINT (9.726813507000031 52.375692435000076)","Unfall 11176 (2018) Kat:3, Licht: 2","11176","3","3","5","03","19","3","0","2","0","1","0","0"
"POINT (9.787410740000041 52.390192963000061)","Unfall 11183 (2018) Kat:3, Licht: 0","11183","3","6","2","03","08","2","0","0","0","1","0","0"
"POINT (9.842029989000025 52.388015201000030)","Unfall 11186 (2018) Kat:3, Licht: 0","11186","3","4","6","02","14","2","0","0","0","1","1","0"
"POINT (9.736007174000065 52.400600484000051)","Unfall 11189 (2018) Kat:3, Licht: 1","11189","3","1","1","03","05","2","1","1","0","1","0","0"
"POINT (9.774430065000047 52.371247251000057)","Unfall 11194 (2018) Kat:3, Licht: 0","11194","3","2","4","02","11","3","1","0","0","1","0","0"
"POINT (9.762199152000051 52.370416675000058)","Unfall 11203 (2018) Kat:3, Licht: 0","11203","3","3","5","03","08","3","0","0","0","1","0","0"
"POINT (9.737916695000024 52.427535927000065)","Unfall 11222 (2018) Kat:3, Licht: 0","11222","3","6","2","02","19","3","2","0","0","1","0","0"
"POINT (9.719159265000030 52.347351127000081)","Unfall 11233 (2018) Kat:3, Licht: 2","11233","3","7","4","03","05","5","1","2","0","1","0","0"
"POINT (9.749757681000062 52.361102029000051)","Unfall 11260 (2018) Kat:2, Licht: 2","11260","2","4","6","03","18","4","0","2","0","1","1","0"
"POINT (9.721160538000049 52.361603609000042)","Unfall 11268 (2018) Kat:2, Licht: 0","11268","2","2","6","02","14","6","0","0","0","0","1","0"
"POINT (9.749619253000049 52.361280004000037)","Unfall 11275 (2018) Kat:3, Licht: 2","11275","3","2","3","02","18","1","0","2","0","1","0","0"
"POINT (9.862111336000055 52.370808828000065)","Unfall 11319 (2018) Kat:3, Licht: 0","11319","3","2","2","03","14","5","2","0","0","1","0","0"
"POINT (9.774372081000024 52.428142849000039)","Unfall 11365 (2018) Kat:3, Licht: 0","11365","3","2","5","02","12","4","2","0","0","1","0","0"
"POINT (9.841298855000048 52.332661750000057)","Unfall 11397 (2018) Kat:3, Licht: 0","11397","3","1","9","02","15","4","2","0","0","1","0","0"
"POINT (9.827103874000045 52.343244226000081)","Unfall 11418 (2018) Kat:3, Licht: 0","11418","3","2","2","03","11","2","0","0","0","1","0","0"
"POINT (9.698330610000028 52.347524360000079)","Unfall 11427 (2018) Kat:3, Licht: 0","11427","3","6","2","02","12","3","2","0","0","1","0","0"
"POINT (9.740255262000062 52.368258636000064)","Unfall 11431 (2018) Kat:3, Licht: 0","11431","3","2","5","02","16","5","0","0","0","1","0","0"
"POINT (9.757942778000029 52.427232389000039)","Unfall 11436 (2018) Kat:3, Licht: 0","11436","3","6","2","03","10","3","0","0","0","1","0","0"
"POINT (9.721753380000052 52.378591687000039)","Unfall 11463 (2018) Kat:3, Licht: 0","11463","3","6","3","03","16","6","0","0","0","1","0","0"
"POINT (9.652703351000071 52.409519689000035)","Unfall 11487 (2018) Kat:3, Licht: 0","11487","3","6","2","02","14","7","0","0","0","1","0","0"
"POINT (9.781204119000051 52.364269317000037)","Unfall 11493 (2018) Kat:3, Licht: 0","11493","3","6","2","02","14","7","0","0","0","1","0","0"
"POINT (9.771203502000049 52.334880382000051)","Unfall 11522 (2018) Kat:3, Licht: 2","11522","3","6","2","03","06","3","1","2","0","1","0","0"
"POINT (9.635278582000069 52.418114000000060)","Unfall 11559 (2018) Kat:3, Licht: 0","11559","3","6","2","03","16","5","2","0","0","1","0","0"
"POINT (9.730354169000066 52.370955628000047)","Unfall 11581 (2018) Kat:2, Licht: 0","11581","2","3","5","02","12","4","0","0","1","1","0","0"
"POINT (9.806129819000034 52.430677632000027)","Unfall 11584 (2018) Kat:3, Licht: 0","11584","3","6","2","02","12","4","0","0","0","1","0","0"
"POINT (9.706926773000021 52.411036355000078)","Unfall 11585 (2018) Kat:3, Licht: 0","11585","3","3","5","03","11","5","0","0","1","1","0","0"
"POINT (9.806751067000050 52.336216617000048)","Unfall 11591 (2018) Kat:3, Licht: 0","11591","3","6","2","02","10","4","0","0","0","1","0","0"
"POINT (9.838609820000045 52.354995118000033)","Unfall 11595 (2018) Kat:2, Licht: 2","11595","2","6","4","02","06","4","0","2","0","1","0","0"
"POINT (9.836156864000031 52.409770212000069)","Unfall 11615 (2018) Kat:3, Licht: 0","11615","3","1","8","03","12","4","0","0","0","0","0","0"
"POINT (9.715612747000023 52.397859525000058)","Unfall 11624 (2018) Kat:3, Licht: 0","11624","3","6","2","02","14","2","0","0","0","1","0","0"
"POINT (9.723164565000047 52.378108761000078)","Unfall 11641 (2018) Kat:3, Licht: 2","11641","3","7","0","03","21","1","0","2","1","0","0","0"
"POINT (9.799765223000065 52.408090774000073)","Unfall 11655 (2018) Kat:3, Licht: 0","11655","3","3","5","03","17","2","1","0","1","1","0","0"
"POINT (9.697764455000026 52.376332414000046)","Unfall 11669 (2018) Kat:3, Licht: 0","11669","3","6","2","02","16","3","0","0","0","1","0","0"
"POINT (9.735067916000048 52.407398303000036)","Unfall 11670 (2018) Kat:3, Licht: 0","11670","3","6","2","02","16","3","0","0","0","1","0","0"
"POINT (9.735252922000029 52.403175945000044)","Unfall 11696 (2018) Kat:3, Licht: 2","11696","3","7","6","03","19","5","1","2","0","0","1","0"
"POINT (9.696447497000065 52.379743316000031)","Unfall 11698 (2018) Kat:3, Licht: 0","11698","3","6","2","03","14","5","0","0","0","1","0","0"
"POINT (9.707825281000055 52.420624128000043)","Unfall 11706 (2018) Kat:3, Licht: 0","11706","3","3","0","03","09","5","2","0","1","1","0","0"
"POINT (9.730991473000074 52.382502963000036)","Unfall 11719 (2018) Kat:3, Licht: 0","11719","3","2","5","02","14","4","2","0","1","1","0","0"
"POINT (9.782803225000066 52.424387324000065)","Unfall 11771 (2018) Kat:3, Licht: 2","11771","3","3","5","03","19","4","0","2","0","1","0","0"
"POINT (9.827109196000038 52.343496699000070)","Unfall 11777 (2018) Kat:3, Licht: 0","11777","3","6","2","03","09","3","1","0","0","1","0","0"
"POINT (9.782950903000028 52.323759450000068)","Unfall 11794 (2018) Kat:3, Licht: 0","11794","3","4","6","03","16","5","0","0","0","0","1","0"
"POINT (9.718932480000035 52.346824600000048)","Unfall 11812 (2018) Kat:3, Licht: 2","11812","3","7","9","03","18","7","0","2","0","1","0","0"
"POINT (9.708972400000050 52.420871347000059)","Unfall 11814 (2018) Kat:3, Licht: 0","11814","3","2","5","03","16","2","1","0","1","0","0","0"
"POINT (9.856606826000075 52.388529933000029)","Unfall 11858 (2018) Kat:3, Licht: 0","11858","3","3","5","03","14","6","2","0","1","1","0","0"
"POINT (9.697595499000045 52.376439738000045)","Unfall 11937 (2018) Kat:3, Licht: 0","11937","3","6","2","03","11","4","0","0","0","1","0","0"
"POINT (9.675511814000060 52.376363905000062)","Unfall 11949 (2018) Kat:2, Licht: 0","11949","2","6","2","03","14","7","1","0","0","1","0","0"
"POINT (9.719400002000043 52.346624337000037)","Unfall 11968 (2018) Kat:3, Licht: 0","11968","3","2","5","03","15","4","0","0","0","1","0","0"
"POINT (9.778595507000034 52.371013599000037)","Unfall 12054 (2018) Kat:2, Licht: 2","12054","2","6","2","03","05","5","1","2","0","1","0","0"
"POINT (9.755561256000021 52.427286683000034)","Unfall 12082 (2018) Kat:2, Licht: 0","12082","2","6","3","03","06","4","0","0","0","1","0","0"
"POINT (9.743479416000071 52.368573564000030)","Unfall 12095 (2018) Kat:3, Licht: 0","12095","3","6","2","03","09","6","1","0","0","1","0","0"
"POINT (9.771483626000077 52.370875160000026)","Unfall 12101 (2018) Kat:3, Licht: 0","12101","3","3","5","03","14","3","1","0","0","1","0","0"
"POINT (9.759694722000063 52.370358492000037)","Unfall 12104 (2018) Kat:3, Licht: 0","12104","3","7","0","03","14","2","0","0","0","1","0","0"
"POINT (9.805440094000062 52.408388272000082)","Unfall 12122 (2018) Kat:3, Licht: 1","12122","3","2","3","03","18","4","1","1","1","1","0","0"
"POINT (9.808067206000033 52.337240026000075)","Unfall 12128 (2018) Kat:3, Licht: 2","12128","3","6","2","03","19","3","0","2","0","1","0","0"
"POINT (9.819753656000046 52.406463155000040)","Unfall 12146 (2018) Kat:3, Licht: 0","12146","3","6","9","03","16","5","1","0","0","1","0","0"
"POINT (9.765828591000059 52.323805404000041)","Unfall 12190 (2018) Kat:3, Licht: 2","12190","3","1","9","03","21","7","2","2","0","1","0","0"
"POINT (9.749169707000021 52.361857965000070)","Unfall 12205 (2018) Kat:3, Licht: 1","12205","3","6","2","03","09","6","0","1","0","1","0","0"
"POINT (9.713421613000037 52.361923929000056)","Unfall 12206 (2018) Kat:3, Licht: 0","12206","3","6","2","03","16","1","0","0","0","1","0","0"
"POINT (9.778126832000055 52.371714642000029)","Unfall 12232 (2018) Kat:3, Licht: 0","12232","3","6","2","03","13","5","0","0","0","1","0","0"
"POINT (9.731826959000046 52.369452103000071)","Unfall 12251 (2018) Kat:2, Licht: 0","12251","2","3","5","03","09","6","1","0","0","1","0","0"
"POINT (9.762237226000025 52.427129603000026)","Unfall 12256 (2018) Kat:3, Licht: 0","12256","3","6","2","03","08","2","0","0","0","1","0","0"
"POINT (9.793234096000049 52.415383505000079)","Unfall 12259 (2018) Kat:3, Licht: 0","12259","3","2","5","03","08","6","0","0","1","1","0","0"
"POINT (9.686591018000058 52.378841095000041)","Unfall 12291 (2018) Kat:2, Licht: 0","12291","2","1","0","03","07","5","1","0","1","0","0","0"
"POINT (9.814056553000057 52.364806386000055)","Unfall 12303 (2018) Kat:3, Licht: 0","12303","3","7","8","03","11","7","1","0","0","1","0","0"
"POINT (9.712876378000033 52.362370159000079)","Unfall 12315 (2018) Kat:3, Licht: 0","12315","3","6","2","03","14","5","0","0","0","1","0","0"
"POINT (9.798499871000047 52.412175311000055)","Unfall 12344 (2018) Kat:3, Licht: 0","12344","3","4","0","03","12","7","1","0","0","1","1","0"
"POINT (9.841190167000036 52.416634994000049)","Unfall 12377 (2018) Kat:3, Licht: 0","12377","3","6","2","04","14","4","0","0","0","0","0","0"
"POINT (9.698735183000053 52.347677390000058)","Unfall 12378 (2018) Kat:3, Licht: 2","12378","3","6","2","04","20","6","0","2","0","1","0","0"
"POINT (9.829187913000055 52.339595512000074)","Unfall 12385 (2018) Kat:3, Licht: 0","12385","3","5","3","04","16","3","0","0","0","1","0","0"
"POINT (9.745835920000047 52.369065712000065)","Unfall 12452 (2018) Kat:3, Licht: 0","12452","3","7","5","04","17","5","1","0","1","0","0","0"
"POINT (9.713743103000070 52.361367017000077)","Unfall 12457 (2018) Kat:3, Licht: 0","12457","3","1","8","04","11","2","1","0","0","0","0","1"
"POINT (9.898900203000039 52.401506817000040)","Unfall 12459 (2018) Kat:3, Licht: 0","12459","3","6","3","04","17","4","0","0","0","1","0","0"
"POINT (9.636698818000070 52.421919232000050)","Unfall 12493 (2018) Kat:3, Licht: 2","12493","3","6","2","03","22","7","1","2","0","1","0","0"
"POINT (9.772037883000053 52.371105682000064)","Unfall 12498 (2018) Kat:3, Licht: 0","12498","3","3","5","04","15","4","0","0","0","1","0","1"
"POINT (9.866957279000076 52.341250811000066)","Unfall 12502 (2018) Kat:3, Licht: 1","12502","3","6","9","04","06","6","0","1","0","1","0","0"
"POINT (9.715124549000052 52.361479830000064)","Unfall 12524 (2018) Kat:3, Licht: 0","12524","3","6","2","04","17","6","0","0","0","1","0","1"
"POINT (9.661648692000028 52.385799939000037)","Unfall 12525 (2018) Kat:3, Licht: 0","12525","3","4","6","04","10","4","0","0","0","1","1","0"
"POINT (9.870667825000055 52.402085342000078)","Unfall 12558 (2018) Kat:3, Licht: 2","12558","3","7","8","04","23","1","0","2","0","0","0","0"
"POINT (9.701526910000041 52.370700553000063)","Unfall 12559 (2018) Kat:3, Licht: 0","12559","3","1","0","04","13","1","1","0","0","0","0","1"
"POINT (9.860329972000045 52.384932905000028)","Unfall 12582 (2018) Kat:3, Licht: 0","12582","3","3","5","03","10","3","0","0","1","1","0","0"
"POINT (9.845451669000056 52.411462916000062)","Unfall 12601 (2018) Kat:3, Licht: 0","12601","3","1","9","03","15","3","0","0","0","1","0","0"
"POINT (9.667362362000063 52.377070886000070)","Unfall 12605 (2018) Kat:2, Licht: 0","12605","2","2","5","04","17","2","0","0","0","1","0","0"
"POINT (9.699893324000072 52.416313321000075)","Unfall 12607 (2018) Kat:3, Licht: 0","12607","3","6","2","03","18","5","1","0","0","1","0","0"
"POINT (9.782658229000049 52.324282054000037)","Unfall 12625 (2018) Kat:2, Licht: 0","12625","2","4","6","03","16","5","0","0","0","1","1","0"
"POINT (9.826142597000057 52.341259679000075)","Unfall 12653 (2018) Kat:3, Licht: 0","12653","3","6","2","03","10","7","1","0","0","1","0","0"
"POINT (9.810980465000057 52.367552349000050)","Unfall 12659 (2018) Kat:3, Licht: 0","12659","3","5","1","03","15","6","0","0","0","1","0","0"
"POINT (9.735393811000051 52.404296694000038)","Unfall 12674 (2018) Kat:3, Licht: 0","12674","3","6","3","04","12","6","0","0","0","1","0","0"
"POINT (9.733979227000077 52.386856543000079)","Unfall 12685 (2018) Kat:3, Licht: 0","12685","3","3","5","04","17","4","1","0","1","1","0","0"
"POINT (9.696197191000067 52.379678868000042)","Unfall 12710 (2018) Kat:3, Licht: 2","12710","3","7","0","04","00","1","0","2","0","1","0","0"
"POINT (9.715897983000048 52.397638515000040)","Unfall 12723 (2018) Kat:2, Licht: 2","12723","2","4","6","03","21","2","0","2","1","0","1","0"
"POINT (9.725119723000034 52.377001298000039)","Unfall 12764 (2018) Kat:3, Licht: 0","12764","3","6","2","04","19","4","0","0","1","1","0","0"
"POINT (9.722162859000036 52.378551431000062)","Unfall 12794 (2018) Kat:2, Licht: 0","12794","2","2","5","04","09","2","0","0","1","1","0","0"
"POINT (9.648711683000045 52.412608837000050)","Unfall 12838 (2018) Kat:3, Licht: 0","12838","3","6","2","04","16","6","0","0","0","1","0","0"
"POINT (9.744498167000074 52.369014208000067)","Unfall 12847 (2018) Kat:3, Licht: 0","12847","3","3","5","04","16","3","0","0","1","0","0","0"
"POINT (9.768921628000044 52.337946232000036)","Unfall 12886 (2018) Kat:3, Licht: 0","12886","3","5","2","04","17","3","0","0","0","1","0","0"
"POINT (9.800055689000033 52.406781329000069)","Unfall 12916 (2018) Kat:3, Licht: 0","12916","3","1","0","04","19","5","0","0","1","0","0","0"
"POINT (9.782798924000076 52.428436669000064)","Unfall 12924 (2018) Kat:3, Licht: 0","12924","3","6","3","04","15","4","0","0","0","1","0","0"
"POINT (9.774311244000046 52.371024066000075)","Unfall 12963 (2018) Kat:3, Licht: 0","12963","3","6","2","04","17","4","1","0","0","1","0","0"
"POINT (9.714187933000062 52.361136996000027)","Unfall 12988 (2018) Kat:3, Licht: 0","12988","3","6","2","04","12","6","0","0","0","1","0","0"
"POINT (9.886466872000028 52.359381367000026)","Unfall 13023 (2018) Kat:3, Licht: 0","13023","3","6","0","04","15","1","0","0","0","1","0","0"
"POINT (9.757223037000074 52.370217015000037)","Unfall 13024 (2018) Kat:3, Licht: 0","13024","3","2","5","04","18","1","0","0","1","1","0","0"
"POINT (9.732225745000051 52.369676100000049)","Unfall 13070 (2018) Kat:3, Licht: 0","13070","3","3","5","04","17","2","0","0","1","1","0","0"
"POINT (9.650053772000035 52.423922794000077)","Unfall 13100 (2018) Kat:3, Licht: 0","13100","3","1","8","04","08","7","0","0","0","1","0","0"
"POINT (9.854789311000047 52.390247091000049)","Unfall 13141 (2018) Kat:3, Licht: 0","13141","3","3","6","04","11","7","0","0","0","0","1","0"
"POINT (9.798373447000074 52.412407173000076)","Unfall 13155 (2018) Kat:3, Licht: 0","13155","3","3","5","04","12","2","0","0","1","1","0","0"
"POINT (9.626927201000058 52.420802621000064)","Unfall 13157 (2018) Kat:3, Licht: 0","13157","3","6","2","04","15","4","0","0","0","1","0","0"
"POINT (9.862114523000059 52.370817398000042)","Unfall 13160 (2018) Kat:3, Licht: 0","13160","3","3","5","04","08","5","1","0","0","1","0","1"
"POINT (9.747180570000069 52.427465425000037)","Unfall 13181 (2018) Kat:3, Licht: 0","13181","3","6","2","04","12","2","0","0","0","0","0","0"
"POINT (9.750210786000025 52.360515175000046)","Unfall 13192 (2018) Kat:2, Licht: 0","13192","2","2","6","04","10","6","0","0","0","1","1","0"
"POINT (9.727031645000068 52.427332354000043)","Unfall 13194 (2018) Kat:3, Licht: 0","13194","3","6","2","04","08","3","0","0","0","1","0","0"
"POINT (9.858299282000075 52.419308371000056)","Unfall 13224 (2018) Kat:3, Licht: 0","13224","3","7","2","04","15","7","0","0","0","1","0","0"
"POINT (9.709591627000066 52.421079854000027)","Unfall 13267 (2018) Kat:3, Licht: 0","13267","3","7","6","04","12","3","0","0","0","0","1","0"
"POINT (9.723436291000041 52.377716641000063)","Unfall 13295 (2018) Kat:3, Licht: 2","13295","3","2","5","04","21","4","0","2","0","1","1","0"
"POINT (9.830099658000052 52.417114613000081)","Unfall 13322 (2018) Kat:3, Licht: 0","13322","3","1","0","04","17","3","0","0","1","0","0","0"
"POINT (9.655042090000052 52.407255415000066)","Unfall 13352 (2018) Kat:3, Licht: 0","13352","3","1","2","04","09","1","0","0","0","1","0","0"
"POINT (9.627159782000035 52.423334738000051)","Unfall 13370 (2018) Kat:3, Licht: 0","13370","3","6","2","04","13","1","0","0","0","1","0","0"
"POINT (9.629913371000043 52.421590159000061)","Unfall 13372 (2018) Kat:2, Licht: 0","13372","2","1","8","04","18","6","1","0","0","1","0","0"
"POINT (9.722460602000069 52.378486744000043)","Unfall 13379 (2018) Kat:3, Licht: 0","13379","3","6","2","04","13","6","1","0","0","1","0","0"
"POINT (9.697788592000052 52.377100105000068)","Unfall 13398 (2018) Kat:3, Licht: 0","13398","3","6","2","04","10","7","0","0","0","1","0","0"
"POINT (9.857762244000071 52.356746519000069)","Unfall 13422 (2018) Kat:3, Licht: 0","13422","3","6","2","04","14","5","1","0","0","1","0","0"
"POINT (9.798942922000038 52.411186238000028)","Unfall 13460 (2018) Kat:3, Licht: 0","13460","3","4","0","04","15","4","0","0","0","1","1","0"
"POINT (9.799878057000058 52.407592842000042)","Unfall 13484 (2018) Kat:3, Licht: 0","13484","3","1","0","04","13","1","0","0","1","0","0","0"
"POINT (9.718872753000028 52.333433408000076)","Unfall 13498 (2018) Kat:3, Licht: 0","13498","3","2","5","04","17","2","0","0","0","1","0","1"
"POINT (9.732965997000065 52.420852165000042)","Unfall 13500 (2018) Kat:1, Licht: 0","13500","1","2","5","04","18","4","0","0","1","0","0","0"
"POINT (9.750492674000043 52.360143772000072)","Unfall 13503 (2018) Kat:3, Licht: 0","13503","3","2","5","04","10","5","1","0","1","1","0","0"
"POINT (9.654651295000065 52.407863425000073)","Unfall 13515 (2018) Kat:2, Licht: 2","13515","2","3","5","04","22","6","0","2","0","1","0","1"
"POINT (9.734049142000060 52.387251260000028)","Unfall 13531 (2018) Kat:3, Licht: 0","13531","3","3","5","04","14","5","0","0","1","0","0","0"
"POINT (9.863862297000026 52.375144164000062)","Unfall 13543 (2018) Kat:3, Licht: 0","13543","3","4","0","04","16","5","0","0","0","0","1","0"
"POINT (9.764664723000067 52.342535960000077)","Unfall 13578 (2018) Kat:3, Licht: 0","13578","3","7","3","04","19","4","0","0","0","1","0","0"
"POINT (9.730522568000026 52.370760284000028)","Unfall 13612 (2018) Kat:3, Licht: 0","13612","3","2","5","04","18","3","0","0","1","0","0","0"
"POINT (9.733334482000032 52.420844230000057)","Unfall 13652 (2018) Kat:3, Licht: 1","13652","3","6","2","04","19","7","0","1","0","1","0","0"
"POINT (9.659994840000024 52.387329525000041)","Unfall 13653 (2018) Kat:2, Licht: 0","13653","2","2","5","04","16","2","0","0","0","1","0","1"
"POINT (9.833898896000051 52.419552100000033)","Unfall 13665 (2018) Kat:3, Licht: 0","13665","3","6","2","04","08","2","0","0","0","1","0","0"
"POINT (9.631557584000063 52.421203160000061)","Unfall 13667 (2018) Kat:3, Licht: 0","13667","3","6","3","04","14","4","0","0","0","1","0","0"
"POINT (9.817682087000037 52.362918686000057)","Unfall 13681 (2018) Kat:3, Licht: 0","13681","3","6","0","04","08","5","0","0","1","0","0","0"
"POINT (9.733272513000031 52.421392431000072)","Unfall 13685 (2018) Kat:3, Licht: 0","13685","3","6","3","04","08","5","0","0","0","1","0","0"
"POINT (9.762069892000056 52.370419653000056)","Unfall 13695 (2018) Kat:3, Licht: 0","13695","3","2","5","04","08","6","0","0","1","1","0","0"
"POINT (9.719246131000034 52.352412005000076)","Unfall 13706 (2018) Kat:2, Licht: 0","13706","2","6","3","04","16","2","0","0","0","1","0","1"
"POINT (9.724061421000044 52.377382337000029)","Unfall 13728 (2018) Kat:3, Licht: 0","13728","3","6","3","04","14","5","0","0","0","1","0","0"
"POINT (9.711259621000068 52.429335295000044)","Unfall 13735 (2018) Kat:3, Licht: 0","13735","3","6","2","04","16","5","0","0","0","1","0","0"
"POINT (9.760565407000058 52.346742423000080)","Unfall 13736 (2018) Kat:2, Licht: 0","13736","2","3","5","04","17","7","0","0","1","1","0","0"
"POINT (9.658453664000035 52.388055534000046)","Unfall 13745 (2018) Kat:3, Licht: 1","13745","3","7","0","04","21","7","0","1","1","0","1","0"
"POINT (9.628106379000030 52.422681513000043)","Unfall 13766 (2018) Kat:3, Licht: 0","13766","3","7","7","04","14","1","0","0","0","1","0","0"
"POINT (9.721305393000023 52.360750302000042)","Unfall 13769 (2018) Kat:3, Licht: 0","13769","3","2","5","04","17","5","0","0","1","1","0","0"
"POINT (9.725919781000073 52.336587718000033)","Unfall 13799 (2018) Kat:3, Licht: 0","13799","3","6","2","04","15","4","0","0","0","1","0","0"
"POINT (9.734778624000057 52.407339694000029)","Unfall 13808 (2018) Kat:3, Licht: 0","13808","3","2","4","04","10","4","0","0","0","1","0","0"
"POINT (9.680416237000031 52.371928728000057)","Unfall 13833 (2018) Kat:3, Licht: 0","13833","3","2","5","04","11","6","0","0","1","1","0","0"
"POINT (9.675098078000076 52.381885110000042)","Unfall 13836 (2018) Kat:2, Licht: 0","13836","2","3","3","04","08","4","0","0","1","0","0","0"
"POINT (9.706329211000025 52.365592386000060)","Unfall 13848 (2018) Kat:3, Licht: 0","13848","3","6","2","04","13","5","1","0","0","1","0","0"
"POINT (9.632294610000031 52.411293087000047)","Unfall 13858 (2018) Kat:3, Licht: 0","13858","3","2","5","04","19","6","0","0","0","1","0","0"
"POINT (9.745202772000027 52.338804598000081)","Unfall 13868 (2018) Kat:3, Licht: 0","13868","3","7","2","04","18","2","0","0","0","1","0","0"
"POINT (9.655902091000030 52.406380739000042)","Unfall 13915 (2018) Kat:3, Licht: 0","13915","3","7","3","04","10","3","0","0","0","1","0","0"
"POINT (9.635462201000053 52.418001334000053)","Unfall 13920 (2018) Kat:3, Licht: 0","13920","3","6","2","04","15","4","0","0","0","1","0","0"
"POINT (9.636393569000063 52.422003088000054)","Unfall 13944 (2018) Kat:3, Licht: 0","13944","3","6","2","05","15","6","0","0","0","1","0","0"
"POINT (9.737198763000038 52.368531442000062)","Unfall 13957 (2018) Kat:2, Licht: 0","13957","2","6","4","05","10","3","0","0","1","0","0","0"
"POINT (9.750828205000062 52.359705368000050)","Unfall 13992 (2018) Kat:3, Licht: 0","13992","3","6","2","05","12","7","0","0","0","1","0","0"
"POINT (9.721071511000048 52.341946044000053)","Unfall 14006 (2018) Kat:3, Licht: 0","14006","3","6","2","05","14","7","0","0","0","1","0","0"
"POINT (9.719970170000067 52.330822988000079)","Unfall 14070 (2018) Kat:3, Licht: 0","14070","3","6","3","05","16","3","0","0","0","1","0","0"
"POINT (9.779584573000022 52.327482429000042)","Unfall 14082 (2018) Kat:3, Licht: 0","14082","3","2","6","05","11","2","0","0","0","1","1","0"
"POINT (9.731946254000036 52.369463469000038)","Unfall 14083 (2018) Kat:2, Licht: 2","14083","2","3","5","05","21","4","0","2","1","1","0","0"
"POINT (9.695987565000053 52.380150215000072)","Unfall 14085 (2018) Kat:3, Licht: 1","14085","3","7","2","05","05","3","0","1","0","1","0","0"
"POINT (9.791000092000047 52.420580493000045)","Unfall 14152 (2018) Kat:3, Licht: 0","14152","3","6","0","05","17","6","0","0","1","0","0","0"