WKT,Name,OBJECTID,UKATEGORIE,UTYP1,UART,UMONAT,USTUNDE,UWOCHENTAG,STRZUSTAND,ULICHTVERH,ISTRAD,ISTPKW,ISTFUSS,ISTKRAD
"POINT (9.847420235000072 52.360120393000045)","Unfall 14171 (2018) Kat:2, Licht: 0","14171","2","2","5","05","16","2","0","0","0","1","0","0"
"POINT (9.737715874000060 52.368228929000054)","Unfall 14262 (2018) Kat:3, Licht: 0","14262","3","1","0","05","12","3","0","0","1","0","0","0"
"POINT (9.635235471000044 52.418008105000069)","Unfall 14277 (2018) Kat:3, Licht: 0","14277","3","6","2","05","13","5","0","0","0","1","0","0"
"POINT (9.863535797000054 52.326754889000028)","Unfall 14291 (2018) Kat:3, Licht: 1","14291","3","7","8","05","20","6","0","1","0","1","0","0"
"POINT (9.775399352000022 52.427582376000032)","Unfall 14301 (2018) Kat:3, Licht: 0","14301","3","6","2","05","13","6","0","0","0","1","0","0"
"POINT (9.718874972000037 52.333415545000037)","Unfall 14333 (2018) Kat:3, Licht: 1","14333","3","6","2","05","20","2","0","1","0","1","0","0"
"POINT (9.815696938000031 52.403052246000073)","Unfall 14341 (2018) Kat:3, Licht: 0","14341","3","6","2","05","16","5","0","0","0","1","0","0"
"POINT (9.835662336000041 52.419696052000063)","Unfall 14347 (2018) Kat:3, Licht: 0","14347","3","6","2","04","11","2","0","0","0","1","0","0"
"POINT (9.618258832000038 52.405823829000042)","Unfall 14349 (2018) Kat:3, Licht: 0","14349","3","3","5","05","08","7","0","0","1","1","0","0"
"POINT (9.828578740000069 52.424002151000082)","Unfall 14351 (2018) Kat:3, Licht: 2","14351","3","1","3","05","00","6","0","2","0","1","0","0"
"POINT (9.778479790000063 52.371610786000076)","Unfall 14364 (2018) Kat:3, Licht: 0","14364","3","2","2","05","15","3","0","0","0","1","0","0"
"POINT (9.756048632000045 52.370146805000047)","Unfall 14489 (2018) Kat:3, Licht: 0","14489","3","6","2","05","08","2","0","0","0","1","0","0"
"POINT (9.642572448000067 52.422875112000042)","Unfall 14508 (2018) Kat:2, Licht: 0","14508","2","6","2","05","16","3","0","0","0","1","0","0"
"POINT (9.725142789000074 52.376988094000069)","Unfall 14534 (2018) Kat:3, Licht: 0","14534","3","2","2","05","09","4","0","0","0","1","0","0"
"POINT (9.696080691000077 52.418746819000035)","Unfall 14546 (2018) Kat:3, Licht: 0","14546","3","3","5","05","11","6","0","0","0","1","0","0"
"POINT (9.647838439000054 52.413085942000066)","Unfall 14553 (2018) Kat:3, Licht: 0","14553","3","6","2","05","14","5","0","0","0","1","0","0"
"POINT (9.736177791000046 52.399386209000056)","Unfall 14558 (2018) Kat:3, Licht: 0","14558","3","6","2","05","17","4","0","0","0","1","0","0"
"POINT (9.721341721000044 52.391595929000061)","Unfall 14569 (2018) Kat:3, Licht: 0","14569","3","6","2","05","11","4","0","0","0","1","0","0"
"POINT (9.776439607000043 52.328814325000053)","Unfall 14610 (2018) Kat:3, Licht: 0","14610","3","4","6","05","15","4","0","0","0","1","1","0"
"POINT (9.703204887000027 52.415813197000034)","Unfall 14621 (2018) Kat:3, Licht: 0","14621","3","6","2","05","12","4","0","0","0","1","0","0"
"POINT (9.732946922000053 52.421037236000075)","Unfall 14664 (2018) Kat:3, Licht: 0","14664","3","6","2","05","14","4","0","0","0","1","0","0"
"POINT (9.643606132000059 52.422924315000046)","Unfall 14676 (2018) Kat:2, Licht: 2","14676","2","6","8","05","04","1","0","2","0","1","0","0"
"POINT (9.723508878000075 52.377916303000063)","Unfall 14677 (2018) Kat:3, Licht: 0","14677","3","6","2","05","15","3","0","0","0","1","0","0"
"POINT (9.776625322000029 52.426944349000053)","Unfall 14714 (2018) Kat:3, Licht: 0","14714","3","6","2","05","13","6","0","0","0","1","0","0"
"POINT (9.771483626000077 52.370875160000026)","Unfall 14725 (2018) Kat:3, Licht: 0","14725","3","6","2","05","10","3","0","0","0","1","0","0"
"POINT (9.647979642000053 52.426931742000079)","Unfall 14745 (2018) Kat:3, Licht: 0","14745","3","6","4","05","14","2","0","0","0","1","0","0"
"POINT (9.787291262000053 52.355759901000056)","Unfall 14763 (2018) Kat:3, Licht: 0","14763","3","6","2","05","12","6","0","0","0","1","0","1"
"POINT (9.699933520000059 52.347595428000034)","Unfall 14789 (2018) Kat:2, Licht: 0","14789","2","1","0","05","15","4","1","0","0","0","0","1"
"POINT (9.627251712000032 52.423135609000042)","Unfall 14792 (2018) Kat:2, Licht: 0","14792","2","6","4","05","10","1","0","0","1","0","0","1"
"POINT (9.734904616000051 52.391515463000076)","Unfall 14817 (2018) Kat:3, Licht: 0","14817","3","2","3","04","12","7","0","0","0","1","0","0"
"POINT (9.884194781000076 52.398659218000034)","Unfall 14866 (2018) Kat:3, Licht: 0","14866","3","6","2","05","10","5","0","0","0","1","0","0"
"POINT (9.801723618000040 52.431821944000035)","Unfall 14885 (2018) Kat:3, Licht: 0","14885","3","2","0","05","14","5","0","0","0","1","1","0"
"POINT (9.724043180000024 52.391015506000031)","Unfall 14926 (2018) Kat:3, Licht: 0","14926","3","3","5","05","19","2","0","0","1","1","0","0"
"POINT (9.697287441000071 52.341538238000055)","Unfall 14942 (2018) Kat:3, Licht: 0","14942","3","2","2","05","13","2","0","0","0","1","0","0"
"POINT (9.730213768000056 52.368958507000059)","Unfall 14949 (2018) Kat:3, Licht: 0","14949","3","3","5","05","14","5","0","0","1","1","0","0"
"POINT (9.643331255000021 52.414332229000081)","Unfall 14951 (2018) Kat:3, Licht: 0","14951","3","6","3","05","16","4","0","0","0","1","0","1"
"POINT (9.652099794000037 52.415321064000068)","Unfall 14960 (2018) Kat:3, Licht: 0","14960","3","3","5","05","07","4","0","0","0","1","0","0"
"POINT (9.829889106000053 52.409313666000060)","Unfall 14972 (2018) Kat:3, Licht: 0","14972","3","1","8","05","10","3","0","0","0","1","0","0"
"POINT (9.756930862000047 52.351874188000068)","Unfall 14996 (2018) Kat:3, Licht: 2","14996","3","6","3","05","22","3","0","2","0","1","0","0"
"POINT (9.779584573000022 52.327482429000042)","Unfall 15003 (2018) Kat:3, Licht: 0","15003","3","2","5","05","15","4","0","0","1","1","0","0"
"POINT (9.631431949000046 52.421038944000031)","Unfall 15022 (2018) Kat:3, Licht: 0","15022","3","6","2","05","09","3","0","0","0","1","0","0"
"POINT (9.851070466000067 52.391349699000045)","Unfall 15062 (2018) Kat:3, Licht: 0","15062","3","3","0","05","09","7","0","0","1","0","0","0"
"POINT (9.702222327000072 52.414797524000051)","Unfall 15066 (2018) Kat:2, Licht: 0","15066","2","4","6","05","14","7","0","0","0","1","1","0"
"POINT (9.802597432000027 52.436817931000064)","Unfall 15069 (2018) Kat:3, Licht: 0","15069","3","2","6","05","14","3","0","0","0","1","1","0"
"POINT (9.782289329000037 52.371993162000081)","Unfall 15071 (2018) Kat:3, Licht: 0","15071","3","3","5","05","13","4","0","0","1","1","0","0"
"POINT (9.814154596000037 52.338017289000049)","Unfall 15076 (2018) Kat:3, Licht: 0","15076","3","3","5","05","10","7","0","0","1","1","0","0"
"POINT (9.698666694000053 52.347416582000051)","Unfall 15083 (2018) Kat:3, Licht: 0","15083","3","3","5","05","14","1","0","0","0","1","0","0"
"POINT (9.653654890000041 52.408936675000064)","Unfall 15116 (2018) Kat:3, Licht: 0","15116","3","6","3","05","11","4","0","0","0","1","0","1"
"POINT (9.734039206000034 52.415541525000037)","Unfall 15124 (2018) Kat:3, Licht: 0","15124","3","6","2","05","15","6","0","0","0","1","0","0"
"POINT (9.839241289000029 52.361727346000066)","Unfall 15140 (2018) Kat:3, Licht: 0","15140","3","3","5","05","09","3","0","0","1","1","0","0"
"POINT (9.758574609000050 52.370298518000027)","Unfall 15158 (2018) Kat:3, Licht: 0","15158","3","3","5","05","18","2","0","0","1","1","0","0"
"POINT (9.772009890000049 52.334276834000036)","Unfall 15176 (2018) Kat:3, Licht: 0","15176","3","6","3","05","11","4","0","0","0","1","0","0"
"POINT (9.762201144000073 52.370416629000033)","Unfall 15187 (2018) Kat:3, Licht: 0","15187","3","2","3","05","17","3","0","0","1","1","0","0"
"POINT (9.728068865000068 52.374129695000079)","Unfall 15189 (2018) Kat:2, Licht: 0","15189","2","3","5","05","12","4","0","0","0","1","0","0"
"POINT (9.808571986000061 52.336961707000057)","Unfall 15311 (2018) Kat:3, Licht: 2","15311","3","6","2","05","00","1","0","2","0","1","0","0"
"POINT (9.728448432000050 52.368009432000065)","Unfall 15316 (2018) Kat:3, Licht: 0","15316","3","2","4","05","10","2","0","0","1","1","0","0"
"POINT (9.733855439000024 52.413941012000066)","Unfall 15330 (2018) Kat:3, Licht: 0","15330","3","3","5","05","10","2","0","0","1","1","0","0"
"POINT (9.753986699000052 52.370034940000039)","Unfall 15336 (2018) Kat:3, Licht: 0","15336","3","7","0","05","15","6","0","0","1","0","0","0"
"POINT (9.649728216000028 52.414809917000071)","Unfall 15337 (2018) Kat:3, Licht: 0","15337","3","6","3","05","15","3","0","0","0","1","0","1"
"POINT (9.784221494000065 52.372398443000066)","Unfall 15340 (2018) Kat:3, Licht: 0","15340","3","6","2","05","12","3","0","0","0","1","0","0"
"POINT (9.821192189000044 52.339144774000033)","Unfall 15380 (2018) Kat:3, Licht: 0","15380","3","2","5","05","16","5","0","0","1","1","0","0"
"POINT (9.780520929000033 52.327157960000079)","Unfall 15385 (2018) Kat:3, Licht: 0","15385","3","6","2","05","13","5","0","0","0","1","0","0"
"POINT (9.724225142000023 52.379770791000055)","Unfall 15388 (2018) Kat:3, Licht: 0","15388","3","2","3","05","11","5","0","0","1","0","0","0"
"POINT (9.729148736000070 52.427402086000029)","Unfall 15397 (2018) Kat:3, Licht: 2","15397","3","7","0","05","02","2","0","2","0","1","0","0"
"POINT (9.822667781000064 52.384391940000057)","Unfall 15402 (2018) Kat:3, Licht: 0","15402","3","7","0","05","16","5","0","0","1","0","0","0"
"POINT (9.690812253000047 52.331915485000081)","Unfall 15407 (2018) Kat:3, Licht: 0","15407","3","7","8","05","12","5","0","0","0","1","0","0"
"POINT (9.714572775000022 52.360997057000077)","Unfall 15431 (2018) Kat:3, Licht: 0","15431","3","2","5","05","19","7","0","0","0","1","0","0"
"POINT (9.619176944000060 52.406067179000047)","Unfall 15451 (2018) Kat:3, Licht: 0","15451","3","3","5","05","08","2","0","0","1","1","0","0"
"POINT (9.805109987000037 52.408286077000071)","Unfall 15518 (2018) Kat:3, Licht: 0","15518","3","3","2","05","12","2","0","0","0","1","0","0"
"POINT (9.726204806000055 52.388486175000082)","Unfall 15532 (2018) Kat:3, Licht: 0","15532","3","2","5","05","11","2","0","0","1","1","0","0"
"POINT (9.727535992000071 52.386960271000078)","Unfall 15537 (2018) Kat:3, Licht: 0","15537","3","6","2","05","14","6","0","0","0","1","0","0"
"POINT (9.740178524000044 52.427368059000059)","Unfall 15541 (2018) Kat:3, Licht: 0","15541","3","6","8","05","17","3","0","0","0","1","0","0"
"POINT (9.736058538000066 52.400234937000050)","Unfall 15597 (2018) Kat:3, Licht: 0","15597","3","6","4","06","11","3","0","0","1","1","0","0"
"POINT (9.764834071000053 52.342736269000056)","Unfall 15615 (2018) Kat:3, Licht: 0","15615","3","3","5","06","07","3","0","0","1","1","0","0"
"POINT (9.732584935000034 52.383715933000076)","Unfall 15616 (2018) Kat:3, Licht: 0","15616","3","6","2","05","12","5","0","0","1","0","0","0"
"POINT (9.786766430000057 52.389903275000052)","Unfall 15620 (2018) Kat:3, Licht: 0","15620","3","6","2","06","15","4","0","0","0","1","0","0"
"POINT (9.865081133000047 52.363111343000071)","Unfall 15625 (2018) Kat:3, Licht: 0","15625","3","6","2","06","13","4","0","0","0","1","0","0"
"POINT (9.734027089000051 52.412648664000073)","Unfall 15630 (2018) Kat:3, Licht: 0","15630","3","6","2","05","19","5","0","0","0","1","0","0"
"POINT (9.855676917000039 52.389246191000041)","Unfall 15633 (2018) Kat:3, Licht: 0","15633","3","6","2","05","16","3","0","0","0","1","0","0"
"POINT (9.831626863000054 52.399087023000050)","Unfall 15636 (2018) Kat:3, Licht: 0","15636","3","3","5","06","11","7","0","0","1","0","0","0"
"POINT (9.696348981000028 52.379841687000066)","Unfall 15642 (2018) Kat:3, Licht: 2","15642","3","2","5","06","00","2","0","2","0","1","0","0"
"POINT (9.763449293000065 52.343832852000048)","Unfall 15643 (2018) Kat:3, Licht: 0","15643","3","6","2","05","17","3","0","0","0","1","0","0"
"POINT (9.798726170000066 52.396013448000076)","Unfall 15650 (2018) Kat:2, Licht: 0","15650","2","1","8","06","12","6","0","0","0","0","0","0"
"POINT (9.726351017000070 52.380819971000051)","Unfall 15715 (2018) Kat:3, Licht: 2","15715","3","3","5","05","22","3","0","2","1","1","0","0"
"POINT (9.702244053000072 52.380138463000037)","Unfall 15728 (2018) Kat:3, Licht: 0","15728","3","1","0","06","09","4","0","0","0","1","0","1"
"POINT (9.722471326000061 52.378480986000056)","Unfall 15731 (2018) Kat:3, Licht: 0","15731","3","3","0","06","20","2","0","0","0","1","0","1"
"POINT (9.724934080000026 52.376768374000051)","Unfall 15786 (2018) Kat:2, Licht: 0","15786","2","3","5","06","16","3","0","0","0","1","0","1"
"POINT (9.846102382000026 52.329906553000058)","Unfall 15787 (2018) Kat:3, Licht: 0","15787","3","2","3","05","18","4","0","0","1","1","0","0"
"POINT (9.791645157000062 52.430213793000064)","Unfall 15791 (2018) Kat:3, Licht: 0","15791","3","6","2","06","17","4","0","0","0","1","0","0"
"POINT (9.651151244000062 52.424526508000042)","Unfall 15805 (2018) Kat:3, Licht: 0","15805","3","6","2","05","15","4","0","0","0","1","0","0"
"POINT (9.722557975000029 52.358059751000042)","Unfall 15809 (2018) Kat:3, Licht: 2","15809","3","3","5","06","23","7","0","2","1","0","0","0"
"POINT (9.813847519000035 52.365003437000041)","Unfall 15813 (2018) Kat:3, Licht: 0","15813","3","3","5","05","07","4","0","0","1","1","0","0"
"POINT (9.817919831000040 52.409263730000077)","Unfall 15815 (2018) Kat:3, Licht: 0","15815","3","7","0","06","12","2","0","0","1","0","0","0"
"POINT (9.735245800000030 52.394478485000036)","Unfall 15819 (2018) Kat:3, Licht: 0","15819","3","6","2","06","11","6","1","0","0","1","0","0"
"POINT (9.765526322000028 52.341532472000040)","Unfall 15874 (2018) Kat:3, Licht: 0","15874","3","2","5","06","07","3","0","0","1","0","0","0"
"POINT (9.722597550000046 52.368317113000046)","Unfall 15879 (2018) Kat:3, Licht: 0","15879","3","2","3","06","10","4","0","0","0","1","0","1"
"POINT (9.734593901000039 52.391458642000032)","Unfall 15884 (2018) Kat:3, Licht: 0","15884","3","2","5","06","15","4","0","0","1","1","0","0"
"POINT (9.653997388000050 52.358087240000032)","Unfall 15951 (2018) Kat:3, Licht: 0","15951","3","4","0","06","19","6","0","0","0","1","1","0"
"POINT (9.696377055000028 52.379813624000064)","Unfall 15992 (2018) Kat:3, Licht: 2","15992","3","2","5","06","02","7","0","2","0","1","0","0"
"POINT (9.648291511000025 52.412759429000062)","Unfall 16011 (2018) Kat:3, Licht: 0","16011","3","2","5","06","06","3","0","0","0","1","0","1"
"POINT (9.646819087000040 52.413583701000050)","Unfall 16023 (2018) Kat:3, Licht: 0","16023","3","6","2","06","08","5","0","0","0","1","0","0"
"POINT (9.733905660000062 52.369108317000041)","Unfall 16028 (2018) Kat:3, Licht: 0","16028","3","5","1","06","12","6","0","0","0","1","0","0"
"POINT (9.732131886000047 52.369107720000045)","Unfall 16050 (2018) Kat:3, Licht: 0","16050","3","7","8","06","15","6","0","0","1","1","0","0"
"POINT (9.694647764000024 52.419603582000036)","Unfall 16055 (2018) Kat:2, Licht: 2","16055","2","3","5","06","23","4","0","2","1","1","0","0"
"POINT (9.720652391000044 52.338793721000059)","Unfall 16056 (2018) Kat:3, Licht: 0","16056","3","6","2","06","13","6","0","0","0","1","0","0"
"POINT (9.793526485000029 52.415319801000066)","Unfall 16057 (2018) Kat:3, Licht: 0","16057","3","6","2","06","12","6","0","0","0","1","0","0"
"POINT (9.815826092000066 52.403210922000028)","Unfall 16063 (2018) Kat:3, Licht: 0","16063","3","6","2","06","16","5","0","0","0","1","0","0"
"POINT (9.647511923000025 52.413398370000039)","Unfall 16067 (2018) Kat:3, Licht: 0","16067","3","6","2","06","09","6","0","0","0","1","0","0"
"POINT (9.714324806000036 52.362150286000031)","Unfall 16087 (2018) Kat:3, Licht: 0","16087","3","2","3","06","20","7","0","0","0","1","0","0"
"POINT (9.663650732000065 52.376973611000039)","Unfall 16114 (2018) Kat:2, Licht: 0","16114","2","1","0","06","09","3","0","0","0","0","0","1"
"POINT (9.664208225000039 52.376963408000051)","Unfall 16138 (2018) Kat:3, Licht: 1","16138","3","6","3","06","20","5","1","1","0","1","0","0"
"POINT (9.794836666000037 52.371385431000078)","Unfall 16150 (2018) Kat:3, Licht: 0","16150","3","1","0","06","13","1","1","0","0","0","0","1"
"POINT (9.783232957000053 52.323250917000053)","Unfall 16156 (2018) Kat:3, Licht: 0","16156","3","6","2","06","18","7","0","0","0","1","0","0"
"POINT (9.691874609000024 52.360930927000027)","Unfall 16181 (2018) Kat:3, Licht: 0","16181","3","6","6","06","08","2","0","0","1","0","1","0"
"POINT (9.754315454000050 52.355355114000076)","Unfall 16232 (2018) Kat:3, Licht: 0","16232","3","2","3","06","16","5","0","0","1","1","0","0"
"POINT (9.890035713000032 52.363160564000054)","Unfall 16239 (2018) Kat:3, Licht: 0","16239","3","6","2","06","14","4","0","0","0","1","0","0"
"POINT (9.863437041000054 52.374084149000055)","Unfall 16240 (2018) Kat:3, Licht: 0","16240","3","6","2","06","17","5","0","0","0","1","0","1"
"POINT (9.700034400000050 52.416219159000036)","Unfall 16241 (2018) Kat:3, Licht: 0","16241","3","2","5","06","13","5","0","0","1","1","0","0"
"POINT (9.821567608000066 52.339205028000038)","Unfall 16244 (2018) Kat:3, Licht: 2","16244","3","3","5","06","00","1","0","2","0","1","0","0"
"POINT (9.784373745000039 52.428900797000040)","Unfall 16274 (2018) Kat:3, Licht: 0","16274","3","6","2","06","07","5","0","0","0","1","0","0"
"POINT (9.720989331000055 52.341352099000062)","Unfall 16294 (2018) Kat:3, Licht: 0","16294","3","6","2","06","16","3","0","0","0","1","0","0"
"POINT (9.635374555000055 52.418055112000047)","Unfall 16309 (2018) Kat:3, Licht: 0","16309","3","6","2","06","06","5","0","0","0","1","0","0"
"POINT (9.781413859000054 52.425051616000076)","Unfall 16343 (2018) Kat:2, Licht: 0","16343","2","7","1","06","17","4","0","0","0","1","0","0"
"POINT (9.810119353000061 52.334014411000055)","Unfall 16347 (2018) Kat:3, Licht: 2","16347","3","6","2","06","23","1","0","2","0","1","0","0"
"POINT (9.809306982000067 52.379550214000062)","Unfall 16376 (2018) Kat:2, Licht: 0","16376","2","6","6","06","12","7","0","0","1","0","1","0"
"POINT (9.740206014000023 52.368028656000035)","Unfall 16377 (2018) Kat:3, Licht: 0","16377","3","2","0","06","15","2","0","0","1","1","0","0"
"POINT (9.733645559000024 52.418523714000059)","Unfall 16384 (2018) Kat:3, Licht: 0","16384","3","3","5","06","16","3","0","0","0","1","0","0"
"POINT (9.783437180000021 52.323229308000066)","Unfall 16426 (2018) Kat:3, Licht: 0","16426","3","4","6","06","17","5","0","0","0","0","1","1"
"POINT (9.797561163000069 52.416369382000028)","Unfall 16433 (2018) Kat:3, Licht: 0","16433","3","3","5","06","13","4","0","0","0","1","0","0"
"POINT (9.804026807000071 52.397183830000074)","Unfall 16453 (2018) Kat:3, Licht: 0","16453","3","6","2","06","14","4","0","0","0","1","0","0"
"POINT (9.858649302000060 52.306818397000029)","Unfall 16461 (2018) Kat:3, Licht: 0","16461","3","6","2","06","19","3","0","0","0","1","0","0"
"POINT (9.723390706000032 52.377741018000052)","Unfall 16475 (2018) Kat:3, Licht: 0","16475","3","2","2","06","16","6","0","0","0","1","0","1"
"POINT (9.771483626000077 52.370875160000026)","Unfall 16478 (2018) Kat:3, Licht: 0","16478","3","6","2","06","15","1","0","0","0","1","0","0"
"POINT (9.690626987000030 52.376962790000050)","Unfall 16487 (2018) Kat:2, Licht: 0","16487","2","3","5","06","07","3","1","0","1","1","0","0"
"POINT (9.671657546000063 52.382442558000037)","Unfall 16501 (2018) Kat:3, Licht: 0","16501","3","2","3","06","07","5","0","0","1","1","0","0"
"POINT (9.734402080000052 52.389465322000035)","Unfall 16509 (2018) Kat:3, Licht: 2","16509","3","5","1","06","22","1","0","2","0","1","0","1"
"POINT (9.783738587000073 52.382181626000033)","Unfall 16514 (2018) Kat:3, Licht: 1","16514","3","7","2","06","21","1","0","1","0","1","0","0"
"POINT (9.743477397000049 52.368131307000056)","Unfall 16527 (2018) Kat:2, Licht: 2","16527","2","1","0","06","23","5","0","2","1","0","0","0"
"POINT (9.719963946000064 52.344604029000038)","Unfall 16534 (2018) Kat:3, Licht: 0","16534","3","6","2","06","15","2","0","0","0","1","0","1"
"POINT (9.814174067000067 52.338020350000079)","Unfall 16543 (2018) Kat:3, Licht: 0","16543","3","7","0","06","16","4","0","0","1","0","0","0"
"POINT (9.711185723000028 52.405758663000029)","Unfall 16561 (2018) Kat:3, Licht: 0","16561","3","3","5","06","14","2","0","0","1","1","0","0"
"POINT (9.751362462000031 52.369475456000032)","Unfall 16563 (2018) Kat:3, Licht: 0","16563","3","1","0","06","07","1","0","0","0","1","0","0"
"POINT (9.720026947000065 52.330682399000068)","Unfall 16594 (2018) Kat:3, Licht: 0","16594","3","6","2","06","16","3","0","0","0","1","0","0"
"POINT (9.699878779000073 52.416322718000060)","Unfall 16595 (2018) Kat:2, Licht: 0","16595","2","1","8","06","17","7","0","0","0","0","0","1"
"POINT (9.735833308000053 52.399491393000062)","Unfall 16620 (2018) Kat:3, Licht: 0","16620","3","6","2","06","16","3","0","0","0","1","0","1"
"POINT (9.748304590000032 52.362976504000073)","Unfall 16673 (2018) Kat:3, Licht: 0","16673","3","4","6","06","15","6","0","0","0","1","1","0"
"POINT (9.695234637000056 52.374772938000035)","Unfall 16691 (2018) Kat:3, Licht: 0","16691","3","3","0","06","21","3","0","0","1","0","1","0"
"POINT (9.732945323000024 52.421052744000065)","Unfall 16803 (2018) Kat:3, Licht: 0","16803","3","7","0","06","10","7","1","0","0","0","0","1"
"POINT (9.783437180000021 52.323229308000066)","Unfall 16805 (2018) Kat:3, Licht: 0","16805","3","3","5","06","17","3","0","0","1","1","0","0"
"POINT (9.680455979000044 52.380943598000044)","Unfall 16820 (2018) Kat:3, Licht: 0","16820","3","3","5","06","15","6","0","0","1","1","0","0"
"POINT (9.732345553000073 52.383433044000071)","Unfall 16823 (2018) Kat:3, Licht: 0","16823","3","3","5","06","13","1","0","0","1","1","0","0"
"POINT (9.752378381000028 52.357697276000067)","Unfall 16829 (2018) Kat:3, Licht: 2","16829","3","7","3","06","23","7","0","2","1","1","0","0"
"POINT (9.688279141000066 52.378390474000071)","Unfall 16847 (2018) Kat:3, Licht: 0","16847","3","3","0","06","11","5","1","0","0","0","0","1"
"POINT (9.678034093000065 52.367192424000052)","Unfall 16848 (2018) Kat:3, Licht: 0","16848","3","1","0","06","14","2","0","0","1","0","0","0"
"POINT (9.815166447000024 52.363735265000059)","Unfall 16877 (2018) Kat:3, Licht: 0","16877","3","3","5","06","20","5","0","0","1","1","0","0"
"POINT (9.721809257000075 52.391710870000054)","Unfall 16884 (2018) Kat:3, Licht: 0","16884","3","3","5","06","17","2","0","0","1","1","0","0"
"POINT (9.795119857000032 52.351226834000045)","Unfall 16891 (2018) Kat:3, Licht: 0","16891","3","6","2","06","08","4","0","0","0","1","0","0"
"POINT (9.827079837000042 52.342140079000046)","Unfall 16900 (2018) Kat:3, Licht: 0","16900","3","3","0","06","14","6","0","0","1","0","0","0"
"POINT (9.732084245000067 52.383383398000035)","Unfall 16904 (2018) Kat:3, Licht: 0","16904","3","6","2","06","15","6","0","0","0","1","0","0"
"POINT (9.808598883000059 52.336422175000052)","Unfall 16910 (2018) Kat:3, Licht: 0","16910","3","6","2","06","18","6","0","0","0","1","0","0"
"POINT (9.792764001000023 52.393639027000063)","Unfall 16913 (2018) Kat:3, Licht: 0","16913","3","6","2","06","13","4","0","0","0","1","0","0"
"POINT (9.654986597000061 52.407328762000077)","Unfall 16914 (2018) Kat:3, Licht: 1","16914","3","6","2","06","20","1","1","1","0","1","0","0"
"POINT (9.744762705000028 52.367463184000030)","Unfall 16923 (2018) Kat:3, Licht: 0","16923","3","3","5","06","14","6","0","0","1","1","0","0"
"POINT (9.782187826000040 52.371967282000071)","Unfall 16926 (2018) Kat:3, Licht: 0","16926","3","3","5","06","07","6","0","0","1","1","0","0"
"POINT (9.743402579000076 52.368351623000081)","Unfall 16945 (2018) Kat:3, Licht: 0","16945","3","3","5","06","15","3","0","0","1","1","0","0"
"POINT (9.726419874000044 52.388361555000074)","Unfall 16970 (2018) Kat:3, Licht: 0","16970","3","2","0","06","15","3","0","0","1","1","0","0"
"POINT (9.814825185000075 52.364024097000026)","Unfall 16988 (2018) Kat:3, Licht: 0","16988","3","6","3","06","15","5","0","0","1","0","0","0"
"POINT (9.816608390000056 52.384216111000057)","Unfall 17002 (2018) Kat:3, Licht: 0","17002","3","1","0","06","13","6","1","0","0","0","0","1"
"POINT (9.732801823000045 52.369343145000073)","Unfall 17047 (2018) Kat:3, Licht: 0","17047","3","6","2","06","19","6","0","0","1","0","0","0"
"POINT (9.801036472000021 52.440541955000072)","Unfall 17050 (2018) Kat:3, Licht: 0","17050","3","7","0","06","17","6","0","0","0","1","0","0"
"POINT (9.778430369000034 52.369083127000067)","Unfall 17057 (2018) Kat:3, Licht: 0","17057","3","6","2","07","11","2","0","0","0","1","0","0"
"POINT (9.722394754000050 52.362395274000050)","Unfall 17060 (2018) Kat:3, Licht: 0","17060","3","6","3","06","20","6","0","0","0","1","0","1"
"POINT (9.677981968000040 52.360439891000055)","Unfall 17071 (2018) Kat:2, Licht: 0","17071","2","3","5","06","13","6","0","0","1","1","0","0"
"POINT (9.714504159000057 52.361023002000081)","Unfall 17097 (2018) Kat:2, Licht: 0","17097","2","2","5","07","14","1","0","0","0","1","0","1"
"POINT (9.849603618000060 52.391947516000073)","Unfall 17113 (2018) Kat:3, Licht: 0","17113","3","3","5","07","10","2","0","0","1","1","0","0"
"POINT (9.859826444000021 52.385701900000072)","Unfall 17167 (2018) Kat:3, Licht: 0","17167","3","2","4","07","15","2","0","0","0","1","0","0"
"POINT (9.724222142000031 52.379768788000035)","Unfall 17218 (2018) Kat:3, Licht: 0","17218","3","6","2","07","15","7","0","0","0","1","0","1"
"POINT (9.783449090000033 52.323202320000064)","Unfall 17226 (2018) Kat:3, Licht: 0","17226","3","2","2","07","07","2","0","0","0","0","0","1"
"POINT (9.726087906000032 52.388558770000031)","Unfall 17297 (2018) Kat:3, Licht: 0","17297","3","6","2","07","15","3","0","0","0","1","0","0"
"POINT (9.723909255000024 52.391159397000081)","Unfall 17309 (2018) Kat:3, Licht: 0","17309","3","6","2","07","15","4","0","0","0","1","0","0"
"POINT (9.734972958000071 52.391919037000036)","Unfall 17354 (2018) Kat:3, Licht: 0","17354","3","6","2","07","14","2","0","0","0","1","0","0"
"POINT (9.732359807000023 52.383453421000070)","Unfall 17358 (2018) Kat:3, Licht: 0","17358","3","2","5","06","18","5","0","0","1","0","0","0"
"POINT (9.781350651000025 52.334409812000047)","Unfall 17400 (2018) Kat:3, Licht: 0","17400","3","1","0","07","20","5","0","0","1","0","0","0"
"POINT (9.741651966000063 52.427516236000031)","Unfall 17430 (2018) Kat:2, Licht: 0","17430","2","6","2","07","10","5","0","0","0","0","0","0"
"POINT (9.809292229000050 52.379489634000038)","Unfall 17441 (2018) Kat:3, Licht: 0","17441","3","3","5","07","16","2","0","0","0","1","0","0"
"POINT (9.674994018000064 52.381899650000037)","Unfall 17455 (2018) Kat:3, Licht: 0","17455","3","3","0","07","17","7","0","0","0","1","0","1"