WKT,Name,OBJECTID,UKATEGORIE,UTYP1,UART,UMONAT,USTUNDE,UWOCHENTAG,STRZUSTAND,ULICHTVERH,ISTRAD,ISTPKW,ISTFUSS,ISTKRAD
"POINT (9.671006076000026 52.428304824000065)","Unfall 17463 (2018) Kat:3, Licht: 0","17463","3","6","2","07","06","3","0","0","0","1","0","0"
"POINT (9.740259781000077 52.368259100000046)","Unfall 17489 (2018) Kat:2, Licht: 0","17489","2","2","5","07","18","7","0","0","1","1","0","0"
"POINT (9.831221800000037 52.385768638000059)","Unfall 17491 (2018) Kat:3, Licht: 1","17491","3","3","5","07","20","2","0","1","1","1","0","0"
"POINT (9.870563939000022 52.402122282000050)","Unfall 17562 (2018) Kat:3, Licht: 0","17562","3","6","3","07","17","1","0","0","0","1","0","0"
"POINT (9.651441869000053 52.419001233000074)","Unfall 17566 (2018) Kat:3, Licht: 0","17566","3","6","3","06","17","4","0","0","0","1","0","1"
"POINT (9.809013957000047 52.379296407000027)","Unfall 17570 (2018) Kat:3, Licht: 0","17570","3","7","0","06","12","4","0","0","0","0","0","0"
"POINT (9.849576439000032 52.391958591000048)","Unfall 17574 (2018) Kat:3, Licht: 0","17574","3","2","2","06","15","4","0","0","0","1","0","0"
"POINT (9.862090808000062 52.366448786000035)","Unfall 17578 (2018) Kat:3, Licht: 0","17578","3","6","2","07","15","2","0","0","0","1","0","0"
"POINT (9.798163351000028 52.419477348000044)","Unfall 17581 (2018) Kat:3, Licht: 0","17581","3","6","2","06","12","4","0","0","0","1","0","0"
"POINT (9.765973424000038 52.341010565000033)","Unfall 17588 (2018) Kat:3, Licht: 0","17588","3","4","6","07","14","4","0","0","0","0","1","0"
"POINT (9.783135244000050 52.360886271000027)","Unfall 17600 (2018) Kat:3, Licht: 0","17600","3","6","2","06","16","4","0","0","0","1","0","0"
"POINT (9.686983910000038 52.391782884000065)","Unfall 17603 (2018) Kat:3, Licht: 0","17603","3","6","3","06","14","4","0","0","0","1","0","1"
"POINT (9.642270901000074 52.414576885000031)","Unfall 17607 (2018) Kat:3, Licht: 0","17607","3","7","2","07","18","2","0","0","0","1","0","0"
"POINT (9.749473590000036 52.427423705000081)","Unfall 17609 (2018) Kat:3, Licht: 0","17609","3","6","2","06","13","4","0","0","0","1","0","0"
"POINT (9.827583332000074 52.360375244000068)","Unfall 17727 (2018) Kat:3, Licht: 0","17727","3","7","1","07","12","6","0","0","0","1","1","0"
"POINT (9.735210120000033 52.405740070000036)","Unfall 17728 (2018) Kat:3, Licht: 0","17728","3","3","5","07","10","6","0","0","1","1","0","0"
"POINT (9.711290749000057 52.429494226000031)","Unfall 17733 (2018) Kat:2, Licht: 0","17733","2","6","2","07","07","3","0","0","0","0","0","0"
"POINT (9.773466353000060 52.332253346000073)","Unfall 17737 (2018) Kat:3, Licht: 0","17737","3","6","2","07","13","7","0","0","0","1","0","0"
"POINT (9.697075016000042 52.375143388000026)","Unfall 17746 (2018) Kat:3, Licht: 0","17746","3","2","5","07","12","5","0","0","1","1","0","0"
"POINT (9.736206107000044 52.399163771000076)","Unfall 17750 (2018) Kat:3, Licht: 0","17750","3","2","2","07","17","5","0","0","0","1","0","0"
"POINT (9.736174757000072 52.399407810000071)","Unfall 17752 (2018) Kat:3, Licht: 0","17752","3","2","5","07","08","4","0","0","1","1","0","0"
"POINT (9.736068907000060 52.368514266000034)","Unfall 17760 (2018) Kat:2, Licht: 0","17760","2","2","5","07","12","6","0","0","1","1","0","0"
"POINT (9.716843247000043 52.428773152000076)","Unfall 17764 (2018) Kat:2, Licht: 0","17764","2","6","2","07","09","4","0","0","0","1","0","0"
"POINT (9.847280130000058 52.413026288000026)","Unfall 17773 (2018) Kat:3, Licht: 0","17773","3","6","3","07","16","5","0","0","0","1","0","0"
"POINT (9.720864019000032 52.337732903000074)","Unfall 17779 (2018) Kat:2, Licht: 1","17779","2","3","0","07","20","5","1","1","0","0","0","1"
"POINT (9.794375304000027 52.394307864000041)","Unfall 17782 (2018) Kat:3, Licht: 0","17782","3","6","0","07","16","6","0","0","0","1","0","0"
"POINT (9.802545741000074 52.431167630000061)","Unfall 17787 (2018) Kat:3, Licht: 0","17787","3","6","2","07","15","5","0","0","0","1","0","0"
"POINT (9.862238597000044 52.366176437000036)","Unfall 17789 (2018) Kat:3, Licht: 0","17789","3","2","5","07","13","2","0","0","1","0","0","0"
"POINT (9.627256906000071 52.423267716000055)","Unfall 17798 (2018) Kat:3, Licht: 0","17798","3","6","2","07","12","5","0","0","0","1","0","0"
"POINT (9.733364487000074 52.420616672000051)","Unfall 17801 (2018) Kat:3, Licht: 0","17801","3","6","2","07","07","5","0","0","0","1","0","0"
"POINT (9.812821310000061 52.429337277000059)","Unfall 17827 (2018) Kat:3, Licht: 0","17827","3","6","2","07","17","5","0","0","0","1","0","0"
"POINT (9.778022321000037 52.327799263000031)","Unfall 17862 (2018) Kat:3, Licht: 2","17862","3","1","8","07","23","3","0","2","1","0","0","0"
"POINT (9.651711471000056 52.417178413000045)","Unfall 17871 (2018) Kat:3, Licht: 0","17871","3","2","2","07","15","2","0","0","0","1","0","0"
"POINT (9.779396333000022 52.371347989000071)","Unfall 17882 (2018) Kat:3, Licht: 0","17882","3","3","5","07","16","4","0","0","1","1","0","0"
"POINT (9.768534958000032 52.338085954000064)","Unfall 17926 (2018) Kat:3, Licht: 0","17926","3","2","5","07","18","1","0","0","1","1","0","0"
"POINT (9.722543475000066 52.378643624000063)","Unfall 17946 (2018) Kat:3, Licht: 2","17946","3","1","0","07","02","2","0","2","1","0","0","0"
"POINT (9.735152916000061 52.406295291000049)","Unfall 17968 (2018) Kat:3, Licht: 0","17968","3","3","5","07","13","5","0","0","1","1","0","0"
"POINT (9.666294109000035 52.427434350000055)","Unfall 17995 (2018) Kat:3, Licht: 2","17995","3","7","9","07","23","5","0","2","0","1","0","0"
"POINT (9.720400847000065 52.338157671000033)","Unfall 18011 (2018) Kat:3, Licht: 0","18011","3","6","2","07","08","4","1","0","0","1","0","0"
"POINT (9.852860642000053 52.390617089000045)","Unfall 18020 (2018) Kat:3, Licht: 0","18020","3","3","5","07","18","4","0","0","1","1","0","0"
"POINT (9.827244818000054 52.408825271000069)","Unfall 18028 (2018) Kat:3, Licht: 2","18028","3","6","2","07","00","4","1","2","0","1","0","0"
"POINT (9.713054316000068 52.400468898000042)","Unfall 18029 (2018) Kat:3, Licht: 0","18029","3","1","0","07","13","4","1","0","0","0","0","1"
"POINT (9.727170318000049 52.366999154000041)","Unfall 18034 (2018) Kat:3, Licht: 0","18034","3","6","2","07","12","4","1","0","0","1","0","0"
"POINT (9.642538392000063 52.414653871000041)","Unfall 18054 (2018) Kat:3, Licht: 0","18054","3","6","2","07","11","6","0","0","0","1","0","0"
"POINT (9.723896072000059 52.379551117000062)","Unfall 18060 (2018) Kat:3, Licht: 0","18060","3","3","5","07","13","3","0","0","1","1","0","0"
"POINT (9.654067608000048 52.425083880000045)","Unfall 18069 (2018) Kat:3, Licht: 0","18069","3","6","3","07","15","2","0","0","0","1","0","0"
"POINT (9.755119353000055 52.427296753000064)","Unfall 18081 (2018) Kat:3, Licht: 0","18081","3","6","2","07","08","4","0","0","0","1","0","0"
"POINT (9.697595837000051 52.377282212000068)","Unfall 18083 (2018) Kat:3, Licht: 0","18083","3","6","2","07","13","4","0","0","0","1","0","0"
"POINT (9.697757651000075 52.377129338000032)","Unfall 18099 (2018) Kat:3, Licht: 0","18099","3","6","2","07","14","3","0","0","0","1","0","0"
"POINT (9.735001102000069 52.404968812000050)","Unfall 18105 (2018) Kat:3, Licht: 0","18105","3","6","2","07","17","5","0","0","0","1","0","0"
"POINT (9.714387176000059 52.398812240000041)","Unfall 18108 (2018) Kat:3, Licht: 0","18108","3","3","5","07","08","7","0","0","0","1","0","0"
"POINT (9.871879978000038 52.308669260000045)","Unfall 18135 (2018) Kat:3, Licht: 1","18135","3","6","2","07","05","1","0","1","0","1","0","0"
"POINT (9.778659843000071 52.427941551000060)","Unfall 18152 (2018) Kat:3, Licht: 0","18152","3","6","2","07","09","3","0","0","0","0","0","0"
"POINT (9.855766959000050 52.389088216000061)","Unfall 18202 (2018) Kat:3, Licht: 2","18202","3","6","4","07","21","4","0","2","0","1","0","1"
"POINT (9.844137946000046 52.414796778000039)","Unfall 18223 (2018) Kat:3, Licht: 0","18223","3","6","2","07","10","3","0","0","0","1","0","0"
"POINT (9.765797339000073 52.341537411000047)","Unfall 18237 (2018) Kat:3, Licht: 0","18237","3","3","5","07","16","3","1","0","1","1","0","0"
"POINT (9.778847162000034 52.427966101000038)","Unfall 18255 (2018) Kat:3, Licht: 0","18255","3","6","2","07","11","4","0","0","0","1","0","0"
"POINT (9.810747933000073 52.318426070000044)","Unfall 18265 (2018) Kat:2, Licht: 2","18265","2","4","6","07","23","3","0","2","0","1","1","0"
"POINT (9.778123192000066 52.371734792000041)","Unfall 18272 (2018) Kat:3, Licht: 0","18272","3","1","3","07","19","3","1","0","0","1","0","0"
"POINT (9.630787934000068 52.420094584000026)","Unfall 18279 (2018) Kat:3, Licht: 0","18279","3","6","2","07","17","3","1","0","0","1","0","0"
"POINT (9.812198486000057 52.409497675000068)","Unfall 18281 (2018) Kat:3, Licht: 0","18281","3","7","0","07","11","2","0","0","0","1","0","0"
"POINT (9.870923214000072 52.401994528000046)","Unfall 18282 (2018) Kat:3, Licht: 0","18282","3","6","2","07","16","3","1","0","0","1","0","0"
"POINT (9.809256515000072 52.334462233000067)","Unfall 18299 (2018) Kat:3, Licht: 0","18299","3","6","2","07","14","3","1","0","0","1","0","0"
"POINT (9.809495004000041 52.332935519000046)","Unfall 18303 (2018) Kat:3, Licht: 0","18303","3","6","2","07","12","3","1","0","0","1","0","0"
"POINT (9.642597996000063 52.414638453000066)","Unfall 18311 (2018) Kat:3, Licht: 0","18311","3","6","3","07","09","3","1","0","0","1","0","0"
"POINT (9.856486453000059 52.408386994000068)","Unfall 18321 (2018) Kat:3, Licht: 0","18321","3","6","3","07","09","5","0","0","0","1","0","0"
"POINT (9.893814022000072 52.292976582000051)","Unfall 18338 (2018) Kat:3, Licht: 0","18338","3","6","2","07","15","3","1","0","0","1","0","0"
"POINT (9.722450897000044 52.378491955000072)","Unfall 18366 (2018) Kat:3, Licht: 0","18366","3","6","2","07","15","2","0","0","0","1","0","0"
"POINT (9.717097698000032 52.346366974000034)","Unfall 18424 (2018) Kat:3, Licht: 0","18424","3","2","5","07","12","4","0","0","1","1","0","0"
"POINT (9.808836168000028 52.337279762000037)","Unfall 18435 (2018) Kat:3, Licht: 0","18435","3","6","2","07","14","5","0","0","0","0","0","1"
"POINT (9.734133749000023 52.369068679000065)","Unfall 18483 (2018) Kat:3, Licht: 0","18483","3","2","5","07","07","3","0","0","1","1","0","0"
"POINT (9.708824688000050 52.408507891000056)","Unfall 18504 (2018) Kat:3, Licht: 0","18504","3","2","5","07","08","2","0","0","1","1","0","0"
"POINT (9.664148591000071 52.427585579000038)","Unfall 18573 (2018) Kat:3, Licht: 0","18573","3","6","2","08","12","6","0","0","0","1","0","0"
"POINT (9.714680152000028 52.366579048000062)","Unfall 18598 (2018) Kat:2, Licht: 0","18598","2","1","0","08","06","7","0","0","1","0","0","0"
"POINT (9.711868912000057 52.366626899000039)","Unfall 18657 (2018) Kat:3, Licht: 0","18657","3","5","0","08","09","5","0","0","0","1","0","1"
"POINT (9.768793667000068 52.338098643000080)","Unfall 18692 (2018) Kat:3, Licht: 0","18692","3","7","0","07","11","2","0","0","0","0","0","0"
"POINT (9.789686290000077 52.357862758000067)","Unfall 18705 (2018) Kat:3, Licht: 0","18705","3","6","2","08","07","3","0","0","0","1","0","0"
"POINT (9.823423812000044 52.384236430000044)","Unfall 18731 (2018) Kat:3, Licht: 0","18731","3","2","5","07","12","2","0","0","1","0","0","0"
"POINT (9.801604177000058 52.431198364000068)","Unfall 18735 (2018) Kat:2, Licht: 0","18735","2","6","2","07","08","2","0","0","0","0","0","0"
"POINT (9.732277053000075 52.383335125000031)","Unfall 18741 (2018) Kat:3, Licht: 1","18741","3","2","4","08","20","1","0","1","0","1","0","0"
"POINT (9.682566745000031 52.326448571000071)","Unfall 18764 (2018) Kat:2, Licht: 0","18764","2","3","5","08","14","6","0","0","0","1","0","1"
"POINT (9.809330859000056 52.369108889000074)","Unfall 18799 (2018) Kat:3, Licht: 0","18799","3","2","4","08","10","2","0","0","1","1","0","0"
"POINT (9.719088066000040 52.353479187000062)","Unfall 18813 (2018) Kat:3, Licht: 0","18813","3","1","8","08","19","1","0","0","0","0","0","1"
"POINT (9.735830736000025 52.399525232000030)","Unfall 18839 (2018) Kat:3, Licht: 0","18839","3","6","2","08","12","4","0","0","0","1","0","0"
"POINT (9.720370878000040 52.391500939000082)","Unfall 18856 (2018) Kat:3, Licht: 2","18856","3","1","0","07","01","3","0","2","1","0","0","0"
"POINT (9.829214215000036 52.339592826000057)","Unfall 18857 (2018) Kat:2, Licht: 0","18857","2","7","0","08","17","4","0","0","1","0","0","0"
"POINT (9.684183044000065 52.360046070000067)","Unfall 18896 (2018) Kat:3, Licht: 0","18896","3","6","3","08","15","6","0","0","0","1","0","1"
"POINT (9.720370878000040 52.391500939000082)","Unfall 18924 (2018) Kat:2, Licht: 0","18924","2","2","0","08","06","6","0","0","0","0","0","1"
"POINT (9.725363923000032 52.389358406000042)","Unfall 18925 (2018) Kat:2, Licht: 0","18925","2","7","9","08","13","7","0","0","0","1","0","0"
"POINT (9.787658313000065 52.372098804000075)","Unfall 18943 (2018) Kat:3, Licht: 2","18943","3","6","2","08","23","5","0","2","0","1","0","0"
"POINT (9.698703517000070 52.421005878000074)","Unfall 18959 (2018) Kat:3, Licht: 0","18959","3","7","0","08","13","2","0","0","1","0","0","0"
"POINT (9.718426938000050 52.346214490000079)","Unfall 18976 (2018) Kat:3, Licht: 0","18976","3","1","8","07","15","1","0","0","0","0","0","1"
"POINT (9.647403430000054 52.413455665000072)","Unfall 18994 (2018) Kat:3, Licht: 0","18994","3","3","5","07","19","1","0","0","1","1","0","0"
"POINT (9.804168776000040 52.370354958000064)","Unfall 19001 (2018) Kat:3, Licht: 0","19001","3","3","5","07","14","1","0","0","1","1","0","0"
"POINT (9.692708909000032 52.361027109000077)","Unfall 19014 (2018) Kat:3, Licht: 0","19014","3","3","5","07","16","3","0","0","1","1","0","0"
"POINT (9.736095594000062 52.368509665000033)","Unfall 19097 (2018) Kat:3, Licht: 0","19097","3","3","5","08","18","6","0","0","1","1","0","0"
"POINT (9.654733580000027 52.407720631000075)","Unfall 19135 (2018) Kat:3, Licht: 2","19135","3","6","2","08","00","7","0","2","0","1","0","0"
"POINT (9.734928704000026 52.391657716000054)","Unfall 19147 (2018) Kat:2, Licht: 2","19147","2","2","5","08","22","1","0","2","1","1","0","0"
"POINT (9.833194960000071 52.421243567000033)","Unfall 19148 (2018) Kat:3, Licht: 0","19148","3","1","8","08","07","5","0","0","0","0","0","1"
"POINT (9.723976970000024 52.337147569000081)","Unfall 19209 (2018) Kat:3, Licht: 0","19209","3","6","2","08","10","4","0","0","0","1","0","0"
"POINT (9.675399650000031 52.377231651000045)","Unfall 19246 (2018) Kat:3, Licht: 0","19246","3","2","0","08","16","5","1","0","0","0","0","1"
"POINT (9.867763561000061 52.313674684000034)","Unfall 19257 (2018) Kat:3, Licht: 0","19257","3","7","7","08","06","6","0","0","0","0","0","1"
"POINT (9.722984760000031 52.368233915000076)","Unfall 19271 (2018) Kat:3, Licht: 0","19271","3","2","5","08","16","5","1","0","1","1","0","0"
"POINT (9.862842464000039 52.358275257000059)","Unfall 19291 (2018) Kat:3, Licht: 0","19291","3","6","2","08","17","2","0","0","0","1","0","0"
"POINT (9.678162698000051 52.359394943000041)","Unfall 19306 (2018) Kat:3, Licht: 0","19306","3","6","2","08","12","1","0","0","0","1","0","0"
"POINT (9.826930663000042 52.401775310000062)","Unfall 19333 (2018) Kat:3, Licht: 0","19333","3","6","2","08","16","6","0","0","0","1","0","0"
"POINT (9.730148061000023 52.368929791000028)","Unfall 19347 (2018) Kat:3, Licht: 0","19347","3","3","5","08","08","3","0","0","1","1","0","0"
"POINT (9.848149135000028 52.412347838000073)","Unfall 19351 (2018) Kat:2, Licht: 0","19351","2","6","2","08","13","4","0","0","0","0","0","0"
"POINT (9.647877071000039 52.413189217000081)","Unfall 19383 (2018) Kat:3, Licht: 0","19383","3","6","2","08","10","5","0","0","0","1","0","0"
"POINT (9.733539576000055 52.369172754000033)","Unfall 19399 (2018) Kat:3, Licht: 0","19399","3","3","5","08","10","2","1","0","1","1","0","0"
"POINT (9.781331026000032 52.371575991000043)","Unfall 19400 (2018) Kat:3, Licht: 2","19400","3","1","0","08","00","5","0","2","1","0","0","0"
"POINT (9.723478134000061 52.368045874000074)","Unfall 19417 (2018) Kat:3, Licht: 0","19417","3","6","4","08","08","5","0","0","1","0","0","0"
"POINT (9.621515511000041 52.421134874000074)","Unfall 19422 (2018) Kat:3, Licht: 0","19422","3","6","2","08","12","3","0","0","0","1","0","0"
"POINT (9.858784973000070 52.407331139000064)","Unfall 19435 (2018) Kat:1, Licht: 0","19435","1","6","2","08","10","4","0","0","0","1","0","0"
"POINT (9.762881227000037 52.427112309000051)","Unfall 19458 (2018) Kat:3, Licht: 0","19458","3","6","2","08","17","7","0","0","0","1","0","0"
"POINT (9.859219146000044 52.386557299000060)","Unfall 19459 (2018) Kat:3, Licht: 0","19459","3","2","2","08","15","4","0","0","0","1","0","0"
"POINT (9.847712312000056 52.392740621000030)","Unfall 19474 (2018) Kat:3, Licht: 0","19474","3","3","5","08","08","5","0","0","1","0","0","0"
"POINT (9.716251920000047 52.366860386000042)","Unfall 19485 (2018) Kat:3, Licht: 0","19485","3","5","0","08","16","3","0","0","1","1","0","0"
"POINT (9.842279675000043 52.388078112000073)","Unfall 19497 (2018) Kat:3, Licht: 0","19497","3","3","5","08","13","3","1","0","1","1","0","0"
"POINT (9.832205864000059 52.422175576000029)","Unfall 19517 (2018) Kat:3, Licht: 0","19517","3","3","5","08","16","3","0","0","0","1","0","0"
"POINT (9.722667421000040 52.378375696000035)","Unfall 19533 (2018) Kat:3, Licht: 0","19533","3","6","4","08","14","3","0","0","1","0","0","0"
"POINT (9.783519557000034 52.360451851000050)","Unfall 19538 (2018) Kat:3, Licht: 0","19538","3","6","2","08","07","4","0","0","0","1","0","0"
"POINT (9.714704053000048 52.360934829000030)","Unfall 19576 (2018) Kat:1, Licht: 0","19576","1","3","5","08","10","5","0","0","1","1","0","0"
"POINT (9.833286286000032 52.338254049000057)","Unfall 19589 (2018) Kat:3, Licht: 0","19589","3","3","5","08","09","2","1","0","1","1","0","0"
"POINT (9.725208411000040 52.380311295000070)","Unfall 19590 (2018) Kat:3, Licht: 0","19590","3","6","2","08","16","5","0","0","0","1","0","0"
"POINT (9.860723592000056 52.384128742000030)","Unfall 19595 (2018) Kat:3, Licht: 0","19595","3","6","2","08","14","4","0","0","1","0","0","0"
"POINT (9.749902090000035 52.369271801000082)","Unfall 19616 (2018) Kat:2, Licht: 0","19616","2","3","5","08","10","1","0","0","0","1","0","1"
"POINT (9.708159628000033 52.409604465000029)","Unfall 19617 (2018) Kat:3, Licht: 0","19617","3","7","0","08","15","5","1","0","0","1","0","1"
"POINT (9.732338529000060 52.369449061000068)","Unfall 19635 (2018) Kat:3, Licht: 0","19635","3","3","0","08","16","4","0","0","1","0","0","0"
"POINT (9.738440076000074 52.368313182000065)","Unfall 19661 (2018) Kat:3, Licht: 0","19661","3","1","0","08","13","6","1","0","0","0","0","1"
"POINT (9.707518959000026 52.410351501000036)","Unfall 19675 (2018) Kat:3, Licht: 0","19675","3","5","0","08","15","5","0","0","1","0","0","0"
"POINT (9.695234637000056 52.374772938000035)","Unfall 19680 (2018) Kat:3, Licht: 0","19680","3","2","5","08","09","4","0","0","1","1","0","0"
"POINT (9.791114477000065 52.349456968000027)","Unfall 19708 (2018) Kat:2, Licht: 0","19708","2","1","9","08","16","6","0","0","0","0","0","1"
"POINT (9.730384695000055 52.383781893000048)","Unfall 19723 (2018) Kat:3, Licht: 0","19723","3","3","5","08","12","2","0","0","0","1","0","0"
"POINT (9.735585656000069 52.401344923000067)","Unfall 19737 (2018) Kat:2, Licht: 2","19737","2","4","6","08","21","4","0","2","0","0","1","0"
"POINT (9.719083984000065 52.345936762000065)","Unfall 19791 (2018) Kat:3, Licht: 0","19791","3","6","3","08","07","5","0","0","0","1","0","0"
"POINT (9.721854541000027 52.378581743000041)","Unfall 19806 (2018) Kat:3, Licht: 0","19806","3","6","2","08","14","7","0","0","0","1","1","0"
"POINT (9.718502354000066 52.346454531000063)","Unfall 19809 (2018) Kat:3, Licht: 0","19809","3","2","5","08","08","5","0","0","0","1","0","1"
"POINT (9.642648852000036 52.414625296000054)","Unfall 19827 (2018) Kat:3, Licht: 0","19827","3","6","3","08","09","2","0","0","0","1","0","0"
"POINT (9.734846066000046 52.391137422000043)","Unfall 19828 (2018) Kat:3, Licht: 0","19828","3","6","2","08","14","4","0","0","0","1","0","0"
"POINT (9.727102287000037 52.366937144000076)","Unfall 19834 (2018) Kat:3, Licht: 0","19834","3","2","2","08","07","2","0","0","0","1","0","0"
"POINT (9.725696411000058 52.380529639000031)","Unfall 19839 (2018) Kat:3, Licht: 0","19839","3","3","5","08","14","2","1","0","1","1","0","0"
"POINT (9.765306784000075 52.342172864000077)","Unfall 19850 (2018) Kat:3, Licht: 0","19850","3","1","0","08","20","7","0","0","0","0","0","0"
"POINT (9.732261335000032 52.383094540000059)","Unfall 19866 (2018) Kat:3, Licht: 0","19866","3","1","0","08","10","5","0","0","1","0","0","0"
"POINT (9.731514456000070 52.370153418000029)","Unfall 19867 (2018) Kat:3, Licht: 0","19867","3","7","0","08","16","1","0","0","1","0","0","0"
"POINT (9.768549205000056 52.338070343000027)","Unfall 19879 (2018) Kat:3, Licht: 0","19879","3","2","5","08","17","3","0","0","1","0","0","0"
"POINT (9.765373032000071 52.342093906000059)","Unfall 19912 (2018) Kat:3, Licht: 0","19912","3","6","3","08","13","6","0","0","0","1","0","1"
"POINT (9.712500974000022 52.429336345000081)","Unfall 19927 (2018) Kat:3, Licht: 0","19927","3","6","2","08","17","3","0","0","0","1","0","0"
"POINT (9.837815119000027 52.396781072000067)","Unfall 19932 (2018) Kat:3, Licht: 0","19932","3","1","0","08","09","4","0","0","1","0","0","0"
"POINT (9.731439230000035 52.369372014000078)","Unfall 19967 (2018) Kat:3, Licht: 0","19967","3","3","5","08","18","5","0","0","0","1","0","1"
"POINT (9.774738451000076 52.371050136000065)","Unfall 19982 (2018) Kat:3, Licht: 0","19982","3","2","5","08","10","2","1","0","0","1","0","0"
"POINT (9.782813828000030 52.424382002000073)","Unfall 19983 (2018) Kat:3, Licht: 0","19983","3","3","5","08","16","5","0","0","1","1","0","0"
"POINT (9.723308678000024 52.368111320000082)","Unfall 20002 (2018) Kat:2, Licht: 0","20002","2","6","3","08","07","5","0","0","1","0","0","0"
"POINT (9.742715995000026 52.368088031000070)","Unfall 20015 (2018) Kat:3, Licht: 0","20015","3","2","5","08","17","5","0","0","1","0","0","0"
"POINT (9.774094539000032 52.371011786000054)","Unfall 20020 (2018) Kat:3, Licht: 1","20020","3","6","3","08","20","3","0","1","0","1","0","1"
"POINT (9.834834696000030 52.420641721000038)","Unfall 20063 (2018) Kat:3, Licht: 0","20063","3","6","2","08","13","6","0","0","0","1","0","0"
"POINT (9.717757433000031 52.367132359000038)","Unfall 20070 (2018) Kat:3, Licht: 0","20070","3","4","6","08","16","5","0","0","0","1","1","0"
"POINT (9.712822318000065 52.366799201000049)","Unfall 20103 (2018) Kat:3, Licht: 1","20103","3","1","0","08","20","6","0","1","1","0","0","0"
"POINT (9.685128369000040 52.360175727000069)","Unfall 20108 (2018) Kat:3, Licht: 0","20108","3","3","4","08","13","1","0","0","1","0","0","1"
"POINT (9.763449293000065 52.343832852000048)","Unfall 20114 (2018) Kat:3, Licht: 0","20114","3","2","5","08","17","5","1","0","1","1","0","0"
"POINT (9.735910999000055 52.395985989000053)","Unfall 20115 (2018) Kat:3, Licht: 2","20115","3","2","5","08","04","1","0","2","1","1","0","0"
"POINT (9.730834782000045 52.382450405000043)","Unfall 20133 (2018) Kat:3, Licht: 0","20133","3","6","2","08","10","7","0","0","0","1","0","0"
"POINT (9.731277001000024 52.369321300000081)","Unfall 20149 (2018) Kat:3, Licht: 0","20149","3","1","8","08","18","1","0","0","0","1","0","0"
"POINT (9.847064829000033 52.390492871000049)","Unfall 20151 (2018) Kat:3, Licht: 0","20151","3","6","0","08","19","1","0","0","0","1","0","1"
"POINT (9.761158189000071 52.346703823000041)","Unfall 20162 (2018) Kat:3, Licht: 0","20162","3","1","0","08","12","1","0","0","0","0","0","1"
"POINT (9.742825670000059 52.368092986000079)","Unfall 20199 (2018) Kat:3, Licht: 2","20199","3","6","2","08","23","7","0","2","0","1","0","0"
"POINT (9.782390177000025 52.325103045000048)","Unfall 20219 (2018) Kat:3, Licht: 0","20219","3","2","5","08","14","6","0","0","0","1","0","0"
"POINT (9.762112317000060 52.370418675000053)","Unfall 20264 (2018) Kat:3, Licht: 0","20264","3","2","5","08","19","6","0","0","1","1","0","0"
"POINT (9.897790783000062 52.407135685000071)","Unfall 20266 (2018) Kat:2, Licht: 0","20266","2","6","2","08","10","4","0","0","0","0","0","0"
"POINT (9.721866731000034 52.378580544000044)","Unfall 20274 (2018) Kat:3, Licht: 0","20274","3","1","0","08","15","3","0","0","0","0","0","1"
"POINT (9.672584520000044 52.377198502000056)","Unfall 20293 (2018) Kat:2, Licht: 0","20293","2","3","5","08","15","6","0","0","1","1","0","0"
"POINT (9.753639199000077 52.370016103000069)","Unfall 20355 (2018) Kat:3, Licht: 0","20355","3","3","5","09","14","4","0","0","1","1","0","0"
"POINT (9.847295458000076 52.360139220000065)","Unfall 20361 (2018) Kat:3, Licht: 0","20361","3","3","5","09","13","1","0","0","1","1","0","0"
"POINT (9.826978753000049 52.408876813000063)","Unfall 20425 (2018) Kat:3, Licht: 0","20425","3","6","9","09","19","4","0","0","0","1","0","0"
"POINT (9.762957052000047 52.344623330000047)","Unfall 20436 (2018) Kat:3, Licht: 2","20436","3","7","0","09","20","7","0","2","1","0","0","0"
"POINT (9.844758943000045 52.389557860000082)","Unfall 20440 (2018) Kat:3, Licht: 0","20440","3","3","0","09","18","7","0","0","0","1","0","0"
"POINT (9.677523495000060 52.369532995000043)","Unfall 20475 (2018) Kat:3, Licht: 0","20475","3","1","9","09","15","2","0","0","0","1","0","0"
"POINT (9.725382839000076 52.365043608000065)","Unfall 20478 (2018) Kat:3, Licht: 0","20478","3","3","5","09","16","2","0","0","1","1","0","0"
"POINT (9.862352199000043 52.371456545000058)","Unfall 20486 (2018) Kat:3, Licht: 0","20486","3","1","8","09","06","2","0","0","0","1","0","0"
"POINT (9.733358495000061 52.420661285000051)","Unfall 20549 (2018) Kat:3, Licht: 0","20549","3","6","2","08","14","6","0","0","0","1","0","0"
"POINT (9.744762705000028 52.367463184000030)","Unfall 20550 (2018) Kat:3, Licht: 0","20550","3","3","5","09","17","4","0","0","1","1","0","0"
"POINT (9.671348356000067 52.428356969000049)","Unfall 20559 (2018) Kat:3, Licht: 1","20559","3","6","3","09","07","4","0","1","0","1","0","0"
"POINT (9.699671959000057 52.416456352000068)","Unfall 20593 (2018) Kat:3, Licht: 0","20593","3","6","2","09","14","3","0","0","0","1","0","0"
"POINT (9.869621315000074 52.402287585000067)","Unfall 20638 (2018) Kat:3, Licht: 0","20638","3","6","2","09","15","3","0","0","0","1","0","0"
"POINT (9.655625931000031 52.406713618000026)","Unfall 20654 (2018) Kat:3, Licht: 0","20654","3","6","2","09","13","3","0","0","0","1","0","0"
"POINT (9.735292833000074 52.405026968000072)","Unfall 20687 (2018) Kat:3, Licht: 0","20687","3","3","5","09","16","2","0","0","1","1","0","0"