WKT,Name,OBJECTID,UKATEGORIE,UTYP1,UART,UMONAT,USTUNDE,UWOCHENTAG,STRZUSTAND,ULICHTVERH,ISTRAD,ISTPKW,ISTFUSS,ISTKRAD
"POINT (9.734987609000029 52.393237317000057)","Unfall 20721 (2018) Kat:3, Licht: 0","20721","3","6","2","09","11","6","0","0","0","1","0","0"
"POINT (9.782535381000059 52.361874280000052)","Unfall 20752 (2018) Kat:3, Licht: 0","20752","3","6","2","09","13","2","0","0","0","1","0","0"
"POINT (9.844688781000059 52.414005775000078)","Unfall 20768 (2018) Kat:3, Licht: 0","20768","3","6","2","09","07","4","0","0","0","1","0","0"
"POINT (9.733378830000049 52.428678508000075)","Unfall 20788 (2018) Kat:2, Licht: 0","20788","2","1","9","09","14","3","0","0","0","0","0","1"
"POINT (9.714376315000038 52.362185334000060)","Unfall 20836 (2018) Kat:3, Licht: 0","20836","3","1","3","09","16","5","1","0","0","1","0","0"
"POINT (9.730551394000031 52.371108169000081)","Unfall 20838 (2018) Kat:3, Licht: 0","20838","3","6","2","09","17","5","1","0","0","1","0","0"
"POINT (9.734972958000071 52.391919037000036)","Unfall 20846 (2018) Kat:3, Licht: 2","20846","3","2","3","09","20","3","0","2","1","1","0","0"
"POINT (9.880044329000043 52.399337523000042)","Unfall 20859 (2018) Kat:3, Licht: 0","20859","3","6","2","09","09","3","0","0","0","0","0","0"
"POINT (9.714282212000057 52.362156544000072)","Unfall 20864 (2018) Kat:3, Licht: 0","20864","3","2","5","09","17","3","0","0","0","1","0","0"
"POINT (9.697365426000033 52.361606494000057)","Unfall 20866 (2018) Kat:3, Licht: 0","20866","3","1","0","09","16","5","1","0","0","0","0","1"
"POINT (9.842988220000052 52.415505027000052)","Unfall 20890 (2018) Kat:3, Licht: 0","20890","3","6","3","09","17","2","0","0","0","1","0","0"
"POINT (9.726527024000063 52.375616171000047)","Unfall 20929 (2018) Kat:2, Licht: 0","20929","2","7","5","09","18","4","0","0","0","1","0","1"
"POINT (9.734201497000072 52.369056823000051)","Unfall 20987 (2018) Kat:3, Licht: 0","20987","3","2","3","09","19","4","0","0","1","1","0","0"
"POINT (9.712658120000071 52.402054306000082)","Unfall 21016 (2018) Kat:2, Licht: 2","21016","2","3","5","09","20","2","0","2","1","1","0","0"
"POINT (9.748885664000056 52.369217162000041)","Unfall 21023 (2018) Kat:3, Licht: 0","21023","3","6","3","09","12","4","0","0","1","0","0","0"
"POINT (9.800109616000043 52.426448424000057)","Unfall 21070 (2018) Kat:3, Licht: 0","21070","3","2","5","09","14","6","0","0","1","1","0","0"
"POINT (9.730213768000056 52.368958507000059)","Unfall 21080 (2018) Kat:3, Licht: 0","21080","3","2","5","09","15","6","0","0","1","1","0","0"
"POINT (9.773917446000041 52.371001750000062)","Unfall 21082 (2018) Kat:3, Licht: 2","21082","3","4","6","09","20","4","0","2","0","0","1","0"
"POINT (9.792755380000074 52.430393623000043)","Unfall 21084 (2018) Kat:3, Licht: 0","21084","3","6","2","09","15","6","0","0","0","1","0","0"
"POINT (9.720609716000070 52.391483895000079)","Unfall 21087 (2018) Kat:3, Licht: 2","21087","3","7","0","09","06","3","0","2","1","0","0","0"
"POINT (9.857392374000028 52.358637428000065)","Unfall 21098 (2018) Kat:2, Licht: 1","21098","2","2","5","09","06","4","0","1","1","1","0","0"
"POINT (9.697245743000053 52.341407441000058)","Unfall 21104 (2018) Kat:2, Licht: 0","21104","2","6","2","09","15","3","0","0","0","1","0","0"
"POINT (9.743521249000025 52.368704511000033)","Unfall 21123 (2018) Kat:3, Licht: 0","21123","3","6","4","09","07","3","0","0","1","0","0","0"
"POINT (9.859274989000028 52.407107220000057)","Unfall 21158 (2018) Kat:2, Licht: 0","21158","2","6","2","09","13","4","0","0","0","0","0","0"
"POINT (9.698208707000049 52.344652423000070)","Unfall 21177 (2018) Kat:3, Licht: 2","21177","3","4","6","09","20","1","0","2","0","1","1","0"
"POINT (9.722812868000062 52.460313097000039)","Unfall 21184 (2018) Kat:3, Licht: 0","21184","3","7","7","09","16","3","0","0","0","0","0","0"
"POINT (9.714550007000071 52.361080578000042)","Unfall 21190 (2018) Kat:3, Licht: 0","21190","3","2","5","09","17","3","0","0","0","1","0","1"
"POINT (9.862057202000074 52.381017846000077)","Unfall 21196 (2018) Kat:3, Licht: 0","21196","3","3","5","09","15","5","0","0","1","1","0","0"
"POINT (9.799624497000025 52.408683170000074)","Unfall 21197 (2018) Kat:3, Licht: 0","21197","3","5","1","09","10","2","0","0","1","1","0","0"
"POINT (9.782378492000021 52.362132615000064)","Unfall 21200 (2018) Kat:3, Licht: 0","21200","3","6","2","09","16","5","0","0","0","1","0","0"
"POINT (9.841833579000024 52.395137131000070)","Unfall 21203 (2018) Kat:2, Licht: 0","21203","2","4","6","09","14","5","0","0","0","1","1","0"
"POINT (9.716703564000056 52.396938956000042)","Unfall 21218 (2018) Kat:3, Licht: 0","21218","3","4","6","09","11","7","0","0","0","1","1","1"
"POINT (9.727245556000071 52.381195791000039)","Unfall 21229 (2018) Kat:3, Licht: 0","21229","3","3","5","09","13","7","0","0","1","1","0","0"
"POINT (9.725425513000062 52.420777136000027)","Unfall 21247 (2018) Kat:3, Licht: 0","21247","3","6","2","09","16","3","0","0","0","1","0","0"
"POINT (9.648231932000044 52.412803222000036)","Unfall 21258 (2018) Kat:2, Licht: 0","21258","2","6","2","09","11","4","0","0","0","1","0","0"
"POINT (9.742149238000025 52.427358173000073)","Unfall 21326 (2018) Kat:3, Licht: 0","21326","3","6","3","09","11","7","0","0","0","1","0","0"
"POINT (9.686815303000060 52.392557626000041)","Unfall 21331 (2018) Kat:2, Licht: 0","21331","2","1","0","09","17","7","1","0","0","0","0","1"
"POINT (9.841914416000066 52.416178793000029)","Unfall 21341 (2018) Kat:3, Licht: 0","21341","3","6","2","09","11","4","0","0","0","0","0","0"
"POINT (9.720407884000053 52.338175463000027)","Unfall 21353 (2018) Kat:3, Licht: 0","21353","3","3","5","09","11","1","1","0","0","1","0","0"
"POINT (9.747715015000040 52.369158347000052)","Unfall 21372 (2018) Kat:3, Licht: 0","21372","3","6","2","09","10","2","1","0","0","1","0","0"
"POINT (9.670585826000036 52.358331967000026)","Unfall 21418 (2018) Kat:3, Licht: 0","21418","3","2","5","09","10","2","0","0","1","1","0","0"
"POINT (9.651794196000026 52.416624225000078)","Unfall 21428 (2018) Kat:3, Licht: 2","21428","3","2","3","09","22","3","0","2","1","1","0","0"
"POINT (9.694775736000054 52.374512446000040)","Unfall 21439 (2018) Kat:3, Licht: 0","21439","3","7","0","09","14","2","1","0","1","0","0","0"
"POINT (9.717710119000060 52.346116316000064)","Unfall 21454 (2018) Kat:3, Licht: 0","21454","3","2","3","09","15","6","1","0","0","1","0","0"
"POINT (9.863366294000059 52.373905870000044)","Unfall 21459 (2018) Kat:3, Licht: 0","21459","3","2","4","09","15","6","1","0","1","1","0","0"
"POINT (9.714033678000021 52.422291158000064)","Unfall 21462 (2018) Kat:3, Licht: 0","21462","3","6","4","09","15","6","1","0","0","1","0","0"
"POINT (9.814754316000062 52.319232550000038)","Unfall 21472 (2018) Kat:3, Licht: 0","21472","3","6","2","09","17","6","0","0","0","1","0","0"
"POINT (9.736068561000025 52.400163607000081)","Unfall 21475 (2018) Kat:3, Licht: 0","21475","3","7","7","09","14","6","1","0","0","1","0","0"
"POINT (9.727200690000075 52.375097975000074)","Unfall 21479 (2018) Kat:3, Licht: 0","21479","3","1","0","09","11","6","0","0","1","0","0","0"
"POINT (9.740182969000045 52.368251215000043)","Unfall 21482 (2018) Kat:3, Licht: 0","21482","3","2","5","09","07","6","0","0","0","1","0","0"
"POINT (9.884200852000049 52.398830587000077)","Unfall 21515 (2018) Kat:3, Licht: 2","21515","3","1","8","09","22","1","1","2","0","1","0","0"
"POINT (9.714483023000071 52.398736333000045)","Unfall 21532 (2018) Kat:3, Licht: 0","21532","3","6","2","09","11","3","0","0","0","1","0","0"
"POINT (9.840553473000057 52.417036564000057)","Unfall 21544 (2018) Kat:3, Licht: 0","21544","3","6","2","09","14","2","0","0","0","1","0","0"
"POINT (9.720717628000045 52.337751940000032)","Unfall 21624 (2018) Kat:3, Licht: 2","21624","3","1","9","09","01","1","1","2","0","1","0","0"
"POINT (9.707523334000030 52.410346370000070)","Unfall 21627 (2018) Kat:3, Licht: 0","21627","3","6","2","09","17","5","0","0","0","1","0","0"
"POINT (9.662739615000021 52.376968601000044)","Unfall 21629 (2018) Kat:3, Licht: 0","21629","3","6","0","09","13","5","0","0","0","0","0","0"
"POINT (9.786719123000069 52.356364560000031)","Unfall 21633 (2018) Kat:3, Licht: 0","21633","3","1","9","09","12","5","0","0","0","0","0","1"
"POINT (9.722811508000063 52.460326032000069)","Unfall 21701 (2018) Kat:3, Licht: 2","21701","3","6","3","09","08","4","0","2","0","1","0","0"
"POINT (9.740144215000044 52.368247237000048)","Unfall 21703 (2018) Kat:3, Licht: 0","21703","3","2","5","09","12","3","0","0","1","1","0","0"
"POINT (9.690566777000072 52.346777186000054)","Unfall 21736 (2018) Kat:3, Licht: 0","21736","3","6","2","10","10","2","1","0","0","1","0","0"
"POINT (9.824283960000059 52.362407562000044)","Unfall 21742 (2018) Kat:3, Licht: 0","21742","3","1","1","10","15","5","0","0","0","1","0","0"
"POINT (9.837393637000048 52.387332441000069)","Unfall 21802 (2018) Kat:3, Licht: 0","21802","3","2","5","10","17","3","1","0","1","1","0","0"
"POINT (9.717892521000067 52.395270067000070)","Unfall 21806 (2018) Kat:3, Licht: 0","21806","3","7","0","10","08","2","0","0","0","1","0","0"
"POINT (9.691329299000074 52.332315378000033)","Unfall 21839 (2018) Kat:3, Licht: 2","21839","3","3","5","09","20","7","0","2","0","1","0","0"
"POINT (9.714575344000025 52.361079080000081)","Unfall 21841 (2018) Kat:3, Licht: 0","21841","3","2","5","09","14","7","0","0","0","1","0","1"
"POINT (9.736265685000035 52.397654749000026)","Unfall 21844 (2018) Kat:3, Licht: 0","21844","3","6","3","09","14","7","0","0","0","1","0","1"
"POINT (9.730219294000051 52.383836583000061)","Unfall 21848 (2018) Kat:3, Licht: 0","21848","3","5","3","09","15","7","0","0","1","1","0","0"
"POINT (9.722203983000043 52.378352025000027)","Unfall 21849 (2018) Kat:3, Licht: 0","21849","3","7","0","10","13","5","0","0","1","0","0","0"
"POINT (9.735239615000069 52.393246321000049)","Unfall 21861 (2018) Kat:2, Licht: 0","21861","2","3","5","09","12","7","0","0","1","0","0","0"
"POINT (9.734778624000057 52.407339694000029)","Unfall 21866 (2018) Kat:3, Licht: 0","21866","3","1","0","10","15","2","1","0","0","0","0","1"
"POINT (9.722346730000027 52.378496212000073)","Unfall 21871 (2018) Kat:3, Licht: 0","21871","3","2","5","09","08","7","0","0","0","1","0","0"
"POINT (9.802014620000023 52.432919876000028)","Unfall 21933 (2018) Kat:3, Licht: 2","21933","3","2","5","10","20","3","1","2","1","1","0","0"
"POINT (9.832676792000029 52.418829633000030)","Unfall 21950 (2018) Kat:3, Licht: 0","21950","3","4","6","10","18","5","1","0","0","1","1","0"
"POINT (9.712839664000057 52.362752520000072)","Unfall 21990 (2018) Kat:3, Licht: 0","21990","3","6","3","09","17","6","0","0","0","1","0","0"
"POINT (9.736277655000038 52.398464214000057)","Unfall 21993 (2018) Kat:3, Licht: 0","21993","3","6","3","09","12","6","0","0","0","1","0","1"
"POINT (9.715230673000065 52.360435106000068)","Unfall 22011 (2018) Kat:3, Licht: 2","22011","3","1","4","10","21","3","1","2","0","1","0","0"
"POINT (9.719210101000044 52.345654285000080)","Unfall 22046 (2018) Kat:3, Licht: 0","22046","3","6","2","10","11","2","0","0","0","1","0","0"
"POINT (9.648678387000075 52.412633833000029)","Unfall 22050 (2018) Kat:3, Licht: 0","22050","3","6","2","09","11","1","0","0","0","1","0","0"
"POINT (9.722778618000064 52.337436174000061)","Unfall 22057 (2018) Kat:3, Licht: 2","22057","3","6","2","09","19","1","0","2","0","1","0","0"
"POINT (9.680103316000043 52.325107775000049)","Unfall 22089 (2018) Kat:1, Licht: 0","22089","1","1","9","09","08","1","0","0","0","1","0","0"
"POINT (9.728484807000029 52.368035782000049)","Unfall 22091 (2018) Kat:2, Licht: 0","22091","2","3","5","10","15","7","0","0","1","0","0","0"
"POINT (9.752397215000030 52.357672956000044)","Unfall 22111 (2018) Kat:3, Licht: 0","22111","3","6","2","10","11","6","0","0","0","1","0","0"
"POINT (9.765361487000064 52.342107667000050)","Unfall 22148 (2018) Kat:3, Licht: 0","22148","3","1","0","10","13","3","1","0","0","0","0","1"
"POINT (9.719583925000052 52.345400871000038)","Unfall 22180 (2018) Kat:3, Licht: 0","22180","3","6","2","10","14","4","1","0","0","1","0","0"
"POINT (9.848306504000050 52.412262482000074)","Unfall 22235 (2018) Kat:2, Licht: 0","22235","2","6","2","10","13","5","0","0","0","0","0","0"
"POINT (9.757479338000053 52.370234444000062)","Unfall 22241 (2018) Kat:3, Licht: 0","22241","3","3","5","10","08","3","0","0","1","0","0","0"
"POINT (9.640901661000044 52.422403060000079)","Unfall 22246 (2018) Kat:3, Licht: 2","22246","3","6","2","10","20","5","0","2","0","1","0","0"
"POINT (9.735122117000060 52.427542950000031)","Unfall 22251 (2018) Kat:3, Licht: 0","22251","3","6","3","10","09","5","0","0","0","1","0","0"
"POINT (9.730715213000053 52.370926781000037)","Unfall 22253 (2018) Kat:3, Licht: 0","22253","3","6","3","10","10","2","0","0","0","1","0","0"
"POINT (9.725321448000045 52.376883394000060)","Unfall 22269 (2018) Kat:3, Licht: 0","22269","3","3","5","10","09","4","0","0","0","1","0","0"
"POINT (9.763501495000071 52.343782133000047)","Unfall 22373 (2018) Kat:3, Licht: 0","22373","3","2","5","10","17","2","0","0","1","1","0","0"
"POINT (9.685024154000075 52.360160338000071)","Unfall 22399 (2018) Kat:2, Licht: 2","22399","2","1","0","10","19","4","0","2","0","0","0","1"
"POINT (9.791886755000064 52.335037427000032)","Unfall 22406 (2018) Kat:3, Licht: 0","22406","3","2","5","10","13","5","0","0","1","1","0","0"
"POINT (9.833441875000062 52.386420498000064)","Unfall 22430 (2018) Kat:3, Licht: 0","22430","3","3","5","10","12","2","0","0","1","1","0","0"
"POINT (9.733970224000075 52.385267269000053)","Unfall 22434 (2018) Kat:2, Licht: 0","22434","2","2","5","10","15","5","0","0","1","0","0","0"
"POINT (9.722969773000045 52.358246536000081)","Unfall 22498 (2018) Kat:3, Licht: 1","22498","3","2","2","10","19","4","0","1","0","1","0","1"
"POINT (9.778746999000077 52.371492392000050)","Unfall 22501 (2018) Kat:3, Licht: 0","22501","3","6","2","10","15","4","0","0","0","1","0","0"
"POINT (9.827573789000041 52.360334522000073)","Unfall 22505 (2018) Kat:3, Licht: 0","22505","3","4","6","10","17","4","0","0","1","0","1","0"
"POINT (9.734937750000029 52.391711129000043)","Unfall 22524 (2018) Kat:3, Licht: 0","22524","3","2","5","10","17","2","0","0","1","1","0","0"
"POINT (9.735237743000027 52.403249835000054)","Unfall 22526 (2018) Kat:3, Licht: 0","22526","3","4","6","10","13","4","0","0","1","0","1","0"
"POINT (9.650932634000071 52.410834860000080)","Unfall 22551 (2018) Kat:2, Licht: 0","22551","2","6","2","10","16","4","0","0","0","1","0","0"
"POINT (9.684294729000044 52.328284845000042)","Unfall 22572 (2018) Kat:3, Licht: 0","22572","3","6","2","10","10","7","0","0","0","1","0","0"
"POINT (9.634649574000036 52.418514670000036)","Unfall 22599 (2018) Kat:3, Licht: 0","22599","3","7","9","10","15","7","0","0","0","0","0","1"
"POINT (9.642226809000022 52.414588785000035)","Unfall 22610 (2018) Kat:3, Licht: 2","22610","3","3","5","10","19","1","0","2","0","1","0","0"
"POINT (9.697680070000047 52.377202633000081)","Unfall 22622 (2018) Kat:3, Licht: 0","22622","3","6","3","10","07","2","0","0","0","1","0","1"
"POINT (9.712004252000043 52.405150058000061)","Unfall 22674 (2018) Kat:3, Licht: 0","22674","3","2","5","10","17","5","0","0","0","1","0","0"
"POINT (9.743396609000058 52.368334380000078)","Unfall 22682 (2018) Kat:3, Licht: 0","22682","3","3","5","10","08","4","0","0","1","1","0","0"
"POINT (9.692631666000068 52.376481833000071)","Unfall 22690 (2018) Kat:2, Licht: 2","22690","2","1","0","10","23","5","0","2","1","0","0","0"
"POINT (9.740420929000038 52.368056960000047)","Unfall 22712 (2018) Kat:3, Licht: 0","22712","3","2","5","10","12","6","0","0","1","1","0","0"
"POINT (9.703260651000051 52.414105375000076)","Unfall 22727 (2018) Kat:3, Licht: 0","22727","3","6","3","10","12","7","0","0","0","1","0","0"
"POINT (9.725992760000054 52.376007586000071)","Unfall 22746 (2018) Kat:3, Licht: 0","22746","3","3","5","10","11","4","0","0","1","1","0","0"
"POINT (9.793492487000037 52.415322434000075)","Unfall 22750 (2018) Kat:3, Licht: 1","22750","3","6","2","10","07","2","0","1","0","1","0","0"
"POINT (9.681212484000071 52.391420329000027)","Unfall 22759 (2018) Kat:3, Licht: 0","22759","3","6","2","10","15","3","0","0","0","1","0","0"
"POINT (9.718327271000021 52.346046675000082)","Unfall 22766 (2018) Kat:3, Licht: 0","22766","3","6","2","10","09","3","0","0","0","1","0","0"
"POINT (9.721635408000054 52.378469127000074)","Unfall 22770 (2018) Kat:3, Licht: 0","22770","3","6","2","10","15","3","0","0","0","1","0","0"
"POINT (9.680370694000033 52.371925752000038)","Unfall 22773 (2018) Kat:3, Licht: 0","22773","3","2","5","10","14","3","0","0","1","1","0","0"
"POINT (9.733438225000043 52.417354766000074)","Unfall 22775 (2018) Kat:3, Licht: 0","22775","3","3","5","10","18","3","0","0","1","1","0","0"
"POINT (9.675397499000042 52.377258099000073)","Unfall 22779 (2018) Kat:2, Licht: 0","22779","2","2","4","10","16","3","0","0","1","1","0","0"
"POINT (9.655863833000069 52.406553294000048)","Unfall 22786 (2018) Kat:3, Licht: 0","22786","3","6","2","10","14","3","0","0","0","1","0","0"
"POINT (9.712215124000068 52.404563587000041)","Unfall 22803 (2018) Kat:2, Licht: 2","22803","2","1","0","10","05","2","0","2","0","0","0","1"
"POINT (9.813298703000044 52.318960366000056)","Unfall 22843 (2018) Kat:2, Licht: 0","22843","2","6","2","10","10","7","0","0","0","1","0","0"
"POINT (9.743289999000069 52.368193609000059)","Unfall 22852 (2018) Kat:2, Licht: 0","22852","2","2","4","10","10","3","0","0","1","1","0","0"
"POINT (9.840734520000069 52.416922376000059)","Unfall 22858 (2018) Kat:2, Licht: 1","22858","2","6","2","11","17","5","0","1","0","1","0","0"
"POINT (9.731847329000061 52.369401134000043)","Unfall 22880 (2018) Kat:3, Licht: 0","22880","3","6","3","10","15","5","1","0","0","1","0","1"
"POINT (9.821514844000035 52.339196560000062)","Unfall 22903 (2018) Kat:3, Licht: 2","22903","3","2","5","10","06","6","1","2","1","1","0","0"
"POINT (9.734972958000071 52.391919037000036)","Unfall 22928 (2018) Kat:3, Licht: 0","22928","3","2","2","10","14","3","1","0","0","1","0","0"
"POINT (9.804058289000068 52.337010465000048)","Unfall 22934 (2018) Kat:3, Licht: 1","22934","3","6","2","10","07","3","1","1","0","1","0","0"
"POINT (9.735616885000070 52.401159498000027)","Unfall 22939 (2018) Kat:3, Licht: 0","22939","3","6","2","11","11","5","0","0","0","1","0","0"
"POINT (9.763948606000042 52.343331420000027)","Unfall 22950 (2018) Kat:2, Licht: 0","22950","2","7","0","10","13","7","0","0","1","0","0","0"
"POINT (9.733820774000037 52.368929618000038)","Unfall 22953 (2018) Kat:3, Licht: 0","22953","3","6","2","11","13","7","0","0","0","1","0","0"
"POINT (9.726728410000021 52.375767291000045)","Unfall 22963 (2018) Kat:2, Licht: 0","22963","2","3","5","10","15","3","1","0","1","1","0","0"
"POINT (9.704053740000063 52.366356048000057)","Unfall 22976 (2018) Kat:3, Licht: 0","22976","3","6","2","10","17","1","0","0","0","1","0","0"
"POINT (9.733919286000059 52.416485256000044)","Unfall 22995 (2018) Kat:2, Licht: 2","22995","2","4","6","11","22","6","0","2","0","1","1","0"
"POINT (9.694036287000074 52.361180710000042)","Unfall 23007 (2018) Kat:3, Licht: 0","23007","3","2","5","11","10","5","0","0","1","1","0","0"
"POINT (9.776962847000050 52.332968177000055)","Unfall 23032 (2018) Kat:3, Licht: 0","23032","3","6","3","10","08","5","1","0","0","1","0","0"
"POINT (9.722297683000022 52.362681201000044)","Unfall 23067 (2018) Kat:3, Licht: 2","23067","3","6","4","10","18","5","0","2","1","0","0","0"
"POINT (9.726429361000044 52.375687722000066)","Unfall 23100 (2018) Kat:3, Licht: 1","23100","3","2","0","10","17","4","1","1","0","0","0","1"
"POINT (9.697781931000066 52.377106399000070)","Unfall 23101 (2018) Kat:3, Licht: 1","23101","3","6","2","11","06","5","0","1","0","1","0","0"
"POINT (9.792361830000061 52.419309488000067)","Unfall 23128 (2018) Kat:3, Licht: 0","23128","3","1","0","10","10","3","1","0","0","0","0","1"
"POINT (9.673831355000061 52.428686826000046)","Unfall 23159 (2018) Kat:3, Licht: 2","23159","3","6","2","11","06","5","0","2","0","1","0","0"
"POINT (9.830099658000052 52.417114613000081)","Unfall 23169 (2018) Kat:3, Licht: 0","23169","3","6","2","10","14","7","0","0","0","1","0","0"
"POINT (9.734780755000031 52.407316394000077)","Unfall 23182 (2018) Kat:3, Licht: 2","23182","3","3","5","10","18","6","0","2","1","1","0","0"
"POINT (9.740333408000026 52.368051415000082)","Unfall 23188 (2018) Kat:3, Licht: 0","23188","3","2","5","10","12","7","0","0","1","0","0","0"
"POINT (9.773889959000030 52.331786331000046)","Unfall 23194 (2018) Kat:2, Licht: 0","23194","2","2","6","10","14","7","0","0","0","1","1","0"
"POINT (9.654969860000051 52.407350882000060)","Unfall 23195 (2018) Kat:3, Licht: 1","23195","3","6","2","10","08","5","1","1","0","1","0","0"
"POINT (9.733297798000024 52.369219603000033)","Unfall 23209 (2018) Kat:3, Licht: 2","23209","3","3","5","10","02","6","0","2","0","1","0","1"
"POINT (9.699539978000075 52.347654497000065)","Unfall 23212 (2018) Kat:3, Licht: 0","23212","3","6","2","10","13","2","0","0","0","1","0","0"
"POINT (9.673182406000024 52.348571501000038)","Unfall 23228 (2018) Kat:3, Licht: 0","23228","3","6","2","10","10","4","1","0","0","1","0","0"
"POINT (9.735724734000030 52.400365471000043)","Unfall 23243 (2018) Kat:3, Licht: 0","23243","3","6","2","10","10","2","1","0","0","1","0","0"
"POINT (9.774523112000054 52.331301362000033)","Unfall 23245 (2018) Kat:3, Licht: 0","23245","3","6","2","10","16","3","1","0","0","1","0","0"
"POINT (9.709531671000036 52.346765033000054)","Unfall 23251 (2018) Kat:3, Licht: 2","23251","3","6","0","10","06","3","1","2","0","0","0","1"
"POINT (9.720146586000055 52.391810918000033)","Unfall 23256 (2018) Kat:3, Licht: 0","23256","3","4","6","11","14","5","0","0","0","1","1","0"
"POINT (9.848458174000029 52.412335294000059)","Unfall 23269 (2018) Kat:3, Licht: 0","23269","3","6","0","10","07","5","1","0","0","1","0","0"
"POINT (9.832287156000064 52.386083374000066)","Unfall 23275 (2018) Kat:3, Licht: 1","23275","3","7","0","10","06","4","0","1","1","0","0","0"
"POINT (9.773552315000075 52.332493113000055)","Unfall 23280 (2018) Kat:3, Licht: 0","23280","3","3","5","10","15","3","1","0","1","1","0","0"
"POINT (9.650016055000037 52.424463585000069)","Unfall 23302 (2018) Kat:3, Licht: 0","23302","3","6","2","10","16","2","0","0","0","1","0","0"
"POINT (9.751158156000031 52.359274589000051)","Unfall 23312 (2018) Kat:2, Licht: 0","23312","2","2","5","10","12","2","1","0","0","1","0","0"
"POINT (9.860731318000035 52.384102688000041)","Unfall 23319 (2018) Kat:3, Licht: 2","23319","3","5","6","10","16","3","1","2","1","0","1","0"
"POINT (9.734614467000029 52.389324528000031)","Unfall 23337 (2018) Kat:3, Licht: 0","23337","3","5","0","10","12","2","0","0","0","1","0","0"
"POINT (9.708791616000042 52.366040786000042)","Unfall 23348 (2018) Kat:3, Licht: 1","23348","3","2","5","10","07","5","1","1","1","1","0","0"
"POINT (9.742913893000036 52.368443840000054)","Unfall 23352 (2018) Kat:2, Licht: 0","23352","2","3","5","10","13","2","0","0","1","1","0","0"
"POINT (9.724010819000057 52.391050294000081)","Unfall 23407 (2018) Kat:3, Licht: 0","23407","3","2","5","10","16","3","0","0","1","0","0","0"
"POINT (9.718296504000023 52.367230365000069)","Unfall 23408 (2018) Kat:3, Licht: 0","23408","3","5","1","10","13","6","0","0","1","1","0","0"
"POINT (9.798335388000055 52.420367957000053)","Unfall 23426 (2018) Kat:3, Licht: 1","23426","3","3","5","10","07","5","1","1","1","0","0","0"
"POINT (9.782216335000044 52.371974551000051)","Unfall 23427 (2018) Kat:3, Licht: 0","23427","3","6","2","11","14","7","0","0","0","1","0","0"
"POINT (9.862139263000074 52.380866533000074)","Unfall 23444 (2018) Kat:2, Licht: 2","23444","2","6","4","10","17","6","0","2","0","1","0","1"
"POINT (9.648688992000075 52.425914699000032)","Unfall 23458 (2018) Kat:3, Licht: 0","23458","3","7","0","10","16","6","0","0","0","1","0","0"
"POINT (9.722456512000065 52.378583283000069)","Unfall 23463 (2018) Kat:3, Licht: 0","23463","3","2","5","10","13","6","0","0","1","1","0","0"
"POINT (9.648039780000033 52.426842036000039)","Unfall 23466 (2018) Kat:2, Licht: 0","23466","2","2","5","10","12","6","0","0","1","0","0","0"
"POINT (9.854190372000062 52.390414494000026)","Unfall 23468 (2018) Kat:3, Licht: 2","23468","3","2","6","11","21","6","0","2","0","1","1","0"
"POINT (9.768614907000028 52.337990105000074)","Unfall 23478 (2018) Kat:3, Licht: 0","23478","3","4","6","10","10","6","0","0","1","0","1","0"
"POINT (9.698701770000071 52.347448499000052)","Unfall 23481 (2018) Kat:2, Licht: 2","23481","2","2","5","11","05","5","0","2","0","1","0","0"
"POINT (9.745227710000052 52.369043608000027)","Unfall 23519 (2018) Kat:3, Licht: 1","23519","3","6","2","10","06","2","0","1","0","1","0","0"
"POINT (9.813261515000022 52.318028489000028)","Unfall 23528 (2018) Kat:3, Licht: 2","23528","3","6","2","10","06","6","1","2","0","1","0","0"
"POINT (9.743316180000022 52.368216463000067)","Unfall 23540 (2018) Kat:3, Licht: 0","23540","3","2","5","10","15","5","1","0","1","1","0","0"
"POINT (9.842158482000059 52.388036267000075)","Unfall 23573 (2018) Kat:3, Licht: 2","23573","3","3","5","11","18","5","1","2","0","1","0","0"
"POINT (9.695931581000025 52.430367899000032)","Unfall 23592 (2018) Kat:3, Licht: 0","23592","3","6","2","10","14","4","0","0","0","1","0","0"
"POINT (9.629984089000061 52.421571069000038)","Unfall 23596 (2018) Kat:3, Licht: 2","23596","3","1","8","10","20","3","1","2","0","1","0","0"
"POINT (9.671763792000036 52.428420258000074)","Unfall 23618 (2018) Kat:3, Licht: 2","23618","3","6","2","11","06","6","0","2","0","1","0","0"
"POINT (9.801599249000049 52.431295243000079)","Unfall 23658 (2018) Kat:3, Licht: 0","23658","3","4","6","11","15","6","0","0","0","1","1","0"
"POINT (9.725308687000052 52.376891126000032)","Unfall 23662 (2018) Kat:3, Licht: 2","23662","3","2","5","11","20","3","0","2","1","1","0","0"
"POINT (9.732971589000044 52.420802105000064)","Unfall 23676 (2018) Kat:3, Licht: 2","23676","3","2","4","11","18","2","1","2","0","1","0","0"
"POINT (9.697759800000029 52.377127307000080)","Unfall 23755 (2018) Kat:3, Licht: 2","23755","3","6","2","11","06","6","0","2","0","1","0","0"
"POINT (9.734119108000073 52.369071241000029)","Unfall 23767 (2018) Kat:2, Licht: 2","23767","2","3","5","11","22","7","0","2","1","1","0","0"
"POINT (9.786070701000028 52.388601136000034)","Unfall 23822 (2018) Kat:3, Licht: 0","23822","3","6","2","11","15","3","0","0","0","1","0","0"
"POINT (9.734539294000058 52.388893993000067)","Unfall 23831 (2018) Kat:3, Licht: 0","23831","3","5","1","11","08","6","0","0","0","1","0","0"