WKT,Name,OBJECTID,UKATEGORIE,UTYP1,UART,UMONAT,USTUNDE,UWOCHENTAG,STRZUSTAND,ULICHTVERH,ISTRAD,ISTPKW,ISTFUSS,ISTKRAD
"POINT (9.749180424000031 52.361844187000031)","Unfall 23857 (2018) Kat:3, Licht: 1","23857","3","1","0","11","17","3","1","1","1","0","0","0"
"POINT (9.692805059000023 52.361038194000059)","Unfall 23864 (2018) Kat:3, Licht: 0","23864","3","3","5","11","14","6","0","0","1","1","0","0"
"POINT (9.798216730000036 52.416619070000081)","Unfall 23877 (2018) Kat:3, Licht: 2","23877","3","7","0","11","22","2","1","2","1","0","0","0"
"POINT (9.731620516000021 52.369521557000041)","Unfall 23878 (2018) Kat:3, Licht: 2","23878","3","2","5","11","17","3","0","2","1","1","0","0"
"POINT (9.762794086000042 52.344467133000080)","Unfall 23884 (2018) Kat:3, Licht: 1","23884","3","2","5","11","17","3","0","1","1","1","0","0"
"POINT (9.735893823000026 52.397391994000031)","Unfall 23886 (2018) Kat:3, Licht: 0","23886","3","5","1","11","14","2","0","0","0","1","0","0"
"POINT (9.722055324000053 52.337753851000059)","Unfall 23888 (2018) Kat:3, Licht: 1","23888","3","6","2","11","16","5","0","1","0","1","0","0"
"POINT (9.723823511000035 52.377740918000029)","Unfall 23890 (2018) Kat:3, Licht: 2","23890","3","6","2","11","20","4","0","2","0","1","0","0"
"POINT (9.728096760000028 52.381521937000059)","Unfall 23891 (2018) Kat:3, Licht: 0","23891","3","2","5","11","10","3","0","0","0","1","0","1"
"POINT (9.816761805000056 52.409087005000060)","Unfall 23901 (2018) Kat:3, Licht: 0","23901","3","6","3","11","13","6","0","0","0","1","0","0"
"POINT (9.709801804000051 52.366275114000075)","Unfall 23904 (2018) Kat:3, Licht: 0","23904","3","4","1","11","10","5","0","0","0","1","1","0"
"POINT (9.840119049000066 52.417310552000060)","Unfall 23915 (2018) Kat:3, Licht: 0","23915","3","6","2","11","12","2","0","0","0","1","0","0"
"POINT (9.832863946000032 52.398763268000039)","Unfall 23927 (2018) Kat:3, Licht: 2","23927","3","2","5","11","06","3","1","2","1","1","0","0"
"POINT (9.669934457000068 52.433818423000048)","Unfall 23934 (2018) Kat:3, Licht: 1","23934","3","7","0","11","17","3","0","1","0","1","0","0"
"POINT (9.687572312000043 52.330130471000075)","Unfall 23976 (2018) Kat:2, Licht: 1","23976","2","6","4","11","16","7","0","1","0","1","0","0"
"POINT (9.651881042000071 52.415281547000063)","Unfall 24009 (2018) Kat:3, Licht: 0","24009","3","6","2","11","09","2","1","0","0","1","0","0"
"POINT (9.735859963000053 52.399196050000057)","Unfall 24058 (2018) Kat:3, Licht: 2","24058","3","4","6","11","17","3","1","2","0","1","1","0"
"POINT (9.717972120000070 52.395055263000074)","Unfall 24065 (2018) Kat:3, Licht: 0","24065","3","2","5","11","10","6","1","0","1","1","0","0"
"POINT (9.727360082000075 52.381239673000039)","Unfall 24086 (2018) Kat:3, Licht: 2","24086","3","3","5","11","18","7","1","2","1","1","0","0"
"POINT (9.645686740000031 52.423629890000029)","Unfall 24087 (2018) Kat:2, Licht: 2","24087","2","6","2","11","16","2","1","2","0","1","0","0"
"POINT (9.707487155000024 52.424350671000070)","Unfall 24088 (2018) Kat:1, Licht: 0","24088","1","2","5","11","15","2","0","0","0","1","0","1"
"POINT (9.723207266000031 52.377838827000062)","Unfall 24091 (2018) Kat:2, Licht: 2","24091","2","2","5","11","19","4","0","2","0","1","0","0"
"POINT (9.733386352000025 52.369007764000060)","Unfall 24123 (2018) Kat:3, Licht: 1","24123","3","1","0","11","17","4","0","1","1","0","0","0"
"POINT (9.720432187000029 52.391495075000080)","Unfall 24142 (2018) Kat:3, Licht: 0","24142","3","2","3","11","16","4","0","0","1","1","0","0"
"POINT (9.713665650000053 52.361460476000047)","Unfall 24169 (2018) Kat:3, Licht: 2","24169","3","2","5","11","16","2","0","2","0","1","0","0"
"POINT (9.700414614000067 52.347434790000079)","Unfall 24201 (2018) Kat:3, Licht: 0","24201","3","6","2","11","10","6","1","0","0","1","0","0"
"POINT (9.697770016000050 52.376325934000079)","Unfall 24227 (2018) Kat:3, Licht: 2","24227","3","6","2","11","07","2","1","2","0","1","0","0"
"POINT (9.733918531000029 52.416490878000047)","Unfall 24233 (2018) Kat:3, Licht: 2","24233","3","2","5","11","18","4","0","2","1","1","0","0"
"POINT (9.721216186000049 52.361697163000031)","Unfall 24243 (2018) Kat:2, Licht: 0","24243","2","4","6","11","13","6","0","0","0","1","1","0"
"POINT (9.717063179000036 52.356391036000048)","Unfall 24246 (2018) Kat:3, Licht: 2","24246","3","2","3","11","17","5","0","2","0","1","0","0"
"POINT (9.726395111000045 52.388374045000035)","Unfall 24254 (2018) Kat:3, Licht: 0","24254","3","2","5","11","13","4","0","0","1","1","0","0"
"POINT (9.862954966000075 52.379734357000075)","Unfall 24256 (2018) Kat:3, Licht: 0","24256","3","3","5","11","07","2","1","0","1","1","0","0"
"POINT (9.742921284000033 52.368447938000031)","Unfall 24270 (2018) Kat:3, Licht: 2","24270","3","3","5","11","19","7","0","2","1","1","0","0"
"POINT (9.794216018000043 52.371447672000045)","Unfall 24279 (2018) Kat:3, Licht: 0","24279","3","4","6","11","16","7","0","0","1","0","1","0"
"POINT (9.783431332000021 52.323242559000050)","Unfall 24289 (2018) Kat:3, Licht: 0","24289","3","2","5","11","10","4","0","0","1","0","0","0"
"POINT (9.792921174000071 52.430581546000042)","Unfall 24309 (2018) Kat:3, Licht: 0","24309","3","7","1","11","08","4","0","0","0","1","0","0"
"POINT (9.655902091000030 52.406380739000042)","Unfall 24351 (2018) Kat:3, Licht: 1","24351","3","6","2","11","18","2","0","1","0","1","0","0"
"POINT (9.827199187000076 52.345268007000072)","Unfall 24358 (2018) Kat:3, Licht: 0","24358","3","5","0","11","16","3","0","0","1","1","0","0"
"POINT (9.800651023000057 52.406522682000059)","Unfall 24389 (2018) Kat:3, Licht: 0","24389","3","6","2","11","09","5","1","0","0","1","0","0"
"POINT (9.733950912000069 52.386700049000069)","Unfall 24391 (2018) Kat:3, Licht: 0","24391","3","3","5","11","14","4","0","0","1","1","0","0"
"POINT (9.675868362000074 52.324020273000031)","Unfall 24395 (2018) Kat:3, Licht: 0","24395","3","6","2","11","14","3","0","0","0","1","0","0"
"POINT (9.734086352000077 52.387506846000065)","Unfall 24405 (2018) Kat:3, Licht: 0","24405","3","6","2","11","09","5","0","0","0","1","0","0"
"POINT (9.706817496000042 52.380062662000057)","Unfall 24412 (2018) Kat:3, Licht: 0","24412","3","1","0","11","15","7","0","0","0","0","0","1"
"POINT (9.714978141000074 52.398351339000044)","Unfall 24426 (2018) Kat:3, Licht: 0","24426","3","4","6","11","14","5","0","0","0","1","1","0"
"POINT (9.726782768000021 52.375721164000026)","Unfall 24441 (2018) Kat:3, Licht: 2","24441","3","3","5","11","17","5","0","2","1","1","0","0"
"POINT (9.732342438000046 52.383428591000040)","Unfall 24470 (2018) Kat:3, Licht: 1","24470","3","6","2","12","07","2","1","1","0","1","0","0"
"POINT (9.693657825000059 52.374405936000073)","Unfall 24546 (2018) Kat:3, Licht: 2","24546","3","3","5","12","01","1","1","2","0","1","0","0"
"POINT (9.697223433000033 52.378166280000073)","Unfall 24561 (2018) Kat:3, Licht: 2","24561","3","6","2","12","16","6","1","2","0","1","0","0"
"POINT (9.719913110000050 52.367997879000029)","Unfall 24595 (2018) Kat:3, Licht: 2","24595","3","6","4","12","07","4","0","2","1","0","0","0"
"POINT (9.690581137000038 52.422244119000027)","Unfall 24606 (2018) Kat:3, Licht: 2","24606","3","6","2","12","16","7","0","2","0","1","0","0"
"POINT (9.735523339000054 52.394308805000037)","Unfall 24609 (2018) Kat:3, Licht: 1","24609","3","6","3","11","15","7","1","1","0","1","0","1"
"POINT (9.764919102000022 52.342634927000063)","Unfall 24610 (2018) Kat:2, Licht: 1","24610","2","2","5","11","16","3","0","1","1","1","0","0"
"POINT (9.699852237000073 52.416339868000080)","Unfall 24613 (2018) Kat:3, Licht: 0","24613","3","6","2","11","09","7","1","0","0","1","0","0"
"POINT (9.872095759000047 52.401577571000075)","Unfall 24619 (2018) Kat:3, Licht: 2","24619","3","1","8","11","20","7","1","2","0","1","0","0"
"POINT (9.721621204000030 52.378470779000054)","Unfall 24627 (2018) Kat:3, Licht: 2","24627","3","6","2","12","19","5","1","2","0","1","0","0"
"POINT (9.782571793000045 52.371987927000077)","Unfall 24647 (2018) Kat:3, Licht: 2","24647","3","2","5","12","17","7","1","2","0","1","0","0"
"POINT (9.810685293000063 52.318256812000072)","Unfall 24684 (2018) Kat:3, Licht: 0","24684","3","6","2","12","09","3","1","0","0","1","0","0"
"POINT (9.624125488000061 52.425130149000040)","Unfall 24700 (2018) Kat:3, Licht: 1","24700","3","6","2","11","16","6","0","1","0","1","0","0"
"POINT (9.869037226000046 52.360652414000072)","Unfall 24702 (2018) Kat:3, Licht: 0","24702","3","6","2","12","11","4","0","0","0","1","0","0"
"POINT (9.770467621000023 52.427041742000029)","Unfall 24722 (2018) Kat:3, Licht: 1","24722","3","6","2","12","07","5","0","1","0","1","0","0"
"POINT (9.811989489000041 52.399911047000046)","Unfall 24745 (2018) Kat:3, Licht: 2","24745","3","1","8","12","08","1","1","2","0","1","0","0"
"POINT (9.695126834000064 52.374566780000066)","Unfall 24747 (2018) Kat:2, Licht: 2","24747","2","4","6","11","17","6","0","2","0","1","1","0"
"POINT (9.651567263000061 52.415453593000052)","Unfall 24803 (2018) Kat:3, Licht: 2","24803","3","6","2","11","16","6","0","2","0","1","0","0"
"POINT (9.670878024000047 52.382654118000062)","Unfall 24807 (2018) Kat:3, Licht: 1","24807","3","2","6","12","07","6","1","1","0","1","1","0"
"POINT (9.698668890000022 52.347603750000076)","Unfall 24810 (2018) Kat:3, Licht: 0","24810","3","6","2","11","14","6","0","0","0","1","0","0"
"POINT (9.714345306000041 52.346427698000070)","Unfall 24818 (2018) Kat:3, Licht: 2","24818","3","6","2","11","05","6","0","2","0","1","0","0"
"POINT (9.781765167000060 52.325803082000050)","Unfall 24819 (2018) Kat:3, Licht: 2","24819","3","6","4","12","16","2","0","2","1","0","0","0"
"POINT (9.845578653000075 52.414250036000055)","Unfall 24832 (2018) Kat:3, Licht: 2","24832","3","1","9","11","04","2","1","2","0","1","0","0"
"POINT (9.715264237000042 52.378121091000082)","Unfall 24851 (2018) Kat:3, Licht: 2","24851","3","6","2","12","16","2","1","2","0","1","0","0"
"POINT (9.648594698000068 52.424189909000063)","Unfall 24852 (2018) Kat:3, Licht: 0","24852","3","6","3","12","11","7","0","0","0","1","0","0"
"POINT (9.726735328000075 52.375761421000050)","Unfall 24861 (2018) Kat:3, Licht: 0","24861","3","3","5","11","10","5","1","0","1","1","0","0"
"POINT (9.731372503000046 52.428548226000032)","Unfall 24916 (2018) Kat:3, Licht: 2","24916","3","6","2","12","07","2","1","2","0","1","0","0"
"POINT (9.796696377000046 52.415100024000026)","Unfall 24948 (2018) Kat:3, Licht: 0","24948","3","2","5","11","13","6","0","0","1","0","0","0"
"POINT (9.748748220000039 52.362402596000038)","Unfall 24950 (2018) Kat:3, Licht: 0","24950","3","2","5","12","14","4","0","0","0","1","0","1"
"POINT (9.722753812000065 52.378329310000026)","Unfall 24961 (2018) Kat:3, Licht: 0","24961","3","6","2","12","11","1","1","0","0","1","0","0"
"POINT (9.724155688000053 52.379724427000042)","Unfall 24965 (2018) Kat:3, Licht: 0","24965","3","6","2","12","12","4","0","0","0","1","0","0"
"POINT (9.675398633000043 52.377389220000055)","Unfall 24980 (2018) Kat:3, Licht: 0","24980","3","2","4","11","14","3","0","0","0","1","0","0"
"POINT (9.654629018000037 52.407610974000079)","Unfall 25018 (2018) Kat:3, Licht: 2","25018","3","6","2","11","20","5","1","2","0","1","0","0"
"POINT (9.749858438000047 52.369269405000068)","Unfall 25019 (2018) Kat:3, Licht: 0","25019","3","7","0","12","12","7","0","0","1","0","0","0"
"POINT (9.733729761000063 52.428778298000054)","Unfall 25043 (2018) Kat:3, Licht: 0","25043","3","6","2","11","10","5","1","0","0","1","0","0"
"POINT (9.793450019000034 52.351479960000063)","Unfall 25047 (2018) Kat:3, Licht: 2","25047","3","6","2","11","07","5","1","2","0","1","0","0"
"POINT (9.717777520000027 52.395592078000050)","Unfall 25052 (2018) Kat:3, Licht: 2","25052","3","3","5","11","17","5","1","2","1","1","0","0"
"POINT (9.782369415000062 52.324795470000026)","Unfall 25069 (2018) Kat:3, Licht: 0","25069","3","7","0","12","13","7","0","0","0","0","0","1"
"POINT (9.786812825000027 52.389983473000029)","Unfall 25071 (2018) Kat:3, Licht: 0","25071","3","6","2","12","08","6","1","0","0","1","0","0"
"POINT (9.730213768000056 52.368958507000059)","Unfall 25099 (2018) Kat:3, Licht: 0","25099","3","3","5","12","09","3","0","0","1","1","0","0"
"POINT (9.770019531000060 52.370792136000034)","Unfall 25104 (2018) Kat:3, Licht: 2","25104","3","6","2","11","17","1","1","2","0","1","0","0"
"POINT (9.626712935000057 52.423489910000058)","Unfall 25114 (2018) Kat:3, Licht: 2","25114","3","6","6","11","19","6","0","2","1","0","1","0"
"POINT (9.735296214000073 52.394721528000048)","Unfall 25127 (2018) Kat:3, Licht: 2","25127","3","3","5","11","01","1","1","2","0","1","0","0"
"POINT (9.800514669000052 52.406467775000067)","Unfall 25129 (2018) Kat:3, Licht: 2","25129","3","4","6","12","17","2","0","2","0","1","1","0"
"POINT (9.779724625000029 52.428087548000065)","Unfall 25135 (2018) Kat:3, Licht: 0","25135","3","6","2","12","07","5","0","0","0","1","0","0"
"POINT (9.834484425000028 52.386710088000029)","Unfall 25162 (2018) Kat:3, Licht: 2","25162","3","2","6","11","18","6","0","2","0","1","1","0"
"POINT (9.865511931000071 52.338830513000062)","Unfall 25176 (2018) Kat:3, Licht: 2","25176","3","6","2","11","17","1","1","2","0","1","0","0"
"POINT (9.768634875000032 52.338262027000042)","Unfall 25177 (2018) Kat:3, Licht: 2","25177","3","2","5","12","19","6","1","2","1","1","0","0"
"POINT (9.729433679000067 52.384972060000052)","Unfall 25180 (2018) Kat:3, Licht: 2","25180","3","6","2","11","16","3","0","2","0","1","0","1"
"POINT (9.634757894000074 52.418433480000033)","Unfall 25238 (2018) Kat:3, Licht: 2","25238","3","6","2","12","06","2","1","2","0","1","0","0"
"POINT (9.738827357000048 52.368035651000071)","Unfall 25245 (2018) Kat:3, Licht: 2","25245","3","3","5","12","18","5","1","2","1","1","0","0"
"POINT (9.734913941000059 52.392910263000033)","Unfall 25253 (2018) Kat:3, Licht: 0","25253","3","3","5","11","13","2","0","0","1","0","0","0"
"POINT (9.822623946000022 52.406519315000082)","Unfall 25264 (2018) Kat:2, Licht: 2","25264","2","7","0","12","17","7","1","2","0","1","0","0"
"POINT (9.690402386000073 52.346878499000070)","Unfall 25271 (2018) Kat:3, Licht: 0","25271","3","5","1","12","09","2","0","0","0","1","0","0"
"POINT (9.829909357000076 52.385349028000064)","Unfall 25302 (2018) Kat:3, Licht: 2","25302","3","6","4","12","06","3","1","2","0","1","0","0"
"POINT (9.751472632000059 52.427221943000063)","Unfall 25325 (2018) Kat:3, Licht: 0","25325","3","6","3","11","13","4","0","0","0","1","0","0"
"POINT (9.638517699000033 52.416129509000029)","Unfall 25334 (2018) Kat:3, Licht: 2","25334","3","1","9","11","00","4","1","2","0","1","0","0"
"POINT (9.636630280000077 52.417284850000044)","Unfall 25339 (2018) Kat:3, Licht: 2","25339","3","6","2","11","16","4","0","2","0","1","0","0"
"POINT (9.830099658000052 52.417114613000081)","Unfall 25381 (2018) Kat:3, Licht: 0","25381","3","3","5","12","13","4","0","0","0","1","0","0"
"POINT (9.730444751000050 52.370848043000080)","Unfall 25418 (2018) Kat:3, Licht: 2","25418","3","6","2","12","20","7","1","2","0","1","0","0"
"POINT (9.704542589000027 52.380286336000040)","Unfall 25435 (2018) Kat:3, Licht: 2","25435","3","6","2","12","17","7","1","2","0","1","0","0"
"POINT (9.724069428000064 52.390987264000046)","Unfall 25470 (2018) Kat:3, Licht: 0","25470","3","7","0","12","13","2","1","0","1","0","0","0"
"POINT (9.750744565000048 52.359814566000068)","Unfall 25491 (2018) Kat:3, Licht: 0","25491","3","7","5","12","15","5","1","0","0","1","0","0"
"POINT (9.641972638000027 52.414667221000059)","Unfall 25523 (2018) Kat:3, Licht: 0","25523","3","6","2","12","13","2","0","0","0","1","0","0"
"POINT (9.797291068000050 52.346998031000055)","Unfall 25531 (2018) Kat:3, Licht: 2","25531","3","6","2","12","20","2","1","2","0","1","0","0"
"POINT (9.719331571000055 52.367421499000045)","Unfall 25571 (2018) Kat:3, Licht: 0","25571","3","6","2","12","07","2","0","0","0","1","0","0"
"POINT (9.783317866000061 52.323079150000069)","Unfall 25576 (2018) Kat:3, Licht: 2","25576","3","2","3","12","16","3","1","2","1","1","0","0"
"POINT (9.738862426000026 52.368029790000037)","Unfall 25589 (2018) Kat:2, Licht: 2","25589","2","3","5","12","16","3","0","2","1","1","0","0"
"POINT (9.687057567000068 52.392366990000028)","Unfall 25615 (2018) Kat:3, Licht: 0","25615","3","6","2","12","13","2","1","0","0","1","0","0"
"POINT (9.809041907000051 52.379427311000029)","Unfall 25617 (2018) Kat:2, Licht: 0","25617","2","2","5","12","13","2","1","0","1","1","0","0"
"POINT (9.801890471000036 52.407021774000043)","Unfall 25629 (2018) Kat:3, Licht: 2","25629","3","7","5","12","22","2","1","2","0","1","0","0"
"POINT (9.726454816000057 52.388343931000065)","Unfall 25630 (2018) Kat:3, Licht: 2","25630","3","3","5","12","17","5","0","2","1","1","0","0"
"POINT (9.694711981000069 52.419562955000060)","Unfall 25632 (2018) Kat:3, Licht: 0","25632","3","3","5","12","13","5","0","0","0","1","0","0"
"POINT (9.725798515000065 52.336617637000074)","Unfall 25640 (2018) Kat:3, Licht: 0","25640","3","6","2","12","14","5","0","0","0","1","0","0"
"POINT (9.824015848000045 52.308296982000059)","Unfall 25645 (2018) Kat:3, Licht: 0","25645","3","1","8","12","08","3","1","0","0","1","0","0"
"POINT (9.701177614000073 52.370322694000038)","Unfall 25689 (2018) Kat:3, Licht: 2","25689","3","6","2","12","17","2","1","2","0","1","0","0"
"POINT (9.751191376000065 52.359231364000038)","Unfall 25691 (2018) Kat:2, Licht: 2","25691","2","2","0","12","06","2","1","2","0","1","0","1"
"POINT (9.826096416000041 52.362374920000036)","Unfall 25694 (2018) Kat:3, Licht: 2","25694","3","3","5","12","19","3","0","2","1","1","0","0"
"POINT (9.713714324000023 52.378219000000058)","Unfall 25710 (2018) Kat:3, Licht: 1","25710","3","7","1","12","16","1","1","1","0","1","0","0"
"POINT (9.701122847000022 52.371060559000057)","Unfall 25724 (2018) Kat:3, Licht: 2","25724","3","6","2","12","21","4","0","2","0","1","0","0"
"POINT (9.670185633000074 52.347533765000037)","Unfall 25731 (2018) Kat:3, Licht: 0","25731","3","2","5","12","14","2","1","0","0","1","0","0"
"POINT (9.882373949000055 52.359089852000068)","Unfall 25742 (2018) Kat:3, Licht: 2","25742","3","1","9","12","17","2","1","2","0","1","0","0"
"POINT (9.672671197000057 52.428703464000080)","Unfall 25754 (2018) Kat:3, Licht: 1","25754","3","6","2","12","15","2","1","1","0","1","0","0"
"POINT (9.730982919000041 52.382500093000033)","Unfall 25805 (2018) Kat:3, Licht: 0","25805","3","6","2","12","11","7","1","0","0","1","0","0"
"POINT (9.686510263000059 52.389922622000029)","Unfall 25834 (2018) Kat:3, Licht: 1","25834","3","1","8","12","15","6","1","1","0","1","0","0"
"POINT (9.726366615000075 52.388388418000034)","Unfall 25835 (2018) Kat:3, Licht: 2","25835","3","3","5","12","00","1","0","2","0","1","0","0"
"POINT (9.798219067000048 52.412699304000057)","Unfall 25842 (2018) Kat:3, Licht: 2","25842","3","2","6","12","16","5","0","2","0","1","1","0"
"POINT (9.690319894000027 52.374770433000037)","Unfall 25905 (2018) Kat:3, Licht: 2","25905","3","3","5","12","23","1","1","2","0","1","0","0"
"POINT (9.714307656000074 52.362213228000030)","Unfall 25920 (2018) Kat:3, Licht: 2","25920","3","1","8","12","18","7","1","2","0","1","0","0"
"POINT (9.696225470000059 52.379953422000028)","Unfall 25971 (2018) Kat:3, Licht: 0","25971","3","6","2","12","09","1","1","0","0","1","0","0"
"POINT (9.700052266000057 52.347570915000063)","Unfall 25982 (2018) Kat:3, Licht: 2","25982","3","6","2","12","18","4","2","2","0","1","0","0"
"POINT (9.718346340000039 52.378552583000044)","Unfall 25984 (2018) Kat:3, Licht: 2","25984","3","1","8","12","21","4","1","2","0","1","0","0"
"POINT (9.734574055000053 52.411467844000072)","Unfall 25987 (2018) Kat:3, Licht: 0","25987","3","2","5","12","12","4","0","0","1","1","0","0"
"POINT (9.661563326000021 52.376962124000045)","Unfall 26021 (2018) Kat:2, Licht: 0","26021","2","2","6","12","12","7","1","0","0","1","1","0"
"POINT (9.721003729000074 52.338869563000060)","Unfall 26053 (2018) Kat:3, Licht: 0","26053","3","6","3","12","13","2","0","0","0","1","0","0"
"POINT (9.764032867000026 52.343610275000060)","Unfall 26055 (2018) Kat:3, Licht: 0","26055","3","6","2","12","14","6","1","0","0","1","0","0"
"POINT (9.713643748000038 52.361933720000081)","Unfall 26058 (2018) Kat:3, Licht: 2","26058","3","6","2","12","18","7","1","2","0","1","0","0"
"POINT (9.697781931000066 52.377106399000070)","Unfall 26095 (2018) Kat:3, Licht: 0","26095","3","6","2","12","14","3","0","0","0","1","0","0"
"POINT (9.862725108000063 52.307454029000041)","Unfall 26099 (2018) Kat:3, Licht: 2","26099","3","2","5","12","18","2","1","2","0","1","0","0"
"POINT (9.723322326000073 52.377777586000036)","Unfall 26197 (2018) Kat:3, Licht: 2","26197","3","7","0","12","17","7","1","2","1","1","0","0"
"POINT (9.860899835000055 52.383585500000038)","Unfall 26199 (2018) Kat:3, Licht: 0","26199","3","2","2","12","12","7","1","0","0","1","0","0"
"POINT (9.779972577000024 52.377849979000075)","Unfall 26204 (2018) Kat:3, Licht: 2","26204","3","1","9","12","19","7","1","2","0","1","0","0"
"POINT (9.829890697000053 52.339475060000041)","Unfall 26294 (2018) Kat:3, Licht: 0","26294","3","1","8","12","21","6","1","0","0","1","0","0"
"POINT (9.715727261000041 52.378158792000079)","Unfall 26297 (2018) Kat:3, Licht: 0","26297","3","6","2","12","14","6","0","0","0","1","0","0"
"POINT (9.780906674000050 52.378709496000056)","Unfall 26301 (2018) Kat:3, Licht: 2","26301","3","5","2","12","00","6","0","2","0","1","0","0"
"POINT (9.713597292000031 52.361596717000054)","Unfall 26401 (2018) Kat:3, Licht: 0","26401","3","2","5","12","14","5","0","0","0","1","0","0"
"POINT (9.797545725000077 52.416363503000071)","Unfall 26471 (2018) Kat:3, Licht: 0","26471","3","3","5","12","15","4","0","0","0","1","0","1"
"POINT (9.667345054000066 52.377034302000027)","Unfall 128952 (2018) Kat:3, Licht: 0","128952","3","2","5","01","11","4","1","0","1","1","0","0"
"POINT (9.689414176000071 52.349405230000059)","Unfall 128957 (2018) Kat:3, Licht: 2","128957","3","2","5","01","18","7","0","2","0","1","0","0"
"POINT (9.762014713000042 52.362244028000077)","Unfall 128959 (2018) Kat:3, Licht: 0","128959","3","3","5","01","13","7","0","0","1","0","0","0"
"POINT (9.724148117000027 52.372415159000070)","Unfall 128989 (2018) Kat:3, Licht: 0","128989","3","3","5","01","14","6","0","0","1","1","0","0"
"POINT (9.813800496000056 52.419893694000052)","Unfall 128991 (2018) Kat:2, Licht: 0","128991","2","3","5","01","12","6","0","0","1","0","0","0"
"POINT (9.736525564000033 52.371283111000082)","Unfall 128994 (2018) Kat:2, Licht: 0","128994","2","1","0","01","11","6","1","0","1","0","0","0"
"POINT (9.753728569000032 52.380295135000040)","Unfall 128995 (2018) Kat:3, Licht: 0","128995","3","3","5","01","14","3","0","0","1","1","0","0"
"POINT (9.752659961000063 52.377350798000066)","Unfall 129000 (2018) Kat:3, Licht: 0","129000","3","6","2","01","14","5","0","0","0","1","0","0"
"POINT (9.791667226000072 52.402792241000043)","Unfall 129002 (2018) Kat:2, Licht: 2","129002","2","4","6","01","05","4","1","2","0","1","1","0"
"POINT (9.726462383000069 52.394751973000041)","Unfall 129028 (2018) Kat:3, Licht: 2","129028","3","3","5","01","18","5","1","2","0","1","0","0"
"POINT (9.780944831000056 52.403913134000049)","Unfall 129029 (2018) Kat:2, Licht: 2","129029","2","4","6","01","18","5","1","2","0","1","1","0"
"POINT (9.706348639000055 52.371082463000050)","Unfall 129035 (2018) Kat:3, Licht: 2","129035","3","2","3","01","18","3","1","2","1","1","0","0"
"POINT (9.693846750000034 52.343146733000026)","Unfall 129037 (2018) Kat:3, Licht: 2","129037","3","2","6","01","21","5","1","2","0","1","1","0"
"POINT (9.716950204000057 52.381912089000082)","Unfall 129039 (2018) Kat:3, Licht: 2","129039","3","4","6","01","17","5","1","2","0","1","1","0"
"POINT (9.739466349000054 52.373676513000078)","Unfall 129040 (2018) Kat:3, Licht: 2","129040","3","5","1","01","16","5","0","2","1","1","0","0"
"POINT (9.712765218000072 52.371618828000067)","Unfall 129042 (2018) Kat:3, Licht: 0","129042","3","1","0","01","13","5","1","0","1","0","0","0"
"POINT (9.733774776000075 52.369303822000063)","Unfall 129049 (2018) Kat:3, Licht: 2","129049","3","1","0","01","22","3","1","2","1","0","0","0"
"POINT (9.744350422000025 52.395248171000048)","Unfall 129061 (2018) Kat:3, Licht: 2","129061","3","2","6","01","17","4","0","2","0","1","1","0"
"POINT (9.693643390000034 52.338076963000049)","Unfall 129069 (2018) Kat:3, Licht: 0","129069","3","3","5","01","11","2","0","0","0","1","0","0"
"POINT (9.786280880000049 52.393337341000063)","Unfall 129072 (2018) Kat:3, Licht: 1","129072","3","7","0","01","07","2","2","1","1","0","0","0"
"POINT (9.739237230000072 52.370586318000051)","Unfall 129081 (2018) Kat:3, Licht: 0","129081","3","3","5","01","13","2","0","0","1","1","0","0"
"POINT (9.726156549000052 52.384035531000052)","Unfall 129082 (2018) Kat:3, Licht: 0","129082","3","4","6","01","08","4","1","0","0","1","1","0"
"POINT (9.752183851000041 52.376070757000036)","Unfall 129084 (2018) Kat:3, Licht: 2","129084","3","7","0","01","17","4","1","2","1","0","0","0"
"POINT (9.791401950000022 52.403053792000037)","Unfall 129085 (2018) Kat:2, Licht: 0","129085","2","4","6","01","14","4","1","0","0","1","1","0"
"POINT (9.752600402000041 52.362823689000038)","Unfall 129106 (2018) Kat:3, Licht: 2","129106","3","5","1","01","17","3","0","2","1","1","0","0"
"POINT (9.791821487000050 52.412811794000049)","Unfall 129108 (2018) Kat:3, Licht: 2","129108","3","3","5","01","18","2","0","2","0","1","0","0"
"POINT (9.705946811000047 52.403290634000030)","Unfall 129110 (2018) Kat:3, Licht: 0","129110","3","3","5","01","15","3","0","0","0","1","0","0"
"POINT (9.666298741000048 52.401635855000052)","Unfall 129111 (2018) Kat:3, Licht: 2","129111","3","6","3","01","16","3","0","2","0","1","0","0"
"POINT (9.815937640000072 52.318211414000075)","Unfall 129113 (2018) Kat:3, Licht: 0","129113","3","6","2","01","12","3","0","0","0","1","0","0"
"POINT (9.711472462000074 52.368762655000069)","Unfall 129114 (2018) Kat:3, Licht: 0","129114","3","7","0","01","09","5","0","0","0","1","0","0"
"POINT (9.815289902000075 52.359639034000054)","Unfall 129116 (2018) Kat:3, Licht: 0","129116","3","3","5","01","12","3","0","0","0","1","0","0"
"POINT (9.727898840000023 52.400232866000067)","Unfall 129117 (2018) Kat:3, Licht: 0","129117","3","3","0","01","09","4","1","0","1","1","0","0"
"POINT (9.749276416000043 52.400046374000055)","Unfall 129119 (2018) Kat:3, Licht: 0","129119","3","3","5","01","13","3","1","0","1","1","0","0"