WKT,Name,OBJECTID,UKATEGORIE,UTYP1,UART,UMONAT,USTUNDE,UWOCHENTAG,STRZUSTAND,ULICHTVERH,ISTRAD,ISTPKW,ISTFUSS,ISTKRAD
"POINT (9.715935234000028 52.382531282000059)","Unfall 130369 (2018) Kat:3, Licht: 0","130369","3","7","4","03","12","7","0","0","0","1","0","0"
"POINT (9.711236335000024 52.372191271000077)","Unfall 130375 (2018) Kat:3, Licht: 0","130375","3","1","0","03","17","7","0","0","1","0","0","0"
"POINT (9.615665106000051 52.418627660000027)","Unfall 130380 (2018) Kat:2, Licht: 0","130380","2","4","6","03","07","5","0","0","0","1","1","0"
"POINT (9.658010539000031 52.410024857000053)","Unfall 130383 (2018) Kat:3, Licht: 0","130383","3","7","6","03","09","5","1","0","0","1","1","0"
"POINT (9.728567911000027 52.394601465000051)","Unfall 130398 (2018) Kat:3, Licht: 0","130398","3","2","4","03","15","2","1","0","0","1","0","0"
"POINT (9.739685453000050 52.383250098000076)","Unfall 130406 (2018) Kat:3, Licht: 0","130406","3","4","0","03","07","6","0","0","0","1","1","0"
"POINT (9.770893812000054 52.375972685000079)","Unfall 130407 (2018) Kat:3, Licht: 2","130407","3","2","5","03","18","6","0","2","0","1","0","0"
"POINT (9.759361518000048 52.341460190000078)","Unfall 130408 (2018) Kat:2, Licht: 0","130408","2","7","9","03","14","6","1","0","0","1","0","0"
"POINT (9.687194670000054 52.417654440000035)","Unfall 130410 (2018) Kat:3, Licht: 0","130410","3","4","6","03","14","2","1","0","0","1","1","0"
"POINT (9.710241211000039 52.372556699000029)","Unfall 130413 (2018) Kat:3, Licht: 2","130413","3","7","0","03","22","7","1","2","1","0","0","0"
"POINT (9.709558426000058 52.373603023000044)","Unfall 130438 (2018) Kat:3, Licht: 2","130438","3","1","1","03","18","5","2","2","1","1","0","0"
"POINT (9.775740160000055 52.329002150000065)","Unfall 130455 (2018) Kat:3, Licht: 0","130455","3","7","6","03","15","6","0","0","0","1","1","0"
"POINT (9.703767795000033 52.328883964000056)","Unfall 130478 (2018) Kat:3, Licht: 1","130478","3","3","5","03","17","4","0","1","1","1","0","0"
"POINT (9.667591424000023 52.373210543000027)","Unfall 130481 (2018) Kat:3, Licht: 0","130481","3","3","5","03","07","4","0","0","1","1","0","0"
"POINT (9.757885511000040 52.371282717000042)","Unfall 130483 (2018) Kat:3, Licht: 0","130483","3","6","2","02","14","4","2","0","0","1","0","0"
"POINT (9.792948890000048 52.395451669000067)","Unfall 130484 (2018) Kat:3, Licht: 0","130484","3","6","2","02","11","4","1","0","0","1","0","0"
"POINT (9.742188838000061 52.375945246000072)","Unfall 130487 (2018) Kat:3, Licht: 2","130487","3","1","0","03","19","7","0","2","1","0","0","0"
"POINT (9.745017528000062 52.387525558000050)","Unfall 130503 (2018) Kat:3, Licht: 0","130503","3","7","0","03","14","1","1","0","1","0","0","0"
"POINT (9.733731692000049 52.369283912000071)","Unfall 130508 (2018) Kat:3, Licht: 2","130508","3","3","5","03","18","2","0","2","1","1","0","0"
"POINT (9.718007805000070 52.361941373000036)","Unfall 130510 (2018) Kat:3, Licht: 0","130510","3","2","2","02","09","3","1","0","0","1","0","0"
"POINT (9.817474178000055 52.392780528000060)","Unfall 130513 (2018) Kat:3, Licht: 0","130513","3","6","2","02","16","3","2","0","0","1","0","0"
"POINT (9.782704223000053 52.373566483000047)","Unfall 130516 (2018) Kat:3, Licht: 2","130516","3","7","0","02","18","3","2","2","1","0","0","0"
"POINT (9.721333489000074 52.394719314000042)","Unfall 130517 (2018) Kat:3, Licht: 0","130517","3","3","5","02","17","3","2","0","0","1","0","0"
"POINT (9.739099934000024 52.382551075000038)","Unfall 130518 (2018) Kat:3, Licht: 2","130518","3","3","5","02","18","3","2","2","1","1","0","0"
"POINT (9.807522603000052 52.397406345000036)","Unfall 130520 (2018) Kat:3, Licht: 0","130520","3","3","5","03","15","2","1","0","1","1","0","0"
"POINT (9.781101013000068 52.399951845000032)","Unfall 130525 (2018) Kat:3, Licht: 1","130525","3","1","5","03","06","4","2","1","1","1","0","0"
"POINT (9.717083499000069 52.340628636000076)","Unfall 130537 (2018) Kat:3, Licht: 0","130537","3","6","2","03","06","3","1","0","0","1","0","0"
"POINT (9.778194895000070 52.362257126000031)","Unfall 130538 (2018) Kat:3, Licht: 2","130538","3","2","5","03","19","3","0","2","0","1","0","0"
"POINT (9.761391610000032 52.379914746000054)","Unfall 130539 (2018) Kat:3, Licht: 0","130539","3","3","5","03","16","3","0","0","0","1","0","0"
"POINT (9.748272114000031 52.390973534000068)","Unfall 130540 (2018) Kat:3, Licht: 0","130540","3","3","5","03","07","3","1","0","0","1","0","0"
"POINT (9.771875616000045 52.338711297000032)","Unfall 130550 (2018) Kat:3, Licht: 0","130550","3","3","5","03","18","1","0","0","1","1","0","0"
"POINT (9.823639114000059 52.383937498000080)","Unfall 130554 (2018) Kat:2, Licht: 2","130554","2","2","5","03","19","6","0","2","1","1","0","0"
"POINT (9.778801262000059 52.399433351000027)","Unfall 130557 (2018) Kat:3, Licht: 0","130557","3","6","2","03","15","3","0","0","0","1","0","0"
"POINT (9.781536529000050 52.424583984000037)","Unfall 130581 (2018) Kat:3, Licht: 0","130581","3","2","4","03","15","1","0","0","0","1","0","0"
"POINT (9.731736144000024 52.375512636000053)","Unfall 130586 (2018) Kat:3, Licht: 0","130586","3","1","9","03","10","7","0","0","0","1","0","0"
"POINT (9.820767730000057 52.350806410000075)","Unfall 130592 (2018) Kat:3, Licht: 0","130592","3","3","5","03","07","2","0","0","0","1","0","0"
"POINT (9.789526023000065 52.331472590000033)","Unfall 130594 (2018) Kat:3, Licht: 0","130594","3","7","0","03","15","6","0","0","0","0","0","0"
"POINT (9.708394655000063 52.367054008000082)","Unfall 130620 (2018) Kat:3, Licht: 2","130620","3","6","2","03","20","6","2","2","0","1","0","0"
"POINT (9.742326719000062 52.379812125000058)","Unfall 130623 (2018) Kat:3, Licht: 2","130623","3","6","3","03","20","6","2","2","0","1","0","0"
"POINT (9.751062117000060 52.375324560000081)","Unfall 130625 (2018) Kat:3, Licht: 1","130625","3","6","2","03","16","6","2","1","0","1","0","0"
"POINT (9.755461544000070 52.391308530000060)","Unfall 130628 (2018) Kat:3, Licht: 0","130628","3","2","6","03","15","6","1","0","0","1","1","0"
"POINT (9.715067104000070 52.340645781000035)","Unfall 130629 (2018) Kat:3, Licht: 0","130629","3","1","0","03","12","6","2","0","1","0","0","0"
"POINT (9.714547089000064 52.367779148000068)","Unfall 130630 (2018) Kat:3, Licht: 0","130630","3","3","5","03","11","6","1","0","1","1","0","0"
"POINT (9.714362707000021 52.393017149000059)","Unfall 130632 (2018) Kat:3, Licht: 0","130632","3","6","2","03","07","6","0","0","0","1","0","0"
"POINT (9.827248303000033 52.361138461000053)","Unfall 130673 (2018) Kat:3, Licht: 0","130673","3","5","3","03","08","4","0","0","0","1","0","0"
"POINT (9.672919379000064 52.375921861000052)","Unfall 130674 (2018) Kat:3, Licht: 0","130674","3","3","5","03","15","5","0","0","1","1","0","0"
"POINT (9.801989056000025 52.391928790000065)","Unfall 130675 (2018) Kat:3, Licht: 0","130675","3","2","2","03","12","5","0","0","0","1","0","0"
"POINT (9.769487844000025 52.396929693000061)","Unfall 130677 (2018) Kat:3, Licht: 0","130677","3","7","0","03","17","5","0","0","1","1","0","0"
"POINT (9.748637687000041 52.377649083000051)","Unfall 130679 (2018) Kat:3, Licht: 0","130679","3","3","0","03","06","5","0","0","0","1","0","1"
"POINT (9.743687131000058 52.369155258000035)","Unfall 130681 (2018) Kat:2, Licht: 0","130681","2","4","6","03","16","4","0","0","0","1","1","0"
"POINT (9.760395667000068 52.411005364000061)","Unfall 130684 (2018) Kat:2, Licht: 0","130684","2","4","6","03","15","4","0","0","0","1","1","0"
"POINT (9.743246897000063 52.377936952000027)","Unfall 130694 (2018) Kat:3, Licht: 0","130694","3","3","6","03","12","7","0","0","0","1","1","0"
"POINT (9.713602300000048 52.351578689000064)","Unfall 130701 (2018) Kat:3, Licht: 0","130701","3","4","6","03","18","2","0","0","0","1","1","0"
"POINT (9.848273166000070 52.396955598000034)","Unfall 130713 (2018) Kat:3, Licht: 2","130713","3","6","6","03","19","4","1","2","0","1","1","0"
"POINT (9.621470979000037 52.413152841000056)","Unfall 130714 (2018) Kat:3, Licht: 2","130714","3","6","4","03","06","6","1","2","0","1","0","0"
"POINT (9.733414591000042 52.372126147000074)","Unfall 130715 (2018) Kat:3, Licht: 0","130715","3","4","6","03","13","4","0","0","0","1","1","0"
"POINT (9.792790491000062 52.403260997000075)","Unfall 130721 (2018) Kat:1, Licht: 0","130721","1","7","0","03","12","4","0","0","0","0","0","0"
"POINT (9.708064166000042 52.367158982000035)","Unfall 130722 (2018) Kat:3, Licht: 0","130722","3","4","6","03","13","4","0","0","0","1","1","0"
"POINT (9.701816381000072 52.398291016000030)","Unfall 130725 (2018) Kat:3, Licht: 2","130725","3","7","6","03","05","1","0","2","0","1","1","0"
"POINT (9.751256156000068 52.375630097000055)","Unfall 130752 (2018) Kat:3, Licht: 0","130752","3","6","2","03","19","2","0","0","0","1","0","0"
"POINT (9.735893916000066 52.420940721000079)","Unfall 130755 (2018) Kat:3, Licht: 0","130755","3","5","1","03","15","3","1","0","0","1","0","0"
"POINT (9.768236938000030 52.410267487000056)","Unfall 130757 (2018) Kat:3, Licht: 2","130757","3","6","2","03","18","3","1","2","0","1","0","0"
"POINT (9.750498473000050 52.388630779000039)","Unfall 130759 (2018) Kat:3, Licht: 0","130759","3","6","2","03","08","3","1","0","0","1","0","0"
"POINT (9.790480546000026 52.343481856000039)","Unfall 130763 (2018) Kat:3, Licht: 0","130763","3","7","5","03","07","3","1","0","1","1","0","0"
"POINT (9.718704467000066 52.373479362000069)","Unfall 130766 (2018) Kat:3, Licht: 0","130766","3","6","2","03","07","5","1","0","0","1","0","0"
"POINT (9.851465741000027 52.361125492000042)","Unfall 130781 (2018) Kat:2, Licht: 2","130781","2","6","0","03","19","7","0","2","1","0","0","0"
"POINT (9.751242109000032 52.372427029000050)","Unfall 130794 (2018) Kat:3, Licht: 0","130794","3","2","3","04","15","7","0","0","1","1","0","0"
"POINT (9.758274209000035 52.419071394000071)","Unfall 130804 (2018) Kat:3, Licht: 0","130804","3","1","4","04","18","1","0","0","1","1","0","0"
"POINT (9.809946205000074 52.384325484000044)","Unfall 130812 (2018) Kat:2, Licht: 0","130812","2","7","0","04","10","1","0","0","1","0","0","0"
"POINT (9.706840753000051 52.407831929000054)","Unfall 130820 (2018) Kat:3, Licht: 0","130820","3","3","5","04","15","4","0","0","0","1","0","0"
"POINT (9.686939612000060 52.371440453000048)","Unfall 130824 (2018) Kat:2, Licht: 0","130824","2","1","1","04","14","4","0","0","0","1","0","1"
"POINT (9.670207125000047 52.399665415000072)","Unfall 130852 (2018) Kat:3, Licht: 1","130852","3","2","5","04","19","1","0","1","0","1","0","0"
"POINT (9.738258577000067 52.381990713000050)","Unfall 130858 (2018) Kat:3, Licht: 0","130858","3","2","5","04","17","7","0","0","1","1","0","0"
"POINT (9.736059258000068 52.416338520000068)","Unfall 130860 (2018) Kat:3, Licht: 0","130860","3","3","5","04","07","6","0","0","1","1","0","0"
"POINT (9.694081842000060 52.352750013000048)","Unfall 130863 (2018) Kat:3, Licht: 0","130863","3","6","2","04","10","3","0","0","0","1","0","0"
"POINT (9.713975320000031 52.407159058000047)","Unfall 130864 (2018) Kat:3, Licht: 0","130864","3","4","6","04","16","3","0","0","0","1","1","0"
"POINT (9.683695551000028 52.395911089000037)","Unfall 130867 (2018) Kat:3, Licht: 0","130867","3","2","2","04","15","6","0","0","0","1","0","0"
"POINT (9.752170394000075 52.355158986000049)","Unfall 130871 (2018) Kat:3, Licht: 2","130871","3","3","5","04","23","6","0","2","0","1","0","0"
"POINT (9.710914520000074 52.391312434000042)","Unfall 130907 (2018) Kat:3, Licht: 0","130907","3","6","1","04","10","1","0","0","1","1","0","0"
"POINT (9.819311098000071 52.390631072000076)","Unfall 130908 (2018) Kat:3, Licht: 0","130908","3","7","0","03","12","7","1","0","1","0","0","0"
"POINT (9.691742317000035 52.406779844000027)","Unfall 130909 (2018) Kat:3, Licht: 0","130909","3","1","0","03","10","7","1","0","0","0","0","1"
"POINT (9.763756834000049 52.399217397000029)","Unfall 130912 (2018) Kat:3, Licht: 0","130912","3","3","5","03","12","7","1","0","0","1","0","1"
"POINT (9.747585664000042 52.395268387000044)","Unfall 130913 (2018) Kat:3, Licht: 0","130913","3","2","5","04","15","6","0","0","1","1","0","0"
"POINT (9.775035884000033 52.401821712000071)","Unfall 130918 (2018) Kat:3, Licht: 0","130918","3","3","5","04","10","1","0","0","0","1","0","1"
"POINT (9.779049743000030 52.352021392000040)","Unfall 130923 (2018) Kat:3, Licht: 0","130923","3","7","0","03","17","6","0","0","0","0","1","0"
"POINT (9.716538796000066 52.382156424000073)","Unfall 130924 (2018) Kat:1, Licht: 2","130924","1","7","6","03","04","6","0","2","0","0","1","0"
"POINT (9.773133362000067 52.417152786000031)","Unfall 130960 (2018) Kat:3, Licht: 0","130960","3","4","6","04","16","5","1","0","0","1","1","0"
"POINT (9.718312868000055 52.359519349000038)","Unfall 130962 (2018) Kat:2, Licht: 2","130962","2","1","0","04","22","6","0","2","1","0","0","0"
"POINT (9.745026490000043 52.394248056000038)","Unfall 130963 (2018) Kat:3, Licht: 0","130963","3","2","5","04","10","1","0","0","1","1","0","0"
"POINT (9.864802292000036 52.366951760000063)","Unfall 130967 (2018) Kat:3, Licht: 2","130967","3","3","5","04","03","5","0","2","0","1","0","1"
"POINT (9.783922729000040 52.360413611000070)","Unfall 130975 (2018) Kat:3, Licht: 0","130975","3","6","3","04","15","1","0","0","1","0","0","0"
"POINT (9.738838899000029 52.363304398000082)","Unfall 130976 (2018) Kat:3, Licht: 0","130976","3","2","3","03","13","5","0","0","1","0","0","0"
"POINT (9.708417310000073 52.388468870000054)","Unfall 130977 (2018) Kat:3, Licht: 2","130977","3","3","5","03","20","5","1","2","1","1","0","0"
"POINT (9.702260528000068 52.328906357000051)","Unfall 130980 (2018) Kat:3, Licht: 0","130980","3","3","5","03","11","5","1","0","1","1","0","0"
"POINT (9.708970235000038 52.359935949000032)","Unfall 130993 (2018) Kat:3, Licht: 0","130993","3","6","2","03","13","3","0","0","0","1","0","0"
"POINT (9.832541882000044 52.419739086000050)","Unfall 131006 (2018) Kat:3, Licht: 0","131006","3","3","5","03","17","4","1","0","0","1","0","0"
"POINT (9.743926908000049 52.384914849000040)","Unfall 131008 (2018) Kat:3, Licht: 2","131008","3","2","5","03","20","4","1","2","1","1","0","0"
"POINT (9.796618324000065 52.392375467000079)","Unfall 131010 (2018) Kat:3, Licht: 0","131010","3","6","2","03","16","4","1","0","0","1","0","0"
"POINT (9.621391359000029 52.406385991000036)","Unfall 131011 (2018) Kat:3, Licht: 0","131011","3","1","0","03","13","4","1","0","1","0","0","0"
"POINT (9.803822412000045 52.394537222000054)","Unfall 131013 (2018) Kat:3, Licht: 0","131013","3","3","5","03","12","4","1","0","0","1","0","0"
"POINT (9.766393760000028 52.357757977000063)","Unfall 131014 (2018) Kat:3, Licht: 0","131014","3","3","0","04","17","1","0","0","0","1","0","1"
"POINT (9.670268411000052 52.399556567000047)","Unfall 131015 (2018) Kat:2, Licht: 2","131015","2","3","5","03","01","4","1","2","0","1","0","0"
"POINT (9.658860689000051 52.406167497000069)","Unfall 131016 (2018) Kat:3, Licht: 0","131016","3","2","5","03","16","4","1","0","0","1","0","0"
"POINT (9.761489898000036 52.395742467000048)","Unfall 131022 (2018) Kat:3, Licht: 0","131022","3","4","6","04","12","6","0","0","0","1","1","0"
"POINT (9.734081815000025 52.368534082000053)","Unfall 131028 (2018) Kat:3, Licht: 0","131028","3","7","0","04","13","6","0","0","1","0","0","0"
"POINT (9.741907662000074 52.375709240000049)","Unfall 131045 (2018) Kat:3, Licht: 0","131045","3","3","5","04","11","2","0","0","1","1","0","0"
"POINT (9.820775663000063 52.388307516000054)","Unfall 131052 (2018) Kat:3, Licht: 0","131052","3","6","2","04","08","3","0","0","0","1","0","0"
"POINT (9.772161280000034 52.395508012000050)","Unfall 131064 (2018) Kat:3, Licht: 0","131064","3","1","9","04","14","3","0","0","0","1","0","0"
"POINT (9.751344361000065 52.356281375000037)","Unfall 131078 (2018) Kat:3, Licht: 0","131078","3","6","2","04","20","5","0","0","1","1","0","0"
"POINT (9.744039913000052 52.379734201000076)","Unfall 131079 (2018) Kat:3, Licht: 0","131079","3","5","1","04","18","5","0","0","1","1","1","0"
"POINT (9.762461696000059 52.396827855000026)","Unfall 131080 (2018) Kat:3, Licht: 0","131080","3","3","5","04","17","5","0","0","0","1","0","0"
"POINT (9.769026810000071 52.395603211000036)","Unfall 131082 (2018) Kat:3, Licht: 0","131082","3","3","5","04","16","5","0","0","0","1","0","0"
"POINT (9.734322884000051 52.376758751000068)","Unfall 131088 (2018) Kat:3, Licht: 0","131088","3","1","0","04","16","5","0","0","1","0","0","0"
"POINT (9.796884660000046 52.417825342000071)","Unfall 131089 (2018) Kat:2, Licht: 0","131089","2","6","3","04","15","5","0","0","1","0","0","0"
"POINT (9.671125641000060 52.402714881000065)","Unfall 131091 (2018) Kat:3, Licht: 0","131091","3","3","5","04","14","5","0","0","1","1","0","0"
"POINT (9.742632764000064 52.375261720000026)","Unfall 131092 (2018) Kat:3, Licht: 0","131092","3","5","0","04","10","5","0","0","1","0","0","0"
"POINT (9.765594976000045 52.367580595000049)","Unfall 131094 (2018) Kat:2, Licht: 0","131094","2","3","5","04","08","5","0","0","1","0","0","0"
"POINT (9.813004131000071 52.379881048000072)","Unfall 131095 (2018) Kat:3, Licht: 0","131095","3","5","1","04","08","5","0","0","1","1","0","0"
"POINT (9.717912284000022 52.364577965000080)","Unfall 131099 (2018) Kat:2, Licht: 0","131099","2","4","6","04","07","5","1","0","0","1","1","0"
"POINT (9.690231176000054 52.377441730000044)","Unfall 131106 (2018) Kat:3, Licht: 0","131106","3","3","5","04","15","3","0","0","1","1","0","0"
"POINT (9.661223212000039 52.404247809000026)","Unfall 131109 (2018) Kat:2, Licht: 0","131109","2","6","6","04","08","2","0","0","1","0","1","0"
"POINT (9.714372904000072 52.342279021000081)","Unfall 131112 (2018) Kat:2, Licht: 0","131112","2","3","5","04","13","7","0","0","0","1","0","0"
"POINT (9.749286609000023 52.350408043000073)","Unfall 131143 (2018) Kat:3, Licht: 1","131143","3","6","2","04","19","4","1","1","0","1","0","0"
"POINT (9.722980870000072 52.377628885000036)","Unfall 131145 (2018) Kat:3, Licht: 0","131145","3","3","5","04","18","4","1","0","1","1","0","0"
"POINT (9.812639805000060 52.398681588000045)","Unfall 131146 (2018) Kat:3, Licht: 0","131146","3","4","6","04","17","4","0","0","1","0","1","0"
"POINT (9.661649295000075 52.413164380000069)","Unfall 131147 (2018) Kat:2, Licht: 2","131147","2","1","0","04","20","2","0","2","1","0","0","0"
"POINT (9.708423604000075 52.426707237000073)","Unfall 131148 (2018) Kat:3, Licht: 0","131148","3","3","5","04","14","4","0","0","1","1","0","0"
"POINT (9.743883869000058 52.393944080000040)","Unfall 131150 (2018) Kat:3, Licht: 0","131150","3","3","5","04","09","4","0","0","1","1","0","0"
"POINT (9.711631955000030 52.339858644000060)","Unfall 131152 (2018) Kat:2, Licht: 0","131152","2","4","6","04","13","4","0","0","0","1","1","0"
"POINT (9.684848045000024 52.335731348000081)","Unfall 131154 (2018) Kat:3, Licht: 0","131154","3","4","6","04","13","4","0","0","1","0","1","0"
"POINT (9.814425823000022 52.331886237000049)","Unfall 131172 (2018) Kat:3, Licht: 0","131172","3","6","2","04","16","3","0","0","0","1","0","0"
"POINT (9.735913363000066 52.355110493000041)","Unfall 131184 (2018) Kat:3, Licht: 0","131184","3","6","2","04","12","1","1","0","0","1","0","0"
"POINT (9.703764853000052 52.399571922000064)","Unfall 131199 (2018) Kat:2, Licht: 0","131199","2","7","0","04","16","3","0","0","1","0","0","0"
"POINT (9.710585773000048 52.359969176000050)","Unfall 131217 (2018) Kat:3, Licht: 0","131217","3","6","2","04","12","3","0","0","0","1","0","1"
"POINT (9.722689139000067 52.377386491000038)","Unfall 131220 (2018) Kat:3, Licht: 0","131220","3","2","5","04","14","3","0","0","0","1","0","0"
"POINT (9.704724938000027 52.375276283000062)","Unfall 131221 (2018) Kat:3, Licht: 0","131221","3","7","0","04","13","3","0","0","1","0","0","0"
"POINT (9.790548021000063 52.347022011000035)","Unfall 131223 (2018) Kat:3, Licht: 0","131223","3","1","0","04","13","3","0","0","1","0","0","0"
"POINT (9.705060156000059 52.367012859000056)","Unfall 131224 (2018) Kat:3, Licht: 0","131224","3","7","1","04","10","6","1","0","1","1","0","0"
"POINT (9.769875392000074 52.336321467000062)","Unfall 131225 (2018) Kat:3, Licht: 0","131225","3","3","5","04","17","3","0","0","1","1","0","0"
"POINT (9.818770427000061 52.322993027000052)","Unfall 131227 (2018) Kat:3, Licht: 0","131227","3","2","0","04","13","6","1","0","1","0","0","0"
"POINT (9.765054438000050 52.393863495000062)","Unfall 131228 (2018) Kat:3, Licht: 0","131228","3","2","4","04","16","3","0","0","0","1","0","0"
"POINT (9.730361445000028 52.391209238000044)","Unfall 131235 (2018) Kat:3, Licht: 0","131235","3","7","0","04","13","6","0","0","0","0","0","0"
"POINT (9.718363180000040 52.386323466000078)","Unfall 131237 (2018) Kat:3, Licht: 0","131237","3","6","1","04","13","6","1","0","1","1","0","0"
"POINT (9.738441725000030 52.390059469000050)","Unfall 131238 (2018) Kat:3, Licht: 0","131238","3","3","5","04","15","3","0","0","1","1","0","0"
"POINT (9.752326402000051 52.411164011000039)","Unfall 131240 (2018) Kat:3, Licht: 0","131240","3","4","6","04","08","6","1","0","0","1","1","0"
"POINT (9.714446910000049 52.366054860000077)","Unfall 131241 (2018) Kat:3, Licht: 0","131241","3","6","2","04","12","3","0","0","1","1","0","0"
"POINT (9.737985762000051 52.406054915000027)","Unfall 131243 (2018) Kat:3, Licht: 0","131243","3","7","0","04","12","3","0","0","0","0","0","0"
"POINT (9.750196811000023 52.376483413000074)","Unfall 131244 (2018) Kat:3, Licht: 0","131244","3","2","2","04","08","3","0","0","1","0","0","1"
"POINT (9.739800276000040 52.383122628000081)","Unfall 131247 (2018) Kat:2, Licht: 0","131247","2","2","5","04","07","3","0","0","1","1","0","0"
"POINT (9.766171773000053 52.381973334000065)","Unfall 131265 (2018) Kat:3, Licht: 2","131265","3","2","5","04","22","6","1","2","0","1","0","0"
"POINT (9.751981379000029 52.359472120000078)","Unfall 131268 (2018) Kat:3, Licht: 0","131268","3","4","6","04","12","6","1","0","0","1","1","0"
"POINT (9.689674938000053 52.349486328000069)","Unfall 131280 (2018) Kat:2, Licht: 0","131280","2","2","6","04","09","7","0","0","0","1","1","0"
"POINT (9.722941478000053 52.368956798000056)","Unfall 131284 (2018) Kat:3, Licht: 2","131284","3","7","6","04","05","2","0","2","1","0","1","0"
"POINT (9.809676774000025 52.419366115000059)","Unfall 131288 (2018) Kat:3, Licht: 0","131288","3","3","5","04","08","2","0","0","0","1","0","0"
"POINT (9.725096796000059 52.383923372000027)","Unfall 131289 (2018) Kat:3, Licht: 0","131289","3","3","0","04","19","2","0","0","0","1","0","0"
"POINT (9.732569893000061 52.383132196000076)","Unfall 131291 (2018) Kat:3, Licht: 0","131291","3","6","2","04","17","2","0","0","0","1","0","0"
"POINT (9.757656493000070 52.356056457000079)","Unfall 131312 (2018) Kat:3, Licht: 0","131312","3","3","5","04","08","6","1","0","1","0","0","0"
"POINT (9.735019478000027 52.367132208000044)","Unfall 131313 (2018) Kat:3, Licht: 0","131313","3","6","2","04","18","2","0","0","0","1","0","0"
"POINT (9.748184064000043 52.420085498000049)","Unfall 131315 (2018) Kat:3, Licht: 0","131315","3","3","5","04","09","5","0","0","0","1","0","0"
"POINT (9.748128660000077 52.390928602000031)","Unfall 131317 (2018) Kat:3, Licht: 0","131317","3","3","5","04","11","5","0","0","1","1","0","0"
"POINT (9.720267104000072 52.375332573000037)","Unfall 131322 (2018) Kat:3, Licht: 0","131322","3","5","1","04","20","5","0","0","0","1","0","1"
"POINT (9.783922729000040 52.360413611000070)","Unfall 131323 (2018) Kat:3, Licht: 0","131323","3","6","4","04","15","5","0","0","1","0","0","0"
"POINT (9.712497262000056 52.360788819000049)","Unfall 131325 (2018) Kat:3, Licht: 0","131325","3","6","3","04","08","4","0","0","0","1","0","0"
"POINT (9.740971694000052 52.369082414000047)","Unfall 131326 (2018) Kat:3, Licht: 0","131326","3","1","0","04","15","5","0","0","1","0","0","0"
"POINT (9.730539537000027 52.396170047000055)","Unfall 131330 (2018) Kat:3, Licht: 0","131330","3","3","5","04","10","4","1","0","0","1","0","0"
"POINT (9.761293504000037 52.380002249000029)","Unfall 131336 (2018) Kat:2, Licht: 0","131336","2","3","5","04","09","5","0","0","0","1","0","0"
"POINT (9.691750600000034 52.364985925000042)","Unfall 131350 (2018) Kat:3, Licht: 0","131350","3","2","5","04","13","6","0","0","1","1","0","0"
"POINT (9.753772328000025 52.386412574000076)","Unfall 131358 (2018) Kat:3, Licht: 0","131358","3","6","0","04","10","3","0","0","0","1","0","1"
"POINT (9.719460158000061 52.349479415000076)","Unfall 131363 (2018) Kat:3, Licht: 0","131363","3","6","2","04","11","2","0","0","1","1","0","0"
"POINT (9.854038731000060 52.388854901000059)","Unfall 131377 (2018) Kat:3, Licht: 0","131377","3","6","4","04","13","5","0","0","0","1","0","0"
"POINT (9.755952416000071 52.377772651000043)","Unfall 131382 (2018) Kat:3, Licht: 0","131382","3","6","2","04","09","4","1","0","0","1","0","0"
"POINT (9.724153635000050 52.349784776000035)","Unfall 131399 (2018) Kat:2, Licht: 0","131399","2","7","0","04","17","1","0","0","1","0","0","0"
"POINT (9.815239574000032 52.359753847000036)","Unfall 131402 (2018) Kat:3, Licht: 0","131402","3","1","0","04","07","6","0","0","1","0","0","0"
"POINT (9.717117524000059 52.343629575000080)","Unfall 131417 (2018) Kat:3, Licht: 0","131417","3","1","0","04","16","5","0","0","1","0","0","0"
"POINT (9.706519400000047 52.373773224000047)","Unfall 131418 (2018) Kat:3, Licht: 0","131418","3","7","0","04","18","2","0","0","1","0","0","0"
"POINT (9.618267517000049 52.405779479000046)","Unfall 131422 (2018) Kat:3, Licht: 0","131422","3","3","5","04","18","7","0","0","1","1","0","0"
"POINT (9.989974004000032 52.318238550000046)","Unfall 131427 (2018) Kat:3, Licht: 2","131427","3","7","0","04","02","3","0","2","0","0","0","1"
"POINT (9.694068410000057 52.352744569000038)","Unfall 131428 (2018) Kat:3, Licht: 0","131428","3","6","2","04","14","7","0","0","0","1","0","1"
"POINT (9.799788923000051 52.334936696000057)","Unfall 131429 (2018) Kat:3, Licht: 0","131429","3","4","6","04","17","5","0","0","0","1","1","0"
"POINT (9.709427429000073 52.373647806000065)","Unfall 131435 (2018) Kat:3, Licht: 0","131435","3","1","0","04","08","7","0","0","1","0","0","0"
"POINT (9.807598030000065 52.379633652000052)","Unfall 131439 (2018) Kat:3, Licht: 0","131439","3","2","5","04","18","7","0","0","1","1","0","0"
"POINT (9.694678965000037 52.405921606000049)","Unfall 131446 (2018) Kat:3, Licht: 0","131446","3","3","5","04","07","4","0","0","1","0","0","0"
"POINT (9.733661461000054 52.369260241000063)","Unfall 131447 (2018) Kat:3, Licht: 0","131447","3","6","2","04","18","4","0","0","0","1","0","0"
"POINT (9.724991275000036 52.363053880000052)","Unfall 131451 (2018) Kat:3, Licht: 0","131451","3","7","6","04","19","4","0","0","0","1","1","0"