WKT,Name,OBJECTID,UKATEGORIE,UTYP1,UART,UMONAT,USTUNDE,UWOCHENTAG,STRZUSTAND,ULICHTVERH,ISTRAD,ISTPKW,ISTFUSS,ISTKRAD
"POINT (9.731606588000034 52.369532344000049)","Unfall 131455 (2018) Kat:3, Licht: 0","131455","3","6","2","04","12","4","0","0","0","1","0","0"
"POINT (9.712872160000075 52.371580554000047)","Unfall 131456 (2018) Kat:3, Licht: 0","131456","3","6","4","04","13","4","0","0","1","0","0","0"
"POINT (9.725560509000047 52.377039047000039)","Unfall 131459 (2018) Kat:3, Licht: 0","131459","3","6","2","04","14","4","0","0","0","1","0","0"
"POINT (9.702920557000027 52.341162327000063)","Unfall 131462 (2018) Kat:3, Licht: 0","131462","3","2","5","04","14","7","0","0","1","1","0","0"
"POINT (9.737179264000076 52.375527126000065)","Unfall 131466 (2018) Kat:3, Licht: 2","131466","3","1","0","04","00","4","0","2","1","0","0","0"
"POINT (9.727898133000053 52.400205696000057)","Unfall 131469 (2018) Kat:3, Licht: 0","131469","3","3","5","04","14","3","0","0","1","1","0","0"
"POINT (9.855510763000041 52.392483388000073)","Unfall 131471 (2018) Kat:3, Licht: 0","131471","3","6","0","04","14","5","0","0","1","1","0","0"
"POINT (9.734718510000050 52.375074111000060)","Unfall 131472 (2018) Kat:3, Licht: 0","131472","3","3","5","04","08","2","0","0","1","0","0","0"
"POINT (9.728291783000032 52.359011700000053)","Unfall 131473 (2018) Kat:3, Licht: 0","131473","3","3","5","04","17","4","0","0","1","1","0","0"
"POINT (9.825422251000077 52.360760331000051)","Unfall 131478 (2018) Kat:2, Licht: 0","131478","2","5","1","04","14","4","0","0","1","1","0","0"
"POINT (9.742834730000027 52.379256714000064)","Unfall 131481 (2018) Kat:3, Licht: 0","131481","3","1","0","04","15","4","0","0","1","0","0","0"
"POINT (9.739189340000053 52.370483592000028)","Unfall 131483 (2018) Kat:3, Licht: 0","131483","3","5","1","04","15","3","0","0","1","1","0","0"
"POINT (9.736046996000027 52.370732600000053)","Unfall 131486 (2018) Kat:3, Licht: 0","131486","3","3","5","04","11","4","0","0","0","0","0","1"
"POINT (9.755616642000064 52.366395170000033)","Unfall 131491 (2018) Kat:3, Licht: 0","131491","3","4","6","04","10","4","1","0","1","0","1","0"
"POINT (9.813901348000059 52.412141444000042)","Unfall 131495 (2018) Kat:3, Licht: 0","131495","3","2","0","04","17","4","1","0","0","0","0","1"
"POINT (9.714334178000058 52.360922613000071)","Unfall 131532 (2018) Kat:3, Licht: 0","131532","3","3","5","04","16","5","0","0","1","1","0","0"
"POINT (9.660763960000054 52.356079708000038)","Unfall 131533 (2018) Kat:3, Licht: 0","131533","3","3","5","04","07","2","0","0","1","1","0","0"
"POINT (9.790152792000072 52.358514496000055)","Unfall 131545 (2018) Kat:3, Licht: 1","131545","3","5","2","04","07","5","0","1","0","1","0","0"
"POINT (9.794654289000050 52.332385740000063)","Unfall 131566 (2018) Kat:3, Licht: 0","131566","3","4","6","04","15","1","0","0","0","1","1","0"
"POINT (9.809064359000047 52.379532471000061)","Unfall 131582 (2018) Kat:3, Licht: 0","131582","3","2","5","04","12","3","0","0","1","1","0","0"
"POINT (9.759858206000047 52.361709909000069)","Unfall 131583 (2018) Kat:3, Licht: 0","131583","3","3","5","04","07","5","0","0","1","1","0","0"
"POINT (9.808610137000073 52.386316361000070)","Unfall 131584 (2018) Kat:3, Licht: 0","131584","3","2","2","04","08","2","0","0","0","1","0","0"
"POINT (9.816138409000075 52.328032441000062)","Unfall 131587 (2018) Kat:3, Licht: 0","131587","3","2","3","05","16","3","0","0","0","1","0","1"
"POINT (9.721907481000073 52.376723325000057)","Unfall 131590 (2018) Kat:3, Licht: 0","131590","3","7","0","04","20","1","0","0","1","0","0","0"
"POINT (9.731093207000072 52.407363834000080)","Unfall 131595 (2018) Kat:3, Licht: 0","131595","3","3","5","05","07","6","0","0","1","1","0","0"
"POINT (9.756460769000057 52.341404655000076)","Unfall 131601 (2018) Kat:3, Licht: 0","131601","3","1","7","04","18","1","1","0","1","0","0","0"
"POINT (9.729942058000063 52.344543121000072)","Unfall 131604 (2018) Kat:3, Licht: 0","131604","3","3","5","04","10","5","1","0","0","1","0","0"
"POINT (9.725453182000024 52.383961077000038)","Unfall 131618 (2018) Kat:3, Licht: 0","131618","3","2","5","05","08","6","0","0","1","1","0","0"
"POINT (9.722792924000032 52.350535096000044)","Unfall 131620 (2018) Kat:3, Licht: 0","131620","3","5","0","04","13","2","0","0","0","1","0","0"
"POINT (9.719381992000024 52.366076236000026)","Unfall 131631 (2018) Kat:3, Licht: 0","131631","3","5","1","04","18","7","0","0","1","1","0","0"
"POINT (9.701065616000051 52.375478830000077)","Unfall 131634 (2018) Kat:3, Licht: 0","131634","3","3","5","04","07","6","0","0","1","0","0","0"
"POINT (9.822505543000034 52.400347147000048)","Unfall 131638 (2018) Kat:3, Licht: 0","131638","3","6","2","04","14","5","1","0","0","1","0","0"
"POINT (9.751923030000057 52.392542638000066)","Unfall 131645 (2018) Kat:3, Licht: 0","131645","3","2","6","05","14","6","0","0","0","1","1","0"
"POINT (9.653210778000073 52.412792382000077)","Unfall 131650 (2018) Kat:3, Licht: 0","131650","3","1","4","04","15","5","1","0","0","1","0","0"
"POINT (9.666753283000048 52.384940262000043)","Unfall 131660 (2018) Kat:3, Licht: 0","131660","3","6","6","05","09","4","0","0","0","1","1","0"
"POINT (9.714889002000064 52.370856302000050)","Unfall 131661 (2018) Kat:3, Licht: 0","131661","3","3","5","05","14","6","0","0","1","0","0","0"
"POINT (9.793047527000056 52.403209386000071)","Unfall 131668 (2018) Kat:3, Licht: 0","131668","3","3","5","05","09","4","0","0","1","1","0","0"
"POINT (9.735161813000048 52.380394321000040)","Unfall 131672 (2018) Kat:3, Licht: 2","131672","3","1","0","05","02","5","0","2","1","0","0","0"
"POINT (9.706812530000036 52.407865543000071)","Unfall 131686 (2018) Kat:3, Licht: 0","131686","3","3","5","05","19","5","0","0","1","1","0","0"
"POINT (9.780165720000071 52.342977023000060)","Unfall 131704 (2018) Kat:3, Licht: 0","131704","3","2","4","05","11","6","0","0","1","1","0","0"
"POINT (9.750884517000031 52.375551726000026)","Unfall 131714 (2018) Kat:3, Licht: 0","131714","3","2","5","05","09","6","0","0","1","1","0","0"
"POINT (9.702842801000031 52.328932121000037)","Unfall 131749 (2018) Kat:3, Licht: 0","131749","3","4","6","04","18","6","0","0","0","1","1","0"
"POINT (9.717187624000076 52.344810372000040)","Unfall 131752 (2018) Kat:3, Licht: 0","131752","3","3","5","04","17","5","0","0","1","1","0","0"
"POINT (9.762856415000044 52.409179919000053)","Unfall 131753 (2018) Kat:3, Licht: 0","131753","3","7","0","04","11","1","0","0","1","0","0","0"
"POINT (9.740414477000059 52.383270584000059)","Unfall 131759 (2018) Kat:3, Licht: 0","131759","3","2","2","04","11","5","1","0","0","1","0","0"
"POINT (9.735816544000045 52.383963369000071)","Unfall 131761 (2018) Kat:3, Licht: 0","131761","3","2","3","05","16","6","0","0","0","1","0","0"
"POINT (9.734316402000047 52.376745665000044)","Unfall 131775 (2018) Kat:3, Licht: 0","131775","3","1","0","05","17","6","0","0","1","0","0","0"
"POINT (9.731110337000075 52.336221837000039)","Unfall 131777 (2018) Kat:3, Licht: 0","131777","3","6","2","04","16","5","1","0","0","1","0","0"
"POINT (9.771563573000037 52.397494507000033)","Unfall 131787 (2018) Kat:3, Licht: 0","131787","3","4","6","05","10","4","0","0","1","0","1","0"
"POINT (9.693932138000037 52.400935138000079)","Unfall 131791 (2018) Kat:3, Licht: 0","131791","3","2","5","05","08","5","0","0","1","1","0","0"
"POINT (9.781589570000051 52.417700037000031)","Unfall 131803 (2018) Kat:3, Licht: 0","131803","3","3","5","05","11","5","0","0","0","1","0","0"
"POINT (9.750917007000055 52.375513000000069)","Unfall 131804 (2018) Kat:3, Licht: 0","131804","3","3","5","04","12","7","0","0","0","1","0","0"
"POINT (9.749314374000051 52.376985437000030)","Unfall 131818 (2018) Kat:3, Licht: 0","131818","3","6","3","05","13","6","0","0","0","1","0","0"
"POINT (9.757661793000068 52.356082010000080)","Unfall 131829 (2018) Kat:3, Licht: 0","131829","3","3","5","05","07","4","0","0","1","1","0","0"
"POINT (9.742674548000025 52.396993113000065)","Unfall 131830 (2018) Kat:3, Licht: 0","131830","3","2","0","05","14","6","0","0","0","0","0","0"
"POINT (9.709113152000043 52.391562492000048)","Unfall 131832 (2018) Kat:3, Licht: 0","131832","3","3","5","04","18","2","0","0","0","1","0","0"
"POINT (9.739479860000074 52.380839292000076)","Unfall 131839 (2018) Kat:3, Licht: 0","131839","3","2","5","05","07","4","0","0","1","0","0","0"
"POINT (9.736768933000064 52.371295429000043)","Unfall 131843 (2018) Kat:3, Licht: 0","131843","3","4","6","05","16","5","0","0","1","0","1","0"
"POINT (9.763052072000050 52.419034951000071)","Unfall 131844 (2018) Kat:3, Licht: 0","131844","3","3","5","04","11","7","0","0","0","1","0","0"
"POINT (9.713505857000030 52.371393861000058)","Unfall 131845 (2018) Kat:3, Licht: 0","131845","3","1","0","04","18","5","1","0","1","0","0","0"
"POINT (9.701166954000030 52.392023137000081)","Unfall 131854 (2018) Kat:3, Licht: 0","131854","3","7","0","05","06","5","0","0","0","1","0","1"
"POINT (9.705482092000068 52.414828472000067)","Unfall 131858 (2018) Kat:3, Licht: 0","131858","3","7","0","04","17","6","0","0","1","0","0","0"
"POINT (9.756483558000070 52.340703629000075)","Unfall 131867 (2018) Kat:3, Licht: 0","131867","3","6","2","05","13","2","0","0","0","1","0","0"
"POINT (9.667253985000059 52.376189696000040)","Unfall 131874 (2018) Kat:3, Licht: 0","131874","3","3","5","05","14","6","0","0","0","1","0","0"
"POINT (9.817948939000075 52.392892889000052)","Unfall 131882 (2018) Kat:3, Licht: 0","131882","3","3","5","05","08","4","0","0","1","1","0","0"
"POINT (9.822991841000032 52.400420313000041)","Unfall 131891 (2018) Kat:3, Licht: 0","131891","3","2","5","05","17","2","0","0","0","1","0","0"
"POINT (9.750983505000022 52.379218431000027)","Unfall 131892 (2018) Kat:3, Licht: 0","131892","3","3","5","05","08","2","0","0","1","1","0","0"
"POINT (9.734696590000056 52.380557443000043)","Unfall 131894 (2018) Kat:3, Licht: 0","131894","3","5","1","05","19","7","0","0","0","1","0","0"
"POINT (9.705132409000044 52.407296657000074)","Unfall 131898 (2018) Kat:2, Licht: 0","131898","2","3","5","05","08","2","0","0","0","1","0","0"
"POINT (9.709708440000043 52.346965069000078)","Unfall 131912 (2018) Kat:3, Licht: 0","131912","3","3","5","05","19","3","0","0","1","1","0","0"
"POINT (9.689651937000065 52.349417135000067)","Unfall 131920 (2018) Kat:3, Licht: 0","131920","3","2","5","05","10","4","0","0","0","1","0","0"
"POINT (9.730621436000035 52.374881263000077)","Unfall 131923 (2018) Kat:2, Licht: 2","131923","2","1","0","05","22","4","0","2","0","0","0","1"
"POINT (9.712941346000036 52.371555792000038)","Unfall 131942 (2018) Kat:3, Licht: 1","131942","3","3","5","05","20","6","0","1","1","0","0","0"
"POINT (9.793038546000048 52.403225996000060)","Unfall 131949 (2018) Kat:3, Licht: 0","131949","3","3","5","05","07","4","0","0","1","1","0","0"
"POINT (9.734035364000022 52.376679018000061)","Unfall 131964 (2018) Kat:3, Licht: 0","131964","3","1","0","05","17","5","0","0","1","0","0","0"
"POINT (9.724254563000045 52.385726929000043)","Unfall 131969 (2018) Kat:3, Licht: 0","131969","3","7","6","05","11","3","0","0","0","0","1","0"
"POINT (9.741594577000058 52.359828697000069)","Unfall 131984 (2018) Kat:3, Licht: 0","131984","3","7","0","05","17","3","0","0","1","0","1","0"
"POINT (9.768295486000056 52.358269683000060)","Unfall 131993 (2018) Kat:3, Licht: 0","131993","3","6","2","05","15","1","0","0","0","1","0","0"
"POINT (9.795893588000070 52.375269815000081)","Unfall 131994 (2018) Kat:3, Licht: 0","131994","3","4","6","05","16","4","0","0","0","1","1","0"
"POINT (9.713694427000064 52.385440422000045)","Unfall 131995 (2018) Kat:3, Licht: 0","131995","3","7","0","05","15","1","0","0","1","0","0","0"
"POINT (9.819118793000030 52.399936862000061)","Unfall 132000 (2018) Kat:3, Licht: 0","132000","3","3","5","05","09","6","0","0","1","1","0","0"
"POINT (9.781520396000076 52.420072912000080)","Unfall 132003 (2018) Kat:3, Licht: 0","132003","3","2","2","05","15","1","0","0","0","1","0","0"
"POINT (9.767704619000028 52.410338264000075)","Unfall 132008 (2018) Kat:3, Licht: 0","132008","3","3","5","05","13","7","0","0","1","1","0","0"
"POINT (9.700691976000030 52.366347652000059)","Unfall 132020 (2018) Kat:2, Licht: 0","132020","2","4","6","05","10","5","0","0","1","0","1","0"
"POINT (9.694719604000056 52.405910634000065)","Unfall 132035 (2018) Kat:3, Licht: 0","132035","3","3","5","05","17","4","0","0","1","1","0","0"
"POINT (9.743752327000038 52.374307940000051)","Unfall 132040 (2018) Kat:3, Licht: 0","132040","3","1","0","05","13","3","0","0","1","0","0","0"
"POINT (9.730101254000033 52.374927346000050)","Unfall 132052 (2018) Kat:3, Licht: 2","132052","3","7","0","05","22","4","0","2","0","0","0","1"
"POINT (9.740175514000043 52.401774364000062)","Unfall 132061 (2018) Kat:3, Licht: 0","132061","3","6","2","05","17","6","0","0","1","1","0","0"
"POINT (9.746238956000070 52.354352742000060)","Unfall 132087 (2018) Kat:3, Licht: 0","132087","3","2","5","05","11","3","0","0","0","1","0","0"
"POINT (9.738859909000041 52.363285662000067)","Unfall 132110 (2018) Kat:3, Licht: 0","132110","3","4","0","05","15","4","0","0","1","0","1","0"
"POINT (9.768893540000022 52.377957304000063)","Unfall 132115 (2018) Kat:3, Licht: 0","132115","3","3","5","05","11","6","0","0","1","1","0","0"
"POINT (9.790038605000063 52.358577185000058)","Unfall 132120 (2018) Kat:3, Licht: 0","132120","3","1","8","05","20","7","0","0","1","1","0","0"
"POINT (9.789712266000038 52.397059163000051)","Unfall 132145 (2018) Kat:3, Licht: 0","132145","3","6","2","05","18","1","0","0","0","1","0","0"
"POINT (9.714980812000022 52.361995289000049)","Unfall 132183 (2018) Kat:3, Licht: 0","132183","3","1","0","05","18","4","0","0","0","0","0","0"
"POINT (9.733731091000038 52.362121986000034)","Unfall 132185 (2018) Kat:3, Licht: 0","132185","3","3","5","05","11","4","1","0","1","1","0","0"
"POINT (9.690724681000063 52.346291459000042)","Unfall 132189 (2018) Kat:3, Licht: 1","132189","3","3","5","05","21","4","0","1","1","1","0","0"
"POINT (9.734651814000074 52.420892132000063)","Unfall 132190 (2018) Kat:3, Licht: 0","132190","3","3","5","05","17","4","0","0","0","1","0","0"
"POINT (9.714522490000036 52.371323485000062)","Unfall 132192 (2018) Kat:2, Licht: 0","132192","2","1","0","05","15","4","1","0","1","0","0","0"
"POINT (9.715856039000073 52.392635327000050)","Unfall 132193 (2018) Kat:2, Licht: 0","132193","2","6","2","05","13","4","1","0","0","1","0","0"
"POINT (9.805405198000074 52.412341792000063)","Unfall 132194 (2018) Kat:2, Licht: 0","132194","2","3","5","05","18","1","0","0","1","1","0","0"
"POINT (9.706956944000069 52.375408530000072)","Unfall 132198 (2018) Kat:3, Licht: 0","132198","3","5","1","05","08","4","1","0","1","1","0","0"
"POINT (9.803150524000046 52.396391366000046)","Unfall 132219 (2018) Kat:3, Licht: 0","132219","3","3","5","05","14","2","0","0","1","1","0","0"
"POINT (9.799880104000067 52.376665145000061)","Unfall 132230 (2018) Kat:3, Licht: 0","132230","3","6","2","05","16","7","0","0","0","1","0","0"
"POINT (9.746392996000054 52.354158011000038)","Unfall 132256 (2018) Kat:3, Licht: 0","132256","3","6","0","05","19","1","0","0","1","0","0","0"
"POINT (9.720572340000047 52.337606887000049)","Unfall 132260 (2018) Kat:3, Licht: 2","132260","3","1","9","05","23","3","1","2","0","1","0","0"
"POINT (9.735018185000058 52.372713312000030)","Unfall 132261 (2018) Kat:3, Licht: 0","132261","3","7","0","05","10","3","0","0","0","0","0","1"
"POINT (9.708751040000038 52.370595646000027)","Unfall 132268 (2018) Kat:3, Licht: 0","132268","3","7","6","05","17","5","0","0","0","1","1","0"
"POINT (9.692811484000060 52.324910862000081)","Unfall 132275 (2018) Kat:3, Licht: 0","132275","3","6","3","05","16","2","0","0","1","0","0","0"
"POINT (9.782326414000067 52.329057223000063)","Unfall 132276 (2018) Kat:3, Licht: 0","132276","3","6","2","05","15","5","0","0","0","1","0","0"
"POINT (9.718239900000071 52.373374855000066)","Unfall 132309 (2018) Kat:3, Licht: 2","132309","3","7","0","05","22","5","0","2","1","0","0","0"
"POINT (9.655702399000063 52.425557829000070)","Unfall 132312 (2018) Kat:3, Licht: 0","132312","3","6","2","05","16","5","0","0","0","1","0","1"
"POINT (9.714451743000041 52.342478451000034)","Unfall 132320 (2018) Kat:3, Licht: 0","132320","3","3","5","05","11","5","0","0","1","1","0","0"
"POINT (9.720303141000045 52.391524305000075)","Unfall 132328 (2018) Kat:3, Licht: 0","132328","3","1","0","05","08","5","0","0","1","0","0","0"
"POINT (9.717270468000038 52.346434826000063)","Unfall 132340 (2018) Kat:3, Licht: 0","132340","3","6","2","05","16","2","0","0","0","1","0","0"
"POINT (9.764211203000059 52.339466167000069)","Unfall 132344 (2018) Kat:3, Licht: 0","132344","3","3","5","05","08","2","0","0","0","1","0","0"
"POINT (9.739648242000044 52.381212311000070)","Unfall 132345 (2018) Kat:3, Licht: 0","132345","3","3","5","05","18","2","0","0","1","1","0","0"
"POINT (9.732092956000031 52.396324206000031)","Unfall 132346 (2018) Kat:3, Licht: 0","132346","3","3","5","05","11","2","0","0","0","1","0","1"
"POINT (9.784192240000039 52.375664895000057)","Unfall 132355 (2018) Kat:3, Licht: 0","132355","3","3","5","05","17","2","0","0","1","0","0","0"
"POINT (9.792524497000045 52.396745209000073)","Unfall 132357 (2018) Kat:3, Licht: 0","132357","3","6","3","05","16","2","0","0","0","0","0","1"
"POINT (9.730172752000044 52.368593716000078)","Unfall 132358 (2018) Kat:3, Licht: 0","132358","3","3","5","05","13","2","0","0","1","1","0","0"
"POINT (9.859497388000023 52.368071736000047)","Unfall 132361 (2018) Kat:3, Licht: 0","132361","3","2","5","05","12","2","0","0","1","0","0","0"
"POINT (9.716016188000026 52.378109971000072)","Unfall 132363 (2018) Kat:3, Licht: 0","132363","3","7","0","05","11","2","0","0","1","0","0","0"
"POINT (9.727165656000068 52.396338422000042)","Unfall 132365 (2018) Kat:3, Licht: 0","132365","3","3","5","05","10","2","0","0","1","1","0","0"
"POINT (9.781498549000048 52.420821928000066)","Unfall 132371 (2018) Kat:3, Licht: 0","132371","3","1","0","05","11","1","0","0","1","0","0","0"
"POINT (9.742264524000063 52.370262774000082)","Unfall 132403 (2018) Kat:3, Licht: 0","132403","3","5","1","05","13","7","0","0","1","1","0","0"
"POINT (9.745036201000062 52.394251338000061)","Unfall 132411 (2018) Kat:3, Licht: 0","132411","3","3","0","05","12","1","0","0","1","1","0","0"
"POINT (9.781107033000069 52.399943283000027)","Unfall 132412 (2018) Kat:3, Licht: 2","132412","3","2","6","05","23","1","0","2","0","1","1","0"
"POINT (9.793207819000031 52.415044366000075)","Unfall 132420 (2018) Kat:3, Licht: 0","132420","3","2","3","05","13","6","0","0","0","1","0","0"
"POINT (9.830025217000070 52.334044709000068)","Unfall 132428 (2018) Kat:3, Licht: 0","132428","3","5","1","05","16","3","0","0","0","1","0","1"
"POINT (9.700850444000025 52.375430505000054)","Unfall 132452 (2018) Kat:3, Licht: 0","132452","3","7","0","05","11","2","0","0","0","0","0","0"
"POINT (9.720284790000051 52.375347429000044)","Unfall 132454 (2018) Kat:3, Licht: 0","132454","3","6","2","05","14","6","0","0","0","1","0","0"
"POINT (9.734074268000029 52.391838228000040)","Unfall 132458 (2018) Kat:3, Licht: 0","132458","3","5","1","05","08","5","0","0","1","1","0","0"
"POINT (9.764453935000063 52.395930393000071)","Unfall 132460 (2018) Kat:3, Licht: 0","132460","3","3","5","05","19","5","0","0","0","1","0","0"
"POINT (9.778995535000036 52.401781741000036)","Unfall 132462 (2018) Kat:3, Licht: 0","132462","3","3","5","05","12","7","0","0","0","1","0","0"
"POINT (9.751559114000031 52.374580536000053)","Unfall 132463 (2018) Kat:3, Licht: 0","132463","3","6","2","05","15","5","0","0","0","0","0","0"
"POINT (9.789712266000038 52.397059163000051)","Unfall 132465 (2018) Kat:3, Licht: 0","132465","3","2","3","05","16","3","0","0","1","1","0","0"
"POINT (9.738065789000075 52.375856359000068)","Unfall 132467 (2018) Kat:3, Licht: 0","132467","3","2","3","05","14","5","0","0","1","1","0","0"
"POINT (9.669867417000035 52.415594082000041)","Unfall 132469 (2018) Kat:3, Licht: 2","132469","3","5","1","05","22","5","0","2","0","1","0","0"
"POINT (9.805273061000037 52.412343608000072)","Unfall 132473 (2018) Kat:3, Licht: 0","132473","3","4","6","05","18","5","0","0","0","1","1","0"
"POINT (9.758471802000031 52.394907239000077)","Unfall 132476 (2018) Kat:3, Licht: 0","132476","3","5","1","05","19","5","0","0","1","1","0","0"
"POINT (9.741784135000046 52.369030221000060)","Unfall 132478 (2018) Kat:3, Licht: 0","132478","3","2","5","05","08","6","0","0","1","1","0","0"
"POINT (9.740982601000042 52.398886008000034)","Unfall 132480 (2018) Kat:3, Licht: 0","132480","3","6","2","05","18","5","0","0","1","0","0","0"
"POINT (9.741010784000025 52.398787560000073)","Unfall 132482 (2018) Kat:3, Licht: 0","132482","3","3","5","05","16","5","0","0","1","1","0","0"
"POINT (9.829675283000029 52.334247362000042)","Unfall 132485 (2018) Kat:3, Licht: 0","132485","3","7","0","05","10","5","0","0","0","0","1","0"
"POINT (9.703254775000062 52.406725254000037)","Unfall 132503 (2018) Kat:3, Licht: 0","132503","3","3","5","05","12","6","0","0","1","1","0","0"
"POINT (9.742280777000076 52.397388618000036)","Unfall 132514 (2018) Kat:3, Licht: 0","132514","3","6","2","05","14","6","0","0","0","1","0","0"
"POINT (9.799813357000062 52.383708945000080)","Unfall 132528 (2018) Kat:3, Licht: 0","132528","3","3","5","05","09","3","0","0","0","1","0","0"
"POINT (9.734078126000043 52.376677140000027)","Unfall 132540 (2018) Kat:2, Licht: 0","132540","2","1","0","05","12","3","0","0","1","0","0","0"
"POINT (9.729657203000045 52.378239133000079)","Unfall 132542 (2018) Kat:3, Licht: 0","132542","3","6","3","05","17","2","0","0","1","0","0","0"
"POINT (9.821087043000034 52.346091140000055)","Unfall 132553 (2018) Kat:3, Licht: 0","132553","3","2","5","05","17","2","0","0","1","1","0","0"
"POINT (9.705229984000027 52.346206796000047)","Unfall 132556 (2018) Kat:3, Licht: 0","132556","3","3","5","05","12","6","0","0","1","0","0","1"
"POINT (9.723464016000037 52.387070210000047)","Unfall 132565 (2018) Kat:2, Licht: 0","132565","2","6","3","05","10","6","0","0","1","0","0","0"
"POINT (9.718372533000036 52.374547436000057)","Unfall 132566 (2018) Kat:2, Licht: 0","132566","2","1","0","05","18","7","0","0","1","0","0","0"
"POINT (9.730191409000042 52.368573994000030)","Unfall 132574 (2018) Kat:3, Licht: 0","132574","3","3","5","05","06","4","0","0","1","1","0","0"
"POINT (9.751562128000046 52.356002606000061)","Unfall 132577 (2018) Kat:3, Licht: 0","132577","3","5","1","05","16","4","0","0","1","1","0","0"
"POINT (9.787659232000067 52.332103276000055)","Unfall 132581 (2018) Kat:3, Licht: 0","132581","3","3","5","05","14","4","0","0","1","1","0","0"
"POINT (9.773352903000045 52.350833155000032)","Unfall 132588 (2018) Kat:3, Licht: 0","132588","3","3","0","05","16","4","0","0","0","1","0","1"
"POINT (9.855633460000036 52.393169182000065)","Unfall 132612 (2018) Kat:3, Licht: 0","132612","3","3","5","05","10","6","0","0","0","1","0","0"
"POINT (9.687698253000065 52.328820322000070)","Unfall 132620 (2018) Kat:3, Licht: 2","132620","3","1","1","05","03","7","0","2","0","1","0","0"
"POINT (9.756332638000060 52.342710997000040)","Unfall 132624 (2018) Kat:3, Licht: 0","132624","3","3","5","05","17","3","0","0","0","1","0","1"
"POINT (9.716445853000039 52.362942605000057)","Unfall 132637 (2018) Kat:3, Licht: 0","132637","3","5","1","05","20","3","0","0","1","1","0","0"
"POINT (9.680543349000061 52.385382508000077)","Unfall 132647 (2018) Kat:3, Licht: 0","132647","3","6","0","05","13","3","0","0","1","0","0","0"
"POINT (9.761129277000066 52.365850340000065)","Unfall 132649 (2018) Kat:3, Licht: 0","132649","3","3","5","05","06","2","0","0","1","1","0","0"
"POINT (9.712540901000068 52.342245237000043)","Unfall 132669 (2018) Kat:3, Licht: 0","132669","3","6","4","05","07","6","0","0","1","0","0","0"
"POINT (9.722156970000071 52.422389117000080)","Unfall 132672 (2018) Kat:3, Licht: 0","132672","3","2","4","06","15","3","0","0","1","1","0","0"
"POINT (9.662373121000030 52.356144161000032)","Unfall 132673 (2018) Kat:3, Licht: 0","132673","3","5","1","05","15","5","0","0","1","1","0","0"
"POINT (9.798528095000052 52.385624254000049)","Unfall 132675 (2018) Kat:3, Licht: 0","132675","3","7","1","05","19","5","0","0","1","1","0","0"
"POINT (9.772111864000067 52.365086048000080)","Unfall 132679 (2018) Kat:3, Licht: 0","132679","3","2","3","05","17","5","0","0","1","1","0","0"
"POINT (9.762651378000044 52.376409937000062)","Unfall 132682 (2018) Kat:3, Licht: 0","132682","3","7","5","05","11","5","0","0","1","1","0","0"
"POINT (9.708721292000064 52.366363960000058)","Unfall 132696 (2018) Kat:3, Licht: 2","132696","3","6","2","06","03","6","0","2","1","0","0","0"
"POINT (9.685480777000066 52.393103994000057)","Unfall 132700 (2018) Kat:3, Licht: 0","132700","3","1","8","05","18","5","0","0","1","0","0","0"
"POINT (9.733926664000023 52.379794896000078)","Unfall 132703 (2018) Kat:3, Licht: 0","132703","3","2","5","05","18","5","0","0","1","1","0","0"
"POINT (9.763887366000063 52.393453054000076)","Unfall 132735 (2018) Kat:3, Licht: 0","132735","3","6","4","06","15","1","0","0","0","1","0","1"
"POINT (9.718407758000069 52.386338681000041)","Unfall 132747 (2018) Kat:3, Licht: 1","132747","3","4","6","06","21","6","0","1","0","1","1","0"
"POINT (9.765533980000043 52.418431071000043)","Unfall 132754 (2018) Kat:3, Licht: 0","132754","3","1","0","06","21","1","0","0","1","0","0","0"
"POINT (9.711949143000027 52.370217490000073)","Unfall 132757 (2018) Kat:3, Licht: 0","132757","3","1","0","06","17","3","0","0","1","0","0","0"
"POINT (9.717020140000045 52.338615695000044)","Unfall 132760 (2018) Kat:3, Licht: 0","132760","3","7","6","05","19","5","0","0","1","0","1","0"
"POINT (9.763940717000025 52.395383174000074)","Unfall 132765 (2018) Kat:3, Licht: 0","132765","3","7","2","06","12","1","0","0","0","1","0","0"
"POINT (9.717751159000045 52.351054138000052)","Unfall 132767 (2018) Kat:2, Licht: 0","132767","2","2","4","06","16","3","0","0","1","1","0","0"
"POINT (9.763248232000024 52.402919854000061)","Unfall 132771 (2018) Kat:2, Licht: 0","132771","2","1","0","06","17","7","0","0","1","0","0","0"
"POINT (9.724296979000030 52.385650932000033)","Unfall 132773 (2018) Kat:2, Licht: 0","132773","2","4","6","06","09","1","0","0","1","1","1","0"
"POINT (9.752332004000039 52.370960108000077)","Unfall 132786 (2018) Kat:3, Licht: 0","132786","3","7","0","06","07","6","0","0","1","0","0","0"
"POINT (9.828709849000063 52.346167544000082)","Unfall 132799 (2018) Kat:3, Licht: 0","132799","3","3","5","06","16","6","1","0","0","1","0","0"