WKT,Name,OBJECTID,UKATEGORIE,UTYP1,UART,UMONAT,USTUNDE,UWOCHENTAG,STRZUSTAND,ULICHTVERH,ISTRAD,ISTPKW,ISTFUSS,ISTKRAD
"POINT (9.742138443000044 52.359115911000060)","Unfall 132806 (2018) Kat:3, Licht: 1","132806","3","2","3","05","20","4","0","1","0","1","0","0"
"POINT (9.681892040000037 52.357429337000042)","Unfall 132809 (2018) Kat:3, Licht: 0","132809","3","2","0","05","07","4","1","0","1","0","0","0"
"POINT (9.719602958000053 52.366435177000028)","Unfall 132813 (2018) Kat:3, Licht: 0","132813","3","2","5","05","12","4","1","0","0","1","0","1"
"POINT (9.743680482000059 52.379481077000037)","Unfall 132815 (2018) Kat:3, Licht: 0","132815","3","2","6","05","12","4","1","0","0","1","1","0"
"POINT (9.706690162000029 52.370370051000066)","Unfall 132829 (2018) Kat:3, Licht: 0","132829","3","5","1","06","18","1","0","0","1","1","0","0"
"POINT (9.721934475000069 52.346752458000026)","Unfall 132835 (2018) Kat:2, Licht: 0","132835","2","4","6","05","18","4","0","0","0","1","1","0"
"POINT (9.666216940000027 52.401677851000045)","Unfall 132837 (2018) Kat:3, Licht: 0","132837","3","2","2","05","16","4","0","0","0","1","0","0"
"POINT (9.716638787000022 52.357962479000037)","Unfall 132840 (2018) Kat:3, Licht: 0","132840","3","1","0","05","12","4","1","0","1","0","0","0"
"POINT (9.744797007000045 52.374364811000078)","Unfall 132869 (2018) Kat:3, Licht: 0","132869","3","7","0","06","20","2","0","0","1","1","0","0"
"POINT (9.717097799000044 52.341311621000045)","Unfall 132877 (2018) Kat:3, Licht: 0","132877","3","6","2","06","13","3","0","0","0","1","0","0"
"POINT (9.705858686000056 52.407524225000031)","Unfall 132885 (2018) Kat:3, Licht: 2","132885","3","7","1","06","23","7","0","2","0","1","0","0"
"POINT (9.744905345000063 52.377303266000069)","Unfall 132906 (2018) Kat:3, Licht: 0","132906","3","5","1","06","18","6","0","0","1","1","0","0"
"POINT (9.781687563000048 52.399119987000063)","Unfall 132923 (2018) Kat:3, Licht: 0","132923","3","6","2","06","11","3","0","0","0","0","0","0"
"POINT (9.691682523000054 52.406728319000081)","Unfall 132926 (2018) Kat:3, Licht: 0","132926","3","7","0","06","10","7","0","0","1","0","0","0"
"POINT (9.720911321000074 52.361811198000055)","Unfall 132934 (2018) Kat:3, Licht: 0","132934","3","7","0","06","07","7","0","0","1","0","0","0"
"POINT (9.755232827000043 52.331906808000042)","Unfall 132935 (2018) Kat:3, Licht: 0","132935","3","3","5","06","12","7","0","0","1","0","0","0"
"POINT (9.751420058000065 52.386845922000077)","Unfall 132937 (2018) Kat:3, Licht: 0","132937","3","7","0","06","09","7","0","0","0","0","0","0"
"POINT (9.737181273000033 52.381493440000042)","Unfall 132938 (2018) Kat:3, Licht: 2","132938","3","1","0","06","23","7","0","2","1","0","0","0"
"POINT (9.745933314000070 52.378969660000052)","Unfall 132939 (2018) Kat:2, Licht: 0","132939","2","2","0","06","18","3","0","0","1","0","0","0"
"POINT (9.737043248000077 52.384464569000045)","Unfall 132946 (2018) Kat:2, Licht: 0","132946","2","1","0","06","18","7","1","0","1","0","0","0"
"POINT (9.717207287000065 52.345321515000080)","Unfall 132948 (2018) Kat:3, Licht: 0","132948","3","4","0","06","09","7","0","0","0","1","1","1"
"POINT (9.734334466000064 52.376782131000027)","Unfall 132949 (2018) Kat:3, Licht: 0","132949","3","1","0","06","11","7","0","0","1","0","0","0"
"POINT (9.804489230000058 52.378503759000068)","Unfall 132975 (2018) Kat:3, Licht: 0","132975","3","2","3","06","07","3","0","0","1","1","0","0"
"POINT (9.667465892000053 52.377074489000051)","Unfall 132987 (2018) Kat:2, Licht: 0","132987","2","2","6","06","10","6","0","0","0","1","1","0"
"POINT (9.744402818000026 52.370734147000064)","Unfall 132988 (2018) Kat:3, Licht: 0","132988","3","3","5","06","07","3","0","0","1","1","0","0"
"POINT (9.854529888000059 52.388985321000064)","Unfall 132989 (2018) Kat:3, Licht: 0","132989","3","7","1","06","12","6","0","0","1","1","0","0"
"POINT (9.787077664000037 52.410282398000049)","Unfall 132992 (2018) Kat:3, Licht: 0","132992","3","3","5","06","14","6","0","0","1","1","0","0"
"POINT (9.744355353000060 52.377754445000051)","Unfall 132993 (2018) Kat:3, Licht: 0","132993","3","7","0","06","09","6","0","0","1","1","0","0"
"POINT (9.724133777000077 52.363733296000078)","Unfall 132999 (2018) Kat:3, Licht: 0","132999","3","3","5","06","10","6","0","0","1","1","0","0"
"POINT (9.753639382000074 52.369366592000063)","Unfall 133005 (2018) Kat:3, Licht: 0","133005","3","2","5","06","15","2","0","0","1","0","0","0"
"POINT (9.745246348000023 52.373864172000026)","Unfall 133030 (2018) Kat:3, Licht: 0","133030","3","7","0","06","09","3","0","0","0","1","0","0"
"POINT (9.724098508000054 52.363763651000056)","Unfall 133056 (2018) Kat:3, Licht: 0","133056","3","6","9","06","16","5","0","0","0","1","0","0"
"POINT (9.731480006000027 52.397760218000030)","Unfall 133058 (2018) Kat:3, Licht: 0","133058","3","7","1","06","12","5","0","0","0","0","0","1"
"POINT (9.742715102000034 52.388888468000061)","Unfall 133059 (2018) Kat:3, Licht: 0","133059","3","1","1","06","11","5","0","0","1","1","0","0"
"POINT (9.774206149000065 52.335632117000046)","Unfall 133067 (2018) Kat:3, Licht: 0","133067","3","2","5","06","19","1","0","0","0","1","0","0"
"POINT (9.708756113000050 52.373006138000051)","Unfall 133072 (2018) Kat:3, Licht: 0","133072","3","5","1","06","20","5","0","0","1","1","0","0"
"POINT (9.741648265000038 52.375617491000071)","Unfall 133074 (2018) Kat:3, Licht: 1","133074","3","3","5","06","21","5","0","1","1","1","0","0"
"POINT (9.741462618000071 52.378295260000073)","Unfall 133075 (2018) Kat:3, Licht: 0","133075","3","5","1","06","15","1","0","0","0","1","0","1"
"POINT (9.796625127000027 52.389386251000076)","Unfall 133077 (2018) Kat:2, Licht: 0","133077","2","2","5","06","15","5","0","0","0","0","0","1"
"POINT (9.781706264000036 52.400179867000077)","Unfall 133080 (2018) Kat:3, Licht: 0","133080","3","6","3","06","10","5","0","0","0","1","0","0"
"POINT (9.716138419000060 52.399612262000062)","Unfall 133099 (2018) Kat:2, Licht: 0","133099","2","3","5","06","06","3","0","0","1","1","0","0"
"POINT (9.752226004000022 52.410882927000046)","Unfall 133118 (2018) Kat:2, Licht: 0","133118","2","3","5","06","20","2","0","0","1","1","0","0"
"POINT (9.735421969000072 52.384481513000026)","Unfall 133141 (2018) Kat:3, Licht: 0","133141","3","3","5","06","08","3","0","0","1","1","0","0"
"POINT (9.829583297000056 52.425254501000040)","Unfall 133159 (2018) Kat:3, Licht: 0","133159","3","1","0","06","17","4","0","0","0","0","0","1"
"POINT (9.733729126000071 52.399717926000051)","Unfall 133161 (2018) Kat:2, Licht: 0","133161","2","3","5","06","15","4","0","0","1","1","0","0"
"POINT (9.704413130000035 52.366922649000060)","Unfall 133163 (2018) Kat:2, Licht: 0","133163","2","2","5","06","07","4","0","0","1","0","0","0"
"POINT (9.637001886000064 52.417254076000063)","Unfall 133164 (2018) Kat:3, Licht: 2","133164","3","3","5","06","02","4","0","2","1","1","0","0"
"POINT (9.735121426000035 52.394747847000076)","Unfall 133167 (2018) Kat:3, Licht: 0","133167","3","2","5","06","13","2","0","0","1","0","0","0"
"POINT (9.764786444000038 52.395774328000073)","Unfall 133201 (2018) Kat:2, Licht: 0","133201","2","7","0","06","15","3","0","0","0","0","0","0"
"POINT (9.719746499000053 52.368214238000064)","Unfall 133205 (2018) Kat:3, Licht: 0","133205","3","3","5","06","11","2","0","0","0","1","0","0"
"POINT (9.702771107000046 52.372065566000060)","Unfall 133218 (2018) Kat:3, Licht: 0","133218","3","3","5","06","18","7","0","0","1","1","0","0"
"POINT (9.713438657000040 52.384282679000080)","Unfall 133220 (2018) Kat:3, Licht: 0","133220","3","3","5","06","16","7","0","0","1","1","0","0"
"POINT (9.754210974000046 52.389455539000039)","Unfall 133221 (2018) Kat:3, Licht: 1","133221","3","6","2","06","21","7","0","1","0","1","0","1"
"POINT (9.788278058000060 52.397403521000058)","Unfall 133223 (2018) Kat:3, Licht: 0","133223","3","6","3","06","18","7","0","0","0","1","0","0"
"POINT (9.749516928000048 52.385682292000070)","Unfall 133227 (2018) Kat:3, Licht: 0","133227","3","4","6","06","16","7","0","0","1","0","1","0"
"POINT (9.781341290000057 52.408171747000040)","Unfall 133228 (2018) Kat:2, Licht: 0","133228","2","3","5","06","09","7","0","0","1","1","0","0"
"POINT (9.827756924000028 52.340753587000052)","Unfall 133255 (2018) Kat:3, Licht: 0","133255","3","5","1","06","15","2","0","0","1","1","0","0"
"POINT (9.759871816000043 52.361726843000042)","Unfall 133275 (2018) Kat:3, Licht: 0","133275","3","3","5","06","07","2","0","0","1","1","0","0"
"POINT (9.742969160000030 52.374056541000073)","Unfall 133290 (2018) Kat:3, Licht: 2","133290","3","7","0","06","21","3","0","2","0","1","0","0"
"POINT (9.707285912000032 52.359661774000074)","Unfall 133293 (2018) Kat:3, Licht: 0","133293","3","6","2","06","17","6","0","0","0","1","0","0"
"POINT (9.819094049000057 52.399998474000029)","Unfall 133294 (2018) Kat:3, Licht: 0","133294","3","3","0","06","12","3","0","0","0","1","0","1"
"POINT (9.714362341000026 52.342257567000047)","Unfall 133295 (2018) Kat:3, Licht: 0","133295","3","2","5","06","10","6","0","0","0","1","0","0"
"POINT (9.734060233000037 52.368790931000035)","Unfall 133296 (2018) Kat:3, Licht: 0","133296","3","7","0","06","19","6","0","0","1","0","0","0"
"POINT (9.766197377000026 52.381930925000063)","Unfall 133302 (2018) Kat:3, Licht: 0","133302","3","2","2","06","17","6","0","0","0","1","0","0"
"POINT (9.758628925000039 52.395794974000069)","Unfall 133304 (2018) Kat:3, Licht: 0","133304","3","7","1","06","12","6","0","0","1","1","0","0"
"POINT (9.769024369000022 52.395606602000043)","Unfall 133306 (2018) Kat:3, Licht: 0","133306","3","3","5","06","08","6","0","0","1","1","0","0"
"POINT (9.739049912000041 52.382521956000062)","Unfall 133307 (2018) Kat:3, Licht: 0","133307","3","3","5","06","13","2","0","0","0","1","0","1"
"POINT (9.616202573000066 52.418480388000035)","Unfall 133310 (2018) Kat:3, Licht: 0","133310","3","7","0","06","17","2","0","0","0","0","0","0"
"POINT (9.827461138000047 52.346180571000048)","Unfall 133311 (2018) Kat:3, Licht: 0","133311","3","1","0","06","18","6","0","0","1","0","0","0"
"POINT (9.721591946000046 52.360799065000037)","Unfall 133313 (2018) Kat:3, Licht: 0","133313","3","3","5","06","14","6","0","0","1","1","0","0"
"POINT (9.771808717000056 52.370809645000065)","Unfall 133314 (2018) Kat:2, Licht: 0","133314","2","3","5","06","13","6","0","0","1","1","0","0"
"POINT (9.757080505000033 52.370424342000035)","Unfall 133361 (2018) Kat:3, Licht: 0","133361","3","3","5","06","12","3","0","0","1","1","0","0"
"POINT (9.716384519000030 52.388640127000031)","Unfall 133365 (2018) Kat:3, Licht: 0","133365","3","3","5","06","19","2","0","0","1","1","0","0"
"POINT (9.752992027000062 52.390036751000082)","Unfall 133366 (2018) Kat:3, Licht: 0","133366","3","3","5","06","19","1","0","0","1","1","0","0"
"POINT (9.742020847000049 52.397764192000068)","Unfall 133368 (2018) Kat:3, Licht: 0","133368","3","3","5","06","10","2","0","0","1","1","0","0"
"POINT (9.733425337000028 52.373013977000028)","Unfall 133374 (2018) Kat:3, Licht: 2","133374","3","1","0","06","02","1","1","2","1","0","0","0"
"POINT (9.709028388000036 52.367189792000033)","Unfall 133379 (2018) Kat:2, Licht: 0","133379","2","1","0","06","19","1","0","0","1","0","0","0"
"POINT (9.670373467000047 52.399505515000044)","Unfall 133382 (2018) Kat:3, Licht: 0","133382","3","7","5","06","16","5","0","0","1","0","0","0"
"POINT (9.744398786000033 52.389332831000047)","Unfall 133383 (2018) Kat:3, Licht: 0","133383","3","5","1","06","13","5","0","0","1","1","0","0"
"POINT (9.765659421000066 52.399139170000069)","Unfall 133385 (2018) Kat:3, Licht: 0","133385","3","3","5","06","15","5","0","0","0","1","0","0"
"POINT (9.711457297000038 52.370843112000045)","Unfall 133386 (2018) Kat:3, Licht: 0","133386","3","5","3","06","18","1","0","0","0","1","0","0"
"POINT (9.811672657000031 52.389249745000029)","Unfall 133389 (2018) Kat:3, Licht: 0","133389","3","5","2","06","15","3","0","0","0","1","0","0"
"POINT (9.767735217000052 52.358112633000076)","Unfall 133395 (2018) Kat:3, Licht: 0","133395","3","2","5","06","06","5","0","0","1","1","0","0"
"POINT (9.788992796000059 52.395146763000071)","Unfall 133396 (2018) Kat:2, Licht: 2","133396","2","6","0","06","01","1","1","2","1","0","0","0"
"POINT (9.743402378000042 52.372623791000080)","Unfall 133397 (2018) Kat:3, Licht: 2","133397","3","6","3","06","21","5","1","2","0","1","0","1"
"POINT (9.740393220000044 52.361419743000056)","Unfall 133402 (2018) Kat:3, Licht: 0","133402","3","5","5","06","18","3","0","0","0","1","0","0"
"POINT (9.739487066000038 52.380844859000035)","Unfall 133418 (2018) Kat:3, Licht: 0","133418","3","2","5","06","16","2","0","0","1","1","0","0"
"POINT (9.803108734000034 52.351468752000073)","Unfall 133435 (2018) Kat:3, Licht: 0","133435","3","6","4","06","17","4","0","0","1","0","0","0"
"POINT (9.755999575000033 52.391772751000076)","Unfall 133437 (2018) Kat:3, Licht: 0","133437","3","6","2","06","12","4","0","0","0","1","0","0"
"POINT (9.738554063000038 52.406716799000037)","Unfall 133439 (2018) Kat:3, Licht: 0","133439","3","5","1","06","18","4","0","0","0","1","0","0"
"POINT (9.728597220000040 52.342193998000027)","Unfall 133440 (2018) Kat:3, Licht: 0","133440","3","1","7","06","15","4","0","0","1","0","0","0"
"POINT (9.712758919000066 52.382145755000067)","Unfall 133441 (2018) Kat:3, Licht: 0","133441","3","3","5","06","08","4","0","0","1","0","0","0"
"POINT (9.736876787000028 52.387907516000041)","Unfall 133451 (2018) Kat:3, Licht: 0","133451","3","4","6","06","14","1","0","0","0","1","1","0"
"POINT (9.725052214000073 52.355151353000053)","Unfall 133452 (2018) Kat:3, Licht: 0","133452","3","2","5","06","19","3","0","0","1","1","0","0"
"POINT (9.746720133000054 52.373861245000057)","Unfall 133453 (2018) Kat:3, Licht: 1","133453","3","5","0","06","19","1","1","1","1","1","0","0"
"POINT (9.672163337000029 52.396820575000049)","Unfall 133457 (2018) Kat:2, Licht: 2","133457","2","7","6","06","04","1","0","2","0","1","1","0"
"POINT (9.726026712000021 52.372617756000068)","Unfall 133459 (2018) Kat:3, Licht: 0","133459","3","5","1","06","20","1","1","0","1","1","0","0"
"POINT (9.655376455000067 52.419691813000043)","Unfall 133467 (2018) Kat:3, Licht: 0","133467","3","3","5","06","13","4","0","0","1","1","0","0"
"POINT (9.846919278000030 52.387331133000032)","Unfall 133480 (2018) Kat:3, Licht: 0","133480","3","1","9","06","15","7","1","0","0","1","0","0"
"POINT (9.732611239000050 52.388693872000033)","Unfall 133482 (2018) Kat:3, Licht: 2","133482","3","3","5","06","00","7","0","2","0","1","0","0"
"POINT (9.714882952000039 52.343679125000051)","Unfall 133484 (2018) Kat:3, Licht: 0","133484","3","6","2","06","14","7","0","0","1","1","0","0"
"POINT (9.813078703000031 52.379770724000082)","Unfall 133485 (2018) Kat:3, Licht: 0","133485","3","3","5","06","11","7","0","0","1","1","0","0"
"POINT (9.781114620000039 52.399932493000051)","Unfall 133497 (2018) Kat:3, Licht: 0","133497","3","7","5","06","08","4","0","0","1","1","0","0"
"POINT (9.749228142000050 52.389985350000075)","Unfall 133503 (2018) Kat:3, Licht: 0","133503","3","4","6","06","06","5","0","0","0","1","1","0"
"POINT (9.729700099000070 52.392552555000066)","Unfall 133504 (2018) Kat:2, Licht: 0","133504","2","3","5","06","08","4","0","0","1","1","0","0"
"POINT (9.704943359000026 52.374150022000038)","Unfall 133512 (2018) Kat:3, Licht: 1","133512","3","6","2","06","20","3","0","1","0","1","0","1"
"POINT (9.691671652000025 52.371055596000076)","Unfall 133533 (2018) Kat:3, Licht: 0","133533","3","3","5","06","14","6","0","0","1","1","0","0"
"POINT (9.742613123000069 52.378238708000026)","Unfall 133535 (2018) Kat:3, Licht: 0","133535","3","6","2","06","20","6","0","0","1","1","0","0"
"POINT (9.811214166000070 52.389288307000072)","Unfall 133543 (2018) Kat:3, Licht: 0","133543","3","1","0","06","16","6","0","0","1","0","0","0"
"POINT (9.733684234000066 52.399130991000050)","Unfall 133550 (2018) Kat:3, Licht: 0","133550","3","3","5","06","14","4","0","0","1","1","0","0"
"POINT (9.743518237000046 52.417792721000069)","Unfall 133551 (2018) Kat:3, Licht: 0","133551","3","3","5","06","06","4","0","0","1","1","0","0"
"POINT (9.743559177000066 52.381556679000028)","Unfall 133553 (2018) Kat:3, Licht: 1","133553","3","1","0","06","21","3","0","1","1","0","0","0"
"POINT (9.699183679000043 52.342551469000057)","Unfall 133563 (2018) Kat:2, Licht: 0","133563","2","7","6","06","11","4","0","0","0","0","1","0"
"POINT (9.762538996000046 52.360532035000062)","Unfall 133565 (2018) Kat:2, Licht: 0","133565","2","2","5","06","16","3","0","0","1","1","0","0"
"POINT (9.717200149000064 52.345114395000053)","Unfall 133595 (2018) Kat:3, Licht: 0","133595","3","3","5","06","13","2","0","0","1","1","0","0"
"POINT (9.703142039000056 52.368640423000045)","Unfall 133602 (2018) Kat:3, Licht: 0","133602","3","2","5","06","12","2","0","0","1","0","0","1"
"POINT (9.702095161000045 52.328687675000026)","Unfall 133603 (2018) Kat:3, Licht: 0","133603","3","7","0","06","08","5","0","0","0","0","1","0"
"POINT (9.686209463000068 52.340362052000046)","Unfall 133604 (2018) Kat:2, Licht: 2","133604","2","3","5","06","23","4","0","2","1","1","0","0"
"POINT (9.709254800000053 52.372749220000060)","Unfall 133605 (2018) Kat:3, Licht: 0","133605","3","7","0","06","15","2","1","0","1","0","0","0"
"POINT (9.736165712000059 52.416209782000067)","Unfall 133606 (2018) Kat:2, Licht: 0","133606","2","3","5","06","13","5","1","0","0","1","0","0"
"POINT (9.735663181000064 52.376760738000030)","Unfall 133608 (2018) Kat:3, Licht: 0","133608","3","1","0","06","11","5","1","0","1","0","0","0"
"POINT (9.728570795000053 52.348082841000064)","Unfall 133609 (2018) Kat:3, Licht: 0","133609","3","7","0","06","08","3","0","0","1","0","0","0"
"POINT (9.727517524000064 52.361165350000078)","Unfall 133613 (2018) Kat:2, Licht: 0","133613","2","3","5","06","09","2","0","0","0","1","0","0"
"POINT (9.745655552000073 52.382941513000048)","Unfall 133617 (2018) Kat:3, Licht: 0","133617","3","6","0","06","09","5","1","0","1","0","0","0"
"POINT (9.858701915000040 52.400085387000047)","Unfall 133619 (2018) Kat:3, Licht: 0","133619","3","3","5","06","13","5","1","0","0","1","0","0"
"POINT (9.666806983000072 52.401271969000049)","Unfall 133620 (2018) Kat:3, Licht: 0","133620","3","3","5","06","12","5","0","0","1","1","0","0"
"POINT (9.658785540000054 52.406143777000068)","Unfall 133622 (2018) Kat:3, Licht: 0","133622","3","3","5","06","06","5","0","0","1","0","0","0"
"POINT (9.763591843000029 52.410284225000055)","Unfall 133666 (2018) Kat:3, Licht: 0","133666","3","6","2","06","20","3","0","0","0","1","0","0"
"POINT (9.739108561000023 52.374862239000038)","Unfall 133672 (2018) Kat:1, Licht: 0","133672","1","6","6","06","07","1","0","0","0","1","1","0"
"POINT (9.695060849000072 52.406635486000027)","Unfall 133676 (2018) Kat:3, Licht: 0","133676","3","1","0","06","13","4","0","0","1","0","0","0"
"POINT (9.760044050000033 52.395916172000057)","Unfall 133678 (2018) Kat:3, Licht: 0","133678","3","6","3","06","17","3","0","0","1","0","0","0"
"POINT (9.686755656000059 52.392764543000055)","Unfall 133694 (2018) Kat:3, Licht: 0","133694","3","6","3","06","17","4","0","0","0","1","0","1"
"POINT (9.728064848000031 52.347517485000026)","Unfall 133696 (2018) Kat:3, Licht: 2","133696","3","6","3","06","22","4","0","2","1","0","0","0"
"POINT (9.801018497000030 52.377066435000074)","Unfall 133698 (2018) Kat:3, Licht: 1","133698","3","3","5","06","21","4","0","1","1","1","0","0"
"POINT (9.759266142000058 52.369920618000037)","Unfall 133700 (2018) Kat:3, Licht: 0","133700","3","3","5","06","16","4","0","0","1","1","0","0"
"POINT (9.756693667000036 52.340748285000075)","Unfall 133701 (2018) Kat:3, Licht: 0","133701","3","2","4","06","12","4","0","0","1","1","0","0"
"POINT (9.781412599000021 52.326128868000069)","Unfall 133703 (2018) Kat:3, Licht: 0","133703","3","3","5","06","06","4","0","0","1","1","0","0"
"POINT (9.711443203000044 52.404958249000060)","Unfall 133704 (2018) Kat:3, Licht: 0","133704","3","7","0","06","17","4","0","0","1","0","0","0"
"POINT (9.771771945000069 52.417404055000077)","Unfall 133709 (2018) Kat:3, Licht: 0","133709","3","2","5","06","17","4","0","0","0","1","0","0"
"POINT (9.767566669000075 52.358106457000076)","Unfall 133710 (2018) Kat:3, Licht: 0","133710","3","3","5","06","19","4","0","0","0","1","0","0"
"POINT (9.722629461000054 52.346841299000062)","Unfall 133711 (2018) Kat:3, Licht: 0","133711","3","4","6","06","15","4","0","0","0","1","1","0"
"POINT (9.748205192000057 52.376679256000045)","Unfall 133712 (2018) Kat:3, Licht: 0","133712","3","3","5","06","11","4","0","0","0","1","0","0"
"POINT (9.698667834000048 52.391743966000035)","Unfall 133714 (2018) Kat:3, Licht: 0","133714","3","7","0","06","15","1","1","0","0","1","0","1"
"POINT (9.739479860000074 52.380839292000076)","Unfall 133719 (2018) Kat:3, Licht: 0","133719","3","2","5","07","20","2","0","0","1","1","0","0"
"POINT (9.745620811000038 52.374107301000038)","Unfall 133720 (2018) Kat:3, Licht: 0","133720","3","2","0","07","15","5","0","0","1","1","0","0"
"POINT (9.700331861000052 52.333854519000056)","Unfall 133722 (2018) Kat:3, Licht: 0","133722","3","5","1","07","09","4","0","0","0","1","0","0"
"POINT (9.860949414000061 52.368452180000077)","Unfall 133725 (2018) Kat:3, Licht: 0","133725","3","2","5","06","13","7","0","0","1","1","0","0"
"POINT (9.751669967000055 52.385916273000078)","Unfall 133734 (2018) Kat:3, Licht: 0","133734","3","3","5","06","05","5","0","0","1","1","0","0"
"POINT (9.670331240000053 52.369453489000080)","Unfall 133736 (2018) Kat:3, Licht: 2","133736","3","1","9","06","23","7","0","2","0","1","0","0"
"POINT (9.791295225000056 52.342611548000036)","Unfall 133742 (2018) Kat:2, Licht: 2","133742","2","5","1","06","03","7","0","2","0","1","0","1"
"POINT (9.669666411000037 52.381732279000062)","Unfall 133756 (2018) Kat:3, Licht: 0","133756","3","3","5","07","12","2","0","0","0","1","0","0"
"POINT (9.724342980000074 52.387433165000061)","Unfall 133759 (2018) Kat:3, Licht: 0","133759","3","6","2","07","12","2","0","0","0","1","0","0"
"POINT (9.735044453000057 52.380327969000064)","Unfall 133765 (2018) Kat:3, Licht: 0","133765","3","4","6","06","16","5","0","0","0","1","1","0"
"POINT (9.759694698000033 52.379029340000045)","Unfall 133770 (2018) Kat:2, Licht: 0","133770","2","3","0","07","13","5","0","0","1","0","0","0"
"POINT (9.676626557000077 52.365567392000059)","Unfall 133815 (2018) Kat:3, Licht: 0","133815","3","3","5","07","18","5","0","0","1","0","0","0"
"POINT (9.723407539000050 52.387160663000031)","Unfall 133817 (2018) Kat:3, Licht: 0","133817","3","2","4","07","15","3","0","0","1","1","0","0"
"POINT (9.749516928000048 52.385682292000070)","Unfall 133820 (2018) Kat:3, Licht: 0","133820","3","4","6","06","18","5","0","0","0","1","1","0"
"POINT (9.725072892000071 52.384219951000034)","Unfall 133825 (2018) Kat:3, Licht: 0","133825","3","2","2","07","12","3","0","0","0","1","0","1"
"POINT (9.724587702000065 52.358350397000038)","Unfall 133828 (2018) Kat:3, Licht: 0","133828","3","2","5","07","09","2","0","0","1","1","0","0"
"POINT (9.770830841000077 52.384098750000078)","Unfall 133829 (2018) Kat:3, Licht: 0","133829","3","7","0","07","18","5","0","0","1","0","0","0"
"POINT (9.738624238000057 52.381386499000030)","Unfall 133831 (2018) Kat:3, Licht: 0","133831","3","3","5","07","11","3","0","0","1","1","0","0"
"POINT (9.734322193000025 52.376757355000052)","Unfall 133833 (2018) Kat:3, Licht: 0","133833","3","1","0","06","15","6","0","0","1","0","0","0"
"POINT (9.722331341000029 52.385107306000066)","Unfall 133840 (2018) Kat:3, Licht: 0","133840","3","3","5","06","18","6","0","0","1","1","0","0"
"POINT (9.724175492000029 52.386128873000075)","Unfall 133843 (2018) Kat:3, Licht: 0","133843","3","3","5","06","18","6","0","0","1","1","0","0"
"POINT (9.746372098000052 52.354370796000069)","Unfall 133844 (2018) Kat:3, Licht: 0","133844","3","2","5","06","11","6","0","0","1","1","0","0"
"POINT (9.729809990000035 52.376362607000033)","Unfall 133845 (2018) Kat:3, Licht: 0","133845","3","6","4","07","09","4","0","0","1","0","0","0"
"POINT (9.666159430000050 52.374695853000048)","Unfall 133846 (2018) Kat:3, Licht: 0","133846","3","7","0","06","08","6","0","0","1","1","0","0"
"POINT (9.772125741000025 52.330495587000030)","Unfall 133850 (2018) Kat:3, Licht: 0","133850","3","1","0","07","20","1","0","0","1","0","0","0"
"POINT (9.823348553000074 52.384386190000043)","Unfall 133856 (2018) Kat:2, Licht: 0","133856","2","2","5","07","07","2","0","0","1","1","0","0"
"POINT (9.817607349000070 52.367814228000043)","Unfall 133868 (2018) Kat:2, Licht: 0","133868","2","2","5","07","14","2","0","0","1","0","0","0"
"POINT (9.775323815000036 52.400342331000047)","Unfall 133875 (2018) Kat:3, Licht: 0","133875","3","3","5","07","11","3","0","0","0","1","0","0"
"POINT (9.787039673000038 52.373524228000065)","Unfall 133881 (2018) Kat:2, Licht: 0","133881","2","6","4","07","09","3","0","0","1","0","0","0"
"POINT (9.717103859000076 52.341698201000042)","Unfall 133882 (2018) Kat:2, Licht: 0","133882","2","2","5","07","11","5","0","0","0","0","0","0"
"POINT (9.662329154000076 52.403625440000042)","Unfall 133884 (2018) Kat:3, Licht: 0","133884","3","3","5","07","05","3","0","0","0","1","0","0"
"POINT (9.713218558000051 52.371466258000055)","Unfall 133886 (2018) Kat:3, Licht: 0","133886","3","7","0","07","12","4","0","0","1","0","0","0"
"POINT (9.800663674000077 52.405857291000075)","Unfall 133901 (2018) Kat:3, Licht: 0","133901","3","2","0","07","05","4","0","0","1","0","0","0"
"POINT (9.700135179000029 52.337355526000067)","Unfall 133907 (2018) Kat:3, Licht: 0","133907","3","5","1","07","12","1","0","0","1","1","0","0"
"POINT (9.755942505000064 52.382190502000071)","Unfall 133928 (2018) Kat:3, Licht: 0","133928","3","3","5","07","07","2","0","0","1","1","0","0"
"POINT (9.714747343000056 52.402335945000061)","Unfall 133936 (2018) Kat:3, Licht: 0","133936","3","6","0","06","16","5","0","0","1","0","0","0"
"POINT (9.752715143000046 52.389874036000037)","Unfall 133942 (2018) Kat:3, Licht: 0","133942","3","1","0","07","08","5","0","0","0","0","0","1"
"POINT (9.752447557000039 52.366780338000069)","Unfall 133945 (2018) Kat:3, Licht: 0","133945","3","2","5","07","18","4","0","0","1","1","0","0"
"POINT (9.719156177000059 52.365790670000081)","Unfall 133970 (2018) Kat:3, Licht: 0","133970","3","1","0","07","13","2","0","0","1","0","0","0"
"POINT (9.722322998000038 52.360931120000032)","Unfall 133980 (2018) Kat:3, Licht: 0","133980","3","7","6","06","17","5","0","0","0","1","1","0"
"POINT (9.719788051000023 52.360492596000029)","Unfall 133981 (2018) Kat:3, Licht: 0","133981","3","3","5","07","18","2","0","0","1","1","0","0"