WKT,Name,OBJECTID,UKATEGORIE,UTYP1,UART,UMONAT,USTUNDE,UWOCHENTAG,STRZUSTAND,ULICHTVERH,ISTRAD,ISTPKW,ISTFUSS,ISTKRAD
"POINT (9.742994500000066 52.384519925000063)","Unfall 133982 (2018) Kat:3, Licht: 0","133982","3","6","3","07","18","5","0","0","1","0","0","0"
"POINT (9.743188041000053 52.369250322000028)","Unfall 133985 (2018) Kat:3, Licht: 0","133985","3","3","5","06","12","5","0","0","1","1","0","0"
"POINT (9.736283755000045 52.362707459000035)","Unfall 133986 (2018) Kat:3, Licht: 0","133986","3","1","8","06","11","5","0","0","1","0","0","0"
"POINT (9.846422197000038 52.387418424000032)","Unfall 133998 (2018) Kat:3, Licht: 0","133998","3","1","8","07","06","3","1","0","0","1","0","0"
"POINT (9.729931877000070 52.378314991000082)","Unfall 134008 (2018) Kat:3, Licht: 0","134008","3","1","9","07","13","6","0","0","0","1","0","0"
"POINT (9.710143810000034 52.372451981000040)","Unfall 134011 (2018) Kat:3, Licht: 0","134011","3","3","5","07","10","2","0","0","1","1","0","0"
"POINT (9.772013936000064 52.364919316000055)","Unfall 134013 (2018) Kat:3, Licht: 0","134013","3","7","7","07","13","2","0","0","1","0","0","0"
"POINT (9.719793593000077 52.365915425000026)","Unfall 134014 (2018) Kat:3, Licht: 0","134014","3","7","0","07","07","6","0","0","1","0","0","0"
"POINT (9.815265440000076 52.360804251000047)","Unfall 134016 (2018) Kat:3, Licht: 0","134016","3","7","0","07","07","2","0","0","1","0","0","0"
"POINT (9.725391697000021 52.383189258000073)","Unfall 134019 (2018) Kat:3, Licht: 0","134019","3","5","0","07","07","2","0","0","1","0","0","0"
"POINT (9.736839310000050 52.376775418000079)","Unfall 134026 (2018) Kat:3, Licht: 0","134026","3","2","5","07","14","2","0","0","0","1","0","0"
"POINT (9.726752212000065 52.352436771000043)","Unfall 134030 (2018) Kat:2, Licht: 0","134030","2","3","5","07","14","2","0","0","1","1","0","0"
"POINT (9.693547030000048 52.396669887000030)","Unfall 134033 (2018) Kat:3, Licht: 0","134033","3","7","5","07","10","2","0","0","1","1","0","0"
"POINT (9.738901312000053 52.394429480000042)","Unfall 134035 (2018) Kat:2, Licht: 0","134035","2","3","6","07","08","2","0","0","1","0","1","0"
"POINT (9.669847117000074 52.347935667000058)","Unfall 134037 (2018) Kat:3, Licht: 0","134037","3","6","2","07","13","3","1","0","0","1","0","0"
"POINT (9.752616298000021 52.395000036000056)","Unfall 134046 (2018) Kat:3, Licht: 0","134046","3","3","5","07","08","6","0","0","1","1","0","0"
"POINT (9.745371899000077 52.378703818000076)","Unfall 134052 (2018) Kat:3, Licht: 0","134052","3","3","5","07","16","3","1","0","1","1","0","0"
"POINT (9.694414502000029 52.352779569000063)","Unfall 134074 (2018) Kat:3, Licht: 1","134074","3","3","5","07","05","5","0","1","1","0","0","0"
"POINT (9.701052990000051 52.366360159000067)","Unfall 134088 (2018) Kat:3, Licht: 0","134088","3","1","0","07","06","4","1","0","0","0","0","1"
"POINT (9.757285800000034 52.354292269000041)","Unfall 134091 (2018) Kat:3, Licht: 0","134091","3","3","5","07","17","3","1","0","0","1","0","0"
"POINT (9.723595659000068 52.337187380000046)","Unfall 134096 (2018) Kat:3, Licht: 2","134096","3","6","9","07","23","1","0","2","0","1","0","0"
"POINT (9.697692056000051 52.392394344000081)","Unfall 134105 (2018) Kat:3, Licht: 0","134105","3","4","6","07","14","1","0","0","1","0","1","0"
"POINT (9.695035469000061 52.392220900000041)","Unfall 134107 (2018) Kat:1, Licht: 0","134107","1","4","6","07","17","3","1","0","0","1","1","0"
"POINT (9.717124951000074 52.343172342000059)","Unfall 134124 (2018) Kat:3, Licht: 0","134124","3","2","5","07","18","6","0","0","0","1","0","1"
"POINT (9.718209313000045 52.374940912000056)","Unfall 134140 (2018) Kat:3, Licht: 2","134140","3","7","0","07","01","1","0","2","1","0","0","0"
"POINT (9.765329091000069 52.417943667000031)","Unfall 134147 (2018) Kat:3, Licht: 0","134147","3","3","5","07","17","3","1","0","1","1","0","0"
"POINT (9.728887749000023 52.347729637000043)","Unfall 134151 (2018) Kat:3, Licht: 0","134151","3","1","0","07","19","3","1","0","0","0","0","1"
"POINT (9.750653100000022 52.348624445000041)","Unfall 134174 (2018) Kat:3, Licht: 2","134174","3","1","0","07","03","7","0","2","1","0","0","0"
"POINT (9.695182152000029 52.394201745000032)","Unfall 134177 (2018) Kat:3, Licht: 0","134177","3","6","2","07","13","7","0","0","1","0","0","0"
"POINT (9.760203836000073 52.393822339000053)","Unfall 134180 (2018) Kat:3, Licht: 0","134180","3","3","5","07","12","7","0","0","1","1","0","0"
"POINT (9.717273692000049 52.346579195000061)","Unfall 134182 (2018) Kat:3, Licht: 0","134182","3","1","0","07","12","4","1","0","0","0","0","1"
"POINT (9.762684272000058 52.344408751000060)","Unfall 134186 (2018) Kat:3, Licht: 0","134186","3","3","5","07","07","6","0","0","1","1","0","0"
"POINT (9.669557547000068 52.349679805000051)","Unfall 134187 (2018) Kat:3, Licht: 0","134187","3","3","5","07","09","4","1","0","0","1","0","0"
"POINT (9.782950903000028 52.335984366000048)","Unfall 134189 (2018) Kat:3, Licht: 0","134189","3","1","0","07","10","7","0","0","1","0","0","0"
"POINT (9.748867845000063 52.396794112000066)","Unfall 134192 (2018) Kat:3, Licht: 0","134192","3","2","4","07","16","7","0","0","1","1","0","0"
"POINT (9.710527656000068 52.371265912000069)","Unfall 134193 (2018) Kat:3, Licht: 0","134193","3","3","5","07","14","4","1","0","0","1","0","0"
"POINT (9.792948890000048 52.395451669000067)","Unfall 134206 (2018) Kat:3, Licht: 0","134206","3","2","2","07","12","4","1","0","0","1","0","0"
"POINT (9.725641672000052 52.382081233000065)","Unfall 134210 (2018) Kat:3, Licht: 0","134210","3","5","1","07","18","6","0","0","1","1","0","0"
"POINT (9.804824666000059 52.410011580000059)","Unfall 134217 (2018) Kat:3, Licht: 0","134217","3","3","5","07","10","4","1","0","1","1","0","0"
"POINT (9.759395299000062 52.361611883000080)","Unfall 134225 (2018) Kat:2, Licht: 0","134225","2","2","4","07","19","3","1","0","1","1","0","0"
"POINT (9.668567293000024 52.400424782000073)","Unfall 134254 (2018) Kat:3, Licht: 0","134254","3","3","0","07","20","1","0","0","1","1","0","0"
"POINT (9.731768066000029 52.398568011000066)","Unfall 134255 (2018) Kat:3, Licht: 0","134255","3","3","5","07","11","6","0","0","0","1","0","0"
"POINT (9.716781548000029 52.386210497000036)","Unfall 134258 (2018) Kat:3, Licht: 0","134258","3","5","1","07","14","6","0","0","1","1","0","0"
"POINT (9.722246300000052 52.394785727000055)","Unfall 134260 (2018) Kat:3, Licht: 0","134260","3","5","1","07","18","3","1","0","0","1","0","0"
"POINT (9.803128652000055 52.396451104000050)","Unfall 134266 (2018) Kat:3, Licht: 0","134266","3","2","5","07","15","5","0","0","1","1","0","0"
"POINT (9.663269827000022 52.409800611000037)","Unfall 134267 (2018) Kat:3, Licht: 0","134267","3","2","6","07","09","3","0","0","0","1","1","0"
"POINT (9.772013936000064 52.364919316000055)","Unfall 134268 (2018) Kat:3, Licht: 1","134268","3","6","2","07","21","5","0","1","0","1","0","0"
"POINT (9.721582365000074 52.337999344000082)","Unfall 134271 (2018) Kat:3, Licht: 0","134271","3","6","2","07","20","5","0","0","0","1","0","0"
"POINT (9.814176579000048 52.331791053000074)","Unfall 134274 (2018) Kat:3, Licht: 0","134274","3","1","1","07","15","5","0","0","0","1","0","1"
"POINT (9.803446377000057 52.409250923000059)","Unfall 134276 (2018) Kat:3, Licht: 0","134276","3","3","5","07","13","5","0","0","1","1","0","0"
"POINT (9.767886197000053 52.332242937000046)","Unfall 134277 (2018) Kat:2, Licht: 0","134277","2","7","0","07","18","7","0","0","0","1","0","0"
"POINT (9.739849618000051 52.362188609000043)","Unfall 134282 (2018) Kat:3, Licht: 0","134282","3","6","3","07","17","2","0","0","0","1","0","0"
"POINT (9.781208260000028 52.361240943000041)","Unfall 134286 (2018) Kat:3, Licht: 0","134286","3","2","5","07","18","5","0","0","1","1","0","0"
"POINT (9.751388105000046 52.356222501000047)","Unfall 134288 (2018) Kat:3, Licht: 0","134288","3","2","5","07","07","5","0","0","1","1","0","0"
"POINT (9.749235602000056 52.410863483000071)","Unfall 134311 (2018) Kat:3, Licht: 2","134311","3","5","1","07","00","1","0","2","0","1","0","0"
"POINT (9.724420393000059 52.385429269000042)","Unfall 134314 (2018) Kat:2, Licht: 0","134314","2","2","5","07","16","2","0","0","1","1","0","0"
"POINT (9.812072192000073 52.390599934000079)","Unfall 134318 (2018) Kat:3, Licht: 0","134318","3","3","5","07","14","3","0","0","1","1","0","0"
"POINT (9.705073424000034 52.407278463000068)","Unfall 134330 (2018) Kat:3, Licht: 0","134330","3","3","5","07","18","3","0","0","0","1","0","1"
"POINT (9.716988414000070 52.372815724000077)","Unfall 134332 (2018) Kat:3, Licht: 0","134332","3","2","2","07","13","2","0","0","1","0","0","0"
"POINT (9.748489198000073 52.390749775000074)","Unfall 134349 (2018) Kat:3, Licht: 0","134349","3","6","2","07","17","2","0","0","0","1","0","0"
"POINT (9.807547458000045 52.379666330000077)","Unfall 134358 (2018) Kat:3, Licht: 0","134358","3","3","5","07","13","4","0","0","1","1","0","0"
"POINT (9.729821418000029 52.374743701000057)","Unfall 134360 (2018) Kat:3, Licht: 0","134360","3","1","0","07","14","4","0","0","1","0","0","0"
"POINT (9.738482296000029 52.371897728000079)","Unfall 134363 (2018) Kat:3, Licht: 0","134363","3","6","3","07","12","2","0","0","1","1","0","0"
"POINT (9.745315480000045 52.384601112000041)","Unfall 134366 (2018) Kat:3, Licht: 0","134366","3","5","1","07","12","2","0","0","1","1","0","0"
"POINT (9.749540979000074 52.373154667000051)","Unfall 134371 (2018) Kat:3, Licht: 0","134371","3","1","0","07","14","4","0","0","1","0","0","0"
"POINT (9.736505839000074 52.386917303000075)","Unfall 134383 (2018) Kat:3, Licht: 0","134383","3","2","5","07","15","3","0","0","1","1","0","0"
"POINT (9.761133172000029 52.332812173000036)","Unfall 134387 (2018) Kat:3, Licht: 0","134387","3","3","5","07","16","2","0","0","1","1","0","0"
"POINT (9.749062148000064 52.336998489000052)","Unfall 134396 (2018) Kat:3, Licht: 0","134396","3","6","4","07","14","2","0","0","1","0","0","0"
"POINT (9.772195874000033 52.350512924000043)","Unfall 134409 (2018) Kat:3, Licht: 0","134409","3","2","5","07","15","2","0","0","1","1","0","0"
"POINT (9.692536574000030 52.398592965000034)","Unfall 134419 (2018) Kat:3, Licht: 0","134419","3","2","4","07","11","2","0","0","1","0","0","0"
"POINT (9.743807607000065 52.357121516000063)","Unfall 134429 (2018) Kat:3, Licht: 0","134429","3","2","3","07","11","3","0","0","1","1","0","0"
"POINT (9.696000473000026 52.328986383000029)","Unfall 134444 (2018) Kat:3, Licht: 0","134444","3","4","6","07","18","3","0","0","0","1","1","0"
"POINT (9.668819374000066 52.400295672000027)","Unfall 134446 (2018) Kat:3, Licht: 0","134446","3","6","3","07","11","3","0","0","1","0","0","0"
"POINT (9.721419928000046 52.351031228000068)","Unfall 134453 (2018) Kat:3, Licht: 0","134453","3","7","6","07","14","3","0","0","0","1","1","0"
"POINT (9.748600998000029 52.336883205000049)","Unfall 134456 (2018) Kat:3, Licht: 0","134456","3","1","6","07","13","3","0","0","1","0","1","0"
"POINT (9.714681819000077 52.371750286000065)","Unfall 134460 (2018) Kat:3, Licht: 0","134460","3","1","0","07","10","3","0","0","1","0","0","0"
"POINT (9.794379251000066 52.393406694000078)","Unfall 134466 (2018) Kat:3, Licht: 2","134466","3","3","5","07","02","3","0","2","1","1","0","0"
"POINT (9.772138434000055 52.395839901000045)","Unfall 134470 (2018) Kat:3, Licht: 0","134470","3","3","5","07","09","3","0","0","1","0","0","0"
"POINT (9.724994996000021 52.355681525000080)","Unfall 134473 (2018) Kat:3, Licht: 2","134473","3","7","0","07","23","3","0","2","1","0","0","0"
"POINT (9.728522318000046 52.377925018000042)","Unfall 134474 (2018) Kat:3, Licht: 0","134474","3","6","2","07","14","3","0","0","0","1","0","0"
"POINT (9.750048614000036 52.337073598000075)","Unfall 134476 (2018) Kat:3, Licht: 0","134476","3","6","3","07","13","3","0","0","1","0","0","0"
"POINT (9.703286923000064 52.374791037000080)","Unfall 134477 (2018) Kat:3, Licht: 0","134477","3","5","1","07","12","3","0","0","1","0","0","0"
"POINT (9.732251469000062 52.379077687000063)","Unfall 134484 (2018) Kat:3, Licht: 0","134484","3","6","2","07","16","6","0","0","0","1","0","0"
"POINT (9.685518588000036 52.350991317000080)","Unfall 134486 (2018) Kat:3, Licht: 0","134486","3","6","4","07","16","4","0","0","1","0","0","0"
"POINT (9.792662591000067 52.403450564000082)","Unfall 134489 (2018) Kat:3, Licht: 0","134489","3","6","2","07","09","3","0","0","0","1","0","0"
"POINT (9.701357120000068 52.396022454000047)","Unfall 134501 (2018) Kat:3, Licht: 0","134501","3","2","5","07","14","3","0","0","1","1","0","0"
"POINT (9.693494087000033 52.392172343000027)","Unfall 134532 (2018) Kat:3, Licht: 0","134532","3","2","5","07","16","2","0","0","1","1","0","0"
"POINT (9.709377141000061 52.368552592000071)","Unfall 134533 (2018) Kat:3, Licht: 0","134533","3","5","1","07","14","6","0","0","1","1","0","0"
"POINT (9.671738501000050 52.415619139000057)","Unfall 134535 (2018) Kat:3, Licht: 0","134535","3","3","5","07","14","4","0","0","1","1","0","0"
"POINT (9.708359184000074 52.367152965000059)","Unfall 134540 (2018) Kat:3, Licht: 0","134540","3","3","0","07","16","3","0","0","1","1","0","0"
"POINT (9.700778828000068 52.391459579000070)","Unfall 134568 (2018) Kat:3, Licht: 0","134568","3","3","5","07","15","1","0","0","1","1","0","0"
"POINT (9.708437718000027 52.426837789000047)","Unfall 134572 (2018) Kat:3, Licht: 0","134572","3","1","9","08","16","6","0","0","0","1","0","0"
"POINT (9.804805825000074 52.378037156000062)","Unfall 134587 (2018) Kat:3, Licht: 0","134587","3","2","4","08","18","5","0","0","0","1","0","0"
"POINT (9.726361497000028 52.388414206000050)","Unfall 134596 (2018) Kat:3, Licht: 0","134596","3","3","5","07","18","5","0","0","1","1","0","0"
"POINT (9.693286135000051 52.409342100000060)","Unfall 134597 (2018) Kat:3, Licht: 0","134597","3","3","5","07","12","2","0","0","1","1","0","0"
"POINT (9.763689382000052 52.368810800000062)","Unfall 134600 (2018) Kat:3, Licht: 0","134600","3","2","0","08","11","5","0","0","1","1","0","0"
"POINT (9.746822187000021 52.404228482000065)","Unfall 134601 (2018) Kat:3, Licht: 0","134601","3","5","5","07","07","2","0","0","1","1","0","0"
"POINT (9.747857777000036 52.405310495000037)","Unfall 134609 (2018) Kat:3, Licht: 0","134609","3","4","6","08","19","5","0","0","1","0","1","0"
"POINT (9.797364025000036 52.350758752000047)","Unfall 134611 (2018) Kat:3, Licht: 2","134611","3","1","6","08","22","7","0","2","0","1","1","0"
"POINT (9.721301080000046 52.369948411000053)","Unfall 134614 (2018) Kat:2, Licht: 0","134614","2","1","1","08","20","6","0","0","1","1","0","0"
"POINT (9.687695332000033 52.392759075000072)","Unfall 134622 (2018) Kat:3, Licht: 0","134622","3","7","0","07","14","7","1","0","1","0","0","0"
"POINT (9.753225546000067 52.380109630000049)","Unfall 134623 (2018) Kat:3, Licht: 0","134623","3","5","1","08","14","7","0","0","1","1","0","0"
"POINT (9.743523604000075 52.369357969000077)","Unfall 134624 (2018) Kat:3, Licht: 0","134624","3","6","6","07","13","7","1","0","1","0","1","0"
"POINT (9.744542554000077 52.385088530000075)","Unfall 134626 (2018) Kat:3, Licht: 0","134626","3","3","5","08","09","6","0","0","1","1","0","0"
"POINT (9.730123174000028 52.391891425000040)","Unfall 134627 (2018) Kat:3, Licht: 0","134627","3","5","2","07","14","7","1","0","0","1","0","0"
"POINT (9.765972628000043 52.395970282000064)","Unfall 134629 (2018) Kat:3, Licht: 0","134629","3","3","5","08","16","5","0","0","1","1","0","0"
"POINT (9.742254250000030 52.378784752000058)","Unfall 134640 (2018) Kat:3, Licht: 2","134640","3","1","0","07","03","7","0","2","0","0","0","1"
"POINT (9.684930721000058 52.328230332000032)","Unfall 134642 (2018) Kat:3, Licht: 0","134642","3","1","0","07","11","2","0","0","1","0","0","0"
"POINT (9.719741223000028 52.378237808000051)","Unfall 134644 (2018) Kat:3, Licht: 0","134644","3","1","0","08","07","1","0","0","1","0","0","0"
"POINT (9.787050844000021 52.401567686000078)","Unfall 134683 (2018) Kat:3, Licht: 0","134683","3","3","0","08","19","7","0","0","1","1","0","0"
"POINT (9.823514497000076 52.401359636000052)","Unfall 134696 (2018) Kat:3, Licht: 0","134696","3","5","1","07","12","6","0","0","1","1","0","0"
"POINT (9.780133275000026 52.328509900000029)","Unfall 134698 (2018) Kat:3, Licht: 0","134698","3","2","2","07","16","2","0","0","1","1","0","0"
"POINT (9.690732887000024 52.376567907000037)","Unfall 134701 (2018) Kat:3, Licht: 0","134701","3","7","0","08","14","5","0","0","0","1","0","1"
"POINT (9.726218255000049 52.377241133000041)","Unfall 134703 (2018) Kat:3, Licht: 0","134703","3","7","5","07","17","6","0","0","1","1","0","0"
"POINT (9.701718583000059 52.408735723000063)","Unfall 134711 (2018) Kat:3, Licht: 0","134711","3","3","5","08","10","5","0","0","1","1","0","0"
"POINT (9.721211154000059 52.361618735000036)","Unfall 134718 (2018) Kat:3, Licht: 2","134718","3","2","5","08","00","4","0","2","0","1","0","0"
"POINT (9.746879872000022 52.420091605000039)","Unfall 134723 (2018) Kat:3, Licht: 0","134723","3","2","5","07","16","6","0","0","0","1","0","1"
"POINT (9.661120555000025 52.353168712000070)","Unfall 134724 (2018) Kat:3, Licht: 0","134724","3","3","5","08","16","4","0","0","0","1","0","0"
"POINT (9.791594544000077 52.396880895000038)","Unfall 134727 (2018) Kat:3, Licht: 0","134727","3","6","2","08","19","4","0","0","0","1","0","0"
"POINT (9.754284329000029 52.368356805000076)","Unfall 134728 (2018) Kat:2, Licht: 0","134728","2","3","5","07","06","6","0","0","1","1","0","0"
"POINT (9.807464629000037 52.378821837000032)","Unfall 134729 (2018) Kat:3, Licht: 2","134729","3","1","8","08","04","5","1","2","0","1","0","0"
"POINT (9.733591796000042 52.378513021000060)","Unfall 134733 (2018) Kat:3, Licht: 0","134733","3","2","5","08","18","6","0","0","0","1","0","1"
"POINT (9.735373744000071 52.384435806000056)","Unfall 134735 (2018) Kat:3, Licht: 0","134735","3","3","5","08","17","4","0","0","1","1","0","0"
"POINT (9.748910295000030 52.394569980000028)","Unfall 134742 (2018) Kat:3, Licht: 0","134742","3","3","6","08","15","4","0","0","0","1","1","0"
"POINT (9.741703453000071 52.380257530000051)","Unfall 134744 (2018) Kat:3, Licht: 0","134744","3","3","5","08","18","7","0","0","1","1","0","0"
"POINT (9.750818581000033 52.375630317000059)","Unfall 134747 (2018) Kat:3, Licht: 0","134747","3","2","0","08","15","6","0","0","1","0","0","0"
"POINT (9.782116810000048 52.328967993000049)","Unfall 134749 (2018) Kat:2, Licht: 0","134749","2","2","5","08","16","4","0","0","1","1","0","0"
"POINT (9.761013684000034 52.367694114000074)","Unfall 134761 (2018) Kat:3, Licht: 0","134761","3","6","2","08","13","4","0","0","1","0","0","0"
"POINT (9.729778422000038 52.345244572000070)","Unfall 134762 (2018) Kat:3, Licht: 0","134762","3","3","5","07","18","2","0","0","1","1","0","0"
"POINT (9.806695280000042 52.388784498000064)","Unfall 134763 (2018) Kat:3, Licht: 0","134763","3","2","5","08","15","5","0","0","1","1","0","0"
"POINT (9.674104470000032 52.358578813000065)","Unfall 134765 (2018) Kat:2, Licht: 0","134765","2","1","0","08","20","1","0","0","1","0","0","0"
"POINT (9.756155429000046 52.342668638000077)","Unfall 134769 (2018) Kat:2, Licht: 0","134769","2","3","5","08","11","4","0","0","1","1","0","0"
"POINT (9.691300743000056 52.336138368000036)","Unfall 134773 (2018) Kat:3, Licht: 0","134773","3","6","4","07","09","2","0","0","0","1","0","0"
"POINT (9.820758317000070 52.350931985000045)","Unfall 134774 (2018) Kat:3, Licht: 0","134774","3","2","4","07","07","3","0","0","0","1","0","0"
"POINT (9.796711340000059 52.352912453000044)","Unfall 134786 (2018) Kat:3, Licht: 2","134786","3","1","6","08","22","7","0","2","0","1","1","0"
"POINT (9.805674527000065 52.419663877000062)","Unfall 134797 (2018) Kat:3, Licht: 0","134797","3","1","0","08","12","7","0","0","1","0","0","0"
"POINT (9.728661113000044 52.377977955000063)","Unfall 134800 (2018) Kat:3, Licht: 0","134800","3","6","2","08","06","6","0","0","0","1","0","1"
"POINT (9.722167714000022 52.385120343000040)","Unfall 134801 (2018) Kat:3, Licht: 0","134801","3","5","1","07","09","5","0","0","1","1","0","0"
"POINT (9.740663588000075 52.374530062000076)","Unfall 134802 (2018) Kat:3, Licht: 0","134802","3","4","6","08","11","5","0","0","1","0","1","0"
"POINT (9.792435184000055 52.408056410000029)","Unfall 134805 (2018) Kat:3, Licht: 0","134805","3","5","1","08","18","6","0","0","1","1","0","0"
"POINT (9.732525532000068 52.391336561000060)","Unfall 134806 (2018) Kat:3, Licht: 0","134806","3","3","5","07","08","5","0","0","1","1","0","0"
"POINT (9.739822026000070 52.377036565000026)","Unfall 134809 (2018) Kat:3, Licht: 1","134809","3","6","6","07","20","5","0","1","1","0","1","0"
"POINT (9.708002478000026 52.367581204000032)","Unfall 134815 (2018) Kat:3, Licht: 0","134815","3","6","0","07","10","2","0","0","1","1","0","0"
"POINT (9.726473478000060 52.388500052000040)","Unfall 134833 (2018) Kat:3, Licht: 2","134833","3","1","0","08","01","6","0","2","1","0","0","0"
"POINT (9.789656179000076 52.410222521000037)","Unfall 134837 (2018) Kat:3, Licht: 0","134837","3","2","5","08","17","5","0","0","1","0","0","0"
"POINT (9.692277468000043 52.398137556000052)","Unfall 134838 (2018) Kat:3, Licht: 0","134838","3","2","5","08","09","3","0","0","1","1","0","0"
"POINT (9.744771440000022 52.376886441000067)","Unfall 134847 (2018) Kat:3, Licht: 0","134847","3","5","1","08","12","5","0","0","1","1","0","0"
"POINT (9.726283097000021 52.388355145000048)","Unfall 134865 (2018) Kat:3, Licht: 2","134865","3","2","5","08","22","2","1","2","1","1","0","0"
"POINT (9.812087042000030 52.344115857000077)","Unfall 134866 (2018) Kat:3, Licht: 0","134866","3","3","5","08","14","4","0","0","1","1","0","0"
"POINT (9.707116739000071 52.401730451000049)","Unfall 134868 (2018) Kat:3, Licht: 0","134868","3","3","5","08","13","6","0","0","1","0","0","0"
"POINT (9.763520583000059 52.342486907000080)","Unfall 134869 (2018) Kat:3, Licht: 0","134869","3","6","2","08","17","4","0","0","0","1","0","0"
"POINT (9.733678504000068 52.379814132000035)","Unfall 134874 (2018) Kat:3, Licht: 0","134874","3","3","5","08","14","4","0","0","1","1","0","0"
"POINT (9.749769640000068 52.378074040000058)","Unfall 134878 (2018) Kat:3, Licht: 0","134878","3","3","5","08","12","4","0","0","0","1","0","0"
"POINT (9.761771192000026 52.342010883000057)","Unfall 134879 (2018) Kat:3, Licht: 0","134879","3","3","5","08","07","2","0","0","1","1","0","0"
"POINT (9.718641325000021 52.374105731000043)","Unfall 134881 (2018) Kat:3, Licht: 0","134881","3","7","0","08","17","7","0","0","1","0","0","0"
"POINT (9.732715837000058 52.379250361000061)","Unfall 134885 (2018) Kat:3, Licht: 0","134885","3","1","0","08","06","5","0","0","1","0","0","0"
"POINT (9.819375330000071 52.356095487000061)","Unfall 134886 (2018) Kat:3, Licht: 0","134886","3","3","5","08","17","3","1","0","0","1","0","0"
"POINT (9.809825311000054 52.361471411000082)","Unfall 134895 (2018) Kat:3, Licht: 0","134895","3","5","1","08","12","3","1","0","1","1","0","0"
"POINT (9.763375037000060 52.339478562000068)","Unfall 134919 (2018) Kat:2, Licht: 0","134919","2","5","1","08","05","6","0","0","0","1","1","0"
"POINT (9.705857308000077 52.390753179000058)","Unfall 134930 (2018) Kat:2, Licht: 0","134930","2","3","5","08","18","7","0","0","1","1","0","0"
"POINT (9.753170522000062 52.376539412000056)","Unfall 134935 (2018) Kat:2, Licht: 0","134935","2","1","6","08","18","5","1","0","1","0","1","0"
"POINT (9.752302984000039 52.389563012000053)","Unfall 134936 (2018) Kat:3, Licht: 0","134936","3","6","2","08","17","3","0","0","0","1","0","0"
"POINT (9.793195099000059 52.411217416000056)","Unfall 134938 (2018) Kat:3, Licht: 1","134938","3","1","0","08","19","5","1","1","1","0","0","0"
"POINT (9.637854383000047 52.417300611000030)","Unfall 134939 (2018) Kat:3, Licht: 0","134939","3","6","2","08","13","3","1","0","0","1","0","0"
"POINT (9.722010384000043 52.346701381000059)","Unfall 134942 (2018) Kat:3, Licht: 0","134942","3","7","5","08","17","3","0","0","1","1","0","0"
"POINT (9.727910593000047 52.374133807000078)","Unfall 134945 (2018) Kat:3, Licht: 0","134945","3","3","0","08","16","3","0","0","0","1","0","1"
"POINT (9.702840465000065 52.376278426000056)","Unfall 134948 (2018) Kat:3, Licht: 0","134948","3","7","9","08","16","3","0","0","0","1","0","0"
"POINT (9.735534179000069 52.362494406000053)","Unfall 134949 (2018) Kat:3, Licht: 2","134949","3","4","6","08","01","1","0","2","1","0","1","0"
"POINT (9.771494011000073 52.370801664000055)","Unfall 134950 (2018) Kat:3, Licht: 0","134950","3","2","3","08","14","3","0","0","1","0","0","0"
"POINT (9.704904909000049 52.374339978000080)","Unfall 134959 (2018) Kat:2, Licht: 2","134959","2","1","0","08","22","3","1","2","1","0","0","0"
"POINT (9.751896764000037 52.385933180000052)","Unfall 134961 (2018) Kat:3, Licht: 0","134961","3","3","5","08","17","3","0","0","0","1","0","0"
"POINT (9.759620543000040 52.341357065000068)","Unfall 134966 (2018) Kat:3, Licht: 0","134966","3","1","4","08","15","3","0","0","0","1","0","0"
"POINT (9.692690454000058 52.396664736000048)","Unfall 134967 (2018) Kat:3, Licht: 0","134967","3","2","5","08","07","3","0","0","1","0","0","0"
"POINT (9.733731400000067 52.362120644000072)","Unfall 134968 (2018) Kat:3, Licht: 0","134968","3","3","5","08","15","2","0","0","1","1","0","0"
"POINT (9.750665988000037 52.360647680000056)","Unfall 134972 (2018) Kat:3, Licht: 0","134972","3","5","1","08","16","6","0","0","1","1","0","0"
"POINT (9.800130658000057 52.398791940000081)","Unfall 134983 (2018) Kat:3, Licht: 0","134983","3","3","5","08","11","2","0","0","1","1","0","0"
"POINT (9.654407576000040 52.410057605000077)","Unfall 134985 (2018) Kat:3, Licht: 0","134985","3","3","5","08","13","7","0","0","1","1","0","0"
"POINT (9.806330625000044 52.417216779000057)","Unfall 134990 (2018) Kat:3, Licht: 0","134990","3","3","5","08","08","5","0","0","1","1","0","0"
"POINT (9.738829345000056 52.363312917000030)","Unfall 134991 (2018) Kat:3, Licht: 0","134991","3","2","5","08","17","3","1","0","1","1","0","0"
"POINT (9.802131310000050 52.380258061000063)","Unfall 134992 (2018) Kat:3, Licht: 0","134992","3","4","6","08","16","7","0","0","0","0","1","1"
"POINT (9.764448190000053 52.333200308000073)","Unfall 135004 (2018) Kat:3, Licht: 0","135004","3","2","5","08","06","5","0","0","1","1","0","0"
"POINT (9.703964664000068 52.366943152000033)","Unfall 135029 (2018) Kat:3, Licht: 0","135029","3","2","6","08","16","6","0","0","0","1","1","0"
"POINT (9.771870790000037 52.350763726000082)","Unfall 135032 (2018) Kat:3, Licht: 0","135032","3","3","5","08","18","5","1","0","1","1","0","0"