WKT,Name,OBJECTID,UKATEGORIE,UTYP1,UART,UMONAT,USTUNDE,UWOCHENTAG,STRZUSTAND,ULICHTVERH,ISTRAD,ISTPKW,ISTFUSS,ISTKRAD
"POINT (9.674446481000075 52.409074139000040)","Unfall 135033 (2018) Kat:3, Licht: 2","135033","3","1","7","08","22","3","0","2","0","1","0","0"
"POINT (9.791197280000063 52.374438051000027)","Unfall 135043 (2018) Kat:3, Licht: 0","135043","3","3","5","08","17","5","1","0","1","1","0","0"
"POINT (9.747750465000024 52.378252239000062)","Unfall 135044 (2018) Kat:3, Licht: 0","135044","3","3","0","08","16","3","0","0","1","1","0","0"
"POINT (9.722049726000023 52.354774040000052)","Unfall 135051 (2018) Kat:3, Licht: 0","135051","3","2","5","08","10","2","0","0","0","1","0","1"
"POINT (9.803291948000037 52.391748941000060)","Unfall 135054 (2018) Kat:3, Licht: 0","135054","3","6","2","08","15","2","0","0","0","1","0","0"
"POINT (9.752066048000074 52.410435087000053)","Unfall 135055 (2018) Kat:3, Licht: 0","135055","3","3","5","08","14","1","0","0","1","1","0","0"
"POINT (9.740694875000031 52.400221126000076)","Unfall 135056 (2018) Kat:3, Licht: 0","135056","3","3","5","08","11","2","0","0","0","1","0","0"
"POINT (9.787950513000055 52.397499495000034)","Unfall 135060 (2018) Kat:3, Licht: 0","135060","3","6","3","08","17","2","0","0","0","1","0","1"
"POINT (9.804266242000040 52.391217684000026)","Unfall 135062 (2018) Kat:3, Licht: 0","135062","3","2","5","08","14","2","0","0","1","1","0","0"
"POINT (9.780971618000024 52.398367712000038)","Unfall 135070 (2018) Kat:2, Licht: 0","135070","2","7","0","08","10","2","0","0","0","1","0","0"
"POINT (9.783285768000042 52.371233845000063)","Unfall 135076 (2018) Kat:3, Licht: 0","135076","3","7","0","08","08","6","0","0","1","0","0","0"
"POINT (9.729713296000057 52.364731839000058)","Unfall 135086 (2018) Kat:3, Licht: 0","135086","3","2","5","08","07","6","0","0","1","1","0","0"
"POINT (9.735073209000063 52.380344227000080)","Unfall 135087 (2018) Kat:3, Licht: 2","135087","3","6","2","08","01","1","0","2","0","1","0","0"
"POINT (9.822016716000064 52.335203017000026)","Unfall 135096 (2018) Kat:3, Licht: 0","135096","3","7","5","08","17","5","0","0","1","0","0","0"
"POINT (9.803446377000057 52.409250923000059)","Unfall 135099 (2018) Kat:3, Licht: 0","135099","3","3","5","08","16","5","0","0","1","1","0","0"
"POINT (9.781609837000076 52.414127671000074)","Unfall 135101 (2018) Kat:3, Licht: 0","135101","3","2","4","08","11","5","0","0","1","1","0","0"
"POINT (9.694428442000060 52.353027321000070)","Unfall 135110 (2018) Kat:3, Licht: 0","135110","3","6","2","08","12","6","0","0","0","1","0","0"
"POINT (9.687604791000069 52.338352803000078)","Unfall 135111 (2018) Kat:3, Licht: 2","135111","3","1","0","08","22","5","0","2","0","0","0","1"
"POINT (9.695356063000077 52.327167049000082)","Unfall 135117 (2018) Kat:3, Licht: 0","135117","3","6","2","08","18","3","0","0","0","1","0","0"
"POINT (9.735861502000034 52.379024815000037)","Unfall 135118 (2018) Kat:3, Licht: 0","135118","3","6","0","08","11","5","0","0","1","1","0","0"
"POINT (9.740022782000040 52.366611152000075)","Unfall 135120 (2018) Kat:3, Licht: 0","135120","3","3","5","08","17","2","0","0","1","1","0","0"
"POINT (9.728296036000074 52.368085371000063)","Unfall 135121 (2018) Kat:2, Licht: 0","135121","2","3","5","08","11","5","0","0","1","1","0","0"
"POINT (9.737748731000067 52.382098606000056)","Unfall 135122 (2018) Kat:1, Licht: 0","135122","1","7","0","08","12","6","0","0","0","0","0","0"
"POINT (9.707704866000029 52.359772741000029)","Unfall 135123 (2018) Kat:2, Licht: 0","135123","2","6","3","08","11","1","0","0","0","1","0","1"
"POINT (9.692502169000022 52.396703591000062)","Unfall 135125 (2018) Kat:3, Licht: 0","135125","3","2","4","08","09","5","0","0","0","1","0","0"
"POINT (9.747977883000033 52.373965263000059)","Unfall 135131 (2018) Kat:3, Licht: 0","135131","3","3","5","08","16","3","0","0","1","1","0","0"
"POINT (9.804472442000076 52.400151896000068)","Unfall 135154 (2018) Kat:3, Licht: 0","135154","3","2","3","08","15","1","0","0","1","1","0","0"
"POINT (9.751242109000032 52.372427029000050)","Unfall 135170 (2018) Kat:3, Licht: 0","135170","3","2","5","08","13","3","0","0","1","1","0","0"
"POINT (9.709660784000050 52.372696345000065)","Unfall 135173 (2018) Kat:3, Licht: 2","135173","3","7","0","08","22","2","0","2","1","0","0","0"
"POINT (9.722043328000041 52.346766519000028)","Unfall 135227 (2018) Kat:3, Licht: 0","135227","3","3","5","08","16","2","0","0","0","1","0","1"
"POINT (9.743897243000049 52.369574319000037)","Unfall 135230 (2018) Kat:3, Licht: 0","135230","3","6","2","08","07","6","0","0","0","1","0","0"
"POINT (9.792948890000048 52.395451669000067)","Unfall 135233 (2018) Kat:3, Licht: 2","135233","3","6","2","08","21","1","0","2","1","0","0","0"
"POINT (9.730921682000030 52.370708049000029)","Unfall 135259 (2018) Kat:3, Licht: 0","135259","3","6","2","08","13","7","0","0","0","1","0","0"
"POINT (9.736036690000049 52.362636699000063)","Unfall 135266 (2018) Kat:3, Licht: 2","135266","3","6","0","08","01","7","0","2","1","0","0","0"
"POINT (9.725372966000066 52.376974554000071)","Unfall 135269 (2018) Kat:3, Licht: 0","135269","3","7","0","08","11","4","0","0","1","0","0","0"
"POINT (9.714366382000037 52.369153386000050)","Unfall 135272 (2018) Kat:3, Licht: 0","135272","3","7","0","08","09","4","0","0","1","1","0","0"
"POINT (9.765076773000033 52.343001384000047)","Unfall 135273 (2018) Kat:3, Licht: 0","135273","3","6","2","08","16","4","0","0","0","1","0","0"
"POINT (9.750122494000038 52.376416151000058)","Unfall 135275 (2018) Kat:3, Licht: 0","135275","3","6","2","08","15","4","0","0","0","1","0","0"
"POINT (9.721556140000075 52.338018929000043)","Unfall 135278 (2018) Kat:3, Licht: 0","135278","3","6","3","08","13","7","0","0","0","1","0","0"
"POINT (9.713189412000077 52.384499352000034)","Unfall 135282 (2018) Kat:3, Licht: 0","135282","3","6","2","08","15","3","0","0","0","1","0","0"
"POINT (9.853336135000063 52.387834573000077)","Unfall 135283 (2018) Kat:3, Licht: 0","135283","3","6","2","08","17","4","0","0","1","1","0","0"
"POINT (9.752782317000026 52.386037813000030)","Unfall 135286 (2018) Kat:3, Licht: 0","135286","3","7","0","08","18","4","0","0","0","1","0","1"
"POINT (9.706496069000025 52.415677425000069)","Unfall 135287 (2018) Kat:3, Licht: 0","135287","3","3","5","08","16","7","0","0","0","1","0","0"
"POINT (9.731825989000072 52.374529074000066)","Unfall 135289 (2018) Kat:3, Licht: 0","135289","3","4","6","08","06","7","0","0","0","1","1","0"
"POINT (9.775119084000039 52.363395187000037)","Unfall 135290 (2018) Kat:2, Licht: 0","135290","2","2","5","08","08","4","0","0","1","1","0","0"
"POINT (9.666344718000062 52.355493943000056)","Unfall 135291 (2018) Kat:3, Licht: 0","135291","3","3","5","08","16","6","0","0","0","1","0","0"
"POINT (9.705058639000072 52.355426414000078)","Unfall 135294 (2018) Kat:2, Licht: 0","135294","2","1","0","08","14","3","0","0","1","0","0","0"
"POINT (9.746160599000064 52.388624567000079)","Unfall 135315 (2018) Kat:3, Licht: 0","135315","3","4","6","08","12","1","0","0","0","1","1","0"
"POINT (9.736940987000025 52.381349687000068)","Unfall 135329 (2018) Kat:3, Licht: 0","135329","3","6","4","08","07","3","0","0","1","0","0","0"
"POINT (9.662550436000061 52.409334651000052)","Unfall 135355 (2018) Kat:2, Licht: 0","135355","2","3","5","08","13","2","0","0","1","1","0","0"
"POINT (9.711258999000052 52.372214583000073)","Unfall 135358 (2018) Kat:3, Licht: 0","135358","3","2","3","08","10","7","0","0","1","1","0","0"
"POINT (9.828900229000055 52.346166054000037)","Unfall 135360 (2018) Kat:3, Licht: 0","135360","3","6","0","08","11","7","1","0","0","1","0","1"
"POINT (9.694643956000050 52.419523339000079)","Unfall 135361 (2018) Kat:3, Licht: 0","135361","3","6","2","08","12","7","0","0","0","1","0","0"
"POINT (9.755957783000042 52.395973591000029)","Unfall 135363 (2018) Kat:3, Licht: 1","135363","3","1","0","08","20","7","0","1","1","0","0","0"
"POINT (9.716158659000030 52.362569646000054)","Unfall 135366 (2018) Kat:3, Licht: 0","135366","3","1","0","08","18","4","0","0","1","0","0","0"
"POINT (9.740882360000057 52.374914165000064)","Unfall 135372 (2018) Kat:3, Licht: 0","135372","3","4","6","08","15","3","0","0","1","0","1","0"
"POINT (9.656750530000068 52.407801355000061)","Unfall 135402 (2018) Kat:3, Licht: 0","135402","3","2","4","08","07","6","0","0","0","1","0","1"
"POINT (9.756775935000064 52.356776701000058)","Unfall 135406 (2018) Kat:3, Licht: 0","135406","3","3","5","08","08","6","0","0","1","1","0","0"
"POINT (9.744531202000076 52.385102964000055)","Unfall 135407 (2018) Kat:3, Licht: 0","135407","3","3","5","08","11","4","0","0","1","1","0","0"
"POINT (9.833627286000024 52.336633331000030)","Unfall 135408 (2018) Kat:3, Licht: 0","135408","3","4","6","08","15","6","0","0","0","1","1","0"
"POINT (9.737192116000074 52.384512390000054)","Unfall 135409 (2018) Kat:3, Licht: 0","135409","3","3","5","08","19","6","0","0","0","1","0","0"
"POINT (9.804602032000048 52.377933564000045)","Unfall 135410 (2018) Kat:3, Licht: 0","135410","3","6","2","08","15","3","0","0","0","1","0","1"
"POINT (9.781826415000069 52.349011644000029)","Unfall 135412 (2018) Kat:2, Licht: 0","135412","2","7","0","08","07","2","1","0","1","0","0","0"
"POINT (9.798317978000057 52.334484370000041)","Unfall 135413 (2018) Kat:3, Licht: 0","135413","3","3","5","08","14","6","0","0","1","1","0","0"
"POINT (9.752548825000076 52.370649337000032)","Unfall 135414 (2018) Kat:3, Licht: 0","135414","3","6","2","08","12","6","1","0","0","1","0","1"
"POINT (9.717275089000054 52.346641782000063)","Unfall 135415 (2018) Kat:3, Licht: 0","135415","3","6","2","08","12","6","1","0","0","1","0","0"
"POINT (9.676249023000025 52.363131376000069)","Unfall 135416 (2018) Kat:3, Licht: 0","135416","3","5","0","08","10","6","0","0","1","1","0","0"
"POINT (9.743616649000046 52.379500768000071)","Unfall 135417 (2018) Kat:3, Licht: 2","135417","3","7","8","08","00","6","0","2","1","0","0","0"
"POINT (9.750056991000065 52.380577596000080)","Unfall 135421 (2018) Kat:3, Licht: 0","135421","3","5","1","08","09","3","0","0","1","1","0","0"
"POINT (9.741618568000035 52.380199676000075)","Unfall 135463 (2018) Kat:3, Licht: 0","135463","3","3","5","08","18","3","0","0","1","1","0","0"
"POINT (9.685525651000035 52.393141319000051)","Unfall 135473 (2018) Kat:3, Licht: 0","135473","3","7","0","08","13","5","0","0","0","0","0","1"
"POINT (9.740096920000042 52.366996713000049)","Unfall 135476 (2018) Kat:3, Licht: 2","135476","3","2","3","08","23","5","0","2","1","0","0","0"
"POINT (9.826858428000037 52.375042020000080)","Unfall 135477 (2018) Kat:2, Licht: 0","135477","2","7","7","08","16","5","0","0","1","0","0","0"
"POINT (9.798743482000077 52.385306588000049)","Unfall 135479 (2018) Kat:3, Licht: 0","135479","3","3","5","08","17","5","0","0","1","1","0","0"
"POINT (9.756742307000025 52.410381544000074)","Unfall 135480 (2018) Kat:3, Licht: 0","135480","3","3","5","08","15","5","0","0","1","1","0","0"
"POINT (9.787013705000049 52.401650704000076)","Unfall 135481 (2018) Kat:3, Licht: 0","135481","3","3","5","08","14","5","0","0","1","1","0","0"
"POINT (9.792661977000023 52.396943534000059)","Unfall 135491 (2018) Kat:3, Licht: 0","135491","3","3","5","08","13","5","0","0","1","1","0","0"
"POINT (9.714566306000052 52.414967745000069)","Unfall 135506 (2018) Kat:3, Licht: 0","135506","3","1","9","08","14","2","1","0","0","0","0","1"
"POINT (9.708657412000036 52.365253534000033)","Unfall 135520 (2018) Kat:3, Licht: 0","135520","3","6","2","08","16","3","0","0","0","1","0","0"
"POINT (9.708639289000075 52.401092323000057)","Unfall 135521 (2018) Kat:2, Licht: 0","135521","2","3","5","08","12","1","0","0","1","1","0","0"
"POINT (9.717377904000045 52.354406852000068)","Unfall 135531 (2018) Kat:2, Licht: 0","135531","2","3","5","08","13","3","0","0","1","1","0","0"
"POINT (9.730982287000074 52.391362309000044)","Unfall 135532 (2018) Kat:2, Licht: 0","135532","2","7","0","08","11","1","0","0","1","0","0","0"
"POINT (9.686127303000035 52.394858556000031)","Unfall 135560 (2018) Kat:3, Licht: 0","135560","3","5","1","08","19","4","0","0","1","1","0","0"
"POINT (9.765224232000037 52.417967417000057)","Unfall 135561 (2018) Kat:3, Licht: 0","135561","3","6","3","08","11","4","0","0","1","1","0","0"
"POINT (9.736734069000022 52.412468169000078)","Unfall 135563 (2018) Kat:3, Licht: 0","135563","3","6","2","08","08","4","0","0","0","1","0","0"
"POINT (9.746854028000030 52.382586641000046)","Unfall 135564 (2018) Kat:3, Licht: 0","135564","3","3","5","08","12","2","0","0","1","1","0","0"
"POINT (9.764725386000066 52.395652108000036)","Unfall 135565 (2018) Kat:3, Licht: 0","135565","3","6","2","08","08","4","0","0","0","1","0","1"
"POINT (9.729764883000030 52.376303036000081)","Unfall 135569 (2018) Kat:3, Licht: 0","135569","3","3","5","08","15","3","0","0","1","0","0","0"
"POINT (9.721132591000071 52.383521392000034)","Unfall 135587 (2018) Kat:3, Licht: 0","135587","3","5","0","09","13","3","0","0","1","1","0","0"
"POINT (9.803590753000037 52.398913067000080)","Unfall 135593 (2018) Kat:3, Licht: 0","135593","3","5","1","09","16","7","0","0","0","1","0","0"
"POINT (9.732061920000035 52.399778180000055)","Unfall 135621 (2018) Kat:3, Licht: 0","135621","3","6","6","09","17","5","0","0","1","0","1","0"
"POINT (9.717368647000058 52.390559954000082)","Unfall 135623 (2018) Kat:3, Licht: 0","135623","3","7","6","09","10","4","0","0","0","1","1","0"
"POINT (9.623737155000072 52.412340234000055)","Unfall 135628 (2018) Kat:3, Licht: 0","135628","3","6","2","08","14","6","0","0","0","1","0","0"
"POINT (9.717103710000060 52.344899158000032)","Unfall 135633 (2018) Kat:3, Licht: 0","135633","3","2","5","09","16","4","0","0","1","1","0","0"
"POINT (9.668660341000077 52.414812411000071)","Unfall 135634 (2018) Kat:3, Licht: 0","135634","3","2","5","08","13","6","0","0","1","1","0","0"
"POINT (9.731579600000032 52.358331631000055)","Unfall 135635 (2018) Kat:3, Licht: 0","135635","3","7","7","09","09","3","0","0","1","0","0","0"
"POINT (9.852351301000056 52.360526317000051)","Unfall 135636 (2018) Kat:3, Licht: 1","135636","3","3","5","08","06","6","0","1","0","1","0","0"
"POINT (9.714603526000076 52.386105332000056)","Unfall 135650 (2018) Kat:3, Licht: 0","135650","3","6","6","08","10","6","0","0","1","0","1","0"
"POINT (9.792486706000034 52.397543228000075)","Unfall 135652 (2018) Kat:3, Licht: 0","135652","3","6","4","08","13","6","0","0","0","1","0","1"
"POINT (9.855364640000062 52.388864853000030)","Unfall 135659 (2018) Kat:2, Licht: 0","135659","2","7","0","08","16","6","0","0","1","0","0","0"
"POINT (9.744065028000023 52.369878128000039)","Unfall 135674 (2018) Kat:3, Licht: 0","135674","3","3","5","09","13","4","0","0","0","1","0","0"
"POINT (9.732397415000037 52.379132555000069)","Unfall 135685 (2018) Kat:3, Licht: 0","135685","3","6","2","09","11","4","0","0","0","1","0","0"
"POINT (9.808225199000049 52.379598076000036)","Unfall 135694 (2018) Kat:3, Licht: 0","135694","3","1","0","09","16","2","0","0","1","0","0","0"
"POINT (9.738708238000072 52.381425281000077)","Unfall 135698 (2018) Kat:3, Licht: 2","135698","3","3","5","09","22","7","0","2","1","1","0","0"
"POINT (9.762811276000036 52.335167096000077)","Unfall 135709 (2018) Kat:3, Licht: 0","135709","3","5","5","09","07","2","0","0","1","1","0","0"
"POINT (9.774394575000031 52.372015591000036)","Unfall 135729 (2018) Kat:3, Licht: 0","135729","3","6","2","09","07","4","0","0","0","1","0","0"
"POINT (9.771505472000058 52.350385234000044)","Unfall 135739 (2018) Kat:3, Licht: 0","135739","3","1","0","09","17","5","0","0","1","0","0","0"
"POINT (9.747315648000040 52.387602694000066)","Unfall 135743 (2018) Kat:3, Licht: 0","135743","3","3","5","09","11","3","0","0","1","1","0","0"
"POINT (9.701070116000039 52.395976760000053)","Unfall 135754 (2018) Kat:3, Licht: 0","135754","3","6","2","08","18","5","0","0","0","1","0","0"
"POINT (9.810333146000062 52.383309964000034)","Unfall 135758 (2018) Kat:3, Licht: 0","135758","3","3","5","08","15","5","0","0","0","1","0","0"
"POINT (9.707237358000043 52.370544688000052)","Unfall 135761 (2018) Kat:3, Licht: 0","135761","3","1","0","08","18","5","1","0","1","0","0","0"
"POINT (9.755747830000075 52.356419112000026)","Unfall 135767 (2018) Kat:3, Licht: 0","135767","3","2","5","08","17","5","1","0","1","0","0","0"
"POINT (9.808539641000039 52.337169598000060)","Unfall 135769 (2018) Kat:3, Licht: 1","135769","3","6","2","08","08","5","1","1","0","1","0","0"
"POINT (9.668022598000050 52.415486093000027)","Unfall 135774 (2018) Kat:3, Licht: 2","135774","3","7","0","09","22","3","0","2","0","1","0","1"
"POINT (9.693805666000060 52.361833980000029)","Unfall 135778 (2018) Kat:3, Licht: 0","135778","3","2","5","09","15","3","0","0","1","1","0","0"
"POINT (9.785344041000030 52.373433723000062)","Unfall 135783 (2018) Kat:3, Licht: 0","135783","3","7","0","09","13","3","0","0","1","0","0","0"
"POINT (9.739456452000070 52.376219727000034)","Unfall 135786 (2018) Kat:3, Licht: 0","135786","3","2","5","09","19","4","0","0","1","1","0","0"
"POINT (9.752326402000051 52.411164011000039)","Unfall 135792 (2018) Kat:3, Licht: 0","135792","3","3","5","09","07","3","0","0","1","1","0","0"
"POINT (9.723249897000073 52.372390513000028)","Unfall 135796 (2018) Kat:3, Licht: 0","135796","3","2","5","09","19","4","0","0","1","1","0","0"
"POINT (9.663735156000030 52.382700292000038)","Unfall 135802 (2018) Kat:3, Licht: 0","135802","3","7","0","09","10","2","0","0","1","0","0","0"
"POINT (9.734823983000069 52.380344841000067)","Unfall 135833 (2018) Kat:3, Licht: 1","135833","3","2","5","09","20","5","1","1","1","1","0","0"
"POINT (9.802723250000042 52.387950994000050)","Unfall 135838 (2018) Kat:3, Licht: 0","135838","3","2","5","09","18","4","0","0","1","0","0","0"
"POINT (9.707799218000048 52.369465870000056)","Unfall 135852 (2018) Kat:3, Licht: 0","135852","3","7","6","09","13","6","0","0","1","0","1","0"
"POINT (9.707841079000048 52.374177966000047)","Unfall 135864 (2018) Kat:2, Licht: 2","135864","2","3","0","09","01","4","0","2","1","0","0","0"
"POINT (9.738039084000036 52.382138538000049)","Unfall 135871 (2018) Kat:3, Licht: 0","135871","3","2","2","09","18","2","0","0","1","0","0","0"
"POINT (9.744640357000037 52.391250242000069)","Unfall 135885 (2018) Kat:3, Licht: 0","135885","3","7","6","09","17","3","0","0","0","0","1","0"
"POINT (9.761859249000054 52.346622383000067)","Unfall 135894 (2018) Kat:3, Licht: 2","135894","3","7","5","09","20","3","0","2","1","1","0","0"
"POINT (9.781496714000070 52.415618550000033)","Unfall 135898 (2018) Kat:3, Licht: 0","135898","3","2","5","09","06","6","0","0","1","1","0","0"
"POINT (9.739394838000067 52.362760660000049)","Unfall 135900 (2018) Kat:3, Licht: 0","135900","3","7","0","09","17","4","0","0","0","1","0","0"
"POINT (9.719698182000059 52.359854346000077)","Unfall 135913 (2018) Kat:3, Licht: 0","135913","3","6","4","09","16","2","0","0","1","0","0","0"
"POINT (9.748646896000025 52.373486616000037)","Unfall 135916 (2018) Kat:2, Licht: 2","135916","2","2","5","09","18","4","1","2","1","1","0","0"
"POINT (9.670659702000023 52.367286328000034)","Unfall 135920 (2018) Kat:3, Licht: 0","135920","3","1","7","09","13","2","0","0","0","1","0","0"
"POINT (9.740977375000057 52.394323962000044)","Unfall 135929 (2018) Kat:3, Licht: 2","135929","3","2","6","09","20","4","1","2","0","1","1","0"
"POINT (9.708192417000021 52.367188231000057)","Unfall 135943 (2018) Kat:3, Licht: 0","135943","3","3","5","09","17","4","0","0","1","1","0","0"
"POINT (9.781062330000054 52.403912768000055)","Unfall 135947 (2018) Kat:3, Licht: 1","135947","3","3","5","09","18","3","0","1","1","1","0","0"
"POINT (9.680737063000038 52.416085395000039)","Unfall 135949 (2018) Kat:3, Licht: 0","135949","3","3","5","09","19","7","0","0","1","1","0","0"
"POINT (9.766963741000041 52.363844094000058)","Unfall 135953 (2018) Kat:3, Licht: 1","135953","3","3","5","09","19","7","0","1","1","0","0","0"
"POINT (9.670767432000048 52.368192495000073)","Unfall 135955 (2018) Kat:3, Licht: 0","135955","3","5","1","09","16","6","0","0","0","1","0","0"
"POINT (9.741045658000076 52.411263695000059)","Unfall 135957 (2018) Kat:3, Licht: 0","135957","3","4","6","09","13","4","0","0","0","1","1","0"
"POINT (9.715817469000058 52.362964575000035)","Unfall 135958 (2018) Kat:3, Licht: 0","135958","3","1","0","09","17","5","0","0","1","0","0","0"
"POINT (9.763344776000054 52.339527106000048)","Unfall 135959 (2018) Kat:3, Licht: 0","135959","3","7","0","09","10","7","0","0","1","0","0","0"
"POINT (9.720811433000051 52.346607600000027)","Unfall 135962 (2018) Kat:3, Licht: 0","135962","3","4","6","09","12","7","0","0","0","1","1","0"
"POINT (9.656596796000031 52.407471247000046)","Unfall 135966 (2018) Kat:2, Licht: 0","135966","2","3","5","09","13","7","0","0","1","0","0","0"
"POINT (9.852851778000058 52.356916785000067)","Unfall 135975 (2018) Kat:3, Licht: 0","135975","3","3","5","09","19","2","0","0","1","1","0","0"
"POINT (9.753645532000064 52.353298413000061)","Unfall 135989 (2018) Kat:3, Licht: 0","135989","3","2","4","09","11","3","0","0","1","1","0","0"
"POINT (9.713564155000029 52.342275283000049)","Unfall 136006 (2018) Kat:3, Licht: 0","136006","3","2","2","09","10","6","0","0","0","1","0","0"
"POINT (9.728178848000027 52.366112794000060)","Unfall 136009 (2018) Kat:3, Licht: 0","136009","3","3","5","09","13","4","0","0","1","1","0","0"
"POINT (9.775916883000036 52.363385921000031)","Unfall 136027 (2018) Kat:3, Licht: 0","136027","3","6","3","09","08","4","0","0","0","1","0","0"
"POINT (9.820030363000058 52.400106138000069)","Unfall 136028 (2018) Kat:3, Licht: 0","136028","3","3","5","09","17","2","0","0","0","1","0","1"
"POINT (9.734148028000050 52.381285623000053)","Unfall 136045 (2018) Kat:3, Licht: 0","136045","3","3","5","09","13","3","0","0","1","1","0","0"
"POINT (9.669905626000059 52.374207157000058)","Unfall 136057 (2018) Kat:2, Licht: 0","136057","2","4","6","09","17","3","0","0","0","1","1","0"
"POINT (9.773221811000042 52.350811367000063)","Unfall 136074 (2018) Kat:3, Licht: 0","136074","3","3","5","09","19","2","0","0","1","1","0","0"
"POINT (9.736777773000028 52.376855566000074)","Unfall 136078 (2018) Kat:3, Licht: 0","136078","3","2","4","09","08","6","0","0","1","1","0","0"
"POINT (9.697242678000066 52.365814957000055)","Unfall 136082 (2018) Kat:3, Licht: 2","136082","3","6","4","09","20","6","0","2","1","0","0","0"
"POINT (9.762650981000036 52.410287518000075)","Unfall 136085 (2018) Kat:3, Licht: 0","136085","3","2","5","09","11","6","0","0","1","1","0","0"
"POINT (9.691691522000042 52.400621299000079)","Unfall 136088 (2018) Kat:3, Licht: 0","136088","3","3","5","09","11","6","0","0","1","0","0","1"
"POINT (9.748653654000066 52.374421218000066)","Unfall 136094 (2018) Kat:3, Licht: 1","136094","3","4","6","09","06","2","0","1","1","0","1","0"
"POINT (9.680740701000048 52.416059491000055)","Unfall 136097 (2018) Kat:3, Licht: 0","136097","3","2","4","09","10","3","0","0","1","1","0","0"
"POINT (9.750969105000024 52.379183749000049)","Unfall 136105 (2018) Kat:3, Licht: 0","136105","3","2","5","09","15","3","0","0","1","1","0","0"
"POINT (9.701436600000022 52.395908343000031)","Unfall 136115 (2018) Kat:3, Licht: 2","136115","3","2","5","09","19","3","0","2","1","0","0","1"
"POINT (9.681975203000036 52.357042053000043)","Unfall 136117 (2018) Kat:3, Licht: 0","136117","3","4","6","09","16","3","0","0","0","1","1","0"
"POINT (9.710248992000061 52.372565061000046)","Unfall 136118 (2018) Kat:3, Licht: 0","136118","3","3","5","09","08","3","0","0","1","1","0","0"
"POINT (9.736359766000021 52.399271370000065)","Unfall 136119 (2018) Kat:3, Licht: 0","136119","3","2","3","09","09","5","0","0","1","0","0","0"
"POINT (9.836984181000048 52.396636099000034)","Unfall 136120 (2018) Kat:3, Licht: 0","136120","3","2","5","09","16","3","0","0","1","1","0","0"
"POINT (9.709281016000034 52.413312580000081)","Unfall 136122 (2018) Kat:3, Licht: 2","136122","3","3","5","09","05","3","0","2","1","1","0","0"
"POINT (9.791029742000035 52.395153066000034)","Unfall 136124 (2018) Kat:3, Licht: 0","136124","3","3","5","09","07","3","0","0","1","1","0","0"
"POINT (9.742941687000041 52.369527672000061)","Unfall 136127 (2018) Kat:3, Licht: 0","136127","3","4","6","09","15","3","0","0","0","1","1","0"
"POINT (9.733304688000033 52.392255934000048)","Unfall 136128 (2018) Kat:3, Licht: 0","136128","3","7","0","09","13","6","0","0","0","0","0","0"
"POINT (9.787988226000039 52.359296186000051)","Unfall 136168 (2018) Kat:3, Licht: 0","136168","3","6","2","09","15","6","1","0","0","1","0","0"
"POINT (9.751804518000029 52.385933213000044)","Unfall 136204 (2018) Kat:3, Licht: 0","136204","3","2","5","09","15","2","0","0","1","1","0","0"
"POINT (9.726925887000050 52.375782557000036)","Unfall 136205 (2018) Kat:3, Licht: 0","136205","3","3","5","09","08","2","0","0","1","1","0","0"
"POINT (9.693486399000051 52.392196682000076)","Unfall 136211 (2018) Kat:3, Licht: 0","136211","3","3","0","09","15","4","0","0","1","1","0","0"
"POINT (9.714585376000059 52.403781507000076)","Unfall 136214 (2018) Kat:3, Licht: 0","136214","3","3","5","09","16","2","0","0","1","1","0","0"
"POINT (9.689495311000030 52.342192805000082)","Unfall 136217 (2018) Kat:3, Licht: 0","136217","3","3","5","09","14","2","0","0","1","1","0","0"
"POINT (9.730587688000071 52.376182832000040)","Unfall 136220 (2018) Kat:3, Licht: 0","136220","3","4","6","09","13","2","0","0","1","0","1","0"
"POINT (9.735436158000027 52.384494961000030)","Unfall 136239 (2018) Kat:3, Licht: 0","136239","3","3","5","09","14","6","1","0","1","1","0","0"
"POINT (9.801383035000072 52.402979478000077)","Unfall 136242 (2018) Kat:3, Licht: 0","136242","3","3","0","09","17","5","0","0","0","1","0","0"
"POINT (9.704598330000067 52.404917290000071)","Unfall 136270 (2018) Kat:3, Licht: 0","136270","3","2","5","09","12","4","0","0","1","0","0","0"
"POINT (9.710913600000026 52.386463082000034)","Unfall 136273 (2018) Kat:3, Licht: 0","136273","3","2","4","09","16","1","0","0","1","1","0","0"
"POINT (9.738651367000045 52.374419667000041)","Unfall 136275 (2018) Kat:3, Licht: 2","136275","3","1","0","09","01","1","0","2","1","0","0","0"
"POINT (9.715351871000053 52.361689138000031)","Unfall 136286 (2018) Kat:3, Licht: 0","136286","3","1","0","09","17","1","0","0","1","0","0","0"
"POINT (9.669819115000053 52.370400256000039)","Unfall 136288 (2018) Kat:3, Licht: 0","136288","3","3","5","09","12","1","0","0","1","1","0","0"
"POINT (9.719522222000023 52.362087040000063)","Unfall 136290 (2018) Kat:2, Licht: 0","136290","2","3","5","09","08","1","0","0","1","0","0","0"