WKT,Name,OBJECTID,UKATEGORIE,UTYP1,UART,UMONAT,USTUNDE,UWOCHENTAG,STRZUSTAND,ULICHTVERH,ISTRAD,ISTPKW,ISTFUSS,ISTKRAD
"POINT (9.846483208000052 52.391092840000056)","Unfall 136317 (2018) Kat:3, Licht: 0","136317","3","3","5","09","13","7","0","0","0","1","0","0"
"POINT (9.784496755000021 52.398225112000034)","Unfall 136351 (2018) Kat:3, Licht: 0","136351","3","2","5","09","13","6","1","0","0","1","0","0"
"POINT (9.748784749000038 52.392600347000041)","Unfall 136354 (2018) Kat:3, Licht: 0","136354","3","6","2","09","14","6","1","0","0","1","0","1"
"POINT (9.761224511000023 52.358863822000046)","Unfall 136357 (2018) Kat:3, Licht: 0","136357","3","3","5","09","19","5","0","0","1","1","0","0"
"POINT (9.679695966000054 52.346700937000037)","Unfall 136367 (2018) Kat:3, Licht: 0","136367","3","1","0","09","17","4","0","0","0","1","0","0"
"POINT (9.737313861000075 52.355960346000074)","Unfall 136376 (2018) Kat:3, Licht: 0","136376","3","7","6","09","17","6","0","0","1","0","1","0"
"POINT (9.703978561000042 52.366913372000056)","Unfall 136379 (2018) Kat:2, Licht: 0","136379","2","3","5","09","10","4","0","0","0","0","0","1"
"POINT (9.737076085000069 52.382768175000081)","Unfall 136380 (2018) Kat:3, Licht: 0","136380","3","6","2","09","08","6","0","0","0","1","0","0"
"POINT (9.743585277000022 52.390590667000026)","Unfall 136395 (2018) Kat:3, Licht: 2","136395","3","7","0","09","20","4","0","2","0","0","0","0"
"POINT (9.704769610000028 52.351813303000029)","Unfall 136399 (2018) Kat:3, Licht: 0","136399","3","3","5","09","11","4","0","0","1","1","0","0"
"POINT (9.750485707000053 52.366076738000061)","Unfall 136403 (2018) Kat:3, Licht: 0","136403","3","5","1","09","07","3","0","0","1","1","0","0"
"POINT (9.788567914000055 52.373657096000045)","Unfall 136404 (2018) Kat:3, Licht: 0","136404","3","7","0","09","13","5","0","0","1","0","0","0"
"POINT (9.729889091000075 52.390998285000080)","Unfall 136419 (2018) Kat:3, Licht: 2","136419","3","7","6","09","22","1","0","2","1","0","1","0"
"POINT (9.755955408000034 52.360525312000050)","Unfall 136426 (2018) Kat:3, Licht: 2","136426","3","2","3","09","20","2","1","2","1","1","0","0"
"POINT (9.730233291000047 52.376264757000058)","Unfall 136429 (2018) Kat:3, Licht: 0","136429","3","4","6","09","15","2","1","0","1","0","1","0"
"POINT (9.718700123000076 52.373997267000050)","Unfall 136433 (2018) Kat:3, Licht: 2","136433","3","3","5","09","20","2","1","2","1","1","0","0"
"POINT (9.752070396000022 52.410447262000048)","Unfall 136436 (2018) Kat:3, Licht: 0","136436","3","3","5","09","13","5","0","0","1","1","0","0"
"POINT (9.704404928000031 52.374496783000041)","Unfall 136438 (2018) Kat:3, Licht: 0","136438","3","1","0","09","14","2","1","0","1","0","0","0"
"POINT (9.720495316000040 52.375519058000066)","Unfall 136439 (2018) Kat:3, Licht: 0","136439","3","6","2","09","16","2","1","0","0","1","0","0"
"POINT (9.743811401000073 52.389506478000044)","Unfall 136443 (2018) Kat:3, Licht: 0","136443","3","5","0","09","14","5","0","0","1","1","0","0"
"POINT (9.705065704000049 52.409947383000031)","Unfall 136445 (2018) Kat:3, Licht: 0","136445","3","2","5","09","13","2","1","0","0","1","0","1"
"POINT (9.716619649000052 52.372623606000047)","Unfall 136447 (2018) Kat:3, Licht: 0","136447","3","2","5","09","11","5","0","0","1","0","0","0"
"POINT (9.857048938000048 52.366863319000061)","Unfall 136451 (2018) Kat:3, Licht: 2","136451","3","1","8","09","06","2","1","2","0","1","0","0"
"POINT (9.728335244000050 52.374289113000032)","Unfall 136452 (2018) Kat:3, Licht: 0","136452","3","6","2","09","16","4","0","0","0","1","0","0"
"POINT (9.856052786000021 52.366822055000057)","Unfall 136455 (2018) Kat:3, Licht: 0","136455","3","6","3","09","17","5","0","0","1","0","0","0"
"POINT (9.756113661000029 52.377499154000077)","Unfall 136456 (2018) Kat:3, Licht: 0","136456","3","3","5","09","16","3","0","0","0","1","0","0"
"POINT (9.720852319000073 52.373229773000048)","Unfall 136464 (2018) Kat:2, Licht: 0","136464","2","3","5","09","14","4","0","0","1","1","0","0"
"POINT (9.734899939000059 52.380204751000065)","Unfall 136466 (2018) Kat:3, Licht: 2","136466","3","2","2","09","20","7","0","2","0","1","0","0"
"POINT (9.798072007000030 52.326008693000063)","Unfall 136468 (2018) Kat:3, Licht: 0","136468","3","7","0","09","17","6","0","0","1","0","0","0"
"POINT (9.783383858000036 52.415518136000060)","Unfall 136482 (2018) Kat:3, Licht: 0","136482","3","6","9","09","09","6","0","0","0","1","0","0"
"POINT (9.738815026000054 52.363325686000053)","Unfall 136505 (2018) Kat:3, Licht: 0","136505","3","3","5","09","11","1","1","0","1","1","0","0"
"POINT (9.769122335000077 52.376597426000046)","Unfall 136508 (2018) Kat:3, Licht: 0","136508","3","7","0","09","12","1","1","0","1","0","0","0"
"POINT (9.741803180000034 52.380301415000076)","Unfall 136509 (2018) Kat:3, Licht: 0","136509","3","6","2","09","11","7","0","0","0","1","0","0"
"POINT (9.724435872000072 52.394842844000038)","Unfall 136510 (2018) Kat:3, Licht: 0","136510","3","5","0","09","18","3","0","0","0","1","0","0"
"POINT (9.714271852000024 52.343711791000032)","Unfall 136514 (2018) Kat:3, Licht: 2","136514","3","4","6","09","20","3","0","2","0","0","1","1"
"POINT (9.663683152000033 52.380121039000073)","Unfall 136516 (2018) Kat:3, Licht: 0","136516","3","3","5","09","14","1","1","0","1","1","0","0"
"POINT (9.717875410000033 52.397915173000058)","Unfall 136518 (2018) Kat:3, Licht: 0","136518","3","1","0","09","12","1","1","0","1","0","0","0"
"POINT (9.720617883000045 52.385362868000072)","Unfall 136531 (2018) Kat:3, Licht: 0","136531","3","7","7","09","11","1","0","0","1","0","0","0"
"POINT (9.819349397000053 52.355852834000075)","Unfall 136557 (2018) Kat:3, Licht: 0","136557","3","7","0","09","07","5","0","0","1","0","0","0"
"POINT (9.729102727000054 52.380194632000041)","Unfall 136562 (2018) Kat:3, Licht: 0","136562","3","1","0","09","17","4","0","0","1","0","0","0"
"POINT (9.774877307000054 52.371272469000075)","Unfall 136566 (2018) Kat:3, Licht: 0","136566","3","2","2","09","09","4","0","0","0","1","0","0"
"POINT (9.717947269000035 52.391975127000080)","Unfall 136568 (2018) Kat:3, Licht: 0","136568","3","3","5","09","17","7","0","0","1","1","0","0"
"POINT (9.815691733000051 52.425886843000058)","Unfall 136570 (2018) Kat:3, Licht: 0","136570","3","3","5","09","14","3","0","0","0","1","0","0"
"POINT (9.805382027000064 52.412344554000072)","Unfall 136573 (2018) Kat:3, Licht: 0","136573","3","2","5","09","15","7","0","0","1","1","0","0"
"POINT (9.820775663000063 52.388307516000054)","Unfall 136575 (2018) Kat:3, Licht: 2","136575","3","7","9","09","00","7","1","2","0","1","0","0"
"POINT (9.803699877000042 52.394925490000048)","Unfall 136587 (2018) Kat:3, Licht: 0","136587","3","2","5","09","07","6","0","0","1","1","0","0"
"POINT (9.663921063000032 52.402775167000073)","Unfall 136614 (2018) Kat:3, Licht: 0","136614","3","2","4","09","09","3","1","0","1","1","0","0"
"POINT (9.669633883000074 52.364821684000049)","Unfall 136626 (2018) Kat:3, Licht: 0","136626","3","2","6","09","09","7","0","0","0","1","1","0"
"POINT (9.738982191000048 52.446452305000037)","Unfall 136636 (2018) Kat:3, Licht: 0","136636","3","3","5","09","16","7","0","0","1","1","0","0"
"POINT (9.721264223000048 52.379232525000077)","Unfall 136638 (2018) Kat:3, Licht: 0","136638","3","6","2","09","13","6","0","0","1","0","0","1"
"POINT (9.847360234000064 52.360021313000061)","Unfall 136647 (2018) Kat:3, Licht: 0","136647","3","2","5","09","13","1","0","0","0","1","0","0"
"POINT (9.740994010000065 52.398856337000041)","Unfall 136669 (2018) Kat:3, Licht: 0","136669","3","3","5","10","09","4","0","0","1","1","0","0"
"POINT (9.694121533000043 52.365339047000077)","Unfall 136689 (2018) Kat:3, Licht: 2","136689","3","2","5","10","20","5","0","2","1","1","0","0"
"POINT (9.669892948000040 52.370412599000076)","Unfall 136711 (2018) Kat:3, Licht: 1","136711","3","2","4","10","19","7","0","1","0","1","0","0"
"POINT (9.760512333000065 52.360007265000036)","Unfall 136713 (2018) Kat:3, Licht: 0","136713","3","3","5","10","17","3","0","0","0","1","0","0"
"POINT (9.669372009000028 52.349664813000061)","Unfall 136726 (2018) Kat:3, Licht: 0","136726","3","3","5","10","13","4","0","0","1","1","0","0"
"POINT (9.763331836000077 52.374925153000049)","Unfall 136729 (2018) Kat:3, Licht: 0","136729","3","3","5","10","15","3","0","0","0","1","0","0"
"POINT (9.709987108000064 52.372283476000064)","Unfall 136762 (2018) Kat:3, Licht: 2","136762","3","7","6","10","21","2","0","2","0","1","1","0"
"POINT (9.719844289000037 52.368050038000035)","Unfall 136775 (2018) Kat:3, Licht: 0","136775","3","2","6","10","16","5","0","0","0","1","1","0"
"POINT (9.767953735000049 52.358177561000048)","Unfall 136778 (2018) Kat:3, Licht: 0","136778","3","6","2","10","17","4","0","0","0","1","0","0"
"POINT (9.692811958000050 52.367467005000037)","Unfall 136781 (2018) Kat:3, Licht: 0","136781","3","3","5","10","07","3","0","0","1","1","0","0"
"POINT (9.729922833000046 52.380096275000028)","Unfall 136786 (2018) Kat:2, Licht: 0","136786","2","5","1","10","13","2","0","0","1","1","0","0"
"POINT (9.809484011000052 52.361878019000073)","Unfall 136787 (2018) Kat:3, Licht: 0","136787","3","2","4","10","09","3","1","0","0","1","0","0"
"POINT (9.713189412000077 52.384499352000034)","Unfall 136789 (2018) Kat:3, Licht: 0","136789","3","2","5","10","14","3","1","0","0","1","0","0"
"POINT (9.790345099000035 52.407646694000050)","Unfall 136792 (2018) Kat:3, Licht: 0","136792","3","2","5","10","15","3","1","0","1","1","0","0"
"POINT (9.759466843000041 52.395946929000047)","Unfall 136794 (2018) Kat:3, Licht: 0","136794","3","3","5","10","12","3","1","0","0","1","0","0"
"POINT (9.758230164000054 52.396009228000082)","Unfall 136795 (2018) Kat:2, Licht: 0","136795","2","2","6","10","11","2","0","0","0","1","1","0"
"POINT (9.754668658000071 52.389707474000033)","Unfall 136799 (2018) Kat:3, Licht: 0","136799","3","2","2","10","15","3","1","0","0","1","0","0"
"POINT (9.769988822000073 52.358733001000076)","Unfall 136813 (2018) Kat:3, Licht: 0","136813","3","2","4","10","12","6","0","0","1","1","0","0"
"POINT (9.712932917000046 52.341537678000066)","Unfall 136818 (2018) Kat:3, Licht: 2","136818","3","5","1","10","23","4","0","2","0","1","0","0"
"POINT (9.694002746000024 52.352851285000042)","Unfall 136825 (2018) Kat:3, Licht: 0","136825","3","6","2","10","17","3","0","0","0","1","0","0"
"POINT (9.769326408000040 52.334385399000041)","Unfall 136829 (2018) Kat:2, Licht: 2","136829","2","3","5","10","20","5","0","2","1","1","0","0"
"POINT (9.745060519000049 52.377346305000060)","Unfall 136833 (2018) Kat:3, Licht: 0","136833","3","5","1","10","16","4","0","0","1","1","0","0"
"POINT (9.805258829000024 52.399358656000061)","Unfall 136881 (2018) Kat:3, Licht: 2","136881","3","7","7","10","20","7","0","2","1","0","0","0"
"POINT (9.797857657000066 52.342458690000058)","Unfall 136883 (2018) Kat:3, Licht: 0","136883","3","1","0","10","17","3","0","0","1","0","0","0"
"POINT (9.722564850000026 52.377281555000081)","Unfall 136889 (2018) Kat:3, Licht: 0","136889","3","6","2","10","17","2","1","0","0","1","0","0"
"POINT (9.789903686000059 52.410283911000079)","Unfall 136890 (2018) Kat:3, Licht: 0","136890","3","1","0","10","13","4","0","0","0","0","0","1"
"POINT (9.756803702000070 52.364162368000052)","Unfall 136891 (2018) Kat:3, Licht: 0","136891","3","6","0","10","18","2","1","0","1","1","0","0"
"POINT (9.735990025000035 52.394625563000034)","Unfall 136893 (2018) Kat:3, Licht: 0","136893","3","6","2","10","15","2","0","0","0","1","0","0"
"POINT (9.757352335000064 52.364090700000077)","Unfall 136894 (2018) Kat:3, Licht: 0","136894","3","7","1","10","17","4","0","0","0","1","1","0"
"POINT (9.806559369000070 52.349998721000077)","Unfall 136897 (2018) Kat:3, Licht: 0","136897","3","7","8","10","12","3","0","0","0","1","0","0"
"POINT (9.726768355000047 52.361568499000043)","Unfall 136901 (2018) Kat:3, Licht: 0","136901","3","7","0","10","14","2","1","0","1","0","0","0"
"POINT (9.779115539000031 52.410219342000062)","Unfall 136905 (2018) Kat:3, Licht: 0","136905","3","6","2","10","10","2","1","0","0","1","0","0"
"POINT (9.774255091000043 52.335661067000046)","Unfall 136935 (2018) Kat:3, Licht: 2","136935","3","2","5","10","23","5","1","2","0","1","0","0"
"POINT (9.728481090000059 52.377913446000036)","Unfall 136946 (2018) Kat:3, Licht: 0","136946","3","1","4","10","09","4","0","0","0","1","0","0"
"POINT (9.692478090000066 52.398610329000064)","Unfall 136948 (2018) Kat:3, Licht: 0","136948","3","7","0","10","17","4","0","0","1","0","0","0"
"POINT (9.792555224000068 52.396580123000035)","Unfall 136958 (2018) Kat:3, Licht: 0","136958","3","6","3","10","11","4","0","0","0","1","0","1"
"POINT (9.750966402000074 52.348367216000042)","Unfall 136975 (2018) Kat:3, Licht: 0","136975","3","6","2","10","09","5","0","0","0","1","0","0"
"POINT (9.668176207000045 52.415379031000043)","Unfall 136976 (2018) Kat:3, Licht: 0","136976","3","3","5","10","08","2","0","0","1","0","0","0"
"POINT (9.705297697000049 52.369838413000082)","Unfall 136977 (2018) Kat:3, Licht: 0","136977","3","7","0","10","18","2","0","0","0","0","0","1"
"POINT (9.741293456000051 52.378150239000036)","Unfall 136986 (2018) Kat:3, Licht: 0","136986","3","7","0","10","14","5","0","0","1","0","0","0"
"POINT (9.765786189000039 52.339817092000033)","Unfall 136987 (2018) Kat:3, Licht: 0","136987","3","2","5","10","16","2","0","0","1","0","0","1"
"POINT (9.772618741000031 52.339040114000056)","Unfall 136988 (2018) Kat:3, Licht: 0","136988","3","2","0","10","11","2","0","0","0","1","0","0"
"POINT (9.728214361000028 52.374114252000027)","Unfall 137005 (2018) Kat:3, Licht: 0","137005","3","6","2","10","13","4","0","0","0","1","0","0"
"POINT (9.741254668000067 52.363256728000067)","Unfall 137029 (2018) Kat:3, Licht: 0","137029","3","7","2","10","09","5","0","0","0","0","1","0"
"POINT (9.782115872000077 52.415572123000061)","Unfall 137046 (2018) Kat:3, Licht: 0","137046","3","6","2","10","16","1","0","0","0","1","0","0"
"POINT (9.691083866000042 52.394474613000057)","Unfall 137047 (2018) Kat:3, Licht: 2","137047","3","7","0","10","20","4","0","2","1","0","1","0"
"POINT (9.739559890000066 52.372166939000067)","Unfall 137050 (2018) Kat:3, Licht: 0","137050","3","7","0","10","15","1","0","0","1","0","0","0"
"POINT (9.720886617000076 52.373317667000038)","Unfall 137055 (2018) Kat:2, Licht: 0","137055","2","2","5","10","17","1","0","0","0","1","0","0"
"POINT (9.764442981000059 52.396018003000052)","Unfall 137060 (2018) Kat:3, Licht: 0","137060","3","6","2","10","11","4","0","0","0","1","0","0"
"POINT (9.761308543000041 52.379988836000052)","Unfall 137072 (2018) Kat:2, Licht: 1","137072","2","3","5","10","18","4","0","1","0","1","0","1"
"POINT (9.714902840000036 52.354482172000075)","Unfall 137073 (2018) Kat:3, Licht: 1","137073","3","5","1","10","07","3","0","1","0","1","0","0"
"POINT (9.669986593000033 52.355198410000071)","Unfall 137086 (2018) Kat:3, Licht: 0","137086","3","4","6","10","10","3","0","0","0","1","1","0"
"POINT (9.727211241000020 52.343599085000051)","Unfall 137092 (2018) Kat:3, Licht: 0","137092","3","5","1","10","11","7","0","0","0","1","0","0"
"POINT (9.700609764000035 52.333544062000044)","Unfall 137094 (2018) Kat:3, Licht: 0","137094","3","4","6","10","13","7","0","0","0","1","1","0"
"POINT (9.728673433000040 52.372926741000072)","Unfall 137097 (2018) Kat:3, Licht: 0","137097","3","3","5","10","15","7","0","0","1","1","0","0"
"POINT (9.724027681000052 52.372935265000081)","Unfall 137098 (2018) Kat:3, Licht: 0","137098","3","3","5","10","13","7","0","0","1","1","0","0"
"POINT (9.741379489000053 52.371093794000046)","Unfall 137099 (2018) Kat:3, Licht: 2","137099","3","3","5","10","23","3","0","2","1","1","0","0"
"POINT (9.671519683000042 52.383448824000027)","Unfall 137101 (2018) Kat:3, Licht: 0","137101","3","4","6","10","14","7","0","0","0","1","1","0"
"POINT (9.749065359000042 52.377799206000077)","Unfall 137102 (2018) Kat:3, Licht: 0","137102","3","3","5","10","15","7","0","0","1","1","0","0"
"POINT (9.725233077000041 52.383303481000041)","Unfall 137103 (2018) Kat:3, Licht: 0","137103","3","2","5","10","15","5","0","0","1","0","0","0"
"POINT (9.756292214000041 52.342599540000037)","Unfall 137118 (2018) Kat:3, Licht: 0","137118","3","2","5","10","07","3","0","0","1","0","0","0"
"POINT (9.711549242000046 52.336579063000045)","Unfall 137122 (2018) Kat:3, Licht: 0","137122","3","3","5","10","15","4","0","0","0","1","0","0"
"POINT (9.818638741000029 52.391866317000051)","Unfall 137151 (2018) Kat:3, Licht: 0","137151","3","7","0","10","11","5","0","0","1","0","0","0"
"POINT (9.697677479000049 52.360079633000055)","Unfall 137162 (2018) Kat:3, Licht: 0","137162","3","1","0","10","14","6","1","0","1","0","0","0"
"POINT (9.713625752000041 52.414133995000043)","Unfall 137164 (2018) Kat:3, Licht: 0","137164","3","7","2","10","07","6","0","0","1","1","0","0"
"POINT (9.754139377000058 52.379486473000043)","Unfall 137166 (2018) Kat:3, Licht: 0","137166","3","2","0","10","14","6","0","0","1","1","0","0"
"POINT (9.753321447000076 52.390230338000038)","Unfall 137167 (2018) Kat:2, Licht: 0","137167","2","7","0","10","10","6","0","0","0","0","1","0"
"POINT (9.731955535000054 52.377129822000029)","Unfall 137170 (2018) Kat:3, Licht: 2","137170","3","7","4","10","21","6","0","2","0","1","0","0"
"POINT (9.673612331000072 52.365298200000041)","Unfall 137181 (2018) Kat:3, Licht: 0","137181","3","4","0","10","16","4","0","0","0","0","1","0"
"POINT (9.777702161000036 52.397323274000030)","Unfall 137218 (2018) Kat:3, Licht: 0","137218","3","4","6","10","13","4","1","0","0","1","1","0"
"POINT (9.810828615000048 52.383009131000051)","Unfall 137219 (2018) Kat:3, Licht: 0","137219","3","1","9","10","13","4","1","0","0","1","0","0"
"POINT (9.734895324000036 52.380212707000055)","Unfall 137230 (2018) Kat:3, Licht: 2","137230","3","3","5","10","21","6","1","2","1","1","0","0"
"POINT (9.715689007000037 52.387291904000051)","Unfall 137246 (2018) Kat:3, Licht: 0","137246","3","6","2","10","16","5","1","0","1","1","0","0"
"POINT (9.798737315000039 52.385315683000044)","Unfall 137263 (2018) Kat:3, Licht: 0","137263","3","3","5","10","15","3","1","0","1","1","0","0"
"POINT (9.800714535000054 52.405740702000060)","Unfall 137264 (2018) Kat:3, Licht: 2","137264","3","3","5","10","19","3","1","2","0","1","0","0"
"POINT (9.732601131000024 52.379121003000080)","Unfall 137265 (2018) Kat:3, Licht: 0","137265","3","3","5","10","11","3","0","0","1","1","0","0"
"POINT (9.807623937000074 52.379565721000063)","Unfall 137266 (2018) Kat:3, Licht: 0","137266","3","1","0","10","10","6","1","0","0","0","0","1"
"POINT (9.692633381000064 52.398484802000041)","Unfall 137267 (2018) Kat:3, Licht: 2","137267","3","2","5","10","18","3","1","2","0","1","0","0"
"POINT (9.741380060000040 52.394385380000074)","Unfall 137271 (2018) Kat:3, Licht: 0","137271","3","7","0","10","17","3","1","0","0","0","0","1"
"POINT (9.735544931000050 52.375905972000055)","Unfall 137272 (2018) Kat:3, Licht: 1","137272","3","7","4","10","07","3","0","1","0","1","0","0"
"POINT (9.692908500000044 52.341824793000058)","Unfall 137280 (2018) Kat:3, Licht: 0","137280","3","3","5","10","13","6","0","0","0","1","0","0"
"POINT (9.790207290000069 52.358484574000045)","Unfall 137292 (2018) Kat:3, Licht: 0","137292","3","2","5","10","15","5","1","0","1","1","0","0"
"POINT (9.804793802000063 52.334848786000066)","Unfall 137318 (2018) Kat:3, Licht: 0","137318","3","2","5","10","15","6","1","0","0","1","0","1"
"POINT (9.694061270000077 52.352741675000061)","Unfall 137327 (2018) Kat:3, Licht: 0","137327","3","6","2","10","13","2","1","0","0","1","0","0"
"POINT (9.722053711000058 52.389089030000036)","Unfall 137328 (2018) Kat:3, Licht: 0","137328","3","7","0","10","10","2","1","0","1","0","0","0"
"POINT (9.787856783000052 52.394484862000070)","Unfall 137331 (2018) Kat:3, Licht: 2","137331","3","7","0","10","19","2","0","2","1","0","0","0"
"POINT (9.780188545000044 52.403906870000071)","Unfall 137334 (2018) Kat:3, Licht: 0","137334","3","1","0","10","14","2","0","0","1","0","0","0"
"POINT (9.744121342000028 52.379840430000058)","Unfall 137338 (2018) Kat:2, Licht: 2","137338","2","1","0","10","19","2","0","2","1","0","0","0"
"POINT (9.656813258000057 52.415662438000027)","Unfall 137339 (2018) Kat:2, Licht: 0","137339","2","7","9","10","15","2","0","0","0","1","0","0"
"POINT (9.866513317000056 52.362601159000064)","Unfall 137342 (2018) Kat:2, Licht: 0","137342","2","1","0","10","14","2","0","0","0","0","0","1"
"POINT (9.684515624000028 52.395956310000031)","Unfall 137369 (2018) Kat:3, Licht: 0","137369","3","5","1","10","08","1","0","0","0","1","0","0"
"POINT (9.692305575000034 52.398136098000066)","Unfall 137395 (2018) Kat:2, Licht: 0","137395","2","6","2","10","09","4","1","0","0","1","0","0"
"POINT (9.703803060000041 52.337447166000061)","Unfall 137400 (2018) Kat:3, Licht: 0","137400","3","5","1","10","11","4","0","0","1","1","0","0"
"POINT (9.730994656000064 52.370738816000028)","Unfall 137401 (2018) Kat:3, Licht: 2","137401","3","7","0","10","20","7","0","2","1","1","0","0"
"POINT (9.739700714000037 52.412252854000030)","Unfall 137402 (2018) Kat:3, Licht: 0","137402","3","1","1","10","16","5","1","0","0","1","0","0"
"POINT (9.708464474000039 52.368347743000072)","Unfall 137403 (2018) Kat:3, Licht: 0","137403","3","6","6","10","14","7","0","0","0","1","1","0"
"POINT (9.803150524000046 52.396391366000046)","Unfall 137404 (2018) Kat:3, Licht: 2","137404","3","4","6","10","06","7","0","2","1","0","1","0"
"POINT (9.707817600000055 52.412977899000055)","Unfall 137407 (2018) Kat:3, Licht: 2","137407","3","3","0","10","20","4","1","2","0","1","0","1"
"POINT (9.632289684000057 52.411274775000038)","Unfall 137410 (2018) Kat:3, Licht: 2","137410","3","3","5","10","21","7","0","2","0","1","0","0"
"POINT (9.809308409000039 52.403993127000035)","Unfall 137417 (2018) Kat:3, Licht: 0","137417","3","7","5","10","13","4","0","0","1","1","0","0"
"POINT (9.741113851000023 52.393652287000066)","Unfall 137424 (2018) Kat:3, Licht: 2","137424","3","1","0","10","07","4","1","2","1","0","0","0"
"POINT (9.809668928000065 52.384357144000035)","Unfall 137425 (2018) Kat:3, Licht: 0","137425","3","6","2","10","10","6","1","0","0","1","0","0"
"POINT (9.741945421000025 52.375740933000031)","Unfall 137437 (2018) Kat:3, Licht: 0","137437","3","3","5","10","08","6","1","0","1","1","0","0"
"POINT (9.723148976000061 52.369826212000078)","Unfall 137448 (2018) Kat:3, Licht: 0","137448","3","2","5","10","09","5","0","0","0","1","0","0"
"POINT (9.658288336000055 52.405946423000046)","Unfall 137450 (2018) Kat:3, Licht: 2","137450","3","5","0","10","23","6","0","2","1","1","0","0"
"POINT (9.724726050000072 52.344964781000044)","Unfall 137452 (2018) Kat:3, Licht: 0","137452","3","6","2","10","16","6","0","0","1","1","0","0"
"POINT (9.765996000000030 52.354643700000054)","Unfall 137455 (2018) Kat:3, Licht: 0","137455","3","5","1","10","14","6","0","0","1","1","0","0"
"POINT (9.712741776000030 52.382153775000063)","Unfall 137456 (2018) Kat:3, Licht: 1","137456","3","3","5","10","08","6","0","1","1","1","0","0"
"POINT (9.819386328000064 52.429305443000032)","Unfall 137458 (2018) Kat:3, Licht: 0","137458","3","3","5","10","13","6","0","0","0","1","0","0"
"POINT (9.778289250000057 52.399320791000036)","Unfall 137459 (2018) Kat:3, Licht: 0","137459","3","7","2","10","12","6","0","0","0","1","0","0"
"POINT (9.719927660000053 52.375088996000045)","Unfall 137462 (2018) Kat:3, Licht: 2","137462","3","3","5","10","22","6","0","2","0","1","0","0"
"POINT (9.744045232000076 52.386724424000079)","Unfall 137464 (2018) Kat:3, Licht: 0","137464","3","2","5","10","15","6","0","0","1","1","0","0"
"POINT (9.752690913000038 52.382734143000050)","Unfall 137476 (2018) Kat:3, Licht: 0","137476","3","7","6","11","13","5","0","0","0","1","1","0"
"POINT (9.741207965000058 52.371045407000054)","Unfall 137478 (2018) Kat:3, Licht: 0","137478","3","6","3","11","13","5","0","0","1","1","0","0"
"POINT (9.702923655000063 52.341198205000069)","Unfall 137487 (2018) Kat:3, Licht: 0","137487","3","2","5","11","13","5","0","0","1","0","0","0"
"POINT (9.672760283000059 52.398367717000042)","Unfall 137489 (2018) Kat:3, Licht: 0","137489","3","2","5","11","11","5","0","0","0","1","0","0"
"POINT (9.709433697000065 52.360150173000079)","Unfall 137490 (2018) Kat:3, Licht: 0","137490","3","1","8","11","07","5","0","0","0","1","0","0"
"POINT (9.714130467000075 52.371426192000058)","Unfall 137511 (2018) Kat:3, Licht: 1","137511","3","7","0","11","16","7","0","1","0","0","0","0"
"POINT (9.741793516000030 52.378624051000031)","Unfall 137512 (2018) Kat:3, Licht: 2","137512","3","2","4","10","21","4","0","2","0","1","0","1"
"POINT (9.731381105000025 52.375076483000043)","Unfall 137513 (2018) Kat:3, Licht: 0","137513","3","6","6","10","08","4","0","0","0","1","1","0"
"POINT (9.819447880000041 52.390336740000066)","Unfall 137516 (2018) Kat:3, Licht: 2","137516","3","4","6","10","21","4","0","2","0","1","1","0"
"POINT (9.805397640000024 52.412342693000028)","Unfall 137520 (2018) Kat:3, Licht: 0","137520","3","2","0","10","13","4","0","0","1","1","0","0"
"POINT (9.750966402000074 52.348367216000042)","Unfall 137550 (2018) Kat:3, Licht: 0","137550","3","6","2","11","15","6","0","0","0","1","0","1"
"POINT (9.806830203000061 52.385536546000026)","Unfall 137557 (2018) Kat:3, Licht: 0","137557","3","6","3","10","09","3","1","0","0","1","0","0"
"POINT (9.762288331000036 52.370272983000064)","Unfall 137558 (2018) Kat:3, Licht: 0","137558","3","7","0","10","12","3","0","0","0","0","1","0"
"POINT (9.735171539000021 52.365506897000046)","Unfall 137559 (2018) Kat:3, Licht: 0","137559","3","1","4","11","10","2","0","0","0","1","0","0"
"POINT (9.729217766000033 52.390741513000080)","Unfall 137560 (2018) Kat:3, Licht: 0","137560","3","3","5","10","10","3","1","0","1","1","0","0"
"POINT (9.753165582000065 52.355300824000039)","Unfall 137567 (2018) Kat:2, Licht: 0","137567","2","7","9","10","10","3","1","0","0","1","0","0"
"POINT (9.759368836000022 52.419770034000067)","Unfall 137569 (2018) Kat:2, Licht: 2","137569","2","4","6","10","05","3","1","2","0","1","1","0"
"POINT (9.670627662000072 52.400928685000054)","Unfall 137572 (2018) Kat:3, Licht: 0","137572","3","2","5","10","15","3","1","0","0","1","0","0"
"POINT (9.785834110000053 52.398102483000059)","Unfall 137573 (2018) Kat:3, Licht: 0","137573","3","3","5","10","08","3","1","0","1","1","0","0"
"POINT (9.760864767000044 52.337584777000075)","Unfall 137599 (2018) Kat:3, Licht: 0","137599","3","1","0","11","07","2","0","0","1","0","0","0"
"POINT (9.691227561000062 52.329209607000053)","Unfall 137622 (2018) Kat:3, Licht: 2","137622","3","4","6","10","06","2","1","2","0","1","1","0"