WKT,Name,OBJECTID,UKATEGORIE,UTYP1,UART,UMONAT,USTUNDE,UWOCHENTAG,STRZUSTAND,ULICHTVERH,ISTRAD,ISTPKW,ISTFUSS,ISTKRAD
"POINT (9.737761087000024 52.381849240000065)","Unfall 137625 (2018) Kat:3, Licht: 0","137625","3","7","0","10","09","2","1","0","1","0","0","0"
"POINT (9.714274948000025 52.371749484000077)","Unfall 137630 (2018) Kat:3, Licht: 2","137630","3","3","5","10","18","2","1","2","1","1","0","0"
"POINT (9.770489407000071 52.338515988000040)","Unfall 137631 (2018) Kat:2, Licht: 2","137631","2","4","0","10","17","2","1","2","0","1","1","0"
"POINT (9.704869448000068 52.374310636000075)","Unfall 137633 (2018) Kat:3, Licht: 2","137633","3","3","5","10","06","2","1","2","1","1","0","0"
"POINT (9.747138496000048 52.394590674000028)","Unfall 137668 (2018) Kat:3, Licht: 0","137668","3","6","3","11","13","2","0","0","1","0","0","0"
"POINT (9.670313928000041 52.399534448000054)","Unfall 137676 (2018) Kat:3, Licht: 0","137676","3","3","5","10","14","1","1","0","1","1","0","0"
"POINT (9.697103708000043 52.365793769000049)","Unfall 137681 (2018) Kat:3, Licht: 2","137681","3","7","9","10","18","1","0","2","1","0","0","0"
"POINT (9.714366410000025 52.342265834000045)","Unfall 137704 (2018) Kat:3, Licht: 0","137704","3","2","5","11","09","2","0","0","0","1","0","0"
"POINT (9.669398890000025 52.349666908000074)","Unfall 137705 (2018) Kat:3, Licht: 0","137705","3","3","5","10","14","7","0","0","1","1","0","0"
"POINT (9.717080496000051 52.340529762000074)","Unfall 137728 (2018) Kat:3, Licht: 2","137728","3","6","2","11","17","4","0","2","0","1","0","0"
"POINT (9.715046943000061 52.392830260000039)","Unfall 137763 (2018) Kat:3, Licht: 0","137763","3","7","0","11","08","5","1","0","0","0","0","1"
"POINT (9.774944192000021 52.363785737000057)","Unfall 137766 (2018) Kat:3, Licht: 2","137766","3","7","7","11","17","1","0","2","1","0","0","0"
"POINT (9.821379342000057 52.342970284000046)","Unfall 137773 (2018) Kat:3, Licht: 0","137773","3","6","2","11","10","2","1","0","0","1","0","0"
"POINT (9.745665932000065 52.372805921000065)","Unfall 137787 (2018) Kat:3, Licht: 0","137787","3","6","4","11","11","2","0","0","0","1","0","0"
"POINT (9.742903989000070 52.384419084000058)","Unfall 137789 (2018) Kat:3, Licht: 0","137789","3","2","0","11","13","7","0","0","1","1","0","0"
"POINT (9.771962973000029 52.369527435000066)","Unfall 137809 (2018) Kat:3, Licht: 0","137809","3","3","5","11","15","4","0","0","1","1","0","0"
"POINT (9.695495633000064 52.408860099000037)","Unfall 137833 (2018) Kat:3, Licht: 0","137833","3","2","4","11","14","4","0","0","1","1","0","0"
"POINT (9.723384783000029 52.370795149000060)","Unfall 137846 (2018) Kat:3, Licht: 0","137846","3","7","0","11","15","3","0","0","0","0","1","0"
"POINT (9.702304877000074 52.375048429000060)","Unfall 137847 (2018) Kat:3, Licht: 0","137847","3","5","1","11","09","3","0","0","1","1","0","0"
"POINT (9.750583419000066 52.366084617000070)","Unfall 137854 (2018) Kat:3, Licht: 2","137854","3","3","5","11","17","3","0","2","0","1","0","0"
"POINT (9.833362944000044 52.392382421000036)","Unfall 137855 (2018) Kat:3, Licht: 0","137855","3","5","1","11","13","3","0","0","0","1","0","0"
"POINT (9.804859451000027 52.409469458000046)","Unfall 137856 (2018) Kat:3, Licht: 1","137856","3","2","5","11","16","5","0","1","1","1","0","0"
"POINT (9.737071685000046 52.420969553000077)","Unfall 137858 (2018) Kat:3, Licht: 0","137858","3","6","2","11","09","3","0","0","0","1","0","0"
"POINT (9.779793333000043 52.399975362000077)","Unfall 137865 (2018) Kat:3, Licht: 0","137865","3","1","0","11","14","3","0","0","1","0","0","0"
"POINT (9.749864721000051 52.376375206000034)","Unfall 137867 (2018) Kat:3, Licht: 0","137867","3","6","3","11","09","3","0","0","0","1","0","1"
"POINT (9.739705898000068 52.391795026000068)","Unfall 137873 (2018) Kat:3, Licht: 1","137873","3","2","5","11","17","4","0","1","1","1","0","0"
"POINT (9.730107318000023 52.369046912000044)","Unfall 137883 (2018) Kat:3, Licht: 2","137883","3","3","5","11","20","2","1","2","1","1","0","0"
"POINT (9.700849714000071 52.391450081000073)","Unfall 137884 (2018) Kat:3, Licht: 0","137884","3","7","5","11","07","6","1","0","1","1","0","0"
"POINT (9.713663581000049 52.371081098000047)","Unfall 137885 (2018) Kat:3, Licht: 0","137885","3","6","3","11","15","4","0","0","1","0","0","1"
"POINT (9.752625656000021 52.394984192000038)","Unfall 137888 (2018) Kat:3, Licht: 1","137888","3","3","5","11","18","3","0","1","1","1","0","0"
"POINT (9.791792332000057 52.403172534000078)","Unfall 137889 (2018) Kat:3, Licht: 0","137889","3","2","3","11","15","3","0","0","1","1","0","0"
"POINT (9.732540741000037 52.388855692000050)","Unfall 137892 (2018) Kat:3, Licht: 0","137892","3","6","0","11","09","6","1","0","0","0","0","1"
"POINT (9.723271355000065 52.369684498000026)","Unfall 137893 (2018) Kat:1, Licht: 0","137893","1","4","6","11","09","3","0","0","0","0","1","0"
"POINT (9.738200764000055 52.384834041000033)","Unfall 137896 (2018) Kat:3, Licht: 2","137896","3","2","4","11","19","6","0","2","1","1","0","0"
"POINT (9.796900375000064 52.333993104000058)","Unfall 137898 (2018) Kat:3, Licht: 0","137898","3","4","6","11","14","2","1","0","0","1","1","0"
"POINT (9.739867411000034 52.383048099000064)","Unfall 137899 (2018) Kat:3, Licht: 2","137899","3","7","0","11","19","6","1","2","1","0","0","0"
"POINT (9.746171166000067 52.393193678000046)","Unfall 137906 (2018) Kat:3, Licht: 0","137906","3","6","2","11","11","6","1","0","0","1","0","0"
"POINT (9.771984264000025 52.372879288000036)","Unfall 137909 (2018) Kat:3, Licht: 0","137909","3","7","0","11","10","6","1","0","1","0","0","0"
"POINT (9.731529559000023 52.406397397000035)","Unfall 137917 (2018) Kat:3, Licht: 0","137917","3","7","0","11","15","5","0","0","1","0","0","0"
"POINT (9.757396538000023 52.374488337000059)","Unfall 137939 (2018) Kat:3, Licht: 2","137939","3","3","5","11","18","2","1","2","1","1","0","0"
"POINT (9.720506861000047 52.375527750000060)","Unfall 137953 (2018) Kat:2, Licht: 0","137953","2","3","5","11","10","7","0","0","1","1","0","0"
"POINT (9.695656295000049 52.365573077000079)","Unfall 137966 (2018) Kat:3, Licht: 2","137966","3","2","5","11","17","5","0","2","0","1","0","1"
"POINT (9.796606629000053 52.404239726000071)","Unfall 137971 (2018) Kat:3, Licht: 2","137971","3","3","5","11","17","4","0","2","1","1","0","0"
"POINT (9.708618740000077 52.388390395000044)","Unfall 138003 (2018) Kat:3, Licht: 0","138003","3","3","5","11","10","3","1","0","1","1","0","0"
"POINT (9.756629799000052 52.360819381000056)","Unfall 138008 (2018) Kat:3, Licht: 2","138008","3","6","6","11","17","5","1","2","1","0","1","0"
"POINT (9.808427894000033 52.389648023000063)","Unfall 138009 (2018) Kat:3, Licht: 2","138009","3","4","6","11","19","1","0","2","0","1","1","0"
"POINT (9.733937808000064 52.384551933000068)","Unfall 138031 (2018) Kat:3, Licht: 0","138031","3","3","5","11","09","7","0","0","1","1","0","0"
"POINT (9.692722558000071 52.419039116000079)","Unfall 138037 (2018) Kat:3, Licht: 0","138037","3","1","0","11","14","3","1","0","1","0","0","0"
"POINT (9.762704043000042 52.395546673000069)","Unfall 138046 (2018) Kat:3, Licht: 0","138046","3","2","5","11","08","3","0","0","1","1","0","0"
"POINT (9.735344060000045 52.376733261000027)","Unfall 138067 (2018) Kat:2, Licht: 2","138067","2","7","0","11","16","5","1","2","1","0","0","0"
"POINT (9.746704040000054 52.353797712000073)","Unfall 138075 (2018) Kat:3, Licht: 0","138075","3","2","3","11","14","6","0","0","0","1","0","1"
"POINT (9.769154409000066 52.338195842000061)","Unfall 138076 (2018) Kat:3, Licht: 2","138076","3","2","5","11","20","6","0","2","1","0","0","0"
"POINT (9.701601771000071 52.408698853000033)","Unfall 138077 (2018) Kat:3, Licht: 0","138077","3","3","5","11","12","6","0","0","1","1","0","0"
"POINT (9.744908045000045 52.387481891000050)","Unfall 138078 (2018) Kat:3, Licht: 0","138078","3","3","0","11","16","6","0","0","0","1","0","0"
"POINT (9.750999332000049 52.388379589000067)","Unfall 138081 (2018) Kat:3, Licht: 0","138081","3","5","3","11","11","6","0","0","1","0","0","0"
"POINT (9.775180026000044 52.363688233000062)","Unfall 138085 (2018) Kat:2, Licht: 0","138085","2","2","5","11","12","3","0","0","1","1","0","0"
"POINT (9.736214127000039 52.384188672000050)","Unfall 138086 (2018) Kat:3, Licht: 2","138086","3","2","5","11","18","6","0","2","1","1","0","0"
"POINT (9.677759617000049 52.365658814000028)","Unfall 138087 (2018) Kat:3, Licht: 0","138087","3","6","2","11","15","6","0","0","0","1","0","0"
"POINT (9.708358101000044 52.388518079000050)","Unfall 138101 (2018) Kat:3, Licht: 2","138101","3","4","6","11","18","3","1","2","0","1","1","0"
"POINT (9.719305432000056 52.368938883000055)","Unfall 138117 (2018) Kat:3, Licht: 0","138117","3","2","5","11","13","2","0","0","1","1","0","0"
"POINT (9.747186097000054 52.389766244000043)","Unfall 138127 (2018) Kat:3, Licht: 2","138127","3","7","1","11","21","2","0","2","0","1","0","0"
"POINT (9.656833334000055 52.407827870000062)","Unfall 138132 (2018) Kat:3, Licht: 2","138132","3","2","5","11","01","5","1","2","1","1","0","0"
"POINT (9.816071312000076 52.319496431000061)","Unfall 138133 (2018) Kat:3, Licht: 0","138133","3","6","2","11","15","5","0","0","0","1","0","0"
"POINT (9.749373472000059 52.374780945000055)","Unfall 138135 (2018) Kat:3, Licht: 2","138135","3","7","0","11","06","2","0","2","1","0","0","0"
"POINT (9.750641942000073 52.375500051000074)","Unfall 138136 (2018) Kat:3, Licht: 0","138136","3","2","2","11","08","5","0","0","0","1","0","0"
"POINT (9.815937640000072 52.318211414000075)","Unfall 138139 (2018) Kat:3, Licht: 2","138139","3","6","2","11","18","3","1","2","0","1","0","0"
"POINT (9.792531304000022 52.396708644000057)","Unfall 138174 (2018) Kat:3, Licht: 0","138174","3","3","5","11","09","5","1","0","1","1","0","0"
"POINT (9.727501901000039 52.361005962000036)","Unfall 138175 (2018) Kat:2, Licht: 2","138175","2","3","5","11","18","2","1","2","1","1","0","0"
"POINT (9.700497274000043 52.366315849000046)","Unfall 138178 (2018) Kat:2, Licht: 2","138178","2","2","6","11","16","2","1","2","0","1","1","0"
"POINT (9.727971492000052 52.398153671000046)","Unfall 138181 (2018) Kat:3, Licht: 0","138181","3","3","5","11","14","2","0","0","1","1","0","0"
"POINT (9.744914187000063 52.379167129000052)","Unfall 138186 (2018) Kat:3, Licht: 0","138186","3","4","6","11","09","2","0","0","0","1","1","0"
"POINT (9.730636346000040 52.391285387000039)","Unfall 138197 (2018) Kat:3, Licht: 2","138197","3","3","5","11","06","4","0","2","0","1","0","0"
"POINT (9.744354774000044 52.374455374000036)","Unfall 138199 (2018) Kat:3, Licht: 2","138199","3","2","5","11","16","4","0","2","0","1","0","0"
"POINT (9.667509060000043 52.373125007000056)","Unfall 138203 (2018) Kat:3, Licht: 0","138203","3","2","2","11","13","4","0","0","0","1","0","0"
"POINT (9.799954192000030 52.406244346000051)","Unfall 138216 (2018) Kat:3, Licht: 2","138216","3","2","5","11","18","3","1","2","1","1","0","0"
"POINT (9.723198102000026 52.369040445000053)","Unfall 138253 (2018) Kat:3, Licht: 0","138253","3","3","5","11","10","3","0","0","1","1","0","0"
"POINT (9.681746865000037 52.358937885000046)","Unfall 138257 (2018) Kat:3, Licht: 2","138257","3","4","6","11","18","5","1","2","0","1","1","0"
"POINT (9.815747075000047 52.395901505000040)","Unfall 138262 (2018) Kat:3, Licht: 1","138262","3","7","0","12","07","1","1","1","0","1","0","0"
"POINT (9.721034077000070 52.373373167000068)","Unfall 138267 (2018) Kat:2, Licht: 2","138267","2","7","0","12","18","2","0","2","1","0","0","0"
"POINT (9.681755611000028 52.416250845000036)","Unfall 138274 (2018) Kat:2, Licht: 2","138274","2","1","8","12","05","1","1","2","0","1","0","0"
"POINT (9.726402075000067 52.346405151000056)","Unfall 138280 (2018) Kat:3, Licht: 2","138280","3","4","6","11","20","3","0","2","0","1","1","0"
"POINT (9.759783621000054 52.340712375000066)","Unfall 138288 (2018) Kat:3, Licht: 2","138288","3","3","5","11","17","3","0","2","1","1","0","0"
"POINT (9.763023931000021 52.336714125000071)","Unfall 138290 (2018) Kat:3, Licht: 0","138290","3","4","6","11","09","3","0","0","0","1","1","0"
"POINT (9.768081401000075 52.375356787000044)","Unfall 138291 (2018) Kat:3, Licht: 2","138291","3","1","8","11","16","5","1","2","0","1","0","0"
"POINT (9.734928153000055 52.370116168000038)","Unfall 138295 (2018) Kat:3, Licht: 2","138295","3","2","4","11","17","3","0","2","1","1","0","0"
"POINT (9.711883153000031 52.393586990000074)","Unfall 138298 (2018) Kat:3, Licht: 0","138298","3","7","0","11","09","3","0","0","0","1","0","0"
"POINT (9.764006569000060 52.342778907000081)","Unfall 138300 (2018) Kat:3, Licht: 2","138300","3","2","5","11","20","3","0","2","0","1","0","0"
"POINT (9.720416187000069 52.391437732000043)","Unfall 138301 (2018) Kat:3, Licht: 1","138301","3","7","0","11","16","3","0","1","1","0","0","0"
"POINT (9.705104930000061 52.407288047000065)","Unfall 138303 (2018) Kat:3, Licht: 0","138303","3","3","5","11","13","5","1","0","0","1","0","0"
"POINT (9.747365410000043 52.387584211000046)","Unfall 138320 (2018) Kat:3, Licht: 2","138320","3","7","6","12","17","2","0","2","0","1","1","0"
"POINT (9.705933423000033 52.371997421000060)","Unfall 138331 (2018) Kat:3, Licht: 2","138331","3","4","6","12","07","2","1","2","0","1","1","0"
"POINT (9.688338594000072 52.392686682000033)","Unfall 138335 (2018) Kat:3, Licht: 0","138335","3","7","2","11","08","4","0","0","0","1","0","0"
"POINT (9.812740734000045 52.401368613000045)","Unfall 138342 (2018) Kat:3, Licht: 0","138342","3","5","1","11","16","5","1","0","0","1","0","0"
"POINT (9.807548949000022 52.397754619000068)","Unfall 138368 (2018) Kat:3, Licht: 2","138368","3","3","5","11","06","2","0","2","1","1","0","0"
"POINT (9.738493853000023 52.379920097000081)","Unfall 138373 (2018) Kat:3, Licht: 2","138373","3","6","4","11","19","2","0","2","1","1","0","0"
"POINT (9.722701210000025 52.388526116000037)","Unfall 138377 (2018) Kat:3, Licht: 2","138377","3","4","6","11","18","2","0","2","0","1","1","0"
"POINT (9.714362341000026 52.342257567000047)","Unfall 138379 (2018) Kat:3, Licht: 0","138379","3","2","5","12","13","1","1","0","0","1","0","0"
"POINT (9.709432916000026 52.341839031000063)","Unfall 138380 (2018) Kat:2, Licht: 1","138380","2","4","6","11","07","2","0","1","0","1","1","0"
"POINT (9.804224850000026 52.391237552000064)","Unfall 138384 (2018) Kat:3, Licht: 0","138384","3","3","5","11","13","6","0","0","1","1","0","0"
"POINT (9.722759841000027 52.378326073000039)","Unfall 138388 (2018) Kat:3, Licht: 0","138388","3","6","2","12","12","7","0","0","0","1","0","0"
"POINT (9.714459315000056 52.371448472000054)","Unfall 138389 (2018) Kat:3, Licht: 0","138389","3","2","3","11","09","4","0","0","0","1","0","0"
"POINT (9.749994786000059 52.376561639000045)","Unfall 138398 (2018) Kat:3, Licht: 2","138398","3","2","5","11","18","5","1","2","1","1","0","0"
"POINT (9.741676640000037 52.380239255000049)","Unfall 138403 (2018) Kat:3, Licht: 1","138403","3","3","5","11","08","6","0","1","1","1","0","0"
"POINT (9.768159869000044 52.378630549000036)","Unfall 138413 (2018) Kat:3, Licht: 0","138413","3","2","5","11","14","5","1","0","0","0","0","0"
"POINT (9.857287375000055 52.367243339000026)","Unfall 138422 (2018) Kat:3, Licht: 1","138422","3","1","0","11","15","1","1","1","0","0","0","1"
"POINT (9.850332506000029 52.413199598000062)","Unfall 138445 (2018) Kat:3, Licht: 0","138445","3","1","8","12","10","2","1","0","0","1","0","0"
"POINT (9.825092186000063 52.340312843000049)","Unfall 138459 (2018) Kat:3, Licht: 2","138459","3","3","5","11","17","4","0","2","1","1","0","0"
"POINT (9.748272114000031 52.390973534000068)","Unfall 138474 (2018) Kat:2, Licht: 2","138474","2","2","6","12","16","1","1","2","0","1","1","0"
"POINT (9.705933423000033 52.371997421000060)","Unfall 138498 (2018) Kat:3, Licht: 2","138498","3","5","3","11","17","4","0","2","1","1","0","0"
"POINT (9.814063704000034 52.399006509000060)","Unfall 138503 (2018) Kat:3, Licht: 1","138503","3","2","3","11","16","6","0","1","1","1","0","0"
"POINT (9.735237077000022 52.379768552000030)","Unfall 138504 (2018) Kat:3, Licht: 2","138504","3","6","2","11","17","6","0","2","0","1","0","0"
"POINT (9.751217149000070 52.387236493000046)","Unfall 138510 (2018) Kat:3, Licht: 0","138510","3","6","3","11","11","4","0","0","0","1","0","1"
"POINT (9.743819141000074 52.357124828000053)","Unfall 138512 (2018) Kat:3, Licht: 2","138512","3","2","5","11","20","6","0","2","1","1","0","0"
"POINT (9.736001791000035 52.378861299000050)","Unfall 138515 (2018) Kat:3, Licht: 2","138515","3","2","5","11","18","6","0","2","0","1","0","0"
"POINT (9.732937051000022 52.375647513000047)","Unfall 138527 (2018) Kat:2, Licht: 0","138527","2","4","6","12","10","3","0","0","1","0","1","0"
"POINT (9.662292892000039 52.403577445000053)","Unfall 138530 (2018) Kat:3, Licht: 0","138530","3","3","5","12","09","2","0","0","0","1","0","0"
"POINT (9.718804213000055 52.374079378000033)","Unfall 138541 (2018) Kat:3, Licht: 2","138541","3","3","5","12","16","2","1","2","1","1","0","0"
"POINT (9.707393806000027 52.424374085000068)","Unfall 138552 (2018) Kat:3, Licht: 2","138552","3","6","3","12","07","6","1","2","1","0","0","0"
"POINT (9.751593380000031 52.420954361000042)","Unfall 138553 (2018) Kat:3, Licht: 2","138553","3","3","5","12","16","6","1","2","0","1","0","1"
"POINT (9.776939787000060 52.410227648000046)","Unfall 138555 (2018) Kat:3, Licht: 0","138555","3","6","2","12","13","6","1","0","0","1","0","0"
"POINT (9.739914541000076 52.382995777000076)","Unfall 138557 (2018) Kat:2, Licht: 0","138557","2","2","5","12","13","6","1","0","1","1","0","0"
"POINT (9.740127965000056 52.368451110000080)","Unfall 138558 (2018) Kat:3, Licht: 2","138558","3","2","5","12","19","6","1","2","1","1","0","0"
"POINT (9.717723027000034 52.364318491000063)","Unfall 138570 (2018) Kat:2, Licht: 2","138570","2","2","6","12","19","6","1","2","0","0","1","0"
"POINT (9.678499385000066 52.416090923000070)","Unfall 138573 (2018) Kat:2, Licht: 0","138573","2","4","6","12","13","6","1","0","0","1","1","0"
"POINT (9.785724143000039 52.372850097000082)","Unfall 138574 (2018) Kat:3, Licht: 0","138574","3","4","6","12","13","6","1","0","0","0","1","1"
"POINT (9.782776956000021 52.400471909000032)","Unfall 138576 (2018) Kat:3, Licht: 2","138576","3","2","5","12","07","6","1","2","1","0","0","0"
"POINT (9.713919180000062 52.371365938000054)","Unfall 138580 (2018) Kat:3, Licht: 2","138580","3","7","0","12","01","1","1","2","1","0","0","0"
"POINT (9.826436823000051 52.421329245000038)","Unfall 138594 (2018) Kat:3, Licht: 1","138594","3","2","6","12","07","2","0","1","0","1","1","0"
"POINT (9.686379949000070 52.410946203000037)","Unfall 138632 (2018) Kat:3, Licht: 2","138632","3","2","5","12","02","5","1","2","0","1","0","0"
"POINT (9.804545234000045 52.330621716000053)","Unfall 138634 (2018) Kat:3, Licht: 0","138634","3","6","2","12","10","5","1","0","0","1","0","0"
"POINT (9.746286896000072 52.393071694000071)","Unfall 138635 (2018) Kat:2, Licht: 0","138635","2","4","6","12","15","3","0","0","0","1","1","0"
"POINT (9.733697369000026 52.399085863000039)","Unfall 138636 (2018) Kat:3, Licht: 0","138636","3","3","5","12","12","5","1","0","0","1","0","1"
"POINT (9.801795310000045 52.398356810000053)","Unfall 138637 (2018) Kat:3, Licht: 2","138637","3","6","2","12","17","5","1","2","0","1","0","0"
"POINT (9.749065359000042 52.377799206000077)","Unfall 138646 (2018) Kat:3, Licht: 0","138646","3","3","5","12","10","5","1","0","1","1","0","0"
"POINT (9.775373401000024 52.396554265000077)","Unfall 138647 (2018) Kat:3, Licht: 2","138647","3","4","6","12","07","5","0","2","0","1","1","0"
"POINT (9.711690858000054 52.370876072000044)","Unfall 138649 (2018) Kat:3, Licht: 2","138649","3","2","6","12","21","5","1","2","0","1","1","0"
"POINT (9.743252473000041 52.379613107000068)","Unfall 138691 (2018) Kat:3, Licht: 2","138691","3","4","6","12","00","1","1","2","0","1","1","0"
"POINT (9.673913866000021 52.415830748000076)","Unfall 138693 (2018) Kat:2, Licht: 0","138693","2","1","9","12","11","3","0","0","0","1","0","0"
"POINT (9.736509810000030 52.371294483000042)","Unfall 138696 (2018) Kat:3, Licht: 2","138696","3","2","5","12","22","2","1","2","1","1","0","0"
"POINT (9.767996004000054 52.332770434000054)","Unfall 138707 (2018) Kat:3, Licht: 0","138707","3","5","0","12","11","4","0","0","0","1","1","0"
"POINT (9.720851135000032 52.346612272000073)","Unfall 138710 (2018) Kat:3, Licht: 0","138710","3","4","6","12","11","2","1","0","0","1","1","0"
"POINT (9.804545234000045 52.330621716000053)","Unfall 138712 (2018) Kat:3, Licht: 2","138712","3","6","6","12","15","7","1","2","0","1","1","0"
"POINT (9.735111836000044 52.376292491000072)","Unfall 138713 (2018) Kat:3, Licht: 0","138713","3","3","6","12","12","4","0","0","0","1","1","0"
"POINT (9.764773928000068 52.417719267000052)","Unfall 138714 (2018) Kat:3, Licht: 0","138714","3","3","5","12","10","7","1","0","0","1","0","0"
"POINT (9.720865789000072 52.371637824000061)","Unfall 138715 (2018) Kat:3, Licht: 0","138715","3","5","1","12","10","4","0","0","1","1","0","0"
"POINT (9.754310477000047 52.368614927000067)","Unfall 138716 (2018) Kat:3, Licht: 0","138716","3","3","5","12","08","4","0","0","1","1","0","0"
"POINT (9.802156757000034 52.409157178000044)","Unfall 138717 (2018) Kat:3, Licht: 0","138717","3","5","0","12","12","7","1","0","1","1","0","0"
"POINT (9.775066902000049 52.401640068000063)","Unfall 138736 (2018) Kat:3, Licht: 1","138736","3","2","2","12","07","3","0","1","1","1","0","0"
"POINT (9.783345492000024 52.405439304000026)","Unfall 138752 (2018) Kat:3, Licht: 2","138752","3","7","0","12","17","3","0","2","1","0","0","0"
"POINT (9.756972547000032 52.395969273000048)","Unfall 138763 (2018) Kat:3, Licht: 2","138763","3","3","5","12","05","2","0","2","1","1","0","0"
"POINT (9.666319180000073 52.401625361000072)","Unfall 138768 (2018) Kat:3, Licht: 0","138768","3","6","2","12","11","3","0","0","0","1","0","0"
"POINT (9.834637780000037 52.358898193000073)","Unfall 138769 (2018) Kat:3, Licht: 2","138769","3","6","2","12","18","3","0","2","0","1","0","0"
"POINT (9.741588918000048 52.383891055000049)","Unfall 138771 (2018) Kat:3, Licht: 2","138771","3","3","5","12","05","3","1","2","0","1","0","0"
"POINT (9.741759220000063 52.373740752000060)","Unfall 138773 (2018) Kat:3, Licht: 2","138773","3","4","6","12","16","3","0","2","0","1","1","0"
"POINT (9.748377074000075 52.389125740000054)","Unfall 138776 (2018) Kat:3, Licht: 0","138776","3","5","0","12","16","3","0","0","1","1","0","0"
"POINT (9.750608015000069 52.375325822000036)","Unfall 138778 (2018) Kat:3, Licht: 0","138778","3","2","5","12","12","3","0","0","1","1","0","0"
"POINT (9.678749243000027 52.377562597000065)","Unfall 138779 (2018) Kat:2, Licht: 0","138779","2","1","0","12","08","3","1","0","1","0","0","0"
"POINT (9.850024935000022 52.395899996000026)","Unfall 138794 (2018) Kat:3, Licht: 2","138794","3","4","6","12","22","3","0","2","0","1","1","0"
"POINT (9.735317910000049 52.406276346000027)","Unfall 138796 (2018) Kat:3, Licht: 2","138796","3","3","5","12","18","3","0","2","1","1","0","0"
"POINT (9.779698384000028 52.399833273000070)","Unfall 138798 (2018) Kat:3, Licht: 0","138798","3","2","5","12","14","6","1","0","0","1","0","0"
"POINT (9.697373688000027 52.413611421000041)","Unfall 138801 (2018) Kat:3, Licht: 2","138801","3","2","5","12","16","5","1","2","1","1","0","0"
"POINT (9.730689287000075 52.391297177000069)","Unfall 138803 (2018) Kat:3, Licht: 2","138803","3","3","5","12","17","3","1","2","0","1","0","0"
"POINT (9.748272114000031 52.390973534000068)","Unfall 138804 (2018) Kat:3, Licht: 2","138804","3","7","5","12","20","4","0","2","1","1","0","0"
"POINT (9.723309517000075 52.372293794000029)","Unfall 138805 (2018) Kat:3, Licht: 2","138805","3","2","5","12","17","3","0","2","1","1","0","0"
"POINT (9.743749637000065 52.384940846000063)","Unfall 138807 (2018) Kat:3, Licht: 0","138807","3","1","0","12","15","3","1","0","1","0","0","0"
"POINT (9.759883619000050 52.379037355000037)","Unfall 138817 (2018) Kat:2, Licht: 0","138817","2","3","5","12","15","4","0","0","1","0","0","0"
"POINT (9.752873943000054 52.359735663000038)","Unfall 138836 (2018) Kat:3, Licht: 0","138836","3","3","5","12","08","6","1","0","0","1","0","0"
"POINT (9.766539502000057 52.367197627000053)","Unfall 138852 (2018) Kat:3, Licht: 0","138852","3","3","5","12","16","2","1","0","1","1","0","0"
"POINT (9.807010943000023 52.385746116000064)","Unfall 138853 (2018) Kat:3, Licht: 0","138853","3","2","5","12","10","5","1","0","1","1","0","0"
"POINT (9.718210256000077 52.396341175000032)","Unfall 138854 (2018) Kat:3, Licht: 0","138854","3","7","2","12","14","2","1","0","0","1","0","0"
"POINT (9.804865482000025 52.409470204000058)","Unfall 138860 (2018) Kat:3, Licht: 0","138860","3","2","5","12","09","2","1","0","1","1","0","0"
"POINT (9.713847786000031 52.361104685000043)","Unfall 138864 (2018) Kat:3, Licht: 2","138864","3","6","2","12","18","7","1","2","0","1","0","0"
"POINT (9.721309593000058 52.390171839000061)","Unfall 138887 (2018) Kat:3, Licht: 2","138887","3","7","7","12","04","1","0","2","1","0","0","0"
"POINT (9.731943990000048 52.377185263000058)","Unfall 138891 (2018) Kat:3, Licht: 2","138891","3","4","6","12","04","1","0","2","0","1","1","0"
"POINT (9.692484185000069 52.398341718000040)","Unfall 138902 (2018) Kat:3, Licht: 2","138902","3","6","2","12","20","7","0","2","0","1","0","0"
"POINT (9.804760703000056 52.378103659000033)","Unfall 138904 (2018) Kat:3, Licht: 2","138904","3","3","5","12","17","7","0","2","1","1","0","0"
"POINT (9.725772600000028 52.397865499000034)","Unfall 138906 (2018) Kat:3, Licht: 1","138906","3","2","4","12","08","7","0","1","1","1","0","0"
"POINT (9.735660232000043 52.380674042000066)","Unfall 138908 (2018) Kat:3, Licht: 2","138908","3","6","2","12","19","7","0","2","0","1","0","0"
"POINT (9.710906317000024 52.342014316000075)","Unfall 138909 (2018) Kat:2, Licht: 0","138909","2","3","5","12","10","7","0","0","0","1","0","0"
"POINT (9.777895067000031 52.401141153000026)","Unfall 138914 (2018) Kat:3, Licht: 2","138914","3","2","6","12","18","5","1","2","0","1","1","0"
"POINT (9.669613524000056 52.421546756000055)","Unfall 138931 (2018) Kat:2, Licht: 2","138931","2","2","5","12","21","4","1","2","0","1","0","0"
"POINT (9.732078596000065 52.381515158000070)","Unfall 138943 (2018) Kat:3, Licht: 2","138943","3","3","5","12","20","6","0","2","0","1","0","0"
"POINT (9.705154328000049 52.377457366000044)","Unfall 138951 (2018) Kat:3, Licht: 0","138951","3","3","5","12","07","6","0","0","1","0","0","0"