WKT,Name,OBJECTID,UKATEGORIE,UTYP1,UART,UMONAT,USTUNDE,UWOCHENTAG,STRZUSTAND,ULICHTVERH,ISTRAD,ISTPKW,ISTFUSS,ISTKRAD
"POINT (9.714251165000064 52.362236179000035)","Unfall 82104 (2019) Kat:3, Licht: 0","82104","3","2","5","08","16","5","0","0","0","1","0","0"
"POINT (9.760914084000035 52.346991577000040)","Unfall 82108 (2019) Kat:3, Licht: 0","82108","3","3","5","08","17","5","0","0","1","0","0","0"
"POINT (9.733822777000057 52.385991876000048)","Unfall 82111 (2019) Kat:3, Licht: 0","82111","3","6","2","08","16","5","0","0","0","1","0","0"
"POINT (9.854265880000071 52.390407101000051)","Unfall 82128 (2019) Kat:2, Licht: 0","82128","2","1","0","08","11","5","0","0","0","0","0","1"
"POINT (9.746716381000056 52.365079524000066)","Unfall 82156 (2019) Kat:3, Licht: 0","82156","3","6","2","07","13","6","0","0","0","1","0","0"
"POINT (9.731598823000070 52.369409839000070)","Unfall 82187 (2019) Kat:3, Licht: 0","82187","3","2","5","08","17","5","0","0","1","1","0","0"
"POINT (9.673484822000035 52.428644551000048)","Unfall 82206 (2019) Kat:2, Licht: 0","82206","2","7","7","08","19","5","0","0","0","1","0","0"
"POINT (9.832047058000057 52.409386608000034)","Unfall 82208 (2019) Kat:3, Licht: 0","82208","3","6","2","08","16","5","0","0","0","1","0","0"
"POINT (9.754403315000047 52.370057523000071)","Unfall 82209 (2019) Kat:3, Licht: 0","82209","3","6","3","08","11","5","0","0","0","1","0","1"
"POINT (9.778121225000064 52.373292590000062)","Unfall 82251 (2019) Kat:3, Licht: 0","82251","3","6","2","08","16","4","0","0","0","1","0","0"
"POINT (9.696385850000070 52.379804833000037)","Unfall 82260 (2019) Kat:2, Licht: 2","82260","2","2","5","07","23","5","0","2","0","1","0","0"
"POINT (9.806587368000066 52.336336053000082)","Unfall 82262 (2019) Kat:3, Licht: 0","82262","3","7","9","07","15","5","0","0","0","1","0","1"
"POINT (9.677979602000050 52.360428313000057)","Unfall 82266 (2019) Kat:2, Licht: 0","82266","2","3","5","07","16","5","0","0","0","1","0","1"
"POINT (9.863520983000058 52.329201930000067)","Unfall 82274 (2019) Kat:3, Licht: 0","82274","3","6","9","07","13","5","0","0","0","1","0","0"
"POINT (9.790369806000058 52.429982551000080)","Unfall 82275 (2019) Kat:3, Licht: 0","82275","3","6","2","07","13","5","0","0","0","1","0","0"
"POINT (9.696226252000031 52.379648099000065)","Unfall 82323 (2019) Kat:3, Licht: 0","82323","3","7","5","07","19","4","0","0","0","1","0","0"
"POINT (9.762170603000072 52.370417332000045)","Unfall 82324 (2019) Kat:3, Licht: 0","82324","3","2","5","07","12","4","0","0","1","1","0","0"
"POINT (9.720477719000030 52.391490719000046)","Unfall 82326 (2019) Kat:3, Licht: 0","82326","3","1","0","07","10","4","0","0","1","0","0","0"
"POINT (9.856006719000050 52.388847515000066)","Unfall 82340 (2019) Kat:3, Licht: 0","82340","3","3","5","08","15","3","0","0","0","1","0","0"
"POINT (9.727530057000024 52.386969373000056)","Unfall 82341 (2019) Kat:3, Licht: 0","82341","3","1","8","08","10","3","1","0","0","1","0","1"
"POINT (9.823899194000035 52.413801949000060)","Unfall 82344 (2019) Kat:3, Licht: 0","82344","3","2","5","08","17","3","0","0","0","1","0","0"
"POINT (9.632099790000041 52.410698496000066)","Unfall 82345 (2019) Kat:3, Licht: 0","82345","3","1","8","07","06","4","1","0","0","1","0","0"
"POINT (9.763347240000030 52.343932005000056)","Unfall 82385 (2019) Kat:3, Licht: 0","82385","3","2","5","07","11","4","0","0","1","1","0","0"
"POINT (9.735608712000044 52.403213512000036)","Unfall 82386 (2019) Kat:3, Licht: 0","82386","3","6","2","07","17","4","0","0","0","1","0","0"
"POINT (9.729681260000064 52.384168854000052)","Unfall 82387 (2019) Kat:3, Licht: 0","82387","3","5","1","07","13","4","0","0","1","1","0","0"
"POINT (9.690301858000055 52.377251493000074)","Unfall 82394 (2019) Kat:3, Licht: 0","82394","3","7","0","07","17","4","0","0","1","0","0","0"
"POINT (9.753102041000034 52.369971860000078)","Unfall 82404 (2019) Kat:3, Licht: 0","82404","3","3","5","07","06","4","0","0","1","0","0","0"
"POINT (9.744707277000032 52.367498707000038)","Unfall 82441 (2019) Kat:3, Licht: 0","82441","3","2","3","07","12","3","0","0","1","1","0","0"
"POINT (9.708910838000065 52.366066181000065)","Unfall 82461 (2019) Kat:3, Licht: 0","82461","3","2","6","07","10","3","0","0","0","1","1","0"
"POINT (9.734119105000048 52.369071241000029)","Unfall 82464 (2019) Kat:3, Licht: 0","82464","3","7","2","08","07","2","0","0","0","1","0","0"
"POINT (9.732285728000022 52.383120484000074)","Unfall 82468 (2019) Kat:3, Licht: 0","82468","3","2","5","08","18","2","1","0","0","1","0","0"
"POINT (9.811086267000064 52.333047264000072)","Unfall 82487 (2019) Kat:2, Licht: 0","82487","2","1","9","08","15","2","0","0","0","1","0","1"
"POINT (9.749843862000034 52.369268604000069)","Unfall 82489 (2019) Kat:3, Licht: 0","82489","3","2","2","08","09","2","0","0","0","1","0","0"
"POINT (9.697858448000034 52.347579106000069)","Unfall 82514 (2019) Kat:3, Licht: 0","82514","3","6","2","07","15","3","0","0","0","1","0","0"
"POINT (9.698840364000034 52.375443792000056)","Unfall 82520 (2019) Kat:3, Licht: 0","82520","3","5","2","07","13","3","0","0","0","0","0","0"
"POINT (9.735789915000055 52.399853408000070)","Unfall 82521 (2019) Kat:3, Licht: 0","82521","3","6","2","07","14","3","0","0","0","1","0","0"
"POINT (9.774408328000050 52.371245964000082)","Unfall 82527 (2019) Kat:3, Licht: 0","82527","3","6","3","07","10","3","0","0","0","1","0","0"
"POINT (9.837442960000033 52.387340009000070)","Unfall 82596 (2019) Kat:3, Licht: 0","82596","3","3","5","07","14","2","0","0","1","1","0","0"
"POINT (9.733642487000054 52.384455306000064)","Unfall 82624 (2019) Kat:2, Licht: 2","82624","2","1","0","08","01","4","0","2","1","0","0","0"
"POINT (9.763449292000075 52.343832852000048)","Unfall 82648 (2019) Kat:3, Licht: 0","82648","3","2","5","08","18","6","1","0","1","1","0","0"
"POINT (9.755677879000075 52.370126644000038)","Unfall 82676 (2019) Kat:3, Licht: 0","82676","3","5","1","08","17","3","0","0","0","0","0","0"
"POINT (9.702186241000049 52.414820483000028)","Unfall 82677 (2019) Kat:3, Licht: 0","82677","3","6","2","08","08","3","0","0","0","1","0","0"
"POINT (9.699234415000035 52.347224102000041)","Unfall 82681 (2019) Kat:3, Licht: 2","82681","3","7","9","08","03","3","0","2","0","1","0","0"
"POINT (9.727214060000051 52.367038302000026)","Unfall 82728 (2019) Kat:3, Licht: 2","82728","3","7","0","08","20","2","1","2","0","0","0","1"
"POINT (9.726296180000077 52.366093694000028)","Unfall 82783 (2019) Kat:3, Licht: 2","82783","3","6","3","08","04","1","0","2","0","1","0","1"
"POINT (9.793294993000075 52.416314036000074)","Unfall 82784 (2019) Kat:3, Licht: 0","82784","3","3","5","08","09","1","0","0","1","1","0","0"
"POINT (9.696410791000062 52.379950695000048)","Unfall 82823 (2019) Kat:3, Licht: 0","82823","3","6","2","08","15","7","0","0","0","1","0","0"
"POINT (9.752668844000027 52.357318288000045)","Unfall 82824 (2019) Kat:3, Licht: 2","82824","3","5","1","08","02","7","0","2","1","1","0","0"
"POINT (9.703365156000075 52.422928935000073)","Unfall 82825 (2019) Kat:3, Licht: 0","82825","3","6","2","08","12","7","0","0","0","1","0","0"
"POINT (9.736282772000038 52.398364713000035)","Unfall 82826 (2019) Kat:3, Licht: 0","82826","3","6","3","08","10","7","0","0","0","1","0","1"
"POINT (9.728299012000036 52.381598455000073)","Unfall 82827 (2019) Kat:3, Licht: 2","82827","3","3","5","08","22","7","0","2","1","1","0","0"
"POINT (9.714315148000026 52.361094467000044)","Unfall 82842 (2019) Kat:3, Licht: 0","82842","3","2","5","08","13","6","0","0","0","1","0","0"
"POINT (9.726853846000040 52.375654735000069)","Unfall 82912 (2019) Kat:3, Licht: 0","82912","3","3","5","08","19","2","0","0","1","0","0","0"
"POINT (9.728448432000050 52.368009432000065)","Unfall 82914 (2019) Kat:3, Licht: 0","82914","3","3","5","08","14","2","0","0","1","1","0","0"
"POINT (9.733143517000030 52.384042729000043)","Unfall 82917 (2019) Kat:3, Licht: 0","82917","3","6","3","08","07","2","0","0","1","0","0","0"
"POINT (9.653787861000069 52.408710743000029)","Unfall 82976 (2019) Kat:3, Licht: 0","82976","3","6","2","08","11","1","1","0","0","1","0","0"
"POINT (9.761109236000038 52.346260372000074)","Unfall 83012 (2019) Kat:3, Licht: 0","83012","3","6","2","08","14","7","0","0","0","1","0","0"
"POINT (9.648648746000049 52.412656084000048)","Unfall 83056 (2019) Kat:3, Licht: 0","83056","3","6","2","08","14","6","0","0","0","1","0","0"
"POINT (9.813337806000050 52.337888888000066)","Unfall 83057 (2019) Kat:3, Licht: 0","83057","3","3","5","08","17","6","0","0","1","1","0","0"
"POINT (9.732301239000037 52.383136983000043)","Unfall 83058 (2019) Kat:3, Licht: 0","83058","3","3","5","08","08","6","0","0","1","1","0","0"
"POINT (9.743065767000076 52.368278750000059)","Unfall 83064 (2019) Kat:2, Licht: 0","83064","2","7","0","08","08","6","1","0","1","0","0","0"
"POINT (9.721786519000034 52.428131933000031)","Unfall 83143 (2019) Kat:3, Licht: 0","83143","3","6","2","08","18","5","1","0","0","1","0","1"
"POINT (9.746197560000041 52.369076252000070)","Unfall 83144 (2019) Kat:3, Licht: 0","83144","3","3","5","08","15","5","0","0","0","1","0","1"
"POINT (9.840120445000025 52.361726020000049)","Unfall 83145 (2019) Kat:3, Licht: 0","83145","3","1","9","08","09","5","1","0","0","1","0","0"
"POINT (9.697617296000033 52.376426893000030)","Unfall 83190 (2019) Kat:3, Licht: 0","83190","3","6","2","08","16","3","0","0","0","1","0","0"
"POINT (9.735232510000060 52.394414411000071)","Unfall 83193 (2019) Kat:3, Licht: 0","83193","3","5","1","08","19","3","0","0","0","1","0","0"
"POINT (9.680531550000069 52.347605312000042)","Unfall 83299 (2019) Kat:3, Licht: 0","83299","3","6","2","08","15","6","0","0","0","1","0","0"
"POINT (9.705653493000057 52.412419711000041)","Unfall 83302 (2019) Kat:2, Licht: 2","83302","2","7","0","08","22","6","0","2","0","1","0","0"
"POINT (9.689631852000048 52.429998637000040)","Unfall 83305 (2019) Kat:3, Licht: 0","83305","3","6","2","08","14","6","0","0","0","1","0","0"
"POINT (9.722493979000035 52.358513809000044)","Unfall 83357 (2019) Kat:3, Licht: 0","83357","3","6","2","08","07","3","0","0","0","1","0","0"
"POINT (9.747135473000071 52.364495647000069)","Unfall 83358 (2019) Kat:3, Licht: 0","83358","3","6","3","08","16","3","0","0","0","1","0","1"
"POINT (9.719509455000036 52.392507716000068)","Unfall 83360 (2019) Kat:3, Licht: 0","83360","3","6","4","08","09","3","0","0","1","0","0","0"
"POINT (9.747168137000074 52.364451640000027)","Unfall 83370 (2019) Kat:3, Licht: 0","83370","3","2","6","08","10","3","0","0","0","1","1","0"
"POINT (9.759830756000042 52.370365504000063)","Unfall 83411 (2019) Kat:3, Licht: 0","83411","3","6","2","08","16","5","0","0","0","1","0","0"
"POINT (9.734382664000066 52.389333929000031)","Unfall 83414 (2019) Kat:3, Licht: 0","83414","3","6","2","08","16","5","0","0","0","1","0","0"
"POINT (9.780217783000069 52.428165000000035)","Unfall 83427 (2019) Kat:3, Licht: 0","83427","3","6","2","08","13","5","0","0","0","1","0","0"
"POINT (9.667636651000066 52.357962152000027)","Unfall 83447 (2019) Kat:3, Licht: 0","83447","3","2","0","08","17","2","0","0","0","1","0","1"
"POINT (9.701094962000070 52.371078584000031)","Unfall 83449 (2019) Kat:3, Licht: 0","83449","3","6","2","08","12","2","0","0","0","1","0","0"
"POINT (9.746032895000042 52.365997408000055)","Unfall 83451 (2019) Kat:3, Licht: 0","83451","3","6","2","08","16","2","0","0","0","1","0","0"
"POINT (9.619265652000024 52.406094366000048)","Unfall 83463 (2019) Kat:3, Licht: 0","83463","3","2","2","08","14","2","0","0","0","1","0","0"
"POINT (9.697788596000066 52.377100102000043)","Unfall 83533 (2019) Kat:3, Licht: 0","83533","3","6","2","08","16","4","0","0","0","1","0","0"
"POINT (9.836908926000035 52.421180844000048)","Unfall 83539 (2019) Kat:3, Licht: 0","83539","3","2","5","08","14","4","0","0","0","1","0","0"
"POINT (9.684101112000064 52.380035356000064)","Unfall 83541 (2019) Kat:3, Licht: 0","83541","3","3","5","08","10","4","0","0","0","1","0","0"
"POINT (9.668977249000022 52.358130461000030)","Unfall 83548 (2019) Kat:3, Licht: 0","83548","3","1","0","08","09","1","0","0","1","0","0","0"
"POINT (9.697770970000022 52.377116755000031)","Unfall 83620 (2019) Kat:3, Licht: 0","83620","3","6","2","09","14","1","0","0","0","1","0","0"
"POINT (9.768767751000041 52.338129510000044)","Unfall 83623 (2019) Kat:3, Licht: 0","83623","3","2","5","09","15","1","1","0","0","1","0","0"
"POINT (9.752295376000063 52.427203649000035)","Unfall 83681 (2019) Kat:3, Licht: 2","83681","3","6","3","08","00","7","0","2","0","1","0","0"
"POINT (9.833669718000067 52.386483840000039)","Unfall 83734 (2019) Kat:3, Licht: 0","83734","3","2","5","09","16","4","0","0","0","1","0","1"
"POINT (9.889558270000066 52.362150086000042)","Unfall 83735 (2019) Kat:3, Licht: 0","83735","3","6","2","09","15","4","0","0","0","1","0","0"
"POINT (9.719572729000049 52.346354074000033)","Unfall 83770 (2019) Kat:3, Licht: 0","83770","3","1","0","08","09","6","0","0","0","0","0","1"
"POINT (9.734852253000042 52.392636398000036)","Unfall 83778 (2019) Kat:3, Licht: 0","83778","3","5","0","08","17","6","0","0","0","1","0","1"
"POINT (9.722601611000073 52.378411032000031)","Unfall 83863 (2019) Kat:3, Licht: 0","83863","3","6","2","09","14","3","0","0","0","1","0","0"
"POINT (9.786401339000065 52.388951447000068)","Unfall 83875 (2019) Kat:3, Licht: 0","83875","3","6","2","09","08","3","0","0","0","1","0","0"
"POINT (9.814269041000046 52.338036364000061)","Unfall 83881 (2019) Kat:3, Licht: 0","83881","3","6","2","08","12","5","0","0","0","1","0","1"
"POINT (9.735875940000028 52.401487680000059)","Unfall 83882 (2019) Kat:3, Licht: 0","83882","3","6","2","08","10","5","1","0","0","1","0","0"
"POINT (9.651467512000068 52.415394045000028)","Unfall 83888 (2019) Kat:3, Licht: 0","83888","3","3","5","08","15","5","0","0","1","1","0","0"
"POINT (9.675685178000038 52.352982502000032)","Unfall 83890 (2019) Kat:3, Licht: 0","83890","3","6","0","08","14","5","0","0","0","1","0","0"
"POINT (9.830196747000059 52.385444408000069)","Unfall 83892 (2019) Kat:3, Licht: 0","83892","3","3","5","08","10","5","1","0","1","1","0","0"
"POINT (9.827940535000039 52.384733537000045)","Unfall 83895 (2019) Kat:3, Licht: 0","83895","3","3","5","08","08","5","1","0","1","1","0","0"
"POINT (9.886068531000035 52.359046991000071)","Unfall 83897 (2019) Kat:3, Licht: 0","83897","3","1","3","08","07","5","1","0","0","1","0","0"
"POINT (9.642494882000051 52.414665127000035)","Unfall 83989 (2019) Kat:3, Licht: 0","83989","3","6","2","08","12","4","0","0","0","1","0","0"
"POINT (9.720557682000049 52.337599226000066)","Unfall 83991 (2019) Kat:3, Licht: 0","83991","3","6","2","08","19","4","1","0","0","1","0","0"
"POINT (9.733550198000046 52.384378439000045)","Unfall 83999 (2019) Kat:2, Licht: 0","83999","2","6","4","08","19","4","0","0","1","0","0","0"
"POINT (9.734615367000060 52.389329680000060)","Unfall 84001 (2019) Kat:3, Licht: 0","84001","3","5","1","08","18","4","0","0","1","1","0","0"
"POINT (9.727995591000024 52.374219051000068)","Unfall 84002 (2019) Kat:3, Licht: 0","84002","3","2","5","08","16","4","0","0","1","1","0","0"
"POINT (9.717038954000032 52.346193087000074)","Unfall 84003 (2019) Kat:3, Licht: 0","84003","3","2","2","09","13","2","0","0","0","1","0","0"
"POINT (9.733611901000074 52.384567702000027)","Unfall 84004 (2019) Kat:3, Licht: 0","84004","3","3","0","08","14","4","0","0","1","0","0","0"
"POINT (9.736173504000021 52.399416726000027)","Unfall 84031 (2019) Kat:3, Licht: 0","84031","3","2","5","09","07","2","0","0","1","1","0","0"
"POINT (9.648123391000070 52.412651101000051)","Unfall 84133 (2019) Kat:3, Licht: 0","84133","3","6","2","09","11","6","1","0","0","1","0","1"
"POINT (9.713696307000021 52.346471632000032)","Unfall 84136 (2019) Kat:3, Licht: 0","84136","3","6","2","09","10","6","1","0","0","1","0","0"
"POINT (9.771145802000035 52.334952559000044)","Unfall 84138 (2019) Kat:3, Licht: 0","84138","3","6","2","09","13","6","0","0","0","1","0","0"
"POINT (9.667346324000050 52.377070328000059)","Unfall 84147 (2019) Kat:2, Licht: 0","84147","2","3","5","09","15","6","0","0","1","1","0","0"
"POINT (9.717705946000024 52.367123104000029)","Unfall 84186 (2019) Kat:3, Licht: 2","84186","3","7","0","09","23","7","1","2","1","0","0","0"
"POINT (9.628471684000033 52.422429416000057)","Unfall 84187 (2019) Kat:3, Licht: 0","84187","3","6","2","09","10","7","1","0","0","1","0","0"
"POINT (9.819854124000074 52.406402400000047)","Unfall 84246 (2019) Kat:3, Licht: 0","84246","3","6","2","09","16","5","0","0","0","1","0","0"
"POINT (9.735859288000029 52.399202240000079)","Unfall 84247 (2019) Kat:2, Licht: 0","84247","2","2","0","09","14","5","0","0","1","1","0","0"
"POINT (9.662085919000049 52.401542187000075)","Unfall 84297 (2019) Kat:3, Licht: 0","84297","3","6","2","09","13","6","0","0","0","1","0","0"
"POINT (9.671280365000030 52.348459169000080)","Unfall 84298 (2019) Kat:3, Licht: 0","84298","3","6","2","09","18","6","0","0","0","1","0","0"
"POINT (9.765893065000057 52.341104371000029)","Unfall 84301 (2019) Kat:3, Licht: 0","84301","3","6","4","09","17","6","0","0","1","0","0","0"
"POINT (9.793694718000040 52.394770805000064)","Unfall 84302 (2019) Kat:3, Licht: 0","84302","3","2","3","09","14","6","0","0","0","1","0","0"
"POINT (9.823532182000065 52.413588085000072)","Unfall 84303 (2019) Kat:3, Licht: 0","84303","3","6","4","09","11","6","0","0","0","1","0","0"
"POINT (9.720310811000047 52.337470190000033)","Unfall 84305 (2019) Kat:2, Licht: 2","84305","2","1","9","09","21","6","0","2","0","0","0","1"
"POINT (9.827239525000039 52.346849321000036)","Unfall 84308 (2019) Kat:2, Licht: 0","84308","2","1","8","09","17","6","0","0","1","0","0","0"
"POINT (9.778551843000059 52.371292518000075)","Unfall 84311 (2019) Kat:3, Licht: 0","84311","3","2","5","09","11","6","0","0","0","1","0","0"
"POINT (9.768766715000027 52.427131392000035)","Unfall 84312 (2019) Kat:2, Licht: 0","84312","2","6","2","09","07","6","0","0","0","1","0","1"
"POINT (9.741472603000034 52.427361679000057)","Unfall 84317 (2019) Kat:3, Licht: 0","84317","3","6","2","09","08","6","0","0","0","1","0","0"
"POINT (9.698715910000033 52.347400799000070)","Unfall 84328 (2019) Kat:3, Licht: 0","84328","3","3","5","09","12","4","0","0","0","1","0","0"
"POINT (9.774055359000045 52.331904023000050)","Unfall 84331 (2019) Kat:3, Licht: 2","84331","3","6","2","09","20","4","1","2","0","1","0","0"
"POINT (9.807287406000057 52.336049884000033)","Unfall 84341 (2019) Kat:2, Licht: 1","84341","2","1","9","09","19","4","1","1","0","1","0","0"
"POINT (9.762433633000057 52.344880498000066)","Unfall 84445 (2019) Kat:3, Licht: 0","84445","3","3","5","09","16","3","0","0","1","1","0","0"
"POINT (9.734267424000052 52.387113640000052)","Unfall 84446 (2019) Kat:3, Licht: 0","84446","3","2","5","09","07","3","0","0","1","1","0","0"
"POINT (9.798540224000021 52.416794348000053)","Unfall 84449 (2019) Kat:3, Licht: 2","84449","3","1","0","09","00","3","1","2","0","1","0","0"
"POINT (9.722207841000056 52.368433412000059)","Unfall 84460 (2019) Kat:3, Licht: 2","84460","3","1","0","09","19","3","0","2","1","0","0","0"
"POINT (9.714525549000030 52.361014914000066)","Unfall 84464 (2019) Kat:3, Licht: 0","84464","3","2","5","09","10","3","0","0","0","1","0","0"
"POINT (9.836037888000021 52.387116326000069)","Unfall 84484 (2019) Kat:3, Licht: 0","84484","3","6","4","09","07","5","0","0","1","0","0","0"
"POINT (9.724391166000032 52.337026003000062)","Unfall 84511 (2019) Kat:3, Licht: 0","84511","3","6","2","09","15","7","0","0","0","1","0","0"
"POINT (9.830883492000055 52.417790722000063)","Unfall 84546 (2019) Kat:3, Licht: 1","84546","3","6","3","09","19","2","1","1","0","1","0","0"
"POINT (9.731781327000022 52.382749235000063)","Unfall 84547 (2019) Kat:3, Licht: 2","84547","3","6","8","09","20","2","1","2","0","1","0","0"
"POINT (9.814400781000074 52.364455713000041)","Unfall 84558 (2019) Kat:3, Licht: 0","84558","3","7","0","09","15","2","0","0","0","1","0","0"
"POINT (9.846924926000042 52.390475869000056)","Unfall 84586 (2019) Kat:3, Licht: 0","84586","3","3","5","09","07","3","0","0","1","1","0","0"
"POINT (9.694675798000048 52.419585847000064)","Unfall 84588 (2019) Kat:3, Licht: 0","84588","3","3","5","09","15","3","0","0","0","1","0","0"
"POINT (9.734350914000061 52.387787891000073)","Unfall 84589 (2019) Kat:3, Licht: 0","84589","3","6","2","09","12","3","0","0","0","1","0","0"
"POINT (9.768568642000048 52.338047801000073)","Unfall 84605 (2019) Kat:3, Licht: 0","84605","3","2","5","09","08","3","0","0","0","1","0","0"
"POINT (9.767101894000064 52.343048110000041)","Unfall 84632 (2019) Kat:3, Licht: 2","84632","3","6","4","09","03","5","0","2","0","1","0","0"
"POINT (9.847715841000024 52.392739015000075)","Unfall 84694 (2019) Kat:3, Licht: 0","84694","3","2","6","09","11","4","0","0","0","1","1","0"
"POINT (9.766137897000021 52.341061952000075)","Unfall 84697 (2019) Kat:3, Licht: 0","84697","3","7","0","09","14","4","0","0","0","0","0","0"
"POINT (9.775667968000050 52.427441126000076)","Unfall 84701 (2019) Kat:3, Licht: 0","84701","3","6","2","09","14","4","0","0","0","1","0","0"
"POINT (9.656289465000043 52.357418159000076)","Unfall 84707 (2019) Kat:3, Licht: 0","84707","3","4","6","09","17","4","0","0","0","1","1","0"
"POINT (9.763349584000025 52.426939594000032)","Unfall 84708 (2019) Kat:3, Licht: 0","84708","3","6","2","09","16","4","0","0","0","1","0","0"
"POINT (9.775188892000074 52.427537695000069)","Unfall 84714 (2019) Kat:3, Licht: 0","84714","3","6","2","09","13","4","0","0","0","1","0","0"
"POINT (9.740403112000024 52.368055830000060)","Unfall 84720 (2019) Kat:3, Licht: 1","84720","3","7","0","09","19","2","0","1","1","1","0","0"
"POINT (9.670855021000023 52.358365835000029)","Unfall 84735 (2019) Kat:3, Licht: 0","84735","3","2","5","09","11","2","1","0","1","1","0","0"
"POINT (9.736205015000053 52.397255666000035)","Unfall 84736 (2019) Kat:3, Licht: 0","84736","3","6","2","09","08","2","0","0","0","1","0","1"
"POINT (9.857062063000058 52.388303892000067)","Unfall 84737 (2019) Kat:3, Licht: 0","84737","3","4","6","09","07","2","0","0","0","1","1","0"
"POINT (9.849603083000034 52.391947733000052)","Unfall 84740 (2019) Kat:3, Licht: 0","84740","3","3","5","09","17","2","0","0","1","1","0","0"
"POINT (9.759710503000065 52.335151494000058)","Unfall 84777 (2019) Kat:3, Licht: 0","84777","3","2","4","09","07","4","1","0","0","1","0","0"
"POINT (9.689148355000043 52.348594655000056)","Unfall 84814 (2019) Kat:3, Licht: 0","84814","3","3","5","09","18","3","0","0","1","1","0","0"
"POINT (9.734320735000040 52.387536212000043)","Unfall 84816 (2019) Kat:3, Licht: 0","84816","3","6","3","09","18","3","0","0","0","1","0","0"
"POINT (9.720440589000077 52.391494271000056)","Unfall 84819 (2019) Kat:3, Licht: 0","84819","3","6","4","09","13","3","1","0","0","1","0","0"
"POINT (9.823664980000046 52.413428904000057)","Unfall 84830 (2019) Kat:3, Licht: 0","84830","3","7","2","09","11","3","0","0","0","1","0","0"
"POINT (9.720080368000026 52.428193015000033)","Unfall 84832 (2019) Kat:3, Licht: 0","84832","3","6","2","09","08","3","0","0","0","1","0","0"
"POINT (9.780618654000023 52.365021618000071)","Unfall 84941 (2019) Kat:2, Licht: 0","84941","2","1","8","09","17","2","0","0","0","1","0","0"
"POINT (9.730084007000073 52.382195902000035)","Unfall 84943 (2019) Kat:3, Licht: 0","84943","3","6","2","09","16","2","0","0","0","1","0","0"
"POINT (9.701269673000070 52.347375534000037)","Unfall 84949 (2019) Kat:3, Licht: 0","84949","3","1","8","09","13","2","1","0","0","1","0","0"
"POINT (9.805762806000075 52.336955324000030)","Unfall 84950 (2019) Kat:3, Licht: 0","84950","3","1","0","09","10","2","1","0","0","0","0","1"
"POINT (9.817294014000026 52.428031638000050)","Unfall 84955 (2019) Kat:3, Licht: 0","84955","3","6","9","09","10","2","1","0","0","1","0","0"
"POINT (9.786384939000072 52.389168577000078)","Unfall 84960 (2019) Kat:3, Licht: 0","84960","3","3","0","09","06","2","1","0","0","1","0","0"
"POINT (9.720475657000065 52.337556353000082)","Unfall 84963 (2019) Kat:3, Licht: 0","84963","3","1","9","09","18","7","0","0","0","0","0","1"
"POINT (9.696431151000070 52.379959374000066)","Unfall 85041 (2019) Kat:3, Licht: 0","85041","3","6","2","09","16","4","0","0","0","1","0","0"
"POINT (9.750544006000041 52.360076407000065)","Unfall 85062 (2019) Kat:3, Licht: 0","85062","3","3","5","09","08","4","1","0","0","1","0","1"
"POINT (9.659641668000063 52.356710982000038)","Unfall 85091 (2019) Kat:3, Licht: 0","85091","3","2","5","09","16","6","0","0","0","1","0","0"
"POINT (9.714304501000072 52.362153269000032)","Unfall 85098 (2019) Kat:3, Licht: 0","85098","3","2","5","09","14","1","0","0","0","1","0","0"
"POINT (9.793053100000066 52.371560736000049)","Unfall 85102 (2019) Kat:3, Licht: 0","85102","3","7","0","09","13","1","0","0","0","0","0","0"
"POINT (9.791137501000037 52.349459476000050)","Unfall 85109 (2019) Kat:3, Licht: 0","85109","3","1","9","09","17","1","0","0","0","0","0","1"
"POINT (9.821490107000045 52.339192589000049)","Unfall 85205 (2019) Kat:2, Licht: 0","85205","2","3","5","09","14","4","0","0","0","1","0","0"
"POINT (9.722565930000030 52.378430190000074)","Unfall 85215 (2019) Kat:3, Licht: 0","85215","3","6","2","09","16","5","0","0","0","1","0","0"
"POINT (9.751163361000067 52.359267794000061)","Unfall 85219 (2019) Kat:3, Licht: 2","85219","3","2","4","09","20","7","0","2","0","1","0","1"
"POINT (9.627375556000061 52.423051500000042)","Unfall 85222 (2019) Kat:3, Licht: 0","85222","3","6","2","09","09","2","1","0","0","0","0","0"
"POINT (9.809822588000031 52.334029727000029)","Unfall 85251 (2019) Kat:3, Licht: 0","85251","3","6","2","10","10","3","1","0","0","1","0","0"
"POINT (9.827916423000033 52.384725964000040)","Unfall 85305 (2019) Kat:3, Licht: 0","85305","3","3","5","09","07","6","1","0","1","1","0","0"
"POINT (9.743518266000024 52.368257828000026)","Unfall 85308 (2019) Kat:3, Licht: 0","85308","3","6","2","10","14","2","0","0","0","1","0","0"
"POINT (9.733872507000058 52.413812519000032)","Unfall 85310 (2019) Kat:3, Licht: 0","85310","3","6","2","10","09","3","1","0","0","1","0","0"
"POINT (9.862107711000022 52.370799079000051)","Unfall 85312 (2019) Kat:3, Licht: 0","85312","3","3","5","10","07","2","0","0","1","1","0","0"
"POINT (9.773970467000027 52.332015924000075)","Unfall 85326 (2019) Kat:3, Licht: 0","85326","3","7","0","09","16","6","0","0","0","1","0","0"
"POINT (9.724066922000077 52.363740529000040)","Unfall 85335 (2019) Kat:3, Licht: 1","85335","3","3","5","09","19","6","0","1","1","1","0","0"
"POINT (9.892921246000071 52.366967801000044)","Unfall 85341 (2019) Kat:3, Licht: 0","85341","3","7","2","09","18","6","0","0","0","1","0","0"