WKT,Name,OBJECTID,UKATEGORIE,UTYP1,UART,UMONAT,USTUNDE,UWOCHENTAG,STRZUSTAND,ULICHTVERH,ISTRAD,ISTPKW,ISTFUSS,ISTKRAD
"POINT (9.773978735000071 52.332006660000047)","Unfall 85347 (2019) Kat:3, Licht: 0","85347","3","2","5","09","12","6","0","0","1","1","0","0"
"POINT (9.633411570000021 52.421743918000061)","Unfall 85349 (2019) Kat:3, Licht: 0","85349","3","1","9","09","10","6","1","0","0","1","0","0"
"POINT (9.759550922000074 52.335104385000079)","Unfall 85371 (2019) Kat:3, Licht: 0","85371","3","6","2","10","13","3","1","0","0","1","0","0"
"POINT (9.630791445000057 52.420095376000063)","Unfall 85398 (2019) Kat:3, Licht: 2","85398","3","1","0","09","04","1","0","2","0","1","0","0"
"POINT (9.820242217000043 52.406592362000026)","Unfall 85403 (2019) Kat:3, Licht: 1","85403","3","3","5","10","06","3","1","1","0","1","0","0"
"POINT (9.655224051000062 52.407044517000031)","Unfall 85487 (2019) Kat:1, Licht: 2","85487","1","1","9","10","02","7","1","2","0","1","0","0"
"POINT (9.730511128000046 52.370772098000032)","Unfall 85517 (2019) Kat:2, Licht: 0","85517","2","3","5","09","08","2","1","0","1","1","0","0"
"POINT (9.733331981000049 52.420866360000048)","Unfall 85544 (2019) Kat:3, Licht: 0","85544","3","2","2","10","16","6","0","0","0","1","0","0"
"POINT (9.853792087000045 52.390436997000052)","Unfall 85558 (2019) Kat:3, Licht: 0","85558","3","2","2","10","17","6","0","0","0","1","0","0"
"POINT (9.801768715000037 52.432033238000031)","Unfall 85560 (2019) Kat:3, Licht: 0","85560","3","2","5","10","16","6","0","0","1","1","0","0"
"POINT (9.726403866000055 52.375706400000070)","Unfall 85578 (2019) Kat:3, Licht: 0","85578","3","6","2","10","14","6","1","0","0","1","0","0"
"POINT (9.712173934000077 52.346576448000064)","Unfall 85592 (2019) Kat:3, Licht: 0","85592","3","6","2","10","14","6","1","0","0","1","0","0"
"POINT (9.717289970000024 52.421789656000044)","Unfall 85622 (2019) Kat:3, Licht: 2","85622","3","2","5","10","06","3","1","2","1","0","0","0"
"POINT (9.655267462000040 52.406999711000026)","Unfall 85651 (2019) Kat:3, Licht: 0","85651","3","1","3","09","07","2","1","0","0","1","0","0"
"POINT (9.697884941000041 52.377038005000031)","Unfall 85666 (2019) Kat:3, Licht: 0","85666","3","6","2","10","09","5","0","0","0","1","0","0"
"POINT (9.687628725000025 52.348370232000036)","Unfall 85669 (2019) Kat:3, Licht: 1","85669","3","1","0","10","18","5","1","1","0","1","0","0"
"POINT (9.733981188000030 52.384934390000069)","Unfall 85674 (2019) Kat:3, Licht: 0","85674","3","3","5","10","13","5","0","0","1","1","0","0"
"POINT (9.733380358000034 52.417811149000045)","Unfall 85693 (2019) Kat:3, Licht: 2","85693","3","2","5","10","06","3","1","2","1","1","0","0"
"POINT (9.759841806000054 52.370366073000071)","Unfall 85703 (2019) Kat:3, Licht: 0","85703","3","6","2","10","17","5","1","0","0","1","0","0"
"POINT (9.687081095000053 52.392545765000079)","Unfall 85718 (2019) Kat:3, Licht: 2","85718","3","3","5","10","06","5","1","2","1","1","0","0"
"POINT (9.811682679000057 52.331912129000045)","Unfall 85774 (2019) Kat:3, Licht: 2","85774","3","1","8","10","20","4","1","2","0","1","0","0"
"POINT (9.642704084000059 52.414611008000065)","Unfall 85778 (2019) Kat:3, Licht: 2","85778","3","6","2","10","18","4","1","2","0","1","0","0"
"POINT (9.792760001000033 52.393638334000059)","Unfall 85781 (2019) Kat:3, Licht: 0","85781","3","7","3","10","14","4","0","0","0","1","0","0"
"POINT (9.653246875000036 52.409115948000078)","Unfall 85821 (2019) Kat:3, Licht: 2","85821","3","6","2","09","05","5","1","2","0","1","0","0"
"POINT (9.723519057000033 52.377672381000082)","Unfall 85829 (2019) Kat:3, Licht: 2","85829","3","3","5","09","19","5","1","2","1","1","0","0"
"POINT (9.734276350000073 52.387166053000044)","Unfall 85838 (2019) Kat:3, Licht: 2","85838","3","3","5","09","20","5","0","2","0","1","0","0"
"POINT (9.729856695000024 52.384020112000030)","Unfall 85841 (2019) Kat:3, Licht: 0","85841","3","2","5","09","07","5","1","0","1","0","0","0"
"POINT (9.799423691000072 52.335989295000047)","Unfall 85893 (2019) Kat:3, Licht: 0","85893","3","6","2","10","15","4","1","0","0","1","0","0"
"POINT (9.735592688000054 52.394663322000042)","Unfall 85896 (2019) Kat:3, Licht: 0","85896","3","2","4","10","06","4","1","0","1","1","0","0"
"POINT (9.701830132000055 52.347334935000049)","Unfall 85910 (2019) Kat:3, Licht: 0","85910","3","1","8","10","11","3","1","0","0","1","0","0"
"POINT (9.701327711000033 52.347371512000052)","Unfall 85913 (2019) Kat:3, Licht: 0","85913","3","1","3","10","08","3","1","0","0","1","0","0"
"POINT (9.845778453000037 52.413751833000049)","Unfall 85914 (2019) Kat:2, Licht: 0","85914","2","6","2","10","12","4","1","0","0","1","0","0"
"POINT (9.677819340000042 52.359348718000035)","Unfall 85918 (2019) Kat:3, Licht: 0","85918","3","3","5","10","11","3","1","0","0","1","0","0"
"POINT (9.813573389000055 52.318446514000073)","Unfall 85946 (2019) Kat:3, Licht: 2","85946","3","6","3","10","19","3","0","2","0","1","0","0"
"POINT (9.721134294000024 52.361162479000029)","Unfall 86064 (2019) Kat:3, Licht: 0","86064","3","6","2","10","14","4","0","0","0","1","0","0"
"POINT (9.694013693000045 52.361178068000072)","Unfall 86068 (2019) Kat:3, Licht: 0","86068","3","2","5","10","13","4","0","0","1","1","0","0"
"POINT (9.759473810000031 52.335081769000055)","Unfall 86071 (2019) Kat:3, Licht: 1","86071","3","2","5","10","07","4","0","1","1","1","0","0"
"POINT (9.631722072000059 52.420157324000058)","Unfall 86086 (2019) Kat:3, Licht: 0","86086","3","6","2","10","16","6","0","0","0","1","0","0"
"POINT (9.734040879000077 52.412544843000035)","Unfall 86089 (2019) Kat:3, Licht: 0","86089","3","6","2","10","16","4","0","0","0","1","0","0"
"POINT (9.762347210000030 52.370413807000034)","Unfall 86101 (2019) Kat:3, Licht: 2","86101","3","6","2","10","18","3","0","2","0","1","0","0"
"POINT (9.685608896000076 52.360230622000074)","Unfall 86115 (2019) Kat:3, Licht: 0","86115","3","4","6","10","14","6","0","0","1","0","1","0"
"POINT (9.730993686000033 52.383626089000074)","Unfall 86119 (2019) Kat:2, Licht: 0","86119","2","2","5","10","09","6","1","0","1","1","0","0"
"POINT (9.678155792000041 52.365749782000080)","Unfall 86122 (2019) Kat:3, Licht: 2","86122","3","2","5","10","20","3","0","2","1","1","0","0"
"POINT (9.783241609000072 52.345724081000071)","Unfall 86131 (2019) Kat:2, Licht: 2","86131","2","6","2","10","18","3","0","2","0","1","0","0"
"POINT (9.720780680000075 52.368021536000072)","Unfall 86134 (2019) Kat:3, Licht: 0","86134","3","4","6","10","13","3","0","0","1","0","1","0"
"POINT (9.800064817000077 52.406739813000058)","Unfall 86143 (2019) Kat:3, Licht: 1","86143","3","1","0","10","06","3","0","1","1","0","0","0"
"POINT (9.735744991000047 52.400206333000028)","Unfall 86215 (2019) Kat:3, Licht: 1","86215","3","6","2","10","17","4","0","1","0","1","0","0"
"POINT (9.653246875000036 52.409115948000078)","Unfall 86249 (2019) Kat:3, Licht: 0","86249","3","6","2","10","14","5","0","0","0","1","0","0"
"POINT (9.701072162000060 52.371093322000036)","Unfall 86252 (2019) Kat:3, Licht: 0","86252","3","6","2","10","12","5","0","0","0","1","0","0"
"POINT (9.861366601000043 52.406151385000044)","Unfall 86255 (2019) Kat:3, Licht: 2","86255","3","6","2","10","17","4","0","2","0","1","0","0"
"POINT (9.809992509000040 52.334113884000033)","Unfall 86260 (2019) Kat:3, Licht: 2","86260","3","6","2","10","21","5","1","2","0","1","0","0"
"POINT (9.809092006000071 52.379645636000078)","Unfall 86263 (2019) Kat:3, Licht: 0","86263","3","6","2","10","12","2","0","0","0","1","0","0"
"POINT (9.838636328000064 52.361660692000044)","Unfall 86266 (2019) Kat:3, Licht: 0","86266","3","5","0","10","10","2","0","0","0","1","0","0"
"POINT (9.717824860000064 52.395456980000063)","Unfall 86278 (2019) Kat:3, Licht: 0","86278","3","6","2","10","16","3","0","0","0","1","0","0"
"POINT (9.718112871000074 52.367196454000066)","Unfall 86283 (2019) Kat:3, Licht: 1","86283","3","7","0","10","16","2","1","1","1","0","0","0"
"POINT (9.672879351000063 52.377210682000054)","Unfall 86284 (2019) Kat:2, Licht: 0","86284","2","4","6","10","15","2","0","0","0","1","1","0"
"POINT (9.697199692000027 52.420627174000060)","Unfall 86289 (2019) Kat:3, Licht: 0","86289","3","2","0","10","15","3","0","0","0","1","0","1"
"POINT (9.651719012000058 52.417127640000047)","Unfall 86292 (2019) Kat:3, Licht: 1","86292","3","3","5","10","18","3","0","1","0","1","0","1"
"POINT (9.847436235000032 52.412758756000073)","Unfall 86293 (2019) Kat:3, Licht: 0","86293","3","6","2","10","14","2","0","0","0","1","0","0"
"POINT (9.626177005000045 52.408167312000046)","Unfall 86297 (2019) Kat:2, Licht: 0","86297","2","7","0","10","17","3","1","0","1","0","0","0"
"POINT (9.718212035000022 52.394371857000067)","Unfall 86298 (2019) Kat:3, Licht: 0","86298","3","2","5","10","07","2","0","0","1","0","0","1"
"POINT (9.786625080000022 52.389658937000036)","Unfall 86300 (2019) Kat:3, Licht: 0","86300","3","6","2","10","15","3","0","0","0","1","0","0"
"POINT (9.687129038000023 52.426089354000055)","Unfall 86364 (2019) Kat:3, Licht: 2","86364","3","7","0","10","20","1","0","2","1","0","0","0"
"POINT (9.678272744000026 52.363873517000059)","Unfall 86396 (2019) Kat:3, Licht: 0","86396","3","3","5","10","11","4","0","0","0","1","0","0"
"POINT (9.824393620000024 52.404655939000065)","Unfall 86404 (2019) Kat:3, Licht: 0","86404","3","6","2","10","15","4","0","0","0","1","0","0"
"POINT (9.735131668000065 52.406571441000040)","Unfall 86417 (2019) Kat:3, Licht: 2","86417","3","6","2","10","20","4","0","2","0","1","0","0"
"POINT (9.801769613000033 52.432036500000038)","Unfall 86420 (2019) Kat:3, Licht: 0","86420","3","3","5","10","12","4","0","0","0","1","0","0"
"POINT (9.734637659000043 52.411053134000042)","Unfall 86426 (2019) Kat:3, Licht: 2","86426","3","7","7","10","01","4","1","2","1","0","0","0"
"POINT (9.864206134000028 52.404853636000041)","Unfall 86427 (2019) Kat:2, Licht: 2","86427","2","6","9","10","00","4","1","2","0","1","0","0"
"POINT (9.733444401000043 52.384435806000056)","Unfall 86474 (2019) Kat:3, Licht: 0","86474","3","3","5","10","14","7","0","0","0","0","0","1"
"POINT (9.623046510000052 52.421041951000063)","Unfall 86479 (2019) Kat:3, Licht: 0","86479","3","6","2","10","13","7","0","0","0","1","0","0"
"POINT (9.793862227000034 52.394736318000071)","Unfall 86502 (2019) Kat:3, Licht: 0","86502","3","6","2","10","13","2","0","0","0","1","0","0"
"POINT (9.651596241000050 52.415477001000056)","Unfall 86522 (2019) Kat:3, Licht: 0","86522","3","2","6","10","14","2","0","0","0","1","1","0"
"POINT (9.724098508000054 52.363763651000056)","Unfall 86533 (2019) Kat:3, Licht: 2","86533","3","3","5","10","06","2","1","2","1","1","0","0"
"POINT (9.828268907000052 52.416286035000041)","Unfall 86559 (2019) Kat:3, Licht: 0","86559","3","2","4","10","16","3","0","0","0","1","0","0"
"POINT (9.782653091000043 52.324291187000028)","Unfall 86568 (2019) Kat:2, Licht: 0","86568","2","3","5","10","15","3","0","0","1","1","0","0"
"POINT (9.713553461000061 52.429200458000082)","Unfall 86571 (2019) Kat:3, Licht: 0","86571","3","6","2","10","10","3","0","0","0","1","0","0"
"POINT (9.709123186000056 52.408157874000040)","Unfall 86587 (2019) Kat:3, Licht: 0","86587","3","6","2","10","15","6","0","0","0","1","0","0"
"POINT (9.735211193000055 52.405729796000060)","Unfall 86592 (2019) Kat:3, Licht: 0","86592","3","3","0","10","09","6","0","0","1","1","0","0"
"POINT (9.860720858000036 52.384137960000032)","Unfall 86611 (2019) Kat:3, Licht: 2","86611","3","6","2","10","19","6","0","2","0","1","0","0"
"POINT (9.722559904000036 52.378433426000072)","Unfall 86615 (2019) Kat:3, Licht: 0","86615","3","6","2","10","17","6","0","0","0","1","0","1"
"POINT (9.677354891000050 52.358830528000055)","Unfall 86617 (2019) Kat:3, Licht: 2","86617","3","6","3","10","18","1","1","2","0","1","0","0"
"POINT (9.757370467000044 52.370227041000078)","Unfall 86619 (2019) Kat:3, Licht: 2","86619","3","2","6","10","20","1","1","2","0","1","1","0"
"POINT (9.735306203000050 52.394781365000028)","Unfall 86620 (2019) Kat:3, Licht: 0","86620","3","3","5","10","15","6","0","0","1","1","0","0"
"POINT (9.734343758000023 52.413047249000044)","Unfall 86622 (2019) Kat:3, Licht: 0","86622","3","6","2","10","12","6","0","0","0","1","0","0"
"POINT (9.774600114000066 52.371041537000053)","Unfall 86626 (2019) Kat:3, Licht: 0","86626","3","6","2","10","16","1","1","0","0","1","0","0"
"POINT (9.781643647000067 52.363341928000068)","Unfall 86631 (2019) Kat:3, Licht: 2","86631","3","6","2","10","06","6","0","2","0","1","0","0"
"POINT (9.755559291000054 52.427286728000070)","Unfall 86715 (2019) Kat:2, Licht: 0","86715","2","6","2","10","09","2","0","0","0","0","0","0"
"POINT (9.628833957000040 52.422029662000057)","Unfall 86733 (2019) Kat:3, Licht: 2","86733","3","1","9","10","23","7","1","2","0","1","0","0"
"POINT (9.743397191000042 52.368336061000036)","Unfall 86742 (2019) Kat:3, Licht: 1","86742","3","3","5","10","17","7","0","1","0","1","0","0"
"POINT (9.804009313000051 52.338763133000043)","Unfall 86744 (2019) Kat:3, Licht: 2","86744","3","6","3","10","18","7","1","2","0","1","0","0"
"POINT (9.696143096000071 52.380021561000035)","Unfall 86748 (2019) Kat:3, Licht: 0","86748","3","3","5","10","09","7","0","0","0","1","0","0"
"POINT (9.653246875000036 52.409115948000078)","Unfall 86749 (2019) Kat:3, Licht: 0","86749","3","6","2","10","08","4","0","0","0","1","0","0"
"POINT (9.765573494000023 52.341854978000072)","Unfall 86753 (2019) Kat:3, Licht: 2","86753","3","4","0","10","18","4","0","2","0","1","1","0"
"POINT (9.763973574000033 52.343304292000028)","Unfall 86789 (2019) Kat:3, Licht: 0","86789","3","6","2","10","15","5","0","0","0","1","0","0"
"POINT (9.801265446000059 52.370734371000026)","Unfall 86803 (2019) Kat:3, Licht: 2","86803","3","3","5","10","06","5","0","2","0","1","0","0"
"POINT (9.648571357000037 52.412714180000080)","Unfall 86813 (2019) Kat:3, Licht: 0","86813","3","6","2","10","12","1","1","0","0","1","0","0"
"POINT (9.726718221000056 52.375775938000061)","Unfall 86815 (2019) Kat:3, Licht: 0","86815","3","3","5","10","16","1","0","0","1","1","0","0"
"POINT (9.897913788000039 52.407578245000082)","Unfall 86823 (2019) Kat:3, Licht: 0","86823","3","6","3","10","12","1","1","0","0","1","0","0"
"POINT (9.741060967000067 52.427363809000042)","Unfall 86824 (2019) Kat:2, Licht: 2","86824","2","7","8","10","03","1","0","2","0","1","0","0"
"POINT (9.717745117000050 52.367130145000033)","Unfall 86858 (2019) Kat:2, Licht: 2","86858","2","1","0","11","20","5","1","2","1","0","0","0"
"POINT (9.695530298000051 52.419919828000047)","Unfall 86952 (2019) Kat:3, Licht: 0","86952","3","2","5","11","14","3","0","0","1","1","0","0"
"POINT (9.819323580000059 52.410710093000034)","Unfall 86953 (2019) Kat:3, Licht: 0","86953","3","7","0","11","11","3","0","0","0","0","0","0"
"POINT (9.850350989000049 52.323309149000067)","Unfall 86968 (2019) Kat:3, Licht: 0","86968","3","1","8","11","11","2","1","0","0","1","0","0"
"POINT (9.862398503000065 52.405679793000047)","Unfall 86972 (2019) Kat:2, Licht: 0","86972","2","6","2","11","08","2","0","0","0","0","0","0"
"POINT (9.826443582000024 52.424954588000048)","Unfall 86984 (2019) Kat:3, Licht: 2","86984","3","6","2","11","17","3","1","2","0","1","0","0"
"POINT (9.735556990000021 52.403512189000082)","Unfall 86985 (2019) Kat:3, Licht: 0","86985","3","3","5","11","13","3","1","0","1","1","0","0"
"POINT (9.701081396000063 52.363636392000046)","Unfall 86987 (2019) Kat:3, Licht: 0","86987","3","4","6","11","10","3","0","0","1","0","1","0"
"POINT (9.734779550000042 52.407329571000048)","Unfall 86988 (2019) Kat:2, Licht: 2","86988","2","3","5","11","18","2","1","2","0","1","0","1"
"POINT (9.760658741000043 52.347283112000071)","Unfall 86990 (2019) Kat:2, Licht: 2","86990","2","1","0","11","17","2","1","2","1","0","0","0"
"POINT (9.740453863000028 52.368275946000040)","Unfall 86991 (2019) Kat:3, Licht: 0","86991","3","2","0","11","11","2","1","0","1","0","0","0"
"POINT (9.886292126000058 52.360178034000057)","Unfall 86999 (2019) Kat:3, Licht: 2","86999","3","1","8","11","05","2","1","2","0","1","0","0"
"POINT (9.678158675000077 52.365710831000058)","Unfall 87104 (2019) Kat:3, Licht: 2","87104","3","2","5","11","17","1","1","2","1","1","0","0"
"POINT (9.718884673000048 52.346761882000067)","Unfall 87128 (2019) Kat:3, Licht: 0","87128","3","6","2","11","13","2","0","0","0","1","0","0"
"POINT (9.714487899000062 52.366563264000035)","Unfall 87129 (2019) Kat:3, Licht: 0","87129","3","6","3","11","12","2","0","0","0","1","0","1"
"POINT (9.837294060000033 52.419088766000073)","Unfall 87148 (2019) Kat:3, Licht: 2","87148","3","5","2","11","19","2","1","2","0","1","0","0"
"POINT (9.651497473000063 52.424748691000048)","Unfall 87154 (2019) Kat:3, Licht: 0","87154","3","6","2","11","16","2","0","0","0","1","0","0"
"POINT (9.813127383000051 52.365732744000070)","Unfall 87156 (2019) Kat:2, Licht: 2","87156","2","7","6","11","20","4","1","2","0","0","1","0"
"POINT (9.735084184000073 52.392575843000031)","Unfall 87160 (2019) Kat:3, Licht: 0","87160","3","5","2","11","14","2","1","0","0","1","0","0"
"POINT (9.726938627000038 52.375575500000082)","Unfall 87161 (2019) Kat:3, Licht: 0","87161","3","4","0","11","11","2","0","0","1","0","1","0"
"POINT (9.655830508000065 52.406426082000053)","Unfall 87172 (2019) Kat:3, Licht: 0","87172","3","1","8","11","10","7","1","0","0","1","0","0"
"POINT (9.813330135000058 52.318966330000080)","Unfall 87175 (2019) Kat:3, Licht: 2","87175","3","6","2","11","18","7","0","2","0","1","0","0"
"POINT (9.828604673000029 52.409055852000051)","Unfall 87181 (2019) Kat:3, Licht: 2","87181","3","6","2","11","17","7","0","2","0","1","0","0"
"POINT (9.735433714000067 52.393902657000069)","Unfall 87196 (2019) Kat:2, Licht: 2","87196","2","4","6","11","19","5","0","2","0","0","1","0"
"POINT (9.827115850000041 52.344080952000070)","Unfall 87204 (2019) Kat:3, Licht: 2","87204","3","7","0","11","18","4","1","2","0","1","0","0"
"POINT (9.802030694000052 52.432975197000076)","Unfall 87320 (2019) Kat:3, Licht: 0","87320","3","3","5","11","12","4","0","0","0","1","0","0"
"POINT (9.782752156000072 52.361517331000073)","Unfall 87334 (2019) Kat:3, Licht: 0","87334","3","1","9","11","09","4","1","0","0","1","0","0"
"POINT (9.855665308000027 52.389266559000077)","Unfall 87340 (2019) Kat:2, Licht: 0","87340","2","4","6","11","10","6","0","0","0","1","1","0"
"POINT (9.771904412000026 52.371097781000060)","Unfall 87373 (2019) Kat:3, Licht: 0","87373","3","6","2","11","12","2","0","0","0","1","0","1"
"POINT (9.675410327000066 52.377100380000059)","Unfall 87380 (2019) Kat:3, Licht: 2","87380","3","2","5","11","06","6","0","2","1","1","0","0"
"POINT (9.648405903000025 52.412835234000056)","Unfall 87401 (2019) Kat:3, Licht: 0","87401","3","6","2","11","11","7","1","0","0","1","0","0"
"POINT (9.735605246000034 52.394725771000026)","Unfall 87407 (2019) Kat:3, Licht: 2","87407","3","2","4","11","01","7","1","2","1","1","0","0"
"POINT (9.719515054000055 52.392502040000068)","Unfall 87412 (2019) Kat:3, Licht: 0","87412","3","1","0","11","12","7","1","0","0","0","0","1"
"POINT (9.755553936000069 52.353647024000054)","Unfall 87420 (2019) Kat:3, Licht: 2","87420","3","2","5","11","19","4","0","2","1","1","0","0"
"POINT (9.745814710000047 52.366332630000045)","Unfall 87422 (2019) Kat:3, Licht: 0","87422","3","1","8","11","10","7","1","0","0","1","0","0"
"POINT (9.768560437000076 52.338058034000028)","Unfall 87428 (2019) Kat:2, Licht: 2","87428","2","3","5","11","02","7","1","2","0","1","0","0"
"POINT (9.740943293000044 52.427364418000082)","Unfall 87439 (2019) Kat:3, Licht: 2","87439","3","6","3","11","01","1","0","2","0","1","0","0"
"POINT (9.850670167000033 52.359660636000058)","Unfall 87442 (2019) Kat:3, Licht: 2","87442","3","2","5","11","17","4","0","2","0","1","0","0"
"POINT (9.733480215000043 52.369183545000055)","Unfall 87443 (2019) Kat:3, Licht: 2","87443","3","3","5","11","17","5","1","2","1","1","0","0"
"POINT (9.638783426000032 52.415823863000071)","Unfall 87542 (2019) Kat:3, Licht: 0","87542","3","6","2","11","14","5","0","0","0","1","0","0"
"POINT (9.648295997000048 52.412756132000027)","Unfall 87543 (2019) Kat:3, Licht: 0","87543","3","3","5","11","09","5","0","0","0","1","0","0"
"POINT (9.697775274000037 52.377112688000068)","Unfall 87549 (2019) Kat:3, Licht: 0","87549","3","6","2","11","15","5","0","0","0","1","0","0"
"POINT (9.823532182000065 52.413588085000072)","Unfall 87556 (2019) Kat:3, Licht: 2","87556","3","6","2","11","16","5","0","2","0","1","0","0"
"POINT (9.798434596000050 52.420714991000068)","Unfall 87575 (2019) Kat:3, Licht: 0","87575","3","7","0","11","13","5","0","0","0","1","1","0"
"POINT (9.720174159000067 52.391772810000077)","Unfall 87630 (2019) Kat:3, Licht: 0","87630","3","2","5","11","08","6","0","0","1","1","0","0"
"POINT (9.861683678000077 52.381726804000039)","Unfall 87645 (2019) Kat:3, Licht: 2","87645","3","4","6","11","17","6","1","2","0","1","1","0"
"POINT (9.757082034000064 52.370207426000036)","Unfall 87651 (2019) Kat:3, Licht: 2","87651","3","6","2","11","16","6","1","2","0","1","0","0"
"POINT (9.828285986000026 52.416295753000043)","Unfall 87652 (2019) Kat:3, Licht: 0","87652","3","7","4","11","14","6","1","0","0","1","0","0"
"POINT (9.774588993000066 52.331221423000045)","Unfall 87658 (2019) Kat:3, Licht: 0","87658","3","6","2","11","14","6","1","0","0","1","0","0"
"POINT (9.725537795000037 52.364904109000065)","Unfall 87659 (2019) Kat:3, Licht: 0","87659","3","3","5","11","08","3","1","0","1","1","0","0"
"POINT (9.716117032000057 52.397464474000060)","Unfall 87663 (2019) Kat:3, Licht: 0","87663","3","6","2","11","12","6","0","0","0","1","0","0"
"POINT (9.734034988000076 52.415577273000054)","Unfall 87665 (2019) Kat:3, Licht: 2","87665","3","4","6","11","21","3","0","2","0","1","1","0"
"POINT (9.695372256000042 52.374698158000058)","Unfall 87675 (2019) Kat:3, Licht: 2","87675","3","3","5","11","20","3","1","2","0","1","0","0"
"POINT (9.733891419000031 52.416692790000070)","Unfall 87685 (2019) Kat:3, Licht: 0","87685","3","2","5","11","13","3","0","0","1","1","0","0"
"POINT (9.806984383000042 52.336258699000041)","Unfall 87690 (2019) Kat:3, Licht: 1","87690","3","6","2","11","07","3","1","1","0","1","0","0"
"POINT (9.776636315000076 52.332859066000026)","Unfall 87697 (2019) Kat:3, Licht: 2","87697","3","2","5","11","06","3","1","2","1","1","0","0"
"POINT (9.634706054000048 52.418331503000047)","Unfall 87735 (2019) Kat:3, Licht: 0","87735","3","6","2","11","13","6","0","0","0","1","0","0"
"POINT (9.899439196000060 52.387161536000065)","Unfall 87744 (2019) Kat:3, Licht: 0","87744","3","6","0","11","12","3","0","0","0","1","0","0"
"POINT (9.848661574000062 52.390278947000070)","Unfall 87788 (2019) Kat:3, Licht: 0","87788","3","7","0","10","15","5","0","0","1","0","0","0"
"POINT (9.650942848000057 52.424641953000048)","Unfall 87792 (2019) Kat:2, Licht: 0","87792","2","6","3","10","12","5","0","0","0","1","0","0"
"POINT (9.740388597000049 52.368054911000058)","Unfall 87793 (2019) Kat:3, Licht: 2","87793","3","4","6","10","03","5","0","2","0","1","1","0"
"POINT (9.838055047000069 52.418610259000047)","Unfall 87830 (2019) Kat:3, Licht: 2","87830","3","6","2","11","18","2","0","2","0","1","0","0"
"POINT (9.707870886000023 52.420688966000057)","Unfall 87848 (2019) Kat:3, Licht: 0","87848","3","6","2","11","10","3","0","0","0","1","0","0"
"POINT (9.833160179000061 52.419121696000047)","Unfall 87888 (2019) Kat:3, Licht: 1","87888","3","6","2","11","07","4","0","1","0","1","0","0"
"POINT (9.721239288000049 52.361727538000082)","Unfall 87893 (2019) Kat:3, Licht: 2","87893","3","4","6","11","17","4","1","2","0","1","1","0"
"POINT (9.642666533000067 52.414620722000052)","Unfall 87894 (2019) Kat:3, Licht: 0","87894","3","6","2","11","12","4","1","0","0","1","0","0"
"POINT (9.687111647000052 52.391010066000035)","Unfall 87931 (2019) Kat:3, Licht: 2","87931","3","6","3","11","18","3","0","2","0","1","0","0"
"POINT (9.799176100000068 52.423259763000033)","Unfall 87932 (2019) Kat:3, Licht: 2","87932","3","7","9","11","22","3","0","2","0","1","0","0"
"POINT (9.835139809000054 52.409590317000038)","Unfall 87934 (2019) Kat:3, Licht: 2","87934","3","6","0","11","18","3","0","2","0","1","0","0"
"POINT (9.792683608000061 52.430545189000043)","Unfall 87935 (2019) Kat:3, Licht: 2","87935","3","6","3","11","16","3","0","2","0","0","0","0"
"POINT (9.816718328000036 52.404179777000081)","Unfall 87936 (2019) Kat:3, Licht: 2","87936","3","6","2","11","17","3","1","2","0","1","0","0"
"POINT (9.797343115000047 52.346740750000038)","Unfall 87938 (2019) Kat:3, Licht: 0","87938","3","6","3","11","12","3","0","0","0","1","0","0"
"POINT (9.878028504000042 52.399930008000069)","Unfall 87939 (2019) Kat:3, Licht: 0","87939","3","6","2","11","08","3","0","0","0","1","0","0"
"POINT (9.651437579000060 52.415376176000052)","Unfall 87940 (2019) Kat:2, Licht: 2","87940","2","1","0","11","05","3","1","2","1","0","0","0"
"POINT (9.744648771000072 52.367534355000032)","Unfall 87982 (2019) Kat:3, Licht: 0","87982","3","2","3","11","15","2","0","0","1","0","0","0"
"POINT (9.691322392000075 52.332309819000045)","Unfall 88089 (2019) Kat:3, Licht: 0","88089","3","2","6","11","13","6","0","0","0","1","1","0"
"POINT (9.723230950000072 52.377826451000033)","Unfall 88090 (2019) Kat:3, Licht: 0","88090","3","6","2","11","08","6","0","0","0","1","0","0"
"POINT (9.763449292000075 52.343832852000048)","Unfall 88091 (2019) Kat:3, Licht: 0","88091","3","6","2","11","13","6","1","0","0","1","0","0"
"POINT (9.730492479000077 52.370791357000030)","Unfall 88093 (2019) Kat:3, Licht: 1","88093","3","3","5","11","08","6","0","1","1","1","0","0"
"POINT (9.762242785000069 52.370415670000057)","Unfall 88142 (2019) Kat:2, Licht: 2","88142","2","2","0","12","19","3","0","2","1","0","0","0"
"POINT (9.618258832000038 52.405823829000042)","Unfall 88208 (2019) Kat:3, Licht: 2","88208","3","3","5","12","06","2","1","2","1","1","0","0"
"POINT (9.743908171000044 52.338564564000080)","Unfall 88210 (2019) Kat:3, Licht: 0","88210","3","6","2","12","14","2","0","0","0","1","0","0"
"POINT (9.833131216000027 52.338306954000075)","Unfall 88215 (2019) Kat:3, Licht: 0","88215","3","6","2","12","09","2","1","0","0","1","0","0"
"POINT (9.690992794000067 52.383839522000073)","Unfall 88363 (2019) Kat:3, Licht: 2","88363","3","1","9","11","18","6","1","2","0","1","0","0"
"POINT (9.820118841000067 52.362472670000045)","Unfall 88364 (2019) Kat:3, Licht: 0","88364","3","3","5","11","07","6","0","0","1","1","0","0"