WKT,Name,OBJECTID,UKATEGORIE,UTYP1,UART,UMONAT,USTUNDE,UWOCHENTAG,STRZUSTAND,ULICHTVERH,ISTRAD,ISTPKW,ISTFUSS,ISTKRAD
"POINT (9.670829570000024 52.428277933000061)","Unfall 88370 (2019) Kat:3, Licht: 2","88370","3","6","2","11","16","6","1","2","0","1","0","0"
"POINT (9.827272847000074 52.361764866000044)","Unfall 88373 (2019) Kat:2, Licht: 0","88373","2","7","0","11","08","6","0","0","0","0","1","0"
"POINT (9.758647547000066 52.427216312000041)","Unfall 88374 (2019) Kat:3, Licht: 0","88374","3","6","2","11","08","6","0","0","0","1","0","0"
"POINT (9.670349574000056 52.396825538000030)","Unfall 88376 (2019) Kat:3, Licht: 2","88376","3","1","9","11","02","6","1","2","0","1","0","0"
"POINT (9.634689364000053 52.420317352000041)","Unfall 88431 (2019) Kat:3, Licht: 2","88431","3","6","2","11","20","5","1","2","0","1","0","0"
"POINT (9.711528549000036 52.421732018000057)","Unfall 88432 (2019) Kat:3, Licht: 2","88432","3","3","5","11","18","5","1","2","1","1","0","0"
"POINT (9.824507257000050 52.426105531000076)","Unfall 88433 (2019) Kat:3, Licht: 0","88433","3","7","0","11","11","5","0","0","0","1","0","0"
"POINT (9.631563868000058 52.420123625000031)","Unfall 88515 (2019) Kat:3, Licht: 2","88515","3","6","2","12","17","1","1","2","0","1","0","0"
"POINT (9.698649504000059 52.347730041000034)","Unfall 88565 (2019) Kat:3, Licht: 0","88565","3","2","5","12","13","4","0","0","0","1","0","0"
"POINT (9.799014850000049 52.345001270000068)","Unfall 88575 (2019) Kat:3, Licht: 2","88575","3","6","2","12","17","7","1","2","0","1","0","0"
"POINT (9.858118791000038 52.387500714000055)","Unfall 88715 (2019) Kat:3, Licht: 2","88715","3","5","0","12","19","3","0","2","0","1","0","1"
"POINT (9.764608049000060 52.343003187000079)","Unfall 88717 (2019) Kat:3, Licht: 0","88717","3","6","2","12","14","3","0","0","0","1","0","0"
"POINT (9.765256719000035 52.342896603000042)","Unfall 88723 (2019) Kat:3, Licht: 2","88723","3","6","2","12","19","3","0","2","0","1","0","0"
"POINT (9.733958507000068 52.368895890000033)","Unfall 88725 (2019) Kat:3, Licht: 2","88725","3","2","0","12","17","3","0","2","0","1","0","0"
"POINT (9.655036218000021 52.407263176000072)","Unfall 88728 (2019) Kat:3, Licht: 1","88728","3","6","3","12","15","5","0","1","0","1","0","0"
"POINT (9.642676073000075 52.414618254000061)","Unfall 88730 (2019) Kat:3, Licht: 0","88730","3","5","1","12","10","5","2","0","0","1","0","0"
"POINT (9.702242997000042 52.414784375000067)","Unfall 88733 (2019) Kat:3, Licht: 2","88733","3","2","6","12","19","5","0","2","0","1","1","0"
"POINT (9.823918928000069 52.413813773000072)","Unfall 88741 (2019) Kat:3, Licht: 2","88741","3","2","5","12","16","5","0","2","1","0","0","0"
"POINT (9.736169746000030 52.399443474000066)","Unfall 88743 (2019) Kat:3, Licht: 0","88743","3","3","5","12","11","5","0","0","1","1","0","0"
"POINT (9.854681666000033 52.359018264000042)","Unfall 88802 (2019) Kat:2, Licht: 2","88802","2","2","5","12","19","4","0","2","0","1","0","1"
"POINT (9.735273364000022 52.394611365000060)","Unfall 88833 (2019) Kat:3, Licht: 2","88833","3","6","2","12","16","2","1","2","0","1","0","0"
"POINT (9.785364015000027 52.357425081000031)","Unfall 88835 (2019) Kat:3, Licht: 0","88835","3","6","2","12","11","2","1","0","0","1","0","0"
"POINT (9.735267410000063 52.393341633000034)","Unfall 88838 (2019) Kat:3, Licht: 2","88838","3","6","2","12","19","3","0","2","0","1","0","0"
"POINT (9.734783706000030 52.407284123000068)","Unfall 88882 (2019) Kat:3, Licht: 1","88882","3","2","5","12","16","2","0","1","1","1","0","0"
"POINT (9.671611181000060 52.428557335000050)","Unfall 88883 (2019) Kat:3, Licht: 0","88883","3","6","2","12","13","2","0","0","0","0","0","0"
"POINT (9.827006334000032 52.354060201000038)","Unfall 88884 (2019) Kat:3, Licht: 2","88884","3","4","6","12","07","2","0","2","0","1","1","0"
"POINT (9.728218331000051 52.373921965000079)","Unfall 88913 (2019) Kat:2, Licht: 2","88913","2","6","2","12","17","1","0","2","0","1","0","0"
"POINT (9.783394936000036 52.323307915000044)","Unfall 88914 (2019) Kat:3, Licht: 1","88914","3","7","5","12","15","1","0","1","0","1","0","0"
"POINT (9.736283465000042 52.398351248000040)","Unfall 88951 (2019) Kat:3, Licht: 0","88951","3","6","2","12","12","7","1","0","0","1","0","0"
"POINT (9.842589173000022 52.415755416000081)","Unfall 88952 (2019) Kat:3, Licht: 2","88952","3","6","2","12","22","7","1","2","0","1","0","0"
"POINT (9.836728671000060 52.419444272000078)","Unfall 88953 (2019) Kat:3, Licht: 1","88953","3","6","8","12","16","7","1","1","0","1","0","0"
"POINT (9.763599305000071 52.343687099000078)","Unfall 88954 (2019) Kat:3, Licht: 2","88954","3","1","0","12","01","7","1","2","0","0","0","0"
"POINT (9.669535289000066 52.347708875000080)","Unfall 88995 (2019) Kat:3, Licht: 2","88995","3","5","1","12","01","5","0","2","0","0","0","0"
"POINT (9.698631999000043 52.379962254000077)","Unfall 88999 (2019) Kat:3, Licht: 0","88999","3","6","2","12","14","5","0","0","0","1","0","0"
"POINT (9.738841696000065 52.368033158000060)","Unfall 89005 (2019) Kat:3, Licht: 0","89005","3","3","5","12","09","5","0","0","1","1","0","0"
"POINT (9.733597102000033 52.416098436000027)","Unfall 89007 (2019) Kat:3, Licht: 2","89007","3","3","5","12","06","5","0","2","1","1","0","0"
"POINT (9.732205924000027 52.383253121000052)","Unfall 89042 (2019) Kat:3, Licht: 2","89042","3","3","5","12","05","6","0","2","0","1","0","0"
"POINT (9.714646905000052 52.361081607000074)","Unfall 89096 (2019) Kat:3, Licht: 0","89096","3","6","2","12","13","4","0","0","0","1","0","0"
"POINT (9.726793657000030 52.375710987000048)","Unfall 89098 (2019) Kat:3, Licht: 2","89098","3","2","5","12","17","4","0","2","1","1","0","0"
"POINT (9.697715170000038 52.376369219000026)","Unfall 89101 (2019) Kat:3, Licht: 2","89101","3","6","2","12","17","4","0","2","0","1","0","0"
"POINT (9.729317502000072 52.385514362000038)","Unfall 89103 (2019) Kat:3, Licht: 2","89103","3","2","2","12","19","4","0","2","0","1","0","0"
"POINT (9.721436555000025 52.421527367000067)","Unfall 89105 (2019) Kat:3, Licht: 0","89105","3","3","5","12","12","4","0","0","0","1","0","0"
"POINT (9.793862227000034 52.394736318000071)","Unfall 89108 (2019) Kat:3, Licht: 0","89108","3","2","3","12","11","4","0","0","0","1","0","0"
"POINT (9.720515587000023 52.343030088000035)","Unfall 89139 (2019) Kat:3, Licht: 2","89139","3","6","2","12","17","5","0","2","0","1","0","0"
"POINT (9.715956831000028 52.346318589000077)","Unfall 89144 (2019) Kat:3, Licht: 2","89144","3","6","2","12","19","5","1","2","0","1","0","0"
"POINT (9.732413579000024 52.383258857000044)","Unfall 89146 (2019) Kat:3, Licht: 0","89146","3","2","5","12","09","5","0","0","0","1","0","0"
"POINT (9.733451775000049 52.417247619000079)","Unfall 89245 (2019) Kat:3, Licht: 2","89245","3","3","5","12","18","4","1","2","1","1","0","0"
"POINT (9.800450258000069 52.427631945000030)","Unfall 89246 (2019) Kat:3, Licht: 0","89246","3","2","3","12","13","4","1","0","0","1","0","0"
"POINT (9.673741928000027 52.358736011000076)","Unfall 89260 (2019) Kat:3, Licht: 0","89260","3","3","0","12","12","3","0","0","1","1","0","0"
"POINT (9.720567061000054 52.338312688000030)","Unfall 89261 (2019) Kat:2, Licht: 0","89261","2","1","8","12","13","4","1","0","0","1","0","0"
"POINT (9.728012251000052 52.374199651000026)","Unfall 89262 (2019) Kat:2, Licht: 0","89262","2","2","5","12","12","4","1","0","1","1","0","0"
"POINT (9.797437799000022 52.346827978000078)","Unfall 89266 (2019) Kat:2, Licht: 0","89266","2","3","2","12","08","4","1","0","0","1","0","0"
"POINT (9.490932765000025 52.290930022000055)","Unfall 89278 (2019) Kat:1, Licht: 2","89278","1","7","6","01","17","7","1","2","0","0","1","0"
"POINT (9.734276038000076 52.369043779000037)","Unfall 89299 (2019) Kat:3, Licht: 2","89299","3","6","2","12","16","3","1","2","0","1","0","0"
"POINT (9.751991917000055 52.339999373000069)","Unfall 89385 (2019) Kat:3, Licht: 2","89385","3","6","2","01","17","5","0","2","0","1","0","0"
"POINT (9.638754081000059 52.415852861000076)","Unfall 89393 (2019) Kat:3, Licht: 2","89393","3","6","2","01","18","5","0","2","0","1","0","0"
"POINT (9.652464604000045 52.358507596000038)","Unfall 89396 (2019) Kat:3, Licht: 0","89396","3","1","8","12","09","2","1","0","0","1","0","0"
"POINT (9.772697913000059 52.342906120000066)","Unfall 89407 (2019) Kat:3, Licht: 2","89407","3","6","3","12","07","2","1","2","0","1","0","0"
"POINT (9.778231112000071 52.327876536000076)","Unfall 89465 (2019) Kat:3, Licht: 0","89465","3","6","2","01","14","4","0","0","0","1","0","0"
"POINT (9.733364504000065 52.417927704000078)","Unfall 89467 (2019) Kat:3, Licht: 2","89467","3","6","3","01","22","4","0","2","0","1","0","0"
"POINT (9.827225777000024 52.346962640000072)","Unfall 89474 (2019) Kat:3, Licht: 0","89474","3","3","5","01","12","4","0","0","1","1","0","0"
"POINT (9.697301239000069 52.375324737000028)","Unfall 89475 (2019) Kat:2, Licht: 0","89475","2","6","2","01","13","4","0","0","0","1","0","0"
"POINT (9.690572975000066 52.374732734000077)","Unfall 89476 (2019) Kat:3, Licht: 0","89476","3","2","5","01","12","4","0","0","1","1","0","0"
"POINT (9.749797387000058 52.427259175000074)","Unfall 89490 (2019) Kat:3, Licht: 0","89490","3","7","2","12","09","1","0","0","0","1","0","0"
"POINT (9.741560918000062 52.427361221000069)","Unfall 89546 (2019) Kat:3, Licht: 2","89546","3","6","3","12","18","7","0","2","0","1","0","0"
"POINT (9.851688695000064 52.321487882000042)","Unfall 89548 (2019) Kat:2, Licht: 2","89548","2","1","8","12","08","7","1","2","0","1","0","0"
"POINT (9.648391906000029 52.412684146000061)","Unfall 89646 (2019) Kat:3, Licht: 0","89646","3","6","2","12","14","6","0","0","0","1","0","0"
"POINT (9.765664431000062 52.341725967000059)","Unfall 89648 (2019) Kat:3, Licht: 2","89648","3","4","6","12","18","6","0","2","0","1","1","0"
"POINT (9.714550009000050 52.361080578000042)","Unfall 89649 (2019) Kat:3, Licht: 2","89649","3","2","3","12","17","1","0","2","0","1","0","0"
"POINT (9.698955515000023 52.347772091000081)","Unfall 89650 (2019) Kat:2, Licht: 0","89650","2","3","5","12","12","1","0","0","0","1","0","0"
"POINT (9.720171954000023 52.367899464000061)","Unfall 89655 (2019) Kat:3, Licht: 2","89655","3","6","4","12","20","6","1","2","1","0","1","0"
"POINT (9.726763005000066 52.375737935000075)","Unfall 89708 (2019) Kat:3, Licht: 2","89708","3","3","5","12","22","6","0","2","1","0","0","0"
"POINT (9.754059152000025 52.427164408000067)","Unfall 89713 (2019) Kat:3, Licht: 2","89713","3","6","3","12","21","6","0","2","0","1","0","0"
"POINT (9.675950692000072 52.394034940000040)","Unfall 89774 (2019) Kat:3, Licht: 2","89774","3","6","2","12","20","4","1","2","0","1","0","0"
"POINT (9.627231607000056 52.423285174000057)","Unfall 89776 (2019) Kat:3, Licht: 0","89776","3","6","2","12","15","4","1","0","0","1","0","0"
"POINT (9.677988607000032 52.392597310000042)","Unfall 89779 (2019) Kat:3, Licht: 2","89779","3","1","9","12","18","4","1","2","0","1","0","0"
"POINT (9.677273924000076 52.347760110000081)","Unfall 89831 (2019) Kat:3, Licht: 2","89831","3","6","3","01","17","5","1","2","0","1","0","0"
"POINT (9.719028587000025 52.378454477000048)","Unfall 89834 (2019) Kat:3, Licht: 0","89834","3","6","2","01","15","5","1","0","0","1","0","0"
"POINT (9.740415972000051 52.368056645000081)","Unfall 89836 (2019) Kat:3, Licht: 0","89836","3","2","2","01","11","5","0","0","0","1","0","0"
"POINT (9.896818577000033 52.410009719000072)","Unfall 89853 (2019) Kat:1, Licht: 2","89853","1","4","6","01","21","5","1","2","0","1","1","0"
"POINT (9.754305444000067 52.355369354000061)","Unfall 89856 (2019) Kat:3, Licht: 2","89856","3","2","5","01","16","5","1","2","1","1","0","0"
"POINT (9.694010717000026 52.361177720000057)","Unfall 89858 (2019) Kat:3, Licht: 0","89858","3","1","0","01","15","5","1","0","1","0","0","0"
"POINT (9.697542711000040 52.377383557000030)","Unfall 89902 (2019) Kat:3, Licht: 0","89902","3","6","2","01","14","6","1","0","0","1","0","0"
"POINT (9.830612669000061 52.409388294000053)","Unfall 89991 (2019) Kat:3, Licht: 0","89991","3","6","2","01","08","5","0","0","0","1","0","0"
"POINT (9.803286412000034 52.397112235000066)","Unfall 89995 (2019) Kat:3, Licht: 0","89995","3","6","2","01","08","5","0","0","0","1","0","0"
"POINT (9.774312750000036 52.371024152000075)","Unfall 89999 (2019) Kat:3, Licht: 2","89999","3","6","3","01","18","4","0","2","0","1","0","0"
"POINT (9.767893046000040 52.323313054000039)","Unfall 90078 (2019) Kat:3, Licht: 2","90078","3","7","4","01","20","4","0","2","0","1","0","0"
"POINT (9.727092475000063 52.381137136000063)","Unfall 90080 (2019) Kat:3, Licht: 2","90080","3","2","5","01","18","4","0","2","1","1","0","0"
"POINT (9.733373317000030 52.420550926000033)","Unfall 90158 (2019) Kat:3, Licht: 2","90158","3","6","2","01","20","3","1","2","0","1","0","0"
"POINT (9.735193830000071 52.403463585000054)","Unfall 90160 (2019) Kat:2, Licht: 0","90160","2","2","5","01","15","3","1","0","0","1","0","0"
"POINT (9.832298664000064 52.386086775000081)","Unfall 90162 (2019) Kat:3, Licht: 2","90162","3","4","6","01","07","3","1","2","0","1","1","0"
"POINT (9.778641490000041 52.376199795000048)","Unfall 90163 (2019) Kat:1, Licht: 0","90163","1","1","8","01","08","3","1","0","0","1","0","0"
"POINT (9.800402405000057 52.342911027000071)","Unfall 90165 (2019) Kat:2, Licht: 0","90165","2","1","9","01","09","3","1","0","0","1","0","0"
"POINT (9.701144295000063 52.370766606000075)","Unfall 90263 (2019) Kat:3, Licht: 2","90263","3","6","2","01","07","2","1","2","0","1","0","0"
"POINT (9.670523124000056 52.396662229000071)","Unfall 90273 (2019) Kat:3, Licht: 0","90273","3","7","3","01","14","2","1","0","0","1","0","0"
"POINT (9.755887971000050 52.340741150000042)","Unfall 90289 (2019) Kat:3, Licht: 1","90289","3","6","3","01","16","2","1","1","0","1","0","0"
"POINT (9.735892328000034 52.397383328000046)","Unfall 90305 (2019) Kat:3, Licht: 0","90305","3","3","5","01","11","2","1","0","0","1","0","0"
"POINT (9.837421198000072 52.387336670000082)","Unfall 90366 (2019) Kat:3, Licht: 2","90366","3","6","2","01","18","1","1","2","0","1","0","1"
"POINT (9.734605875000057 52.409215889000052)","Unfall 90408 (2019) Kat:3, Licht: 1","90408","3","6","2","01","16","2","0","1","0","1","0","0"
"POINT (9.696290669000064 52.379899489000081)","Unfall 90500 (2019) Kat:2, Licht: 0","90500","2","6","2","02","08","7","1","0","0","1","0","0"
"POINT (9.861743976000071 52.381613453000057)","Unfall 90524 (2019) Kat:2, Licht: 0","90524","2","1","0","01","11","1","0","0","1","0","0","0"
"POINT (9.646579515000042 52.413794908000057)","Unfall 90555 (2019) Kat:3, Licht: 2","90555","3","3","5","02","20","6","0","2","0","1","0","0"
"POINT (9.722203983000043 52.378352025000027)","Unfall 90557 (2019) Kat:3, Licht: 2","90557","3","6","2","02","18","6","0","2","0","1","0","0"
"POINT (9.737656380000033 52.368239274000075)","Unfall 90560 (2019) Kat:3, Licht: 1","90560","3","6","2","02","16","6","1","1","0","1","0","0"
"POINT (9.683795001000021 52.327759299000036)","Unfall 90610 (2019) Kat:3, Licht: 2","90610","3","6","2","01","07","3","1","2","0","1","0","0"
"POINT (9.735115847000031 52.392762814000037)","Unfall 90621 (2019) Kat:3, Licht: 0","90621","3","6","2","01","12","5","0","0","0","1","0","0"
"POINT (9.661294764000047 52.402265693000061)","Unfall 90630 (2019) Kat:2, Licht: 1","90630","2","6","3","01","16","5","0","1","0","1","0","0"
"POINT (9.827178263000064 52.344761208000079)","Unfall 90632 (2019) Kat:3, Licht: 0","90632","3","4","6","01","13","5","0","0","0","1","1","0"
"POINT (9.761381256000050 52.370396656000082)","Unfall 90644 (2019) Kat:3, Licht: 2","90644","3","2","2","01","18","2","0","2","0","1","0","0"
"POINT (9.732124678000048 52.383366555000066)","Unfall 90665 (2019) Kat:3, Licht: 0","90665","3","6","0","01","08","2","0","0","0","1","0","0"
"POINT (9.773995916000047 52.331983647000072)","Unfall 90686 (2019) Kat:3, Licht: 2","90686","3","7","3","01","19","6","0","2","0","1","0","0"
"POINT (9.833589852000046 52.386461650000058)","Unfall 90731 (2019) Kat:3, Licht: 2","90731","3","2","4","02","18","5","0","2","1","1","0","0"
"POINT (9.863529506000077 52.326862584000082)","Unfall 90749 (2019) Kat:3, Licht: 0","90749","3","6","3","02","13","5","0","0","0","1","0","0"
"POINT (9.734972957000025 52.391919036000047)","Unfall 90791 (2019) Kat:3, Licht: 0","90791","3","4","6","01","11","2","0","0","0","1","1","0"
"POINT (9.677569929000072 52.358578878000060)","Unfall 90837 (2019) Kat:3, Licht: 0","90837","3","6","2","02","12","4","0","0","0","1","0","0"
"POINT (9.675398516000030 52.377375658000062)","Unfall 90857 (2019) Kat:2, Licht: 0","90857","2","3","5","02","12","4","0","0","0","0","0","0"
"POINT (9.764257466000061 52.342995833000032)","Unfall 90866 (2019) Kat:3, Licht: 2","90866","3","3","5","01","17","3","0","2","1","1","0","0"
"POINT (9.627174266000054 52.423324743000080)","Unfall 90884 (2019) Kat:3, Licht: 0","90884","3","6","2","01","10","3","1","0","0","0","0","0"
"POINT (9.655902092000076 52.406380739000042)","Unfall 90918 (2019) Kat:3, Licht: 2","90918","3","6","3","01","05","3","0","2","0","1","0","0"
"POINT (9.733363510000061 52.420623950000049)","Unfall 90965 (2019) Kat:3, Licht: 2","90965","3","6","2","02","06","3","0","2","0","1","0","0"
"POINT (9.852086999000051 52.389872163000064)","Unfall 90972 (2019) Kat:3, Licht: 0","90972","3","5","1","02","15","3","1","0","1","1","0","0"
"POINT (9.722528654000030 52.378633340000079)","Unfall 90976 (2019) Kat:3, Licht: 0","90976","3","6","2","02","08","3","0","0","0","1","0","0"
"POINT (9.725473989000022 52.364843125000050)","Unfall 90982 (2019) Kat:3, Licht: 0","90982","3","1","0","01","14","2","1","0","0","0","0","1"
"POINT (9.697277013000075 52.375011922000056)","Unfall 90986 (2019) Kat:3, Licht: 2","90986","3","4","6","01","22","2","0","2","1","0","1","0"
"POINT (9.771360914000070 52.370868202000054)","Unfall 90989 (2019) Kat:3, Licht: 0","90989","3","6","2","01","15","2","1","0","0","1","0","0"
"POINT (9.821607341000060 52.339210976000061)","Unfall 90992 (2019) Kat:3, Licht: 2","90992","3","2","4","01","21","2","1","2","0","1","0","0"
"POINT (9.735031922000076 52.407852315000071)","Unfall 90995 (2019) Kat:3, Licht: 2","90995","3","1","0","01","17","2","1","2","1","0","0","0"
"POINT (9.897084814000039 52.409291186000075)","Unfall 90996 (2019) Kat:3, Licht: 0","90996","3","6","9","01","12","2","0","0","0","1","0","0"
"POINT (9.793357670000034 52.393675965000057)","Unfall 91000 (2019) Kat:3, Licht: 0","91000","3","2","3","01","11","4","0","0","0","1","0","0"
"POINT (9.676801167000065 52.357044617000042)","Unfall 91014 (2019) Kat:3, Licht: 0","91014","3","7","0","01","09","1","2","0","1","0","0","0"
"POINT (9.778359508000051 52.371464367000044)","Unfall 91081 (2019) Kat:3, Licht: 2","91081","3","2","5","01","23","3","0","2","0","1","0","0"
"POINT (9.889384734000032 52.361957282000049)","Unfall 91082 (2019) Kat:3, Licht: 0","91082","3","7","2","02","15","2","0","0","0","1","0","0"
"POINT (9.728347386000053 52.374126098000033)","Unfall 91087 (2019) Kat:3, Licht: 2","91087","3","3","5","02","00","2","0","2","0","1","0","0"
"POINT (9.721469431000060 52.361394917000041)","Unfall 91105 (2019) Kat:3, Licht: 0","91105","3","6","2","02","14","4","0","0","0","1","0","0"
"POINT (9.799801338000066 52.407931932000054)","Unfall 91108 (2019) Kat:3, Licht: 2","91108","3","2","5","02","18","4","0","2","1","1","0","0"
"POINT (9.722457141000064 52.378583719000062)","Unfall 91111 (2019) Kat:3, Licht: 0","91111","3","6","2","02","15","4","0","0","0","1","0","0"
"POINT (9.779775761000053 52.366409677000036)","Unfall 91144 (2019) Kat:3, Licht: 0","91144","3","6","2","02","16","4","0","0","0","1","0","0"
"POINT (9.854820301000075 52.390223004000063)","Unfall 91231 (2019) Kat:3, Licht: 2","91231","3","2","5","02","20","5","0","2","1","0","0","0"
"POINT (9.730908616000022 52.370721646000050)","Unfall 91239 (2019) Kat:3, Licht: 0","91239","3","3","5","02","11","5","0","0","1","1","0","0"
"POINT (9.817966348000027 52.362863733000040)","Unfall 91294 (2019) Kat:3, Licht: 0","91294","3","3","5","02","14","3","0","0","1","1","0","0"
"POINT (9.674100532000068 52.358781699000076)","Unfall 91372 (2019) Kat:2, Licht: 1","91372","2","3","5","02","07","4","1","1","1","1","0","0"
"POINT (9.733439749000070 52.417342714000029)","Unfall 91396 (2019) Kat:3, Licht: 0","91396","3","3","5","02","15","2","0","0","0","1","0","0"
"POINT (9.822382487000027 52.407493610000074)","Unfall 91418 (2019) Kat:3, Licht: 0","91418","3","6","2","02","16","2","0","0","0","1","0","0"
"POINT (9.771781291000025 52.342960254000047)","Unfall 91424 (2019) Kat:3, Licht: 0","91424","3","6","2","02","14","2","0","0","0","1","0","0"
"POINT (9.860895639000034 52.406366614000035)","Unfall 91426 (2019) Kat:3, Licht: 0","91426","3","6","2","02","09","2","0","0","0","0","0","0"
"POINT (9.775321801000075 52.343343119000053)","Unfall 91427 (2019) Kat:3, Licht: 0","91427","3","6","2","02","08","2","0","0","0","1","0","0"
"POINT (9.792347350000057 52.371629458000029)","Unfall 91436 (2019) Kat:3, Licht: 0","91436","3","2","5","02","16","2","0","0","0","1","0","1"
"POINT (9.762524997000071 52.345106064000049)","Unfall 91440 (2019) Kat:3, Licht: 0","91440","3","5","1","02","08","3","0","0","0","1","0","0"
"POINT (9.715486428000077 52.346350440000037)","Unfall 91443 (2019) Kat:3, Licht: 2","91443","3","6","2","02","06","2","0","2","0","1","0","0"
"POINT (9.758470264000039 52.349425340000039)","Unfall 91444 (2019) Kat:3, Licht: 0","91444","3","6","6","02","09","3","0","0","1","0","1","0"
"POINT (9.735868759000027 52.401534058000038)","Unfall 91446 (2019) Kat:3, Licht: 2","91446","3","6","2","02","18","2","0","2","0","1","0","0"
"POINT (9.818631612000047 52.427607010000031)","Unfall 91527 (2019) Kat:3, Licht: 0","91527","3","6","3","02","12","2","0","0","0","1","0","0"
"POINT (9.787777991000041 52.429622658000028)","Unfall 91532 (2019) Kat:3, Licht: 1","91532","3","7","1","02","07","2","1","1","0","0","0","0"
"POINT (9.654674130000046 52.407820635000064)","Unfall 91542 (2019) Kat:3, Licht: 2","91542","3","6","2","02","18","1","0","2","0","1","0","0"
"POINT (9.734047363000059 52.387239047000037)","Unfall 91557 (2019) Kat:3, Licht: 0","91557","3","3","5","02","10","1","0","0","0","1","0","0"
"POINT (9.849585540000021 52.326631008000049)","Unfall 91569 (2019) Kat:3, Licht: 0","91569","3","3","5","02","14","1","0","0","0","1","0","0"
"POINT (9.735201851000056 52.405819266000037)","Unfall 91574 (2019) Kat:3, Licht: 2","91574","3","3","5","02","18","1","0","2","1","1","0","0"
"POINT (9.764561465000043 52.343056072000081)","Unfall 91690 (2019) Kat:3, Licht: 0","91690","3","2","5","02","12","7","0","0","1","1","0","0"
"POINT (9.735098059000052 52.404137630000037)","Unfall 91704 (2019) Kat:3, Licht: 0","91704","3","4","6","02","13","7","1","0","0","1","1","0"
"POINT (9.703327130000048 52.422915848000059)","Unfall 91712 (2019) Kat:3, Licht: 0","91712","3","5","1","02","12","7","0","0","0","1","0","0"
"POINT (9.699936025000056 52.416285313000060)","Unfall 91813 (2019) Kat:3, Licht: 0","91813","3","6","4","02","12","5","1","0","0","1","0","0"
"POINT (9.799801338000066 52.407931932000054)","Unfall 91817 (2019) Kat:3, Licht: 0","91817","3","5","0","02","12","5","0","0","1","0","0","0"
"POINT (9.786735186000044 52.389849268000034)","Unfall 91828 (2019) Kat:2, Licht: 0","91828","2","6","2","02","16","5","0","0","0","1","0","0"
"POINT (9.719327602000021 52.349322812000082)","Unfall 91835 (2019) Kat:3, Licht: 0","91835","3","3","5","02","08","5","0","0","0","1","0","0"
"POINT (9.771781291000025 52.342960254000047)","Unfall 91845 (2019) Kat:3, Licht: 2","91845","3","6","3","02","06","6","0","2","0","1","0","0"
"POINT (9.782435563000036 52.362239285000044)","Unfall 91863 (2019) Kat:3, Licht: 0","91863","3","6","2","02","07","6","1","0","0","1","0","0"
"POINT (9.774600114000066 52.371041537000053)","Unfall 91876 (2019) Kat:3, Licht: 0","91876","3","6","2","02","13","6","0","0","0","1","0","0"
"POINT (9.763449292000075 52.343832852000048)","Unfall 91882 (2019) Kat:3, Licht: 0","91882","3","6","0","02","12","6","0","0","0","1","0","0"
"POINT (9.703296850000072 52.416030551000063)","Unfall 91887 (2019) Kat:3, Licht: 0","91887","3","6","2","02","14","6","0","0","0","1","0","0"
"POINT (9.697729697000057 52.376360659000056)","Unfall 91924 (2019) Kat:3, Licht: 0","91924","3","6","2","02","07","4","0","0","0","1","0","0"
"POINT (9.813536142000032 52.317444836000050)","Unfall 91970 (2019) Kat:3, Licht: 0","91970","3","6","2","03","16","7","1","0","0","1","0","0"
"POINT (9.849585540000021 52.326631008000049)","Unfall 91980 (2019) Kat:3, Licht: 0","91980","3","3","5","03","08","6","0","0","0","1","0","0"
"POINT (9.654986967000070 52.407514365000054)","Unfall 91992 (2019) Kat:3, Licht: 2","91992","3","1","8","03","01","1","0","2","0","1","0","0"
"POINT (9.778808034000065 52.367735326000059)","Unfall 91994 (2019) Kat:3, Licht: 2","91994","3","1","9","03","19","2","1","2","0","1","0","0"
"POINT (9.774600114000066 52.371041537000053)","Unfall 92006 (2019) Kat:3, Licht: 0","92006","3","6","2","03","16","4","0","0","0","1","0","0"
"POINT (9.733418185000062 52.384414849000052)","Unfall 92009 (2019) Kat:3, Licht: 0","92009","3","6","2","03","08","4","0","0","0","1","0","0"
"POINT (9.722532742000055 52.358290359000080)","Unfall 92026 (2019) Kat:3, Licht: 2","92026","3","6","2","03","18","4","1","2","0","1","0","0"
"POINT (9.735456051000028 52.395462197000029)","Unfall 92027 (2019) Kat:3, Licht: 2","92027","3","6","3","03","20","4","1","2","0","1","0","0"
"POINT (9.771431140000061 52.370872184000063)","Unfall 92038 (2019) Kat:3, Licht: 0","92038","3","6","2","03","16","5","0","0","0","1","0","0"
"POINT (9.722222819000024 52.359200486000077)","Unfall 92058 (2019) Kat:2, Licht: 0","92058","2","2","5","03","15","5","0","0","1","1","0","0"
"POINT (9.674662038000065 52.349718328000051)","Unfall 92138 (2019) Kat:3, Licht: 2","92138","3","1","9","03","20","7","1","2","0","1","0","0"
"POINT (9.696459208000022 52.379727624000054)","Unfall 92153 (2019) Kat:3, Licht: 2","92153","3","6","2","03","20","4","1","2","0","1","0","1"
"POINT (9.735956096000052 52.400963985000033)","Unfall 92156 (2019) Kat:3, Licht: 0","92156","3","6","2","03","13","4","0","0","0","1","0","0"
"POINT (9.714483635000022 52.361030762000041)","Unfall 92168 (2019) Kat:3, Licht: 0","92168","3","2","2","03","14","3","0","0","0","1","0","0"
"POINT (9.642288574000077 52.414572115000055)","Unfall 92174 (2019) Kat:3, Licht: 0","92174","3","3","5","03","08","3","0","0","0","1","0","0"
"POINT (9.641568282000037 52.414936142000045)","Unfall 92277 (2019) Kat:3, Licht: 0","92277","3","6","2","03","07","3","1","0","0","1","0","0"