WKT,Name,OBJECTID,UKATEGORIE,UTYP1,UART,UMONAT,USTUNDE,UWOCHENTAG,STRZUSTAND,ULICHTVERH,ISTRAD,ISTPKW,ISTFUSS,ISTKRAD
"POINT (9.642116577000024 52.414770820000058)","Unfall 95849 (2019) Kat:3, Licht: 2","95849","3","2","6","05","22","5","0","2","0","1","1","0"
"POINT (9.849320826000053 52.327860003000069)","Unfall 95851 (2019) Kat:3, Licht: 0","95851","3","5","0","05","17","5","0","0","1","0","0","0"
"POINT (9.859818489000077 52.385714048000068)","Unfall 95853 (2019) Kat:3, Licht: 0","95853","3","3","5","05","17","5","0","0","1","1","0","0"
"POINT (9.768643844000053 52.337954017000072)","Unfall 95855 (2019) Kat:3, Licht: 0","95855","3","3","5","05","18","5","0","0","1","0","0","0"
"POINT (9.773804692000056 52.331949797000050)","Unfall 95856 (2019) Kat:3, Licht: 0","95856","3","2","5","05","14","5","0","0","1","1","0","0"
"POINT (9.730845991000024 52.370786815000031)","Unfall 95859 (2019) Kat:3, Licht: 0","95859","3","3","5","05","12","5","0","0","1","0","0","0"
"POINT (9.712698316000058 52.401797991000080)","Unfall 95860 (2019) Kat:3, Licht: 0","95860","3","2","5","05","10","5","0","0","1","1","0","0"
"POINT (9.654665718000047 52.407836399000075)","Unfall 95872 (2019) Kat:3, Licht: 0","95872","3","2","5","05","08","4","0","0","0","1","0","0"
"POINT (9.774600114000066 52.371041537000053)","Unfall 95902 (2019) Kat:3, Licht: 0","95902","3","2","3","05","13","5","0","0","0","0","0","0"
"POINT (9.797341454000048 52.371130284000060)","Unfall 95918 (2019) Kat:3, Licht: 0","95918","3","7","7","05","12","6","0","0","0","1","0","0"
"POINT (9.767834920000041 52.343097614000044)","Unfall 95938 (2019) Kat:3, Licht: 0","95938","3","6","2","05","16","2","0","0","0","1","0","0"
"POINT (9.745917956000028 52.366477977000045)","Unfall 95976 (2019) Kat:3, Licht: 0","95976","3","2","5","05","08","4","1","0","1","1","0","0"
"POINT (9.662682679000056 52.384892894000075)","Unfall 95978 (2019) Kat:3, Licht: 0","95978","3","6","2","05","13","4","0","0","0","1","0","0"
"POINT (9.764130965000049 52.343518160000031)","Unfall 96012 (2019) Kat:3, Licht: 0","96012","3","2","5","05","18","4","0","0","1","0","0","0"
"POINT (9.827926048000052 52.384728987000074)","Unfall 96018 (2019) Kat:3, Licht: 0","96018","3","3","5","05","08","4","1","0","0","1","0","0"
"POINT (9.644339338000066 52.423371006000082)","Unfall 96021 (2019) Kat:3, Licht: 0","96021","3","6","3","05","13","5","0","0","0","1","0","0"
"POINT (9.752051084000073 52.367114093000055)","Unfall 222489 (2019) Kat:3, Licht: 2","222489","3","6","4","01","21","3","0","2","1","1","0","0"
"POINT (9.818983967000065 52.325626089000082)","Unfall 222732 (2019) Kat:2, Licht: 0","222732","2","1","8","06","05","7","0","0","0","1","0","0"
"POINT (9.670815552000022 52.397819741000035)","Unfall 222760 (2019) Kat:3, Licht: 0","222760","3","3","5","06","12","6","0","0","0","1","0","1"
"POINT (9.716957445000048 52.336970468000061)","Unfall 222761 (2019) Kat:3, Licht: 2","222761","3","1","7","06","21","6","1","2","0","0","0","1"
"POINT (9.710506114000054 52.371242270000039)","Unfall 222762 (2019) Kat:3, Licht: 0","222762","3","3","5","06","16","6","0","0","1","1","0","0"
"POINT (9.770513305000065 52.353442538000081)","Unfall 222763 (2019) Kat:3, Licht: 0","222763","3","6","2","06","14","6","0","0","0","1","0","1"
"POINT (9.749517406000052 52.337289579000071)","Unfall 222764 (2019) Kat:3, Licht: 0","222764","3","6","2","06","17","6","0","0","1","0","0","0"
"POINT (9.700757845000055 52.391462391000061)","Unfall 222770 (2019) Kat:1, Licht: 0","222770","1","3","5","06","15","6","0","0","1","0","0","0"
"POINT (9.662934938000035 52.409778988000028)","Unfall 222771 (2019) Kat:2, Licht: 0","222771","2","4","6","06","13","6","0","0","0","1","1","0"
"POINT (9.670446024000057 52.367118258000062)","Unfall 222772 (2019) Kat:2, Licht: 0","222772","2","3","5","06","10","6","0","0","1","1","0","0"
"POINT (9.743457593000073 52.379549833000056)","Unfall 222773 (2019) Kat:3, Licht: 0","222773","3","2","5","06","07","6","0","0","1","1","0","0"
"POINT (9.727464822000059 52.361181381000051)","Unfall 222801 (2019) Kat:3, Licht: 0","222801","3","3","5","06","08","5","0","0","0","1","0","0"
"POINT (9.771870790000037 52.350763726000082)","Unfall 222802 (2019) Kat:3, Licht: 0","222802","3","3","5","06","17","5","0","0","0","1","0","0"
"POINT (9.733763082000053 52.384396600000059)","Unfall 222803 (2019) Kat:3, Licht: 0","222803","3","2","5","06","16","5","0","0","1","0","0","0"
"POINT (9.795012320000069 52.409135899000034)","Unfall 222804 (2019) Kat:3, Licht: 0","222804","3","6","6","06","07","5","0","0","1","0","1","0"
"POINT (9.712900335000029 52.384857510000074)","Unfall 222806 (2019) Kat:2, Licht: 0","222806","2","2","5","06","17","5","0","0","1","1","0","0"
"POINT (9.752750077000030 52.377358668000056)","Unfall 222839 (2019) Kat:3, Licht: 0","222839","3","4","6","06","13","4","0","0","1","0","1","0"
"POINT (9.718696372000068 52.373854566000034)","Unfall 222841 (2019) Kat:3, Licht: 0","222841","3","2","5","06","20","4","0","0","1","1","0","0"
"POINT (9.742627332000041 52.369864451000069)","Unfall 222842 (2019) Kat:3, Licht: 0","222842","3","7","0","06","16","4","0","0","1","0","0","0"
"POINT (9.703159065000023 52.378185039000073)","Unfall 222843 (2019) Kat:3, Licht: 0","222843","3","7","0","06","13","4","0","0","1","0","0","0"
"POINT (9.776487531000043 52.403890366000041)","Unfall 222844 (2019) Kat:3, Licht: 0","222844","3","4","6","06","07","4","0","0","0","1","1","0"
"POINT (9.728567911000027 52.394601465000051)","Unfall 222845 (2019) Kat:3, Licht: 2","222845","3","7","0","06","00","4","0","2","1","0","0","0"
"POINT (9.851147295000033 52.362539447000074)","Unfall 222883 (2019) Kat:3, Licht: 0","222883","3","5","0","06","06","3","0","0","1","1","0","0"
"POINT (9.781349740000053 52.410210446000065)","Unfall 222884 (2019) Kat:3, Licht: 2","222884","3","3","0","06","22","3","0","2","1","0","0","0"
"POINT (9.709435043000042 52.341839318000041)","Unfall 222887 (2019) Kat:2, Licht: 0","222887","2","4","6","06","16","3","0","0","0","0","1","0"
"POINT (9.753998403000026 52.394607664000034)","Unfall 222888 (2019) Kat:3, Licht: 1","222888","3","1","9","06","04","3","0","1","1","1","0","0"
"POINT (9.735230945000069 52.365689319000069)","Unfall 222916 (2019) Kat:3, Licht: 0","222916","3","6","4","06","16","2","0","0","1","0","0","0"
"POINT (9.699318488000074 52.375722372000041)","Unfall 222917 (2019) Kat:3, Licht: 0","222917","3","1","0","06","17","2","1","0","1","0","0","0"
"POINT (9.752326401000062 52.411164007000082)","Unfall 222919 (2019) Kat:3, Licht: 0","222919","3","6","6","06","18","2","1","0","0","1","1","0"
"POINT (9.737062900000069 52.387426289000075)","Unfall 222921 (2019) Kat:3, Licht: 0","222921","3","5","1","06","11","2","0","0","1","1","0","0"
"POINT (9.712820811000029 52.371598931000051)","Unfall 222946 (2019) Kat:3, Licht: 0","222946","3","6","3","06","19","1","0","0","1","0","0","0"
"POINT (9.729427494000049 52.393090391000044)","Unfall 222948 (2019) Kat:3, Licht: 0","222948","3","3","5","06","14","1","0","0","0","1","0","0"
"POINT (9.709132751000027 52.359975260000056)","Unfall 222951 (2019) Kat:3, Licht: 2","222951","3","6","2","06","22","1","0","2","0","1","0","1"
"POINT (9.718692000000033 52.331384678000063)","Unfall 222952 (2019) Kat:3, Licht: 0","222952","3","6","2","06","14","1","0","0","0","1","0","0"
"POINT (9.725573779000058 52.397902198000054)","Unfall 222970 (2019) Kat:3, Licht: 0","222970","3","2","4","06","11","7","0","0","0","1","0","0"
"POINT (9.805971784000064 52.431912798000042)","Unfall 222971 (2019) Kat:3, Licht: 0","222971","3","6","4","06","09","7","0","0","0","1","0","0"
"POINT (9.762787421000041 52.413731431000031)","Unfall 222976 (2019) Kat:3, Licht: 0","222976","3","3","5","06","10","7","0","0","1","1","0","0"
"POINT (9.656619166000041 52.407491519000075)","Unfall 222994 (2019) Kat:3, Licht: 2","222994","3","2","0","06","00","1","0","2","0","1","0","0"
"POINT (9.719785604000037 52.391673041000047)","Unfall 222995 (2019) Kat:3, Licht: 0","222995","3","6","2","06","20","1","0","0","0","1","0","0"
"POINT (9.722760618000052 52.358250569000063)","Unfall 223019 (2019) Kat:3, Licht: 0","223019","3","7","0","06","06","7","0","0","0","0","0","0"
"POINT (9.818183628000043 52.392291299000078)","Unfall 223020 (2019) Kat:3, Licht: 0","223020","3","7","4","06","13","7","0","0","0","1","0","0"
"POINT (9.758794515000034 52.362226679000059)","Unfall 223021 (2019) Kat:2, Licht: 0","223021","2","7","0","06","16","7","0","0","1","0","0","0"
"POINT (9.701964299000053 52.398653492000051)","Unfall 223022 (2019) Kat:3, Licht: 0","223022","3","2","4","06","16","7","0","0","1","1","0","0"
"POINT (9.765494640000043 52.375320966000061)","Unfall 223023 (2019) Kat:3, Licht: 2","223023","3","1","9","06","04","7","1","2","0","1","0","0"
"POINT (9.710262078000028 52.372491798000055)","Unfall 223024 (2019) Kat:2, Licht: 2","223024","2","7","0","06","02","7","0","2","1","0","0","0"
"POINT (9.745235797000021 52.392226362000031)","Unfall 223025 (2019) Kat:3, Licht: 0","223025","3","7","0","06","19","7","0","0","1","0","0","0"
"POINT (9.821224643000051 52.344001686000070)","Unfall 223056 (2019) Kat:3, Licht: 0","223056","3","3","5","06","06","6","0","0","1","1","0","0"
"POINT (9.750274572000024 52.384707565000042)","Unfall 223057 (2019) Kat:3, Licht: 0","223057","3","5","1","06","07","6","0","0","1","1","0","0"
"POINT (9.807719685000052 52.413244542000029)","Unfall 223058 (2019) Kat:3, Licht: 0","223058","3","6","2","06","07","6","0","0","1","1","0","0"
"POINT (9.614693880000061 52.417959525000072)","Unfall 223083 (2019) Kat:3, Licht: 0","223083","3","2","5","06","10","5","0","0","0","1","0","0"
"POINT (9.733733553000036 52.362111311000035)","Unfall 223084 (2019) Kat:3, Licht: 0","223084","3","6","4","06","18","5","0","0","1","0","0","0"
"POINT (9.730177016000027 52.368989029000033)","Unfall 223085 (2019) Kat:3, Licht: 0","223085","3","3","5","06","13","5","0","0","1","1","0","0"
"POINT (9.703230535000046 52.368455251000057)","Unfall 223086 (2019) Kat:3, Licht: 0","223086","3","6","2","06","07","5","0","0","0","1","0","0"
"POINT (9.730341476000035 52.391201742000078)","Unfall 223087 (2019) Kat:3, Licht: 0","223087","3","1","0","06","15","5","0","0","1","0","0","0"
"POINT (9.741548601000034 52.380215120000059)","Unfall 223088 (2019) Kat:3, Licht: 0","223088","3","3","0","06","20","5","0","0","1","1","0","0"
"POINT (9.731199742000058 52.380241876000071)","Unfall 223089 (2019) Kat:3, Licht: 0","223089","3","5","1","06","14","5","0","0","1","1","0","0"
"POINT (9.754188460000023 52.410236347000080)","Unfall 223095 (2019) Kat:3, Licht: 0","223095","3","2","5","06","18","5","0","0","1","1","0","0"
"POINT (9.741596153000046 52.383918942000037)","Unfall 223096 (2019) Kat:3, Licht: 2","223096","3","3","5","06","22","5","0","2","1","1","0","0"
"POINT (9.696935684000039 52.412812466000048)","Unfall 223097 (2019) Kat:3, Licht: 0","223097","3","6","2","06","15","5","0","0","0","1","0","0"
"POINT (9.724900645000048 52.387681095000062)","Unfall 223098 (2019) Kat:3, Licht: 0","223098","3","2","5","06","09","5","0","0","1","1","0","0"
"POINT (9.692472109000050 52.398320133000027)","Unfall 223139 (2019) Kat:3, Licht: 1","223139","3","6","4","06","05","4","1","1","0","1","0","0"
"POINT (9.713388197000029 52.371413404000066)","Unfall 223140 (2019) Kat:3, Licht: 0","223140","3","7","0","06","15","4","1","0","1","0","0","0"
"POINT (9.753904984000030 52.386246760000063)","Unfall 223141 (2019) Kat:3, Licht: 0","223141","3","2","4","06","19","4","1","0","1","1","0","0"
"POINT (9.762844194000024 52.376025410000068)","Unfall 223142 (2019) Kat:3, Licht: 0","223142","3","7","0","06","16","4","1","0","0","1","0","0"
"POINT (9.740998783000066 52.398843924000062)","Unfall 223143 (2019) Kat:3, Licht: 0","223143","3","3","5","06","14","4","1","0","1","1","0","0"
"POINT (9.765581613000052 52.375336720000064)","Unfall 223144 (2019) Kat:3, Licht: 0","223144","3","2","2","06","13","4","1","0","0","1","0","0"
"POINT (9.819400038000026 52.429329599000027)","Unfall 223146 (2019) Kat:3, Licht: 0","223146","3","2","5","06","18","4","1","0","1","1","0","0"
"POINT (9.746354870000062 52.354199890000075)","Unfall 223147 (2019) Kat:3, Licht: 0","223147","3","6","2","06","14","4","1","0","0","1","0","0"
"POINT (9.780472876000033 52.361535445000072)","Unfall 223148 (2019) Kat:3, Licht: 0","223148","3","1","8","06","12","4","1","0","0","1","0","0"
"POINT (9.749053879000030 52.377795534000029)","Unfall 223149 (2019) Kat:3, Licht: 0","223149","3","3","5","06","08","4","0","0","1","1","0","0"
"POINT (9.703764853000052 52.399571922000064)","Unfall 223170 (2019) Kat:3, Licht: 0","223170","3","3","5","06","15","3","0","0","1","1","0","0"
"POINT (9.730560179000065 52.374861107000072)","Unfall 223171 (2019) Kat:3, Licht: 0","223171","3","6","2","06","16","3","0","0","0","1","0","0"
"POINT (9.741824742000063 52.373160322000047)","Unfall 223172 (2019) Kat:3, Licht: 0","223172","3","1","0","06","10","3","0","0","0","0","0","1"
"POINT (9.718625408000037 52.374052786000050)","Unfall 223175 (2019) Kat:3, Licht: 0","223175","3","3","5","06","20","3","0","0","1","1","0","0"
"POINT (9.738096809000069 52.381834531000038)","Unfall 223196 (2019) Kat:3, Licht: 0","223196","3","2","4","06","14","2","0","0","1","1","0","0"
"POINT (9.669942003000074 52.353741254000056)","Unfall 223216 (2019) Kat:3, Licht: 0","223216","3","7","0","06","17","1","0","0","0","0","0","1"
"POINT (9.784987821000073 52.372655011000063)","Unfall 223230 (2019) Kat:2, Licht: 0","223230","2","3","0","06","07","7","0","0","1","1","0","0"
"POINT (9.707371141000067 52.380631846000028)","Unfall 223231 (2019) Kat:3, Licht: 0","223231","3","7","0","06","14","7","0","0","1","0","0","0"
"POINT (9.743403266000030 52.379363208000029)","Unfall 223232 (2019) Kat:3, Licht: 1","223232","3","2","4","06","21","7","0","1","0","1","0","0"
"POINT (9.742311701000062 52.376048372000071)","Unfall 223233 (2019) Kat:3, Licht: 0","223233","3","2","5","06","12","7","0","0","1","1","0","0"
"POINT (9.738264741000023 52.374576462000050)","Unfall 223234 (2019) Kat:3, Licht: 0","223234","3","1","6","06","20","7","0","0","1","0","1","0"
"POINT (9.679945229000055 52.395181794000052)","Unfall 223235 (2019) Kat:2, Licht: 0","223235","2","1","9","06","18","7","0","0","0","0","0","0"
"POINT (9.707605458000046 52.376543203000040)","Unfall 223238 (2019) Kat:3, Licht: 0","223238","3","5","3","06","14","2","0","0","1","1","0","0"
"POINT (9.713425993000044 52.384293688000071)","Unfall 223240 (2019) Kat:3, Licht: 0","223240","3","6","2","06","16","2","0","0","0","1","0","0"
"POINT (9.817382771000041 52.393508972000063)","Unfall 223249 (2019) Kat:3, Licht: 0","223249","3","3","5","06","19","2","0","0","1","1","0","0"
"POINT (9.749803727000028 52.378035343000079)","Unfall 223269 (2019) Kat:3, Licht: 0","223269","3","3","5","06","13","1","0","0","0","1","0","0"
"POINT (9.742954278000070 52.369514208000055)","Unfall 223270 (2019) Kat:3, Licht: 0","223270","3","1","0","06","19","1","0","0","1","0","0","0"
"POINT (9.721604674000048 52.342233772000043)","Unfall 223273 (2019) Kat:3, Licht: 0","223273","3","3","5","06","13","1","0","0","1","1","0","0"
"POINT (9.739338215000032 52.344133742000054)","Unfall 223274 (2019) Kat:2, Licht: 0","223274","2","3","5","06","09","1","0","0","1","0","0","0"
"POINT (9.762136228000031 52.353063158000055)","Unfall 223275 (2019) Kat:2, Licht: 2","223275","2","7","0","06","01","1","0","2","1","0","0","0"
"POINT (9.691901863000055 52.341015175000052)","Unfall 223299 (2019) Kat:3, Licht: 0","223299","3","5","1","06","15","7","0","0","1","1","0","0"
"POINT (9.705933423000033 52.371997421000060)","Unfall 223300 (2019) Kat:3, Licht: 0","223300","3","7","1","06","18","7","0","0","0","1","1","0"
"POINT (9.791066290000060 52.328164353000034)","Unfall 223301 (2019) Kat:3, Licht: 0","223301","3","6","2","06","11","7","0","0","0","1","0","0"
"POINT (9.719409815000063 52.408967479000069)","Unfall 223302 (2019) Kat:3, Licht: 0","223302","3","5","1","06","18","7","0","0","0","1","0","0"
"POINT (9.734140281000066 52.374608418000037)","Unfall 223303 (2019) Kat:3, Licht: 0","223303","3","4","6","06","16","7","0","0","0","0","1","0"
"POINT (9.717393613000070 52.400258694000058)","Unfall 223304 (2019) Kat:3, Licht: 0","223304","3","3","5","06","20","7","0","0","1","1","0","0"
"POINT (9.765860695000072 52.340737396000065)","Unfall 223338 (2019) Kat:3, Licht: 0","223338","3","7","6","06","16","6","0","0","1","0","1","0"
"POINT (9.791823734000047 52.402093913000044)","Unfall 223339 (2019) Kat:3, Licht: 0","223339","3","3","5","06","11","6","0","0","1","1","0","0"
"POINT (9.743873519000033 52.379420947000028)","Unfall 223340 (2019) Kat:2, Licht: 0","223340","2","3","5","06","19","6","0","0","1","0","0","1"
"POINT (9.724375991000045 52.345985718000065)","Unfall 223342 (2019) Kat:3, Licht: 0","223342","3","2","2","06","18","6","0","0","0","1","0","1"
"POINT (9.750690094000049 52.394949641000039)","Unfall 223343 (2019) Kat:3, Licht: 0","223343","3","6","2","06","19","6","0","0","0","1","0","0"
"POINT (9.742001741000024 52.375788206000038)","Unfall 223344 (2019) Kat:2, Licht: 2","223344","2","1","0","06","23","6","0","2","0","0","0","1"
"POINT (9.818027197000049 52.314281724000068)","Unfall 223345 (2019) Kat:3, Licht: 0","223345","3","7","0","06","21","6","0","0","1","0","0","0"
"POINT (9.662734994000061 52.385974776000069)","Unfall 223346 (2019) Kat:2, Licht: 0","223346","2","4","6","06","19","6","0","0","0","1","1","0"
"POINT (9.816229374000045 52.317690041000048)","Unfall 223347 (2019) Kat:3, Licht: 0","223347","3","4","6","06","15","6","0","0","0","1","1","0"
"POINT (9.708596783000075 52.373060954000039)","Unfall 223383 (2019) Kat:3, Licht: 2","223383","3","7","0","06","23","5","1","2","1","0","0","0"
"POINT (9.741824381000072 52.398631604000059)","Unfall 223384 (2019) Kat:3, Licht: 0","223384","3","2","4","06","13","5","0","0","1","1","0","0"
"POINT (9.710382053000046 52.367308598000079)","Unfall 223385 (2019) Kat:3, Licht: 0","223385","3","7","0","06","10","5","0","0","1","0","0","0"
"POINT (9.746283492000032 52.413190397000051)","Unfall 223386 (2019) Kat:2, Licht: 0","223386","2","3","5","06","21","5","1","0","1","1","0","0"
"POINT (9.725234143000023 52.397811477000062)","Unfall 223387 (2019) Kat:3, Licht: 0","223387","3","6","2","06","14","5","0","0","0","1","0","0"
"POINT (9.817668874000049 52.346987042000080)","Unfall 223420 (2019) Kat:3, Licht: 0","223420","3","3","5","06","16","4","0","0","1","1","0","0"
"POINT (9.772631858000068 52.339101287000062)","Unfall 223421 (2019) Kat:3, Licht: 0","223421","3","3","5","06","16","4","1","0","1","1","0","0"
"POINT (9.738892139000029 52.382655569000065)","Unfall 223422 (2019) Kat:3, Licht: 0","223422","3","3","5","06","08","4","0","0","1","1","0","0"
"POINT (9.796482851000064 52.333964890000061)","Unfall 223444 (2019) Kat:3, Licht: 0","223444","3","2","4","06","18","3","0","0","1","1","0","0"
"POINT (9.751985409000042 52.415340167000068)","Unfall 223447 (2019) Kat:3, Licht: 0","223447","3","6","4","06","18","3","0","0","1","0","0","0"
"POINT (9.708859390000043 52.366012856000054)","Unfall 223474 (2019) Kat:3, Licht: 0","223474","3","2","0","06","13","2","0","0","1","0","0","0"
"POINT (9.746168926000053 52.385380981000026)","Unfall 223475 (2019) Kat:3, Licht: 0","223475","3","5","0","06","18","2","0","0","1","1","0","0"
"POINT (9.740096803000029 52.375766707000082)","Unfall 223476 (2019) Kat:3, Licht: 0","223476","3","6","6","06","12","2","0","0","1","0","1","0"
"POINT (9.793038293000052 52.403226464000056)","Unfall 223479 (2019) Kat:3, Licht: 0","223479","3","6","3","06","13","2","0","0","0","1","0","0"
"POINT (9.734746784000038 52.380178216000047)","Unfall 223480 (2019) Kat:3, Licht: 0","223480","3","2","6","06","10","2","0","0","0","1","1","0"
"POINT (9.733097462000046 52.344937531000028)","Unfall 223501 (2019) Kat:3, Licht: 0","223501","3","2","5","06","15","1","0","0","1","1","0","0"
"POINT (9.778839394000045 52.362200713000050)","Unfall 223502 (2019) Kat:3, Licht: 0","223502","3","3","5","06","12","1","0","0","1","1","0","0"
"POINT (9.660082890000069 52.403729027000054)","Unfall 223528 (2019) Kat:3, Licht: 0","223528","3","3","5","06","18","7","0","0","1","0","0","0"
"POINT (9.696857523000062 52.336642845000029)","Unfall 223529 (2019) Kat:3, Licht: 0","223529","3","7","0","06","20","7","0","0","1","0","0","0"
"POINT (9.746505889000048 52.381163617000027)","Unfall 223530 (2019) Kat:3, Licht: 0","223530","3","7","1","06","05","7","0","0","0","1","1","0"
"POINT (9.732518597000023 52.374438849000057)","Unfall 223532 (2019) Kat:3, Licht: 2","223532","3","4","6","06","01","7","0","2","0","1","1","0"
"POINT (9.719234566000068 52.414284375000079)","Unfall 223577 (2019) Kat:3, Licht: 1","223577","3","6","4","06","22","6","0","1","1","0","0","0"
"POINT (9.719961845000057 52.397076324000068)","Unfall 223578 (2019) Kat:3, Licht: 0","223578","3","6","2","06","10","6","0","0","0","1","0","0"
"POINT (9.796749475000070 52.374364876000072)","Unfall 223582 (2019) Kat:3, Licht: 0","223582","3","1","9","06","20","6","0","0","1","1","0","0"
"POINT (9.689353515000050 52.348598888000026)","Unfall 223583 (2019) Kat:3, Licht: 0","223583","3","3","5","06","17","6","0","0","0","1","0","0"
"POINT (9.796802315000036 52.374053413000070)","Unfall 223584 (2019) Kat:2, Licht: 0","223584","2","1","1","06","19","6","0","0","1","1","0","0"
"POINT (9.747379380000041 52.406156924000072)","Unfall 223585 (2019) Kat:3, Licht: 0","223585","3","1","9","06","12","6","0","0","1","0","0","0"
"POINT (9.705897898000046 52.390776139000081)","Unfall 223586 (2019) Kat:3, Licht: 0","223586","3","4","6","06","11","6","0","0","0","1","1","0"
"POINT (9.742027191000034 52.386110489000032)","Unfall 223587 (2019) Kat:3, Licht: 1","223587","3","5","1","06","04","6","0","1","1","1","0","0"
"POINT (9.668159875000072 52.415493244000061)","Unfall 223635 (2019) Kat:3, Licht: 0","223635","3","1","0","06","11","5","0","0","1","0","0","0"
"POINT (9.723043046000043 52.369721631000061)","Unfall 223636 (2019) Kat:3, Licht: 0","223636","3","2","4","06","09","5","0","0","1","1","0","0"
"POINT (9.714641300000039 52.371727462000081)","Unfall 223637 (2019) Kat:3, Licht: 0","223637","3","3","5","06","12","5","0","0","1","1","0","0"
"POINT (9.815239169000051 52.359744100000057)","Unfall 223638 (2019) Kat:3, Licht: 0","223638","3","2","6","06","12","5","0","0","0","0","1","0"
"POINT (9.761551984000050 52.379770819000044)","Unfall 223639 (2019) Kat:3, Licht: 0","223639","3","3","5","06","20","5","0","0","0","1","0","1"
"POINT (9.741450140000040 52.360019992000048)","Unfall 223642 (2019) Kat:3, Licht: 2","223642","3","2","3","06","22","5","0","2","1","0","0","0"
"POINT (9.694730237000044 52.405518845000074)","Unfall 223645 (2019) Kat:2, Licht: 0","223645","2","3","5","06","07","5","0","0","0","1","0","1"
"POINT (9.702948897000056 52.366704615000060)","Unfall 223687 (2019) Kat:3, Licht: 0","223687","3","5","2","06","08","4","0","0","1","1","0","0"
"POINT (9.736853093000036 52.404710490000070)","Unfall 223688 (2019) Kat:3, Licht: 0","223688","3","2","6","06","19","4","0","0","0","1","1","0"
"POINT (9.770012654000027 52.397226755000077)","Unfall 223692 (2019) Kat:3, Licht: 0","223692","3","1","0","06","20","4","0","0","1","0","0","0"
"POINT (9.690550066000071 52.342617859000029)","Unfall 223693 (2019) Kat:3, Licht: 0","223693","3","6","2","06","16","4","0","0","0","1","0","0"
"POINT (9.757179775000054 52.388821678000056)","Unfall 223694 (2019) Kat:3, Licht: 0","223694","3","3","5","06","16","4","0","0","1","1","0","0"
"POINT (9.719832557000075 52.374960669000075)","Unfall 223731 (2019) Kat:3, Licht: 0","223731","3","7","0","06","07","3","0","0","1","0","0","0"
"POINT (9.754358713000045 52.399790224000071)","Unfall 223732 (2019) Kat:3, Licht: 0","223732","3","3","5","06","11","3","0","0","1","0","0","0"
"POINT (9.739428311000040 52.364081267000074)","Unfall 223734 (2019) Kat:3, Licht: 0","223734","3","6","6","06","20","3","0","0","1","0","1","0"
"POINT (9.693757719000075 52.362113422000050)","Unfall 223735 (2019) Kat:2, Licht: 0","223735","2","3","5","06","17","3","0","0","1","0","0","0"
"POINT (9.747370983000053 52.373771229000056)","Unfall 223736 (2019) Kat:3, Licht: 0","223736","3","2","2","06","14","3","0","0","0","1","0","0"
"POINT (9.781466908000027 52.424479648000045)","Unfall 223737 (2019) Kat:3, Licht: 0","223737","3","7","0","06","14","3","0","0","1","0","0","0"
"POINT (9.781062222000060 52.400280618000068)","Unfall 223738 (2019) Kat:3, Licht: 0","223738","3","2","5","06","16","3","0","0","1","1","0","0"
"POINT (9.685304098000074 52.394600299000047)","Unfall 223739 (2019) Kat:3, Licht: 0","223739","3","3","0","06","07","3","0","0","0","1","0","1"
"POINT (9.702946729000075 52.369398546000070)","Unfall 223775 (2019) Kat:3, Licht: 0","223775","3","3","5","07","20","2","0","0","1","0","0","0"
"POINT (9.710509156000057 52.379570885000078)","Unfall 223776 (2019) Kat:3, Licht: 0","223776","3","3","5","07","18","2","0","0","1","0","0","0"
"POINT (9.734482142000047 52.384683136000035)","Unfall 223777 (2019) Kat:3, Licht: 0","223777","3","6","2","07","14","2","0","0","0","1","0","0"
"POINT (9.777959933000034 52.400480345000062)","Unfall 223778 (2019) Kat:3, Licht: 0","223778","3","2","4","07","13","2","0","0","1","1","0","0"
"POINT (9.781112718000031 52.361275359000047)","Unfall 223781 (2019) Kat:2, Licht: 2","223781","2","3","5","07","22","2","0","2","0","1","0","1"
"POINT (9.733673364000026 52.379837337000026)","Unfall 223782 (2019) Kat:3, Licht: 0","223782","3","3","5","07","17","2","0","0","1","1","0","0"
"POINT (9.737263250000069 52.375378523000052)","Unfall 223783 (2019) Kat:3, Licht: 0","223783","3","7","6","07","13","2","0","0","1","0","1","0"
"POINT (9.777108612000063 52.411164826000061)","Unfall 223795 (2019) Kat:3, Licht: 0","223795","3","3","5","07","17","1","0","0","1","1","0","0"
"POINT (9.690795788000060 52.346208250000075)","Unfall 223797 (2019) Kat:3, Licht: 1","223797","3","3","5","07","21","1","0","1","0","1","0","0"
"POINT (9.711749143000077 52.374269279000032)","Unfall 223813 (2019) Kat:3, Licht: 0","223813","3","1","0","07","18","7","1","0","1","0","0","0"
"POINT (9.696787616000052 52.341701838000063)","Unfall 223815 (2019) Kat:3, Licht: 1","223815","3","1","0","07","21","7","1","1","0","0","0","1"
"POINT (9.683908159000055 52.351290476000031)","Unfall 223816 (2019) Kat:3, Licht: 0","223816","3","1","0","07","14","7","0","0","1","0","0","0"
"POINT (9.714834977000066 52.354491248000045)","Unfall 223834 (2019) Kat:3, Licht: 0","223834","3","2","2","07","17","6","0","0","0","1","0","0"
"POINT (9.738625415000058 52.394447612000079)","Unfall 223835 (2019) Kat:3, Licht: 0","223835","3","6","3","07","06","6","0","0","0","1","0","1"