WKT,Name,OBJECTID,UKATEGORIE,UTYP1,UART,UMONAT,USTUNDE,UWOCHENTAG,STRZUSTAND,ULICHTVERH,ISTRAD,ISTPKW,ISTFUSS,ISTKRAD
"POINT (9.754456704000063 52.389750843000058)","Unfall 223836 (2019) Kat:3, Licht: 0","223836","3","5","1","07","07","6","0","0","1","1","0","0"
"POINT (9.714055500000029 52.342219549000049)","Unfall 223858 (2019) Kat:3, Licht: 0","223858","3","6","3","07","11","5","0","0","1","0","0","0"
"POINT (9.721884961000058 52.376703954000050)","Unfall 223859 (2019) Kat:3, Licht: 0","223859","3","7","6","07","08","5","0","0","1","0","1","0"
"POINT (9.721455587000037 52.354546445000040)","Unfall 223863 (2019) Kat:3, Licht: 0","223863","3","2","5","07","12","5","0","0","1","1","0","0"
"POINT (9.746360389000074 52.354369208000037)","Unfall 223864 (2019) Kat:3, Licht: 0","223864","3","2","5","07","10","5","0","0","1","1","0","0"
"POINT (9.772595909000074 52.349940732000050)","Unfall 223865 (2019) Kat:2, Licht: 0","223865","2","7","0","07","11","5","0","0","1","0","0","0"
"POINT (9.691731215000061 52.406743499000072)","Unfall 223901 (2019) Kat:3, Licht: 0","223901","3","3","5","07","17","4","0","0","0","1","0","0"
"POINT (9.754631524000047 52.356842605000054)","Unfall 223902 (2019) Kat:3, Licht: 0","223902","3","3","5","07","12","4","0","0","0","1","0","0"
"POINT (9.722471984000038 52.387100103000080)","Unfall 223903 (2019) Kat:3, Licht: 0","223903","3","4","6","07","11","4","0","0","1","0","1","0"
"POINT (9.804853426000022 52.409468713000081)","Unfall 223905 (2019) Kat:3, Licht: 0","223905","3","3","5","07","15","4","0","0","1","1","0","0"
"POINT (9.660342508000042 52.404854063000073)","Unfall 223951 (2019) Kat:3, Licht: 0","223951","3","6","4","07","15","3","0","0","1","0","0","0"
"POINT (9.693606106000061 52.343147069000054)","Unfall 223952 (2019) Kat:3, Licht: 0","223952","3","2","3","07","12","3","0","0","0","1","0","0"
"POINT (9.712059725000074 52.344740368000032)","Unfall 223953 (2019) Kat:3, Licht: 0","223953","3","6","4","07","19","3","0","0","1","1","0","0"
"POINT (9.728328591000036 52.374148404000039)","Unfall 223954 (2019) Kat:3, Licht: 0","223954","3","6","2","07","16","3","0","0","0","1","0","0"
"POINT (9.809751049000056 52.398076193000065)","Unfall 223955 (2019) Kat:3, Licht: 0","223955","3","5","1","07","08","3","0","0","1","1","0","0"
"POINT (9.704622540000059 52.395247914000038)","Unfall 223956 (2019) Kat:3, Licht: 0","223956","3","3","5","07","07","3","0","0","1","1","0","0"
"POINT (9.732533044000036 52.379183545000046)","Unfall 223957 (2019) Kat:3, Licht: 0","223957","3","7","6","07","10","3","0","0","1","0","1","0"
"POINT (9.756702993000033 52.364949167000077)","Unfall 223959 (2019) Kat:3, Licht: 0","223959","3","2","2","07","16","3","0","0","0","1","0","0"
"POINT (9.720058050000034 52.359797607000075)","Unfall 223960 (2019) Kat:3, Licht: 0","223960","3","4","6","07","16","3","0","0","1","0","1","0"
"POINT (9.735663606000060 52.384914014000060)","Unfall 223961 (2019) Kat:3, Licht: 0","223961","3","7","0","07","15","3","0","0","1","1","0","0"
"POINT (9.774194601000033 52.335645291000048)","Unfall 223962 (2019) Kat:3, Licht: 0","223962","3","3","5","07","12","3","0","0","0","1","0","0"
"POINT (9.658573442000034 52.429474457000026)","Unfall 223995 (2019) Kat:3, Licht: 0","223995","3","5","1","07","17","2","0","0","0","1","0","0"
"POINT (9.651405257000022 52.419564045000072)","Unfall 223996 (2019) Kat:3, Licht: 0","223996","3","1","2","07","14","2","0","0","0","1","0","0"
"POINT (9.677880736000077 52.421684672000026)","Unfall 223997 (2019) Kat:3, Licht: 0","223997","3","7","1","07","05","2","0","0","0","1","0","0"
"POINT (9.718216028000029 52.374712692000060)","Unfall 223998 (2019) Kat:3, Licht: 0","223998","3","1","0","07","15","2","0","0","1","0","0","0"
"POINT (9.716075524000075 52.386411738000049)","Unfall 224001 (2019) Kat:3, Licht: 0","224001","3","7","0","07","19","2","0","0","1","0","0","0"
"POINT (9.715107616000068 52.342014345000052)","Unfall 224002 (2019) Kat:2, Licht: 0","224002","2","6","0","07","15","2","0","0","1","0","0","0"
"POINT (9.677913531000058 52.395569117000036)","Unfall 224003 (2019) Kat:3, Licht: 0","224003","3","2","6","07","16","2","0","0","0","1","1","0"
"POINT (9.722528706000048 52.351824611000040)","Unfall 224004 (2019) Kat:3, Licht: 0","224004","3","2","0","07","13","2","0","0","0","1","0","0"
"POINT (9.752999444000068 52.390041110000027)","Unfall 224005 (2019) Kat:3, Licht: 0","224005","3","3","5","07","10","2","0","0","1","1","0","0"
"POINT (9.744364447000066 52.380177807000052)","Unfall 224026 (2019) Kat:3, Licht: 2","224026","3","7","0","07","02","7","0","2","1","1","0","0"
"POINT (9.756674039000075 52.360128500000030)","Unfall 224048 (2019) Kat:3, Licht: 0","224048","3","4","6","07","20","6","0","0","1","0","1","0"
"POINT (9.754585848000033 52.361779659000035)","Unfall 224049 (2019) Kat:3, Licht: 0","224049","3","6","3","07","13","6","0","0","1","0","0","0"
"POINT (9.767703936000032 52.410230282000043)","Unfall 224052 (2019) Kat:3, Licht: 0","224052","3","2","5","07","10","6","0","0","0","1","0","0"
"POINT (9.771836614000051 52.338762388000077)","Unfall 224071 (2019) Kat:3, Licht: 1","224071","3","3","5","07","21","5","0","1","1","1","0","0"
"POINT (9.761563562000049 52.342004175000056)","Unfall 224072 (2019) Kat:3, Licht: 0","224072","3","6","3","07","13","5","0","0","0","1","0","0"
"POINT (9.733810386000073 52.384690844000033)","Unfall 224073 (2019) Kat:3, Licht: 0","224073","3","2","2","07","16","5","0","0","1","1","0","0"
"POINT (9.764757949000057 52.395767317000036)","Unfall 224074 (2019) Kat:3, Licht: 0","224074","3","6","3","07","18","5","0","0","1","1","0","0"
"POINT (9.791310158000044 52.404409003000069)","Unfall 224075 (2019) Kat:3, Licht: 0","224075","3","3","5","07","15","5","0","0","1","1","0","0"
"POINT (9.676856096000051 52.396190153000077)","Unfall 224100 (2019) Kat:3, Licht: 2","224100","3","6","3","07","03","4","0","2","0","1","0","0"
"POINT (9.702891722000061 52.391174082000077)","Unfall 224103 (2019) Kat:3, Licht: 2","224103","3","2","5","07","23","4","0","2","1","1","0","0"
"POINT (9.682130484000027 52.394169648000059)","Unfall 224116 (2019) Kat:3, Licht: 0","224116","3","5","1","07","13","3","0","0","0","1","0","0"
"POINT (9.674427027000036 52.409980368000049)","Unfall 224117 (2019) Kat:3, Licht: 0","224117","3","3","5","07","11","3","1","0","1","1","0","0"
"POINT (9.804406849000031 52.391300817000058)","Unfall 224118 (2019) Kat:3, Licht: 0","224118","3","3","5","07","07","3","1","0","1","1","0","0"
"POINT (9.735510473000034 52.377302990000032)","Unfall 224119 (2019) Kat:3, Licht: 0","224119","3","5","1","07","15","3","0","0","0","1","0","0"
"POINT (9.703476192000039 52.375577126000053)","Unfall 224120 (2019) Kat:3, Licht: 0","224120","3","3","5","07","17","3","0","0","1","0","0","0"
"POINT (9.752630908000072 52.396673021000026)","Unfall 224121 (2019) Kat:3, Licht: 0","224121","3","1","8","07","15","3","0","0","0","1","0","1"
"POINT (9.740024065000057 52.375576932000058)","Unfall 224122 (2019) Kat:3, Licht: 0","224122","3","7","0","07","10","3","0","0","1","0","0","0"
"POINT (9.738091145000055 52.381838806000076)","Unfall 224123 (2019) Kat:3, Licht: 0","224123","3","2","5","07","09","3","1","0","1","1","0","0"
"POINT (9.760509429000024 52.360011031000056)","Unfall 224124 (2019) Kat:3, Licht: 2","224124","3","3","5","07","04","3","0","2","0","1","0","0"
"POINT (9.713094379000040 52.372387746000072)","Unfall 224138 (2019) Kat:3, Licht: 0","224138","3","6","3","07","15","2","0","0","1","1","0","0"
"POINT (9.660067298000058 52.406756168000072)","Unfall 224140 (2019) Kat:3, Licht: 0","224140","3","4","6","07","16","2","0","0","0","1","1","0"
"POINT (9.726990243000046 52.344424503000027)","Unfall 224158 (2019) Kat:3, Licht: 0","224158","3","3","5","07","18","1","0","0","0","1","0","1"
"POINT (9.744701089000046 52.395182859000045)","Unfall 224161 (2019) Kat:3, Licht: 0","224161","3","6","2","07","17","1","0","0","0","1","0","0"
"POINT (9.736751580000032 52.377004980000038)","Unfall 224172 (2019) Kat:3, Licht: 0","224172","3","6","3","07","15","7","0","0","1","1","0","0"
"POINT (9.673177471000031 52.398231395000039)","Unfall 224176 (2019) Kat:3, Licht: 2","224176","3","7","1","07","23","7","0","2","1","1","0","0"
"POINT (9.742058021000048 52.380366265000077)","Unfall 224177 (2019) Kat:3, Licht: 0","224177","3","4","6","07","15","7","0","0","1","0","1","0"
"POINT (9.719943121000028 52.346505415000081)","Unfall 224212 (2019) Kat:3, Licht: 2","224212","3","7","0","07","23","5","1","2","0","0","0","1"
"POINT (9.725137881000023 52.355157787000053)","Unfall 224213 (2019) Kat:3, Licht: 2","224213","3","3","5","07","23","5","1","2","1","0","0","1"
"POINT (9.751242109000032 52.372427029000050)","Unfall 224214 (2019) Kat:3, Licht: 0","224214","3","6","2","07","18","5","1","0","0","1","0","0"
"POINT (9.748799536000036 52.351050247000046)","Unfall 224239 (2019) Kat:3, Licht: 0","224239","3","6","2","07","08","4","0","0","0","1","0","0"
"POINT (9.729721559000041 52.417614833000073)","Unfall 224240 (2019) Kat:3, Licht: 0","224240","3","2","2","07","07","4","0","0","0","1","0","0"
"POINT (9.780359414000031 52.414189192000038)","Unfall 224241 (2019) Kat:3, Licht: 0","224241","3","5","5","07","12","4","0","0","0","1","0","0"
"POINT (9.720811289000039 52.373336431000041)","Unfall 224243 (2019) Kat:3, Licht: 0","224243","3","6","6","07","20","4","0","0","1","0","1","0"
"POINT (9.721338129000060 52.383247082000082)","Unfall 224244 (2019) Kat:3, Licht: 0","224244","3","3","5","07","16","4","0","0","0","1","0","0"
"POINT (9.743176403000064 52.366423198000064)","Unfall 224245 (2019) Kat:3, Licht: 0","224245","3","5","1","07","12","4","0","0","1","0","0","0"
"POINT (9.723003123000069 52.377646464000065)","Unfall 224274 (2019) Kat:3, Licht: 0","224274","3","1","0","07","17","3","0","0","1","0","0","0"
"POINT (9.723919862000059 52.372939263000035)","Unfall 224275 (2019) Kat:3, Licht: 0","224275","3","5","1","07","17","3","0","0","1","1","0","0"
"POINT (9.760392284000034 52.367879746000028)","Unfall 224276 (2019) Kat:3, Licht: 0","224276","3","5","1","07","14","3","0","0","1","1","0","0"
"POINT (9.787380652000024 52.348621332000050)","Unfall 224277 (2019) Kat:3, Licht: 0","224277","3","7","0","07","07","3","1","0","1","0","0","0"
"POINT (9.746247021000045 52.381111840000074)","Unfall 224281 (2019) Kat:3, Licht: 0","224281","3","5","1","07","17","3","0","0","1","1","0","0"
"POINT (9.806638166000028 52.389237506000029)","Unfall 224282 (2019) Kat:3, Licht: 0","224282","3","7","0","07","12","3","0","0","0","1","0","1"
"POINT (9.670645657000023 52.355435267000075)","Unfall 224283 (2019) Kat:3, Licht: 0","224283","3","5","1","07","05","3","0","0","1","1","0","0"
"POINT (9.719572891000041 52.349261881000075)","Unfall 224298 (2019) Kat:3, Licht: 2","224298","3","3","5","07","23","7","1","2","0","1","0","0"
"POINT (9.701459837000073 52.362064795000038)","Unfall 224302 (2019) Kat:3, Licht: 2","224302","3","1","0","07","01","7","0","2","1","0","0","0"
"POINT (9.753338112000051 52.384631667000065)","Unfall 224311 (2019) Kat:3, Licht: 0","224311","3","7","5","07","18","7","1","0","0","1","0","0"
"POINT (9.699132615000053 52.371907765000060)","Unfall 224319 (2019) Kat:2, Licht: 0","224319","2","7","0","07","13","1","0","0","1","0","0","0"
"POINT (9.852485158000036 52.391365982000082)","Unfall 224356 (2019) Kat:3, Licht: 0","224356","3","7","0","07","08","2","0","0","1","0","0","0"
"POINT (9.754357027000026 52.399755750000054)","Unfall 224357 (2019) Kat:3, Licht: 0","224357","3","3","5","07","17","2","0","0","1","1","0","0"
"POINT (9.749407921000056 52.390402387000051)","Unfall 224358 (2019) Kat:3, Licht: 0","224358","3","3","5","07","13","2","1","0","1","1","0","0"
"POINT (9.734845405000044 52.380304402000036)","Unfall 224359 (2019) Kat:3, Licht: 2","224359","3","3","5","07","00","2","1","2","0","1","0","0"
"POINT (9.704517848000023 52.374466337000058)","Unfall 224382 (2019) Kat:3, Licht: 0","224382","3","1","0","07","16","1","0","0","1","0","0","0"
"POINT (9.702736922000042 52.369361281000067)","Unfall 224383 (2019) Kat:3, Licht: 1","224383","3","3","5","07","04","1","0","1","0","1","0","0"
"POINT (9.713640370000064 52.384107325000059)","Unfall 224384 (2019) Kat:3, Licht: 0","224384","3","5","1","07","17","1","0","0","1","1","0","0"
"POINT (9.805128287000059 52.410994625000058)","Unfall 224385 (2019) Kat:2, Licht: 0","224385","2","2","5","07","18","1","0","0","1","1","0","0"
"POINT (9.734858290000034 52.380280077000066)","Unfall 224386 (2019) Kat:3, Licht: 1","224386","3","2","5","07","04","1","0","1","0","1","0","0"
"POINT (9.721710482000049 52.376554435000060)","Unfall 224400 (2019) Kat:3, Licht: 0","224400","3","5","1","07","19","7","0","0","1","1","0","0"
"POINT (9.667397354000059 52.373132893000047)","Unfall 224401 (2019) Kat:3, Licht: 0","224401","3","2","3","07","14","7","0","0","1","1","0","0"
"POINT (9.754631524000047 52.356842605000054)","Unfall 224402 (2019) Kat:3, Licht: 0","224402","3","2","6","07","13","7","0","0","0","1","1","0"
"POINT (9.740515187000028 52.374093178000066)","Unfall 224428 (2019) Kat:2, Licht: 0","224428","2","3","5","07","17","6","0","0","1","1","0","0"
"POINT (9.738561504000074 52.371312293000074)","Unfall 224429 (2019) Kat:3, Licht: 0","224429","3","1","0","07","11","6","0","0","1","0","0","0"
"POINT (9.729210816000034 52.390744696000070)","Unfall 224464 (2019) Kat:3, Licht: 0","224464","3","3","5","07","15","5","0","0","1","1","0","0"
"POINT (9.788499975000036 52.331094144000076)","Unfall 224482 (2019) Kat:3, Licht: 0","224482","3","2","3","07","18","4","0","0","1","1","0","0"
"POINT (9.720886337000025 52.383928027000081)","Unfall 224483 (2019) Kat:3, Licht: 0","224483","3","2","5","07","17","4","0","0","1","0","0","0"
"POINT (9.708587451000028 52.428020905000039)","Unfall 224484 (2019) Kat:3, Licht: 0","224484","3","6","2","07","15","4","0","0","0","1","0","0"
"POINT (9.733009834000029 52.382727377000037)","Unfall 224485 (2019) Kat:3, Licht: 2","224485","3","2","5","07","21","4","0","2","0","1","0","1"
"POINT (9.743219150000073 52.369215115000031)","Unfall 224486 (2019) Kat:3, Licht: 0","224486","3","4","0","07","09","4","0","0","0","1","1","1"
"POINT (9.762754610000059 52.410287123000046)","Unfall 224490 (2019) Kat:3, Licht: 0","224490","3","7","0","07","17","4","0","0","0","1","0","0"
"POINT (9.765990497000075 52.396095693000063)","Unfall 224526 (2019) Kat:3, Licht: 0","224526","3","6","0","07","13","2","0","0","0","1","0","0"
"POINT (9.702238691000048 52.375015128000030)","Unfall 224527 (2019) Kat:2, Licht: 0","224527","2","1","0","07","11","2","0","0","1","0","0","0"
"POINT (9.767572283000050 52.400644250000028)","Unfall 224528 (2019) Kat:3, Licht: 0","224528","3","3","5","07","08","2","0","0","1","0","0","0"
"POINT (9.730134714000030 52.391894885000056)","Unfall 224542 (2019) Kat:3, Licht: 0","224542","3","3","5","07","10","7","0","0","1","1","0","0"
"POINT (9.733810386000073 52.384690844000033)","Unfall 224545 (2019) Kat:3, Licht: 0","224545","3","1","9","07","17","7","1","0","0","1","0","0"
"POINT (9.692401198000027 52.382882378000033)","Unfall 224546 (2019) Kat:3, Licht: 2","224546","3","1","0","07","22","1","0","2","1","0","0","0"
"POINT (9.734158002000072 52.384722211000053)","Unfall 224547 (2019) Kat:3, Licht: 1","224547","3","6","2","07","20","7","1","1","0","1","0","0"
"POINT (9.686985289000063 52.407949355000028)","Unfall 224557 (2019) Kat:3, Licht: 2","224557","3","6","2","08","01","6","0","2","0","1","0","0"
"POINT (9.737974399000052 52.382182842000077)","Unfall 224559 (2019) Kat:3, Licht: 2","224559","3","2","5","08","22","6","0","2","1","1","0","0"
"POINT (9.632197529000052 52.411114700000041)","Unfall 224561 (2019) Kat:3, Licht: 0","224561","3","3","5","08","12","6","0","0","0","1","0","0"
"POINT (9.742912536000063 52.384402848000036)","Unfall 224562 (2019) Kat:2, Licht: 0","224562","2","2","5","08","11","6","0","0","1","1","0","0"
"POINT (9.792457284000022 52.399544966000065)","Unfall 224563 (2019) Kat:3, Licht: 0","224563","3","4","6","08","09","6","0","0","0","1","1","0"
"POINT (9.697064844000067 52.413231153000027)","Unfall 224564 (2019) Kat:3, Licht: 0","224564","3","3","5","08","08","6","0","0","1","0","0","0"
"POINT (9.757285800000034 52.354292269000041)","Unfall 224590 (2019) Kat:3, Licht: 0","224590","3","3","5","08","18","5","0","0","1","1","0","0"
"POINT (9.781065924000075 52.400360215000035)","Unfall 224591 (2019) Kat:3, Licht: 0","224591","3","6","2","08","18","5","0","0","0","1","0","0"
"POINT (9.750982002000058 52.375430499000061)","Unfall 224593 (2019) Kat:3, Licht: 0","224593","3","2","5","08","17","5","0","0","0","1","0","0"
"POINT (9.781394671000044 52.400096822000080)","Unfall 224594 (2019) Kat:3, Licht: 0","224594","3","4","6","08","15","5","0","0","0","0","1","0"
"POINT (9.660310418000051 52.406355493000035)","Unfall 224623 (2019) Kat:3, Licht: 0","224623","3","6","4","08","17","4","0","0","1","1","0","0"
"POINT (9.716722477000076 52.389305490000027)","Unfall 224624 (2019) Kat:3, Licht: 0","224624","3","3","5","08","18","4","0","0","1","0","0","0"
"POINT (9.747047689000056 52.394065282000042)","Unfall 224625 (2019) Kat:3, Licht: 0","224625","3","3","5","08","07","4","0","0","1","1","0","0"
"POINT (9.744126470000026 52.369671005000043)","Unfall 224626 (2019) Kat:3, Licht: 0","224626","3","2","3","08","07","4","0","0","1","1","0","0"
"POINT (9.737194892000048 52.375764112000070)","Unfall 224627 (2019) Kat:3, Licht: 0","224627","3","2","6","08","13","4","0","0","0","1","1","0"
"POINT (9.773052204000067 52.350769348000028)","Unfall 224630 (2019) Kat:2, Licht: 0","224630","2","3","5","08","14","4","0","0","1","0","0","0"
"POINT (9.723110198000029 52.371496057000058)","Unfall 224653 (2019) Kat:3, Licht: 0","224653","3","7","0","08","20","3","0","0","1","0","0","0"
"POINT (9.767436127000053 52.358252970000080)","Unfall 224654 (2019) Kat:3, Licht: 0","224654","3","6","2","08","10","3","1","0","0","1","0","0"
"POINT (9.833024984000076 52.420075118000057)","Unfall 224655 (2019) Kat:3, Licht: 1","224655","3","7","5","08","20","3","0","1","1","1","0","0"
"POINT (9.737630983000031 52.381774555000050)","Unfall 224656 (2019) Kat:3, Licht: 1","224656","3","6","0","08","20","3","0","1","0","1","0","1"
"POINT (9.736150662000057 52.378436057000044)","Unfall 224658 (2019) Kat:3, Licht: 0","224658","3","7","0","08","18","3","0","0","1","0","0","0"
"POINT (9.727949158000058 52.374148191000074)","Unfall 224659 (2019) Kat:3, Licht: 0","224659","3","7","0","08","13","3","0","0","0","1","0","0"
"POINT (9.707131558000071 52.341555257000039)","Unfall 224660 (2019) Kat:3, Licht: 0","224660","3","3","5","08","15","3","0","0","0","1","0","0"
"POINT (9.760607364000066 52.369110672000033)","Unfall 224677 (2019) Kat:3, Licht: 0","224677","3","1","0","08","18","2","1","0","1","0","0","0"
"POINT (9.753954262000036 52.386185163000050)","Unfall 224681 (2019) Kat:2, Licht: 0","224681","2","3","0","08","17","2","0","0","1","0","0","0"
"POINT (9.718875739000055 52.361980145000075)","Unfall 224682 (2019) Kat:3, Licht: 0","224682","3","4","6","08","17","2","0","0","0","0","1","1"
"POINT (9.695087568000076 52.407504909000068)","Unfall 224693 (2019) Kat:3, Licht: 0","224693","3","3","5","08","11","1","0","0","1","1","0","0"
"POINT (9.732803711000031 52.391018460000055)","Unfall 224712 (2019) Kat:3, Licht: 2","224712","3","6","2","08","22","7","0","2","1","1","0","0"
"POINT (9.730759748000025 52.391206826000030)","Unfall 224713 (2019) Kat:3, Licht: 0","224713","3","1","8","08","11","7","0","0","1","0","0","0"
"POINT (9.806444992000024 52.399525563000054)","Unfall 224714 (2019) Kat:3, Licht: 2","224714","3","1","8","08","22","7","0","2","1","0","0","0"
"POINT (9.740064912000037 52.366998151000075)","Unfall 224716 (2019) Kat:2, Licht: 0","224716","2","1","0","08","19","7","1","0","1","0","0","0"
"POINT (9.712976912000045 52.360894928000050)","Unfall 224743 (2019) Kat:3, Licht: 0","224743","3","6","3","08","18","6","0","0","0","1","0","1"
"POINT (9.746958452000058 52.353477521000059)","Unfall 224744 (2019) Kat:3, Licht: 2","224744","3","7","6","08","23","6","0","2","0","1","1","0"
"POINT (9.784460035000052 52.360263870000040)","Unfall 224745 (2019) Kat:3, Licht: 2","224745","3","7","0","08","21","6","1","2","1","0","0","0"
"POINT (9.751333618000047 52.372384913000076)","Unfall 224746 (2019) Kat:3, Licht: 0","224746","3","2","5","08","07","6","0","0","1","1","0","0"
"POINT (9.854355613000053 52.391546044000052)","Unfall 224747 (2019) Kat:3, Licht: 0","224747","3","7","0","08","19","6","1","0","0","0","1","0"
"POINT (9.614411833000077 52.419549749000055)","Unfall 224750 (2019) Kat:3, Licht: 0","224750","3","3","5","08","10","6","0","0","1","1","0","0"
"POINT (9.736254959000064 52.362699212000052)","Unfall 224770 (2019) Kat:3, Licht: 2","224770","3","4","6","08","00","5","0","2","0","1","1","0"
"POINT (9.750764064000066 52.375815483000054)","Unfall 224771 (2019) Kat:3, Licht: 0","224771","3","2","3","08","20","5","0","0","1","1","0","0"
"POINT (9.734843965000039 52.380307121000044)","Unfall 224772 (2019) Kat:3, Licht: 0","224772","3","2","5","08","20","5","0","0","0","1","0","0"
"POINT (9.739327000000060 52.376179985000078)","Unfall 224773 (2019) Kat:3, Licht: 0","224773","3","7","0","08","07","5","0","0","1","0","1","0"
"POINT (9.754476634000071 52.389467888000070)","Unfall 224776 (2019) Kat:3, Licht: 0","224776","3","2","0","08","09","5","0","0","1","1","0","0"
"POINT (9.704784486000051 52.351834919000055)","Unfall 224793 (2019) Kat:3, Licht: 1","224793","3","2","5","07","05","4","1","1","1","1","0","0"
"POINT (9.690241425000068 52.374308411000072)","Unfall 224796 (2019) Kat:2, Licht: 0","224796","2","7","2","07","18","4","0","0","0","1","0","1"
"POINT (9.826579037000045 52.391638983000064)","Unfall 224817 (2019) Kat:3, Licht: 2","224817","3","5","1","08","00","7","0","2","0","1","0","0"
"POINT (9.718366737000054 52.331558905000065)","Unfall 224849 (2019) Kat:3, Licht: 1","224849","3","2","5","08","20","6","0","1","1","1","0","0"
"POINT (9.704582054000071 52.369706566000048)","Unfall 224850 (2019) Kat:3, Licht: 0","224850","3","1","0","08","08","6","1","0","0","0","0","1"
"POINT (9.754971261000037 52.363089411000033)","Unfall 224851 (2019) Kat:3, Licht: 0","224851","3","5","2","08","15","6","0","0","1","1","0","0"
"POINT (9.764287017000072 52.395889122000028)","Unfall 224852 (2019) Kat:3, Licht: 0","224852","3","4","0","08","14","6","0","0","0","0","1","0"
"POINT (9.763819687000023 52.398213270000042)","Unfall 224853 (2019) Kat:3, Licht: 0","224853","3","2","3","08","12","6","0","0","1","1","0","0"
"POINT (9.793592476000072 52.394845079000049)","Unfall 224857 (2019) Kat:3, Licht: 0","224857","3","2","5","08","18","6","0","0","0","1","0","0"
"POINT (9.743752375000042 52.384937732000026)","Unfall 224858 (2019) Kat:3, Licht: 0","224858","3","2","5","08","07","6","1","0","1","1","0","0"
"POINT (9.750966402000074 52.348367216000042)","Unfall 224859 (2019) Kat:2, Licht: 0","224859","2","2","5","08","07","6","1","0","1","1","0","0"
"POINT (9.717208805000041 52.333002606000036)","Unfall 224889 (2019) Kat:3, Licht: 0","224889","3","6","2","08","06","5","0","0","0","1","0","0"
"POINT (9.704504753000038 52.374470509000048)","Unfall 224890 (2019) Kat:3, Licht: 0","224890","3","1","0","08","19","5","1","0","1","0","0","0"
"POINT (9.669770600000049 52.355188742000053)","Unfall 224891 (2019) Kat:3, Licht: 0","224891","3","2","5","08","11","5","1","0","1","1","0","0"
"POINT (9.754711325000073 52.360261286000082)","Unfall 224892 (2019) Kat:3, Licht: 0","224892","3","3","5","08","10","5","1","0","1","1","0","0"
"POINT (9.832834704000049 52.391453045000048)","Unfall 224893 (2019) Kat:3, Licht: 0","224893","3","3","5","08","12","5","1","0","1","1","0","0"
"POINT (9.729202763000046 52.394112619000055)","Unfall 224894 (2019) Kat:3, Licht: 0","224894","3","1","8","08","18","5","1","0","0","0","0","0"
"POINT (9.713189412000077 52.384499352000034)","Unfall 224895 (2019) Kat:3, Licht: 0","224895","3","1","0","08","11","5","1","0","1","0","0","0"
"POINT (9.815178497000034 52.385740918000067)","Unfall 224900 (2019) Kat:3, Licht: 0","224900","3","7","0","08","07","5","1","0","0","0","0","1"
"POINT (9.754915915000026 52.360400804000051)","Unfall 224901 (2019) Kat:1, Licht: 0","224901","1","2","5","08","09","5","1","0","1","1","0","0"
"POINT (9.815236945000038 52.359690436000051)","Unfall 224938 (2019) Kat:3, Licht: 0","224938","3","2","2","08","15","4","0","0","0","1","0","0"
"POINT (9.761737853000057 52.394885488000057)","Unfall 224939 (2019) Kat:3, Licht: 0","224939","3","6","2","08","18","4","0","0","0","1","0","0"
"POINT (9.733426132000034 52.375638923000054)","Unfall 224940 (2019) Kat:2, Licht: 0","224940","2","6","6","08","18","4","0","0","0","0","1","0"
"POINT (9.807748936000053 52.380407608000041)","Unfall 224941 (2019) Kat:3, Licht: 0","224941","3","4","6","08","11","4","0","0","0","1","1","0"
"POINT (9.674461007000048 52.408246045000055)","Unfall 224966 (2019) Kat:3, Licht: 0","224966","3","3","5","08","17","3","0","0","0","1","0","0"
"POINT (9.720748804000039 52.390973740000049)","Unfall 224967 (2019) Kat:3, Licht: 1","224967","3","6","6","08","06","3","0","1","1","0","1","0"
"POINT (9.783030437000036 52.326387431000057)","Unfall 224970 (2019) Kat:3, Licht: 0","224970","3","3","5","08","14","3","0","0","0","1","0","1"
"POINT (9.706770768000069 52.359521253000082)","Unfall 224971 (2019) Kat:3, Licht: 0","224971","3","6","3","08","16","3","0","0","0","1","0","0"
"POINT (9.653584552000041 52.411978527000031)","Unfall 224992 (2019) Kat:3, Licht: 2","224992","3","3","0","08","21","2","1","2","0","0","0","1"
"POINT (9.712762395000027 52.342044258000044)","Unfall 224993 (2019) Kat:3, Licht: 0","224993","3","5","1","08","07","2","0","0","0","1","0","0"
"POINT (9.775318952000021 52.400360476000060)","Unfall 224997 (2019) Kat:3, Licht: 0","224997","3","3","5","08","19","2","1","0","1","1","0","0"
"POINT (9.711454783000022 52.358566091000057)","Unfall 225021 (2019) Kat:3, Licht: 0","225021","3","1","0","08","13","1","0","0","1","0","0","0"
"POINT (9.732528662000050 52.362206085000082)","Unfall 225022 (2019) Kat:3, Licht: 2","225022","3","2","5","08","03","1","0","2","1","1","0","0"
"POINT (9.750966402000074 52.348367216000042)","Unfall 225023 (2019) Kat:2, Licht: 0","225023","2","7","0","08","19","1","0","0","1","0","0","0"
"POINT (9.694337097000073 52.403781872000081)","Unfall 225025 (2019) Kat:3, Licht: 0","225025","3","1","0","08","18","1","0","0","1","0","0","0"
"POINT (9.730646212000067 52.376169304000030)","Unfall 225026 (2019) Kat:3, Licht: 0","225026","3","2","5","08","20","1","0","0","1","1","0","0"