WKT,Name,OBJECTID,UKATEGORIE,UTYP1,UART,UMONAT,USTUNDE,UWOCHENTAG,STRZUSTAND,ULICHTVERH,ISTRAD,ISTPKW,ISTFUSS,ISTKRAD
"POINT (9.718464401000063 52.374423813000078)","Unfall 225045 (2019) Kat:3, Licht: 0","225045","3","7","0","08","19","7","0","0","1","0","0","0"
"POINT (9.820120669000062 52.333022331000052)","Unfall 225046 (2019) Kat:3, Licht: 0","225046","3","6","2","08","12","7","0","0","0","1","0","0"
"POINT (9.763420861000043 52.338656461000028)","Unfall 225047 (2019) Kat:3, Licht: 0","225047","3","4","6","08","11","7","0","0","1","0","1","0"
"POINT (9.734305830000039 52.376724323000076)","Unfall 225048 (2019) Kat:3, Licht: 0","225048","3","2","5","08","15","7","0","0","1","1","0","0"
"POINT (9.740139519000024 52.370767692000072)","Unfall 225049 (2019) Kat:3, Licht: 0","225049","3","3","5","08","14","7","0","0","0","1","0","0"
"POINT (9.781597608000027 52.415651057000048)","Unfall 225051 (2019) Kat:3, Licht: 0","225051","3","1","0","08","17","7","0","0","0","0","0","1"
"POINT (9.765614667000023 52.418601112000033)","Unfall 225052 (2019) Kat:3, Licht: 0","225052","3","2","5","08","08","7","0","0","0","1","0","0"
"POINT (9.754518110000049 52.345312223000064)","Unfall 225064 (2019) Kat:3, Licht: 0","225064","3","6","3","08","17","1","0","0","1","0","0","0"
"POINT (9.747336286000063 52.400101803000041)","Unfall 225065 (2019) Kat:3, Licht: 0","225065","3","6","3","08","14","1","0","0","1","0","0","0"
"POINT (9.730564121000043 52.374862405000044)","Unfall 225093 (2019) Kat:3, Licht: 2","225093","3","6","2","08","23","7","0","2","0","1","0","0"
"POINT (9.744980080000062 52.381242824000026)","Unfall 225098 (2019) Kat:3, Licht: 0","225098","3","5","1","08","19","7","0","0","0","1","0","1"
"POINT (9.712507136000056 52.373556376000067)","Unfall 225099 (2019) Kat:2, Licht: 0","225099","2","5","1","08","13","7","0","0","1","1","0","0"
"POINT (9.763204952000024 52.401571340000032)","Unfall 225100 (2019) Kat:3, Licht: 0","225100","3","3","5","08","10","7","0","0","1","1","0","0"
"POINT (9.721803407000039 52.372241934000044)","Unfall 225136 (2019) Kat:3, Licht: 0","225136","3","5","1","08","08","6","0","0","1","1","0","0"
"POINT (9.664047515000050 52.382897806000074)","Unfall 225137 (2019) Kat:3, Licht: 0","225137","3","5","3","08","12","6","0","0","0","1","0","1"
"POINT (9.764190685000074 52.417462801000056)","Unfall 225138 (2019) Kat:3, Licht: 0","225138","3","3","5","08","10","6","0","0","0","1","0","0"
"POINT (9.825255833000028 52.379049155000075)","Unfall 225143 (2019) Kat:3, Licht: 0","225143","3","2","5","08","12","6","0","0","0","1","0","0"
"POINT (9.713788477000037 52.393153982000058)","Unfall 225145 (2019) Kat:3, Licht: 2","225145","3","6","4","08","05","6","0","2","1","0","0","0"
"POINT (9.706245441000021 52.372691964000069)","Unfall 225175 (2019) Kat:3, Licht: 0","225175","3","3","5","08","16","5","0","0","1","1","0","0"
"POINT (9.773495639000032 52.365194008000060)","Unfall 225176 (2019) Kat:3, Licht: 0","225176","3","7","0","08","14","5","0","0","0","0","0","1"
"POINT (9.789015966000022 52.330405356000028)","Unfall 225177 (2019) Kat:3, Licht: 0","225177","3","2","5","08","19","5","0","0","1","1","0","0"
"POINT (9.773343531000023 52.350849559000039)","Unfall 225178 (2019) Kat:2, Licht: 0","225178","2","1","9","08","13","5","0","0","1","0","0","0"
"POINT (9.733836287000031 52.394806740000035)","Unfall 225179 (2019) Kat:3, Licht: 0","225179","3","6","4","08","16","5","0","0","1","0","0","0"
"POINT (9.756064971000058 52.368721969000035)","Unfall 225182 (2019) Kat:3, Licht: 0","225182","3","4","6","08","06","5","0","0","1","0","1","0"
"POINT (9.705849820000026 52.372183217000043)","Unfall 225183 (2019) Kat:2, Licht: 0","225183","2","3","5","08","12","5","0","0","1","1","0","0"
"POINT (9.670073367000043 52.355239616000063)","Unfall 225184 (2019) Kat:3, Licht: 0","225184","3","4","6","08","09","5","0","0","0","1","1","0"
"POINT (9.788304385000060 52.397395807000066)","Unfall 225215 (2019) Kat:3, Licht: 0","225215","3","6","2","08","09","4","0","0","0","1","0","0"
"POINT (9.799669336000022 52.398105635000036)","Unfall 225220 (2019) Kat:3, Licht: 0","225220","3","1","8","08","19","4","0","0","0","1","0","0"
"POINT (9.738775083000064 52.394437776000075)","Unfall 225221 (2019) Kat:2, Licht: 0","225221","2","2","6","08","15","4","0","0","0","1","1","0"
"POINT (9.705068247000042 52.374279523000041)","Unfall 225223 (2019) Kat:3, Licht: 2","225223","3","1","0","08","00","4","1","2","1","0","0","0"
"POINT (9.750565957000049 52.375921563000077)","Unfall 225255 (2019) Kat:3, Licht: 0","225255","3","2","2","08","17","3","0","0","0","1","0","1"
"POINT (9.820038011000065 52.389319525000076)","Unfall 225258 (2019) Kat:3, Licht: 0","225258","3","3","5","08","17","3","0","0","0","1","0","1"
"POINT (9.724721804000069 52.344976389000067)","Unfall 225259 (2019) Kat:2, Licht: 0","225259","2","2","5","08","16","3","0","0","0","1","0","1"
"POINT (9.724386420000030 52.363528634000033)","Unfall 225284 (2019) Kat:3, Licht: 0","225284","3","6","2","08","17","2","0","0","0","1","0","0"
"POINT (9.743791868000074 52.411303551000060)","Unfall 225288 (2019) Kat:3, Licht: 0","225288","3","4","0","08","18","2","0","0","0","1","1","0"
"POINT (9.750300885000058 52.388757233000035)","Unfall 225289 (2019) Kat:3, Licht: 0","225289","3","2","3","08","12","2","0","0","1","0","0","0"
"POINT (9.694335021000029 52.339283244000057)","Unfall 225290 (2019) Kat:3, Licht: 0","225290","3","3","5","08","10","2","0","0","1","1","0","0"
"POINT (9.763788020000050 52.363506162000078)","Unfall 225312 (2019) Kat:3, Licht: 2","225312","3","1","8","08","02","1","0","2","0","1","0","0"
"POINT (9.740887167000039 52.399148506000074)","Unfall 225313 (2019) Kat:3, Licht: 0","225313","3","1","0","08","16","1","1","0","0","0","0","1"
"POINT (9.757069115000036 52.370411955000066)","Unfall 225314 (2019) Kat:2, Licht: 0","225314","2","3","5","08","13","1","1","0","1","1","0","0"
"POINT (9.691675144000044 52.329650336000043)","Unfall 225350 (2019) Kat:3, Licht: 0","225350","3","1","0","09","15","2","0","0","1","0","0","0"
"POINT (9.748955049000074 52.350845205000041)","Unfall 225351 (2019) Kat:3, Licht: 0","225351","3","6","2","09","15","2","0","0","0","1","0","0"
"POINT (9.750839558000052 52.375997566000080)","Unfall 225352 (2019) Kat:3, Licht: 0","225352","3","6","0","09","17","2","0","0","0","1","0","0"
"POINT (9.754316723000045 52.368366168000080)","Unfall 225353 (2019) Kat:3, Licht: 0","225353","3","2","5","09","07","2","1","0","1","1","0","0"
"POINT (9.763150611000071 52.410285753000039)","Unfall 225354 (2019) Kat:3, Licht: 0","225354","3","6","2","09","07","2","0","0","0","1","0","0"
"POINT (9.791913327000032 52.402989558000058)","Unfall 225355 (2019) Kat:3, Licht: 0","225355","3","6","2","09","09","2","0","0","0","1","0","0"
"POINT (9.763330513000028 52.369210038000062)","Unfall 225357 (2019) Kat:3, Licht: 0","225357","3","6","2","09","14","2","0","0","0","1","0","0"
"POINT (9.798732884000060 52.385322218000056)","Unfall 225358 (2019) Kat:2, Licht: 0","225358","2","3","5","09","12","2","0","0","1","0","0","0"
"POINT (9.724142228000062 52.346650165000028)","Unfall 225374 (2019) Kat:3, Licht: 0","225374","3","7","0","09","17","1","0","0","1","0","0","0"
"POINT (9.684499892000076 52.396034126000075)","Unfall 225388 (2019) Kat:3, Licht: 2","225388","3","2","4","08","21","7","0","2","0","1","0","1"
"POINT (9.694391876000054 52.376382726000031)","Unfall 225389 (2019) Kat:3, Licht: 0","225389","3","1","0","08","12","7","0","0","1","0","0","0"
"POINT (9.734769774000029 52.373184186000060)","Unfall 225390 (2019) Kat:3, Licht: 2","225390","3","5","1","08","20","7","0","2","1","1","0","0"
"POINT (9.747105976000057 52.373767323000038)","Unfall 225391 (2019) Kat:3, Licht: 0","225391","3","1","0","08","11","7","0","0","1","0","0","0"
"POINT (9.817553233000069 52.381059633000064)","Unfall 225393 (2019) Kat:2, Licht: 0","225393","2","3","5","08","18","7","0","0","1","1","0","0"
"POINT (9.721327980000069 52.390211693000026)","Unfall 225394 (2019) Kat:2, Licht: 0","225394","2","7","0","08","14","7","0","0","0","1","0","0"
"POINT (9.728243430000021 52.370630969000047)","Unfall 225416 (2019) Kat:3, Licht: 0","225416","3","2","5","08","18","6","0","0","1","1","0","0"
"POINT (9.706169761000069 52.403318813000055)","Unfall 225418 (2019) Kat:3, Licht: 0","225418","3","3","6","08","06","6","0","0","0","0","1","0"
"POINT (9.805092726000055 52.421318021000047)","Unfall 225419 (2019) Kat:3, Licht: 0","225419","3","5","1","08","16","6","0","0","1","1","0","0"
"POINT (9.669696016000046 52.354372640000065)","Unfall 225423 (2019) Kat:3, Licht: 0","225423","3","7","6","08","12","6","0","0","0","0","1","0"
"POINT (9.712718470000027 52.384890155000051)","Unfall 225424 (2019) Kat:3, Licht: 0","225424","3","3","5","08","13","6","0","0","1","0","0","0"
"POINT (9.804800646000047 52.378044788000068)","Unfall 225456 (2019) Kat:2, Licht: 0","225456","2","3","5","08","08","5","1","0","0","1","0","0"
"POINT (9.713685367000039 52.403399524000065)","Unfall 225457 (2019) Kat:3, Licht: 2","225457","3","5","1","08","21","5","0","2","0","1","0","1"
"POINT (9.791824334000069 52.402524858000049)","Unfall 225458 (2019) Kat:3, Licht: 0","225458","3","6","3","08","07","5","0","0","0","1","0","0"
"POINT (9.719398791000060 52.396863001000042)","Unfall 225461 (2019) Kat:3, Licht: 0","225461","3","3","5","08","07","5","1","0","0","1","0","0"
"POINT (9.750299039000026 52.370512002000055)","Unfall 225485 (2019) Kat:3, Licht: 0","225485","3","7","6","08","14","4","0","0","0","0","1","0"
"POINT (9.748527544000069 52.385580763000064)","Unfall 225486 (2019) Kat:3, Licht: 0","225486","3","1","0","08","06","4","0","0","1","0","0","0"
"POINT (9.767468236000070 52.338699127000041)","Unfall 225515 (2019) Kat:3, Licht: 0","225515","3","7","0","08","14","3","0","0","0","0","0","1"
"POINT (9.734108673000037 52.403454011000065)","Unfall 225516 (2019) Kat:3, Licht: 0","225516","3","6","2","08","15","3","0","0","0","1","0","0"
"POINT (9.734889479000060 52.380222784000068)","Unfall 225517 (2019) Kat:3, Licht: 0","225517","3","6","3","08","19","3","0","0","0","1","0","0"
"POINT (9.728802305000045 52.373086507000039)","Unfall 225521 (2019) Kat:3, Licht: 1","225521","3","1","0","08","20","3","0","1","0","0","0","0"
"POINT (9.782174484000052 52.328986692000058)","Unfall 225523 (2019) Kat:3, Licht: 0","225523","3","1","0","08","15","3","0","0","1","0","0","0"
"POINT (9.695583071000044 52.408841318000043)","Unfall 225524 (2019) Kat:3, Licht: 0","225524","3","2","5","08","13","3","0","0","1","1","0","0"
"POINT (9.744545446000075 52.385084853000080)","Unfall 225526 (2019) Kat:3, Licht: 0","225526","3","3","5","08","07","3","0","0","1","1","0","0"
"POINT (9.719132811000065 52.365761121000048)","Unfall 225556 (2019) Kat:3, Licht: 0","225556","3","5","1","08","18","2","0","0","1","1","0","0"
"POINT (9.857572313000048 52.411023258000057)","Unfall 225557 (2019) Kat:3, Licht: 0","225557","3","7","0","08","13","2","0","0","0","1","1","0"
"POINT (9.819414406000021 52.356099509000046)","Unfall 225559 (2019) Kat:1, Licht: 0","225559","1","3","5","08","10","2","0","0","1","1","0","0"
"POINT (9.739641079000023 52.381208054000069)","Unfall 225560 (2019) Kat:3, Licht: 0","225560","3","3","5","08","09","2","0","0","1","1","0","0"
"POINT (9.701458710000054 52.395903760000067)","Unfall 225605 (2019) Kat:3, Licht: 0","225605","3","6","2","09","13","3","0","0","0","1","0","0"
"POINT (9.748865841000054 52.365556324000067)","Unfall 225606 (2019) Kat:3, Licht: 0","225606","3","5","1","09","07","3","0","0","1","1","0","0"
"POINT (9.762600242000076 52.415881552000030)","Unfall 225607 (2019) Kat:3, Licht: 0","225607","3","3","5","09","09","3","0","0","1","0","0","0"
"POINT (9.829623376000029 52.425234868000075)","Unfall 225610 (2019) Kat:2, Licht: 0","225610","2","4","0","09","11","3","0","0","0","1","1","0"
"POINT (9.736865628000032 52.383375435000062)","Unfall 225611 (2019) Kat:3, Licht: 0","225611","3","6","3","09","11","3","0","0","0","1","0","0"
"POINT (9.700289058000067 52.341630106000082)","Unfall 225645 (2019) Kat:3, Licht: 0","225645","3","3","5","09","12","2","1","0","1","1","0","0"
"POINT (9.720285612000055 52.387783880000029)","Unfall 225646 (2019) Kat:3, Licht: 0","225646","3","5","1","09","15","2","0","0","1","1","0","0"
"POINT (9.802728578000028 52.397504351000066)","Unfall 225647 (2019) Kat:3, Licht: 0","225647","3","7","7","09","07","2","0","0","0","0","0","1"
"POINT (9.738013972000033 52.382155738000051)","Unfall 225650 (2019) Kat:3, Licht: 0","225650","3","2","5","09","08","2","0","0","1","0","0","0"
"POINT (9.658533705000025 52.406193631000065)","Unfall 225675 (2019) Kat:3, Licht: 2","225675","3","6","2","09","00","1","1","2","0","1","0","0"
"POINT (9.739768596000033 52.365780871000027)","Unfall 225676 (2019) Kat:3, Licht: 0","225676","3","6","0","09","13","1","0","0","0","1","0","1"
"POINT (9.745859792000033 52.378982271000041)","Unfall 225678 (2019) Kat:2, Licht: 0","225678","2","3","5","09","18","1","0","0","1","1","0","0"
"POINT (9.722591838000028 52.377304340000080)","Unfall 225703 (2019) Kat:3, Licht: 0","225703","3","5","3","09","17","7","0","0","0","1","0","0"
"POINT (9.800540455000032 52.335198170000069)","Unfall 225704 (2019) Kat:3, Licht: 0","225704","3","3","5","09","13","7","1","0","1","1","0","0"
"POINT (9.724152382000057 52.347032653000042)","Unfall 225733 (2019) Kat:3, Licht: 0","225733","3","4","6","09","11","6","0","0","0","1","1","0"
"POINT (9.809121321000021 52.369906123000078)","Unfall 225734 (2019) Kat:3, Licht: 0","225734","3","7","1","09","09","6","0","0","0","1","0","0"
"POINT (9.842170690000046 52.387885300000050)","Unfall 225735 (2019) Kat:3, Licht: 0","225735","3","3","5","09","07","6","0","0","1","1","0","0"
"POINT (9.698546907000036 52.412220304000073)","Unfall 225736 (2019) Kat:3, Licht: 0","225736","3","3","5","09","13","6","0","0","0","1","0","0"
"POINT (9.736022512000034 52.416053424000040)","Unfall 225737 (2019) Kat:3, Licht: 0","225737","3","3","5","09","13","6","0","0","0","1","0","0"
"POINT (9.736053231000028 52.416230303000077)","Unfall 225738 (2019) Kat:3, Licht: 0","225738","3","3","5","09","12","6","0","0","0","1","0","0"
"POINT (9.749850086000038 52.392588278000062)","Unfall 225739 (2019) Kat:3, Licht: 0","225739","3","6","1","09","16","6","0","0","1","1","0","0"
"POINT (9.733674555000050 52.362203450000038)","Unfall 225742 (2019) Kat:3, Licht: 0","225742","3","7","6","09","18","6","0","0","0","1","0","0"
"POINT (9.765159488000052 52.393792357000052)","Unfall 225743 (2019) Kat:3, Licht: 0","225743","3","2","2","09","17","6","0","0","0","1","0","0"
"POINT (9.743563182000059 52.372613274000059)","Unfall 225744 (2019) Kat:3, Licht: 0","225744","3","4","6","09","17","6","0","0","1","0","1","0"
"POINT (9.750937717000056 52.410522027000070)","Unfall 225745 (2019) Kat:3, Licht: 0","225745","3","2","5","09","13","6","0","0","1","1","0","0"
"POINT (9.701195589000065 52.392105880000031)","Unfall 225781 (2019) Kat:3, Licht: 0","225781","3","6","2","09","19","5","1","0","1","1","0","0"
"POINT (9.739836535000052 52.383082375000072)","Unfall 225782 (2019) Kat:3, Licht: 0","225782","3","3","5","09","10","5","0","0","1","1","0","0"
"POINT (9.726396679000061 52.388441177000061)","Unfall 225785 (2019) Kat:3, Licht: 0","225785","3","2","5","09","18","5","0","0","1","1","0","0"
"POINT (9.673698511000055 52.356232286000079)","Unfall 225786 (2019) Kat:3, Licht: 0","225786","3","1","0","09","17","5","1","0","1","0","0","0"
"POINT (9.686867859000074 52.392589644000054)","Unfall 225804 (2019) Kat:3, Licht: 0","225804","3","2","5","09","12","4","0","0","0","1","0","0"
"POINT (9.721558123000023 52.360054918000060)","Unfall 225805 (2019) Kat:3, Licht: 0","225805","3","7","0","09","14","4","0","0","1","1","0","0"
"POINT (9.724737717000039 52.358516034000047)","Unfall 225806 (2019) Kat:3, Licht: 0","225806","3","6","2","09","12","4","0","0","0","1","0","0"
"POINT (9.723341085000072 52.377930710000044)","Unfall 225807 (2019) Kat:2, Licht: 0","225807","2","6","4","09","17","4","0","0","1","0","0","0"
"POINT (9.741921275000038 52.375720666000063)","Unfall 225808 (2019) Kat:3, Licht: 1","225808","3","3","5","09","20","4","1","1","1","1","0","0"
"POINT (9.734158789000048 52.374675506000074)","Unfall 225809 (2019) Kat:3, Licht: 0","225809","3","5","1","09","11","4","0","0","1","1","0","0"
"POINT (9.741935292000051 52.375732432000063)","Unfall 225811 (2019) Kat:3, Licht: 2","225811","3","3","5","09","21","4","1","2","1","0","0","0"
"POINT (9.790004004000025 52.397015453000051)","Unfall 225812 (2019) Kat:3, Licht: 0","225812","3","6","3","09","13","4","0","0","1","0","0","0"
"POINT (9.719526190000067 52.362049910000053)","Unfall 225841 (2019) Kat:3, Licht: 0","225841","3","4","6","09","08","3","0","0","1","0","1","0"
"POINT (9.667764013000067 52.358088394000049)","Unfall 225842 (2019) Kat:3, Licht: 0","225842","3","1","0","09","12","3","0","0","1","0","0","0"
"POINT (9.776695148000044 52.332801340000060)","Unfall 225843 (2019) Kat:3, Licht: 2","225843","3","3","5","09","04","3","1","2","1","1","0","0"
"POINT (9.746384461000048 52.383807775000037)","Unfall 225845 (2019) Kat:2, Licht: 2","225845","2","7","9","09","23","3","0","2","0","0","0","0"
"POINT (9.723418279000043 52.377726274000054)","Unfall 225846 (2019) Kat:3, Licht: 0","225846","3","2","5","09","16","3","0","0","1","1","0","0"
"POINT (9.725784350000026 52.397866698000030)","Unfall 225847 (2019) Kat:3, Licht: 0","225847","3","1","0","09","08","3","0","0","0","0","0","1"
"POINT (9.717102167000064 52.344899268000063)","Unfall 225852 (2019) Kat:3, Licht: 0","225852","3","2","5","09","18","5","0","0","1","1","0","0"
"POINT (9.730560179000065 52.374861107000072)","Unfall 225853 (2019) Kat:2, Licht: 0","225853","2","7","0","09","16","5","0","0","0","0","0","0"
"POINT (9.735225905000050 52.370214056000066)","Unfall 225855 (2019) Kat:3, Licht: 0","225855","3","6","3","09","10","5","0","0","1","0","0","0"
"POINT (9.812154162000070 52.401250685000036)","Unfall 225859 (2019) Kat:3, Licht: 0","225859","3","6","2","09","07","5","0","0","0","1","0","0"
"POINT (9.739914541000076 52.382995777000076)","Unfall 225862 (2019) Kat:3, Licht: 0","225862","3","2","5","09","11","5","0","0","1","1","0","0"
"POINT (9.739495219000048 52.376618426000050)","Unfall 225863 (2019) Kat:3, Licht: 2","225863","3","2","5","09","22","5","0","2","1","1","0","0"
"POINT (9.785348067000030 52.373404794000066)","Unfall 225892 (2019) Kat:3, Licht: 0","225892","3","6","6","09","10","4","0","0","1","0","1","0"
"POINT (9.733277935000047 52.392239200000063)","Unfall 225893 (2019) Kat:3, Licht: 0","225893","3","3","5","09","08","4","0","0","1","1","0","0"
"POINT (9.813903041000060 52.398834848000035)","Unfall 225895 (2019) Kat:3, Licht: 0","225895","3","2","5","09","14","4","0","0","1","1","0","0"
"POINT (9.734916436000049 52.370122350000031)","Unfall 225896 (2019) Kat:3, Licht: 0","225896","3","2","5","09","08","4","0","0","1","1","0","0"
"POINT (9.750124536000044 52.376082230000065)","Unfall 225897 (2019) Kat:2, Licht: 0","225897","2","7","6","09","10","4","0","0","0","0","1","0"
"POINT (9.763759635000042 52.398649855000031)","Unfall 225919 (2019) Kat:3, Licht: 0","225919","3","2","4","09","17","3","1","0","1","1","0","0"
"POINT (9.732271954000055 52.376580969000031)","Unfall 225920 (2019) Kat:3, Licht: 0","225920","3","2","0","09","16","3","0","0","1","1","0","0"
"POINT (9.724950311000043 52.384449474000064)","Unfall 225923 (2019) Kat:3, Licht: 0","225923","3","5","1","09","17","3","0","0","1","1","0","0"
"POINT (9.809497115000056 52.332203004000064)","Unfall 225924 (2019) Kat:3, Licht: 0","225924","3","1","8","09","15","3","0","0","0","1","0","0"
"POINT (9.723653717000047 52.387294345000043)","Unfall 225946 (2019) Kat:3, Licht: 0","225946","3","2","6","09","07","2","1","0","0","1","1","0"
"POINT (9.750644823000073 52.375496816000066)","Unfall 225947 (2019) Kat:3, Licht: 0","225947","3","3","5","09","08","2","1","0","1","1","0","0"
"POINT (9.731693451000069 52.375811253000052)","Unfall 225948 (2019) Kat:3, Licht: 0","225948","3","7","6","09","13","2","0","0","0","0","1","0"
"POINT (9.715486401000021 52.335374867000041)","Unfall 225979 (2019) Kat:3, Licht: 0","225979","3","5","1","09","13","1","0","0","1","1","0","0"
"POINT (9.706394250000074 52.372639986000081)","Unfall 225980 (2019) Kat:3, Licht: 2","225980","3","3","5","09","01","1","0","2","1","1","0","0"
"POINT (9.758039433000022 52.370789988000070)","Unfall 225981 (2019) Kat:3, Licht: 0","225981","3","5","1","09","14","1","0","0","0","1","0","0"
"POINT (9.741959112000075 52.394515754000054)","Unfall 226001 (2019) Kat:3, Licht: 0","226001","3","4","6","09","14","7","0","0","1","0","1","0"
"POINT (9.664845756000034 52.409629356000039)","Unfall 226005 (2019) Kat:3, Licht: 0","226005","3","7","5","09","08","7","0","0","0","1","0","1"
"POINT (9.819502447000048 52.429285080000056)","Unfall 226033 (2019) Kat:3, Licht: 0","226033","3","1","0","09","17","6","0","0","1","0","0","0"
"POINT (9.738377097000068 52.372060217000069)","Unfall 226034 (2019) Kat:3, Licht: 0","226034","3","2","4","09","12","6","1","0","1","1","0","0"
"POINT (9.743163828000036 52.375007151000034)","Unfall 226039 (2019) Kat:2, Licht: 0","226039","2","1","0","09","18","6","0","0","0","0","0","0"
"POINT (9.739888335000046 52.383024870000042)","Unfall 226040 (2019) Kat:3, Licht: 0","226040","3","2","5","09","10","6","1","0","0","1","0","1"
"POINT (9.816787025000053 52.378530115000046)","Unfall 226069 (2019) Kat:3, Licht: 0","226069","3","2","5","09","15","5","0","0","1","1","0","1"
"POINT (9.752447557000039 52.366780338000069)","Unfall 226070 (2019) Kat:3, Licht: 0","226070","3","3","0","09","08","5","1","0","0","0","0","1"
"POINT (9.756743662000076 52.340033392000066)","Unfall 226071 (2019) Kat:3, Licht: 0","226071","3","1","0","09","10","5","1","0","0","0","0","1"
"POINT (9.765298483000038 52.417950600000040)","Unfall 226072 (2019) Kat:3, Licht: 0","226072","3","3","5","09","16","5","0","0","0","1","0","0"
"POINT (9.719794433000061 52.374926686000038)","Unfall 226073 (2019) Kat:3, Licht: 2","226073","3","7","7","09","22","5","0","2","1","0","0","0"
"POINT (9.712122849000025 52.360708572000078)","Unfall 226103 (2019) Kat:3, Licht: 0","226103","3","6","2","09","17","4","1","0","0","1","0","0"
"POINT (9.718084280000028 52.351215478000029)","Unfall 226104 (2019) Kat:3, Licht: 0","226104","3","4","6","09","17","4","0","0","0","1","1","0"
"POINT (9.709561725000071 52.360176420000073)","Unfall 226105 (2019) Kat:3, Licht: 0","226105","3","6","2","09","15","4","0","0","0","1","0","0"
"POINT (9.789369043000022 52.330102376000070)","Unfall 226106 (2019) Kat:3, Licht: 1","226106","3","3","5","09","18","4","1","1","0","1","0","0"
"POINT (9.737693374000060 52.399106169000049)","Unfall 226109 (2019) Kat:2, Licht: 0","226109","2","4","6","09","08","4","0","0","0","1","1","0"
"POINT (9.821150583000076 52.342962848000070)","Unfall 226150 (2019) Kat:3, Licht: 0","226150","3","3","5","09","14","5","0","0","1","1","0","0"
"POINT (9.763615139000024 52.395292861000030)","Unfall 226151 (2019) Kat:3, Licht: 0","226151","3","6","2","09","17","5","0","0","1","1","0","0"
"POINT (9.738472889000036 52.390021687000058)","Unfall 226154 (2019) Kat:3, Licht: 2","226154","3","2","4","09","20","5","1","2","0","1","0","1"
"POINT (9.756886076000058 52.365003700000045)","Unfall 226155 (2019) Kat:3, Licht: 0","226155","3","2","5","09","15","5","0","0","1","1","0","0"
"POINT (9.738575267000044 52.355983875000049)","Unfall 226156 (2019) Kat:3, Licht: 0","226156","3","7","6","09","11","5","0","0","0","0","1","0"
"POINT (9.741430411000067 52.378267649000065)","Unfall 226158 (2019) Kat:3, Licht: 2","226158","3","1","0","09","19","5","1","2","1","0","0","0"
"POINT (9.717226773000050 52.345886930000063)","Unfall 226193 (2019) Kat:3, Licht: 0","226193","3","2","5","09","16","4","0","0","1","1","0","0"
"POINT (9.700757086000067 52.368993852000074)","Unfall 226194 (2019) Kat:3, Licht: 0","226194","3","6","2","09","07","4","1","0","0","1","0","0"
"POINT (9.756634151000071 52.338835575000076)","Unfall 226195 (2019) Kat:3, Licht: 2","226195","3","6","4","09","19","4","1","2","1","0","0","0"
"POINT (9.710514515000057 52.367317613000068)","Unfall 226199 (2019) Kat:3, Licht: 0","226199","3","7","0","09","13","4","1","0","0","0","0","0"
"POINT (9.669924996000077 52.362193718000071)","Unfall 226200 (2019) Kat:3, Licht: 1","226200","3","6","4","09","07","4","1","1","0","1","0","0"
"POINT (9.693669923000073 52.400989792000075)","Unfall 226232 (2019) Kat:3, Licht: 1","226232","3","3","5","09","07","3","1","1","1","1","0","0"
"POINT (9.675397499000042 52.377258099000073)","Unfall 226233 (2019) Kat:3, Licht: 1","226233","3","6","2","09","19","3","0","1","0","1","0","0"
"POINT (9.792844358000025 52.376677483000037)","Unfall 226234 (2019) Kat:3, Licht: 0","226234","3","3","5","09","08","3","0","0","0","1","0","0"
"POINT (9.755850069000076 52.377727384000082)","Unfall 226235 (2019) Kat:3, Licht: 0","226235","3","2","5","09","08","3","0","0","1","1","0","0"
"POINT (9.731059323000068 52.378663501000062)","Unfall 226236 (2019) Kat:3, Licht: 1","226236","3","2","4","09","07","3","1","1","1","1","0","0"
"POINT (9.686751674000050 52.349662689000070)","Unfall 226239 (2019) Kat:3, Licht: 0","226239","3","2","5","09","18","3","0","0","0","1","0","1"
"POINT (9.710765955000056 52.367305563000059)","Unfall 226240 (2019) Kat:3, Licht: 0","226240","3","1","0","09","14","3","0","0","1","0","0","0"
"POINT (9.660041176000050 52.406608270000049)","Unfall 226241 (2019) Kat:3, Licht: 0","226241","3","2","5","09","09","3","0","0","0","1","0","0"
"POINT (9.716153131000056 52.399620046000052)","Unfall 226242 (2019) Kat:3, Licht: 0","226242","3","3","5","09","07","3","0","0","0","1","0","0"
"POINT (9.774997727000027 52.368793773000050)","Unfall 226279 (2019) Kat:3, Licht: 0","226279","3","3","5","09","15","2","0","0","1","1","0","0"
"POINT (9.765042978000054 52.417853814000068)","Unfall 226280 (2019) Kat:3, Licht: 0","226280","3","4","0","09","13","2","1","0","0","1","1","0"
"POINT (9.750001378000036 52.376221108000038)","Unfall 226281 (2019) Kat:3, Licht: 0","226281","3","6","2","09","14","2","1","0","0","1","0","0"
"POINT (9.735119268000062 52.391476832000080)","Unfall 226282 (2019) Kat:3, Licht: 0","226282","3","7","2","09","14","2","0","0","1","1","0","0"
"POINT (9.738359256000024 52.369452280000075)","Unfall 226283 (2019) Kat:3, Licht: 0","226283","3","5","1","09","14","2","1","0","1","1","0","0"
"POINT (9.729537184000037 52.378205986000069)","Unfall 226284 (2019) Kat:3, Licht: 0","226284","3","6","3","09","10","2","1","0","0","1","0","0"
"POINT (9.701053002000037 52.366360130000032)","Unfall 226285 (2019) Kat:3, Licht: 0","226285","3","3","5","09","12","2","0","0","0","1","0","0"