WKT,Name,OBJECTID,UKATEGORIE,UTYP1,UART,UMONAT,USTUNDE,UWOCHENTAG,STRZUSTAND,ULICHTVERH,ISTRAD,ISTPKW,ISTFUSS,ISTKRAD
"POINT (9.803016212000046 52.401484312000036)","Unfall 226306 (2019) Kat:3, Licht: 0","226306","3","3","5","09","15","1","0","0","1","1","0","0"
"POINT (9.721451344000059 52.381006336000041)","Unfall 226309 (2019) Kat:3, Licht: 2","226309","3","7","0","09","21","1","0","2","1","0","0","0"
"POINT (9.742544655000074 52.358584662000055)","Unfall 226310 (2019) Kat:2, Licht: 2","226310","2","1","8","09","22","1","0","2","0","0","0","0"
"POINT (9.765598860000068 52.343070339000064)","Unfall 226311 (2019) Kat:2, Licht: 1","226311","2","4","6","09","07","1","0","1","0","1","1","0"
"POINT (9.705490599000029 52.374130361000027)","Unfall 226332 (2019) Kat:3, Licht: 0","226332","3","1","0","09","17","7","0","0","1","0","0","0"
"POINT (9.734990111000059 52.374412280000058)","Unfall 226334 (2019) Kat:3, Licht: 2","226334","3","1","0","09","05","7","0","2","0","0","0","0"
"POINT (9.723166980000030 52.369826577000026)","Unfall 226355 (2019) Kat:3, Licht: 0","226355","3","5","2","09","13","6","0","0","1","1","0","0"
"POINT (9.753884653000057 52.395358822000048)","Unfall 226357 (2019) Kat:2, Licht: 2","226357","2","1","0","09","21","6","0","2","0","0","0","1"
"POINT (9.718820373000028 52.390699676000054)","Unfall 226358 (2019) Kat:3, Licht: 0","226358","3","3","5","09","16","6","0","0","1","0","0","0"
"POINT (9.720417478000059 52.375458878000074)","Unfall 226359 (2019) Kat:3, Licht: 0","226359","3","2","5","09","11","6","0","0","1","0","0","0"
"POINT (9.739685596000072 52.381234511000059)","Unfall 226405 (2019) Kat:3, Licht: 0","226405","3","3","5","10","11","2","0","0","1","1","0","0"
"POINT (9.732486426000037 52.379166019000081)","Unfall 226421 (2019) Kat:3, Licht: 2","226421","3","3","5","10","06","1","0","2","0","1","0","0"
"POINT (9.690639389000069 52.418522204000055)","Unfall 226436 (2019) Kat:3, Licht: 0","226436","3","6","2","10","11","7","0","0","0","1","0","0"
"POINT (9.744512137000072 52.395143298000050)","Unfall 226437 (2019) Kat:3, Licht: 2","226437","3","3","0","10","22","7","0","2","0","1","0","0"
"POINT (9.791754343000036 52.402941608000049)","Unfall 226457 (2019) Kat:3, Licht: 2","226457","3","2","5","10","22","6","1","2","0","1","0","0"
"POINT (9.674030330000051 52.413884408000058)","Unfall 226504 (2019) Kat:3, Licht: 0","226504","3","3","5","10","08","4","1","0","0","1","0","0"
"POINT (9.692556336000052 52.396608914000069)","Unfall 226505 (2019) Kat:3, Licht: 2","226505","3","3","5","10","06","4","1","2","0","1","0","0"
"POINT (9.736561492000021 52.371129124000049)","Unfall 226507 (2019) Kat:2, Licht: 0","226507","2","4","0","10","09","4","0","0","0","1","1","0"
"POINT (9.683594522000021 52.394576032000032)","Unfall 226537 (2019) Kat:3, Licht: 0","226537","3","7","6","10","15","3","0","0","0","1","1","0"
"POINT (9.731731894000063 52.336318026000072)","Unfall 226538 (2019) Kat:3, Licht: 2","226538","3","7","7","10","01","3","0","2","0","1","0","0"
"POINT (9.728283428000054 52.376792217000059)","Unfall 226539 (2019) Kat:3, Licht: 0","226539","3","3","5","10","08","3","1","0","1","1","0","0"
"POINT (9.819903510000074 52.389286957000081)","Unfall 226540 (2019) Kat:3, Licht: 1","226540","3","3","5","10","08","3","1","1","1","1","0","0"
"POINT (9.763885402000028 52.397261473000071)","Unfall 226541 (2019) Kat:3, Licht: 0","226541","3","3","5","10","08","3","1","0","1","1","0","0"
"POINT (9.759378303000062 52.361606527000049)","Unfall 226576 (2019) Kat:3, Licht: 0","226576","3","3","5","09","18","2","0","0","0","1","0","0"
"POINT (9.791319262000059 52.403029702000026)","Unfall 226577 (2019) Kat:3, Licht: 0","226577","3","7","0","09","12","2","1","0","0","0","0","0"
"POINT (9.754501390000030 52.389614136000034)","Unfall 226578 (2019) Kat:3, Licht: 0","226578","3","6","2","09","17","2","0","0","0","1","0","0"
"POINT (9.802562222000063 52.377390590000061)","Unfall 226581 (2019) Kat:2, Licht: 0","226581","2","3","5","09","10","2","1","0","1","1","0","0"
"POINT (9.779810937000036 52.400990739000065)","Unfall 226582 (2019) Kat:2, Licht: 0","226582","2","1","0","09","08","2","1","0","1","0","0","0"
"POINT (9.695933123000032 52.409504093000066)","Unfall 226599 (2019) Kat:3, Licht: 2","226599","3","1","8","09","01","1","0","2","0","1","0","0"
"POINT (9.714270103000047 52.371756247000064)","Unfall 226616 (2019) Kat:3, Licht: 0","226616","3","3","5","09","17","7","0","0","0","1","0","0"
"POINT (9.706050987000026 52.367142263000062)","Unfall 226617 (2019) Kat:3, Licht: 0","226617","3","5","0","09","12","7","1","0","1","1","0","0"
"POINT (9.760235619000071 52.356361021000055)","Unfall 226618 (2019) Kat:3, Licht: 0","226618","3","3","5","09","18","7","1","0","0","1","0","0"
"POINT (9.723846226000035 52.383720627000059)","Unfall 226619 (2019) Kat:3, Licht: 2","226619","3","6","4","09","02","7","0","2","1","1","0","0"
"POINT (9.723721120000050 52.338825252000049)","Unfall 226653 (2019) Kat:3, Licht: 0","226653","3","1","0","09","18","6","1","0","1","0","0","0"
"POINT (9.774668974000065 52.403786436000075)","Unfall 226655 (2019) Kat:3, Licht: 0","226655","3","3","5","09","14","6","0","0","1","1","0","0"
"POINT (9.778213017000041 52.401952908000055)","Unfall 226656 (2019) Kat:3, Licht: 0","226656","3","2","3","09","08","6","1","0","1","1","0","0"
"POINT (9.726443144000029 52.377314254000055)","Unfall 226657 (2019) Kat:3, Licht: 0","226657","3","2","6","09","14","6","0","0","1","0","1","0"
"POINT (9.739299157000062 52.370598413000039)","Unfall 226662 (2019) Kat:3, Licht: 0","226662","3","4","6","09","16","6","0","0","0","1","1","0"
"POINT (9.851405243000045 52.362554905000081)","Unfall 226663 (2019) Kat:3, Licht: 0","226663","3","3","5","09","13","6","0","0","1","1","0","0"
"POINT (9.731367010000042 52.376002677000031)","Unfall 226664 (2019) Kat:3, Licht: 0","226664","3","4","6","09","10","6","1","0","1","0","1","0"
"POINT (9.735773618000053 52.383850894000034)","Unfall 226665 (2019) Kat:3, Licht: 0","226665","3","7","0","09","08","6","1","0","1","0","0","0"
"POINT (9.720830711000076 52.389406780000058)","Unfall 226672 (2019) Kat:3, Licht: 0","226672","3","5","1","10","15","3","0","0","1","1","0","0"
"POINT (9.734905787000059 52.380194669000048)","Unfall 226680 (2019) Kat:3, Licht: 0","226680","3","2","5","10","16","3","0","0","0","1","0","0"
"POINT (9.746862204000024 52.392661963000080)","Unfall 226682 (2019) Kat:3, Licht: 2","226682","3","2","6","10","06","3","1","2","0","1","1","0"
"POINT (9.758625793000022 52.359469962000048)","Unfall 226694 (2019) Kat:3, Licht: 1","226694","3","6","4","10","07","5","0","1","1","0","0","0"
"POINT (9.819064541000046 52.429391324000051)","Unfall 226695 (2019) Kat:3, Licht: 0","226695","3","6","2","10","15","5","0","0","0","1","0","0"
"POINT (9.710241926000037 52.372557467000036)","Unfall 226697 (2019) Kat:3, Licht: 2","226697","3","3","5","10","22","5","1","2","1","0","0","0"
"POINT (9.726914663000059 52.375777742000082)","Unfall 226719 (2019) Kat:3, Licht: 0","226719","3","3","5","10","13","4","0","0","0","1","0","0"
"POINT (9.769796267000061 52.342973174000065)","Unfall 226720 (2019) Kat:3, Licht: 0","226720","3","5","1","10","16","4","0","0","0","1","0","0"
"POINT (9.781018472000028 52.398303935000058)","Unfall 226721 (2019) Kat:3, Licht: 0","226721","3","6","0","10","13","4","0","0","0","1","0","0"
"POINT (9.775454127000046 52.396580581000080)","Unfall 226722 (2019) Kat:3, Licht: 0","226722","3","6","2","10","10","4","1","0","0","1","0","0"
"POINT (9.751584296000033 52.372452210000063)","Unfall 226724 (2019) Kat:3, Licht: 0","226724","3","4","6","10","15","4","0","0","0","1","1","0"
"POINT (9.692499444000021 52.396709413000053)","Unfall 226753 (2019) Kat:3, Licht: 0","226753","3","2","2","10","12","3","0","0","0","1","0","0"
"POINT (9.769104865000031 52.358422756000039)","Unfall 226757 (2019) Kat:3, Licht: 0","226757","3","3","5","10","15","3","0","0","1","0","0","1"
"POINT (9.747179131000053 52.385468485000047)","Unfall 226759 (2019) Kat:3, Licht: 0","226759","3","6","2","10","14","3","0","0","0","1","0","0"
"POINT (9.738781532000076 52.376039886000058)","Unfall 226784 (2019) Kat:3, Licht: 0","226784","3","7","6","10","15","2","0","0","0","1","1","0"
"POINT (9.670338402000027 52.409122174000061)","Unfall 226785 (2019) Kat:2, Licht: 0","226785","2","3","5","10","11","2","0","0","1","1","0","0"
"POINT (9.739623359000063 52.376873615000079)","Unfall 226786 (2019) Kat:3, Licht: 0","226786","3","6","3","10","08","2","0","0","1","0","0","0"
"POINT (9.710410653000054 52.367311387000029)","Unfall 226787 (2019) Kat:3, Licht: 2","226787","3","1","0","10","05","2","1","2","1","0","0","0"
"POINT (9.666648375000023 52.381877533000079)","Unfall 226801 (2019) Kat:3, Licht: 2","226801","3","5","1","10","19","1","0","2","1","1","0","0"
"POINT (9.742887025000073 52.378108870000062)","Unfall 226802 (2019) Kat:3, Licht: 2","226802","3","4","6","10","01","1","0","2","0","1","1","0"
"POINT (9.741907662000074 52.375709240000049)","Unfall 226804 (2019) Kat:3, Licht: 0","226804","3","3","5","10","09","1","0","0","1","1","0","0"
"POINT (9.713247518000060 52.371457235000037)","Unfall 226818 (2019) Kat:3, Licht: 2","226818","3","4","6","10","23","7","0","2","0","1","1","0"
"POINT (9.745140863000074 52.360869887000035)","Unfall 226819 (2019) Kat:3, Licht: 2","226819","3","7","0","10","18","7","0","2","1","1","0","0"
"POINT (9.730259202000070 52.396981253000035)","Unfall 226820 (2019) Kat:3, Licht: 0","226820","3","2","5","10","12","7","0","0","1","0","0","0"
"POINT (9.791592411000067 52.403208977000077)","Unfall 226821 (2019) Kat:3, Licht: 2","226821","3","6","2","10","05","7","0","2","0","1","0","0"
"POINT (9.733851592000065 52.398776405000035)","Unfall 226840 (2019) Kat:3, Licht: 0","226840","3","5","1","10","16","6","0","0","1","1","0","0"
"POINT (9.736057152000058 52.416158699000050)","Unfall 226841 (2019) Kat:3, Licht: 1","226841","3","3","5","10","18","6","0","1","0","1","0","0"
"POINT (9.741149637000035 52.383675509000057)","Unfall 226842 (2019) Kat:3, Licht: 0","226842","3","6","2","10","16","6","0","0","1","1","0","0"
"POINT (9.666477652000026 52.401544003000026)","Unfall 226845 (2019) Kat:3, Licht: 2","226845","3","5","1","10","20","6","0","2","0","1","0","1"
"POINT (9.733727033000037 52.362139584000033)","Unfall 226846 (2019) Kat:3, Licht: 0","226846","3","3","5","10","15","6","0","0","1","1","0","0"
"POINT (9.753216562000034 52.383114151000029)","Unfall 226847 (2019) Kat:3, Licht: 0","226847","3","5","1","10","08","6","1","0","0","1","0","1"
"POINT (9.729239933000031 52.390731363000043)","Unfall 226848 (2019) Kat:3, Licht: 2","226848","3","2","5","10","06","6","1","2","1","1","0","0"
"POINT (9.746130018000031 52.361901060000037)","Unfall 226849 (2019) Kat:3, Licht: 0","226849","3","6","2","10","08","6","1","0","1","1","0","0"
"POINT (9.726149875000033 52.354019064000056)","Unfall 226850 (2019) Kat:3, Licht: 2","226850","3","1","8","10","02","6","1","2","0","1","0","0"
"POINT (9.753419922000035 52.378344226000081)","Unfall 226872 (2019) Kat:3, Licht: 0","226872","3","2","4","10","17","5","1","0","0","1","0","0"
"POINT (9.750839558000052 52.375997566000080)","Unfall 226873 (2019) Kat:3, Licht: 0","226873","3","6","2","10","11","5","0","0","0","1","0","0"
"POINT (9.738008013000069 52.382159819000037)","Unfall 226874 (2019) Kat:3, Licht: 2","226874","3","2","2","10","19","5","0","2","0","1","0","0"
"POINT (9.740242387000023 52.372347353000066)","Unfall 226875 (2019) Kat:3, Licht: 0","226875","3","3","5","10","16","5","0","0","1","0","0","0"
"POINT (9.763015125000038 52.395209123000029)","Unfall 226876 (2019) Kat:2, Licht: 2","226876","2","2","5","10","06","5","1","2","0","1","0","0"
"POINT (9.762534426000059 52.340825917000075)","Unfall 226895 (2019) Kat:3, Licht: 1","226895","3","3","5","10","18","4","1","1","0","1","0","0"
"POINT (9.789771597000026 52.410251149000032)","Unfall 226919 (2019) Kat:3, Licht: 0","226919","3","2","5","10","12","3","1","0","1","1","0","0"
"POINT (9.727768617000038 52.341777966000052)","Unfall 226931 (2019) Kat:3, Licht: 0","226931","3","7","0","10","13","6","0","0","1","0","0","0"
"POINT (9.706050678000054 52.390826048000065)","Unfall 226936 (2019) Kat:3, Licht: 0","226936","3","4","6","10","16","6","0","0","0","1","1","0"
"POINT (9.735287525000047 52.374366984000062)","Unfall 226944 (2019) Kat:3, Licht: 2","226944","3","7","0","10","21","6","0","2","1","0","0","0"
"POINT (9.731611704000045 52.412303905000044)","Unfall 226945 (2019) Kat:2, Licht: 0","226945","2","3","5","10","14","6","0","0","0","1","0","1"
"POINT (9.815118429000052 52.363719317000061)","Unfall 226975 (2019) Kat:3, Licht: 0","226975","3","3","5","10","12","5","0","0","0","1","0","0"
"POINT (9.742705503000025 52.413223554000069)","Unfall 226976 (2019) Kat:3, Licht: 2","226976","3","2","0","10","06","5","0","2","1","1","0","0"
"POINT (9.736596731000077 52.381149442000037)","Unfall 226977 (2019) Kat:3, Licht: 1","226977","3","4","6","10","19","5","1","1","1","0","1","0"
"POINT (9.745816644000058 52.378878523000026)","Unfall 226979 (2019) Kat:2, Licht: 0","226979","2","3","5","10","09","5","0","0","1","1","0","0"
"POINT (9.707423576000053 52.389413643000069)","Unfall 227009 (2019) Kat:3, Licht: 0","227009","3","3","5","10","12","4","0","0","1","1","0","0"
"POINT (9.743778295000027 52.369013184000039)","Unfall 227012 (2019) Kat:3, Licht: 2","227012","3","3","5","10","19","4","0","2","1","0","0","0"
"POINT (9.681140046000053 52.409494577000032)","Unfall 227044 (2019) Kat:3, Licht: 0","227044","3","3","5","10","13","3","1","0","1","0","0","0"
"POINT (9.710933001000058 52.341935000000035)","Unfall 227045 (2019) Kat:3, Licht: 2","227045","3","2","5","10","19","3","0","2","1","1","0","0"
"POINT (9.854243339000050 52.391360779000081)","Unfall 227046 (2019) Kat:3, Licht: 0","227046","3","3","5","10","15","3","0","0","0","1","0","0"
"POINT (9.762517417000026 52.340852326000061)","Unfall 227047 (2019) Kat:3, Licht: 0","227047","3","3","5","10","15","3","0","0","0","1","0","1"
"POINT (9.757983014000047 52.388730044000056)","Unfall 227048 (2019) Kat:2, Licht: 2","227048","2","5","1","10","22","3","0","2","0","1","0","0"
"POINT (9.804972689000067 52.399504000000036)","Unfall 227051 (2019) Kat:3, Licht: 2","227051","3","4","6","10","20","3","0","2","0","1","1","0"
"POINT (9.689727624000057 52.364740975000075)","Unfall 227052 (2019) Kat:2, Licht: 0","227052","2","2","5","10","14","3","0","0","1","1","0","0"
"POINT (9.739993564000031 52.361985015000073)","Unfall 227087 (2019) Kat:3, Licht: 0","227087","3","6","2","10","07","2","1","0","0","1","0","0"
"POINT (9.738470668000048 52.363348725000037)","Unfall 227089 (2019) Kat:3, Licht: 0","227089","3","2","5","10","14","2","0","0","1","1","0","0"
"POINT (9.790362103000064 52.402558716000044)","Unfall 227107 (2019) Kat:3, Licht: 2","227107","3","6","3","10","22","1","1","2","0","1","0","0"
"POINT (9.799147879000032 52.402755704000072)","Unfall 227109 (2019) Kat:3, Licht: 2","227109","3","3","5","10","19","1","1","2","1","1","0","0"
"POINT (9.833821289000071 52.387332159000039)","Unfall 227125 (2019) Kat:3, Licht: 0","227125","3","3","5","10","12","7","0","0","1","1","0","0"
"POINT (9.717681111000047 52.390863275000072)","Unfall 227126 (2019) Kat:3, Licht: 2","227126","3","7","0","10","00","7","0","2","0","0","0","0"
"POINT (9.724510340000052 52.385264133000078)","Unfall 227128 (2019) Kat:3, Licht: 0","227128","3","7","6","10","12","7","0","0","1","0","1","0"
"POINT (9.718777050000028 52.373821078000049)","Unfall 227129 (2019) Kat:2, Licht: 2","227129","2","1","0","10","01","7","0","2","0","0","0","0"
"POINT (9.740565064000066 52.361474577000081)","Unfall 227154 (2019) Kat:3, Licht: 1","227154","3","2","4","10","07","6","1","1","1","1","0","0"
"POINT (9.821297573000038 52.343006862000038)","Unfall 227155 (2019) Kat:3, Licht: 1","227155","3","3","5","10","17","6","0","1","0","1","0","0"
"POINT (9.755463017000068 52.344058981000046)","Unfall 227158 (2019) Kat:3, Licht: 0","227158","3","5","1","10","15","6","0","0","0","1","0","0"
"POINT (9.691804427000022 52.329641855000034)","Unfall 227159 (2019) Kat:2, Licht: 0","227159","2","2","5","10","12","6","0","0","1","1","0","0"
"POINT (9.689749759000051 52.343400173000077)","Unfall 227206 (2019) Kat:2, Licht: 0","227206","2","1","0","11","10","7","1","0","1","0","0","0"
"POINT (9.734091552000052 52.381358975000069)","Unfall 227207 (2019) Kat:3, Licht: 0","227207","3","6","2","11","11","7","1","0","0","1","0","0"
"POINT (9.739461461000076 52.380825084000037)","Unfall 227234 (2019) Kat:3, Licht: 0","227234","3","2","4","11","13","6","0","0","1","1","0","0"
"POINT (9.716859880000072 52.372748478000062)","Unfall 227240 (2019) Kat:3, Licht: 2","227240","3","6","2","11","18","6","1","2","0","1","0","0"
"POINT (9.721515694000061 52.380362122000065)","Unfall 227261 (2019) Kat:3, Licht: 2","227261","3","5","1","10","04","5","0","2","0","1","0","0"
"POINT (9.750161380000066 52.396248868000043)","Unfall 227262 (2019) Kat:3, Licht: 0","227262","3","1","1","10","12","5","0","0","0","1","0","0"
"POINT (9.732285766000075 52.363586088000034)","Unfall 227263 (2019) Kat:2, Licht: 2","227263","2","4","6","10","05","5","0","2","0","1","1","0"
"POINT (9.718875610000055 52.374135698000032)","Unfall 227264 (2019) Kat:2, Licht: 2","227264","2","7","0","10","01","5","0","2","1","0","0","0"
"POINT (9.776753046000067 52.416477330000077)","Unfall 227289 (2019) Kat:3, Licht: 2","227289","3","7","0","10","18","4","0","2","0","0","1","0"
"POINT (9.805225894000046 52.408461548000048)","Unfall 227290 (2019) Kat:3, Licht: 0","227290","3","2","3","10","15","4","0","0","1","1","0","0"
"POINT (9.791195828000070 52.374440069000059)","Unfall 227292 (2019) Kat:3, Licht: 0","227292","3","3","5","10","15","4","0","0","1","0","0","0"
"POINT (9.761298994000072 52.379997353000078)","Unfall 227293 (2019) Kat:3, Licht: 0","227293","3","3","5","10","16","4","0","0","0","1","0","0"
"POINT (9.735847076000027 52.380779802000063)","Unfall 227294 (2019) Kat:3, Licht: 0","227294","3","6","2","10","14","4","0","0","0","1","0","0"
"POINT (9.707918666000069 52.376436097000067)","Unfall 227295 (2019) Kat:3, Licht: 1","227295","3","3","5","10","07","4","0","1","1","1","0","0"
"POINT (9.709210522000035 52.375987131000045)","Unfall 227322 (2019) Kat:3, Licht: 0","227322","3","6","2","10","14","3","0","0","1","1","0","0"
"POINT (9.708117652000055 52.377811942000051)","Unfall 227323 (2019) Kat:3, Licht: 0","227323","3","6","0","10","12","3","0","0","1","1","0","0"
"POINT (9.763425080000047 52.374964850000026)","Unfall 227324 (2019) Kat:3, Licht: 0","227324","3","2","4","10","12","3","0","0","1","1","0","0"
"POINT (9.805384627000024 52.412344244000053)","Unfall 227327 (2019) Kat:3, Licht: 0","227327","3","2","5","10","12","3","0","0","1","1","0","0"
"POINT (9.685840665000058 52.404097812000032)","Unfall 227328 (2019) Kat:3, Licht: 0","227328","3","7","0","10","09","3","0","0","1","0","0","0"
"POINT (9.697431419000054 52.413561089000041)","Unfall 227367 (2019) Kat:3, Licht: 0","227367","3","6","2","10","14","2","0","0","0","1","0","0"
"POINT (9.798547904000031 52.392137188000049)","Unfall 227370 (2019) Kat:3, Licht: 2","227370","3","2","5","10","18","2","0","2","1","1","0","0"
"POINT (9.749082157000032 52.377804578000053)","Unfall 227371 (2019) Kat:3, Licht: 0","227371","3","3","5","10","08","2","0","0","1","1","0","0"
"POINT (9.708491382000034 52.367150009000056)","Unfall 227394 (2019) Kat:3, Licht: 2","227394","3","3","5","10","18","1","0","2","1","1","0","0"
"POINT (9.726498809000077 52.394784518000051)","Unfall 227420 (2019) Kat:3, Licht: 0","227420","3","3","5","10","14","7","0","0","1","1","0","0"
"POINT (9.748891674000049 52.389208773000064)","Unfall 227423 (2019) Kat:3, Licht: 2","227423","3","7","0","10","01","7","0","2","1","0","0","0"
"POINT (9.722354531000065 52.385100584000043)","Unfall 227444 (2019) Kat:3, Licht: 0","227444","3","2","5","11","12","1","0","0","1","1","0","0"
"POINT (9.734349411000039 52.374208749000047)","Unfall 227445 (2019) Kat:3, Licht: 2","227445","3","4","6","11","01","1","0","2","0","1","1","0"
"POINT (9.736044831000072 52.416100252000035)","Unfall 227447 (2019) Kat:3, Licht: 0","227447","3","3","5","11","11","1","0","0","1","1","0","0"
"POINT (9.695662411000058 52.408824275000029)","Unfall 227466 (2019) Kat:3, Licht: 2","227466","3","2","4","11","17","7","0","2","0","1","0","1"
"POINT (9.769967145000067 52.338390747000062)","Unfall 227468 (2019) Kat:3, Licht: 0","227468","3","7","0","11","15","7","1","0","0","0","0","1"
"POINT (9.725534050000022 52.382297495000046)","Unfall 227502 (2019) Kat:3, Licht: 2","227502","3","5","1","11","17","6","0","2","1","0","0","0"
"POINT (9.781451703000073 52.407649108000044)","Unfall 227507 (2019) Kat:3, Licht: 2","227507","3","3","5","11","06","6","1","2","1","1","0","0"
"POINT (9.704582019000043 52.374445892000040)","Unfall 227539 (2019) Kat:3, Licht: 1","227539","3","1","0","11","16","5","1","1","1","0","0","0"
"POINT (9.795575160000055 52.375549839000030)","Unfall 227540 (2019) Kat:3, Licht: 0","227540","3","3","5","11","15","5","0","0","1","1","0","0"
"POINT (9.753566617000047 52.369447412000056)","Unfall 227541 (2019) Kat:3, Licht: 0","227541","3","6","2","11","15","5","1","0","0","1","0","0"
"POINT (9.742298243000050 52.370225755000035)","Unfall 227542 (2019) Kat:3, Licht: 0","227542","3","7","0","11","13","5","0","0","1","0","0","0"
"POINT (9.734243678000041 52.384921213000041)","Unfall 227544 (2019) Kat:2, Licht: 2","227544","2","3","5","11","22","5","0","2","1","1","0","0"
"POINT (9.751544666000029 52.389186926000036)","Unfall 227545 (2019) Kat:3, Licht: 2","227545","3","2","5","11","18","5","1","2","1","1","0","0"
"POINT (9.741334155000061 52.393653779000033)","Unfall 227546 (2019) Kat:3, Licht: 2","227546","3","7","0","11","18","5","1","2","0","0","0","1"
"POINT (9.736738875000071 52.375525585000048)","Unfall 227547 (2019) Kat:3, Licht: 0","227547","3","7","6","11","13","5","0","0","1","0","1","0"
"POINT (9.745117731000050 52.413256409000041)","Unfall 227548 (2019) Kat:3, Licht: 0","227548","3","7","0","11","07","5","1","0","1","0","0","0"
"POINT (9.725818494000066 52.370001510000066)","Unfall 227582 (2019) Kat:3, Licht: 0","227582","3","7","6","11","12","4","0","0","0","1","1","0"
"POINT (9.771781291000025 52.342960254000047)","Unfall 227583 (2019) Kat:3, Licht: 1","227583","3","6","3","11","07","4","1","1","0","1","0","0"
"POINT (9.722020811000050 52.386998223000035)","Unfall 227584 (2019) Kat:3, Licht: 0","227584","3","3","5","11","12","4","1","0","1","1","0","0"
"POINT (9.734204905000070 52.384720096000081)","Unfall 227585 (2019) Kat:3, Licht: 0","227585","3","1","0","11","08","4","1","0","0","0","0","1"
"POINT (9.749331820000066 52.378686880000032)","Unfall 227586 (2019) Kat:3, Licht: 0","227586","3","6","4","11","09","4","1","0","1","1","0","0"
"POINT (9.663740212000050 52.382016864000036)","Unfall 227587 (2019) Kat:3, Licht: 0","227587","3","7","0","11","11","4","1","0","1","0","0","0"
"POINT (9.656554285000027 52.407436872000062)","Unfall 227588 (2019) Kat:3, Licht: 0","227588","3","2","5","11","08","4","1","0","0","0","0","0"
"POINT (9.713352109000027 52.372295316000077)","Unfall 227617 (2019) Kat:3, Licht: 1","227617","3","5","1","11","16","3","1","1","0","1","0","0"
"POINT (9.819013461000054 52.320063701000038)","Unfall 227618 (2019) Kat:3, Licht: 2","227618","3","2","3","11","19","3","1","2","1","1","0","0"
"POINT (9.719192560000067 52.416276447000030)","Unfall 227619 (2019) Kat:3, Licht: 2","227619","3","6","3","11","18","3","0","2","1","0","0","0"
"POINT (9.726814691000072 52.382120079000060)","Unfall 227620 (2019) Kat:3, Licht: 0","227620","3","7","6","11","10","3","0","0","0","0","1","0"
"POINT (9.684178405000068 52.366268452000043)","Unfall 227622 (2019) Kat:3, Licht: 0","227622","3","3","5","11","16","3","1","0","0","0","0","0"
"POINT (9.778507057000070 52.399323716000026)","Unfall 227623 (2019) Kat:3, Licht: 0","227623","3","6","2","11","14","3","1","0","0","1","0","0"
"POINT (9.788879018000046 52.359028308000063)","Unfall 227660 (2019) Kat:3, Licht: 0","227660","3","6","2","11","08","2","1","0","0","1","0","0"
"POINT (9.723322686000074 52.381779155000061)","Unfall 227661 (2019) Kat:3, Licht: 2","227661","3","5","1","11","18","2","0","2","1","1","0","0"
"POINT (9.729802092000057 52.376352176000069)","Unfall 227662 (2019) Kat:3, Licht: 0","227662","3","3","5","11","08","2","1","0","1","1","0","0"
"POINT (9.771429918000024 52.397601180000038)","Unfall 227663 (2019) Kat:3, Licht: 2","227663","3","2","5","11","20","2","0","2","0","0","0","0"
"POINT (9.739501482000037 52.380855991000033)","Unfall 227664 (2019) Kat:3, Licht: 0","227664","3","2","5","11","09","2","1","0","1","0","0","0"
"POINT (9.740954114000033 52.404663890000052)","Unfall 227665 (2019) Kat:3, Licht: 0","227665","3","6","2","11","08","2","1","0","0","1","0","0"
"POINT (9.663738744000057 52.382215365000036)","Unfall 227698 (2019) Kat:3, Licht: 0","227698","3","3","5","11","09","3","1","0","0","1","0","0"
"POINT (9.736801975000049 52.381268828000032)","Unfall 227703 (2019) Kat:3, Licht: 2","227703","3","5","3","11","18","3","0","2","1","0","0","0"
"POINT (9.791639355000029 52.402932745000044)","Unfall 227704 (2019) Kat:3, Licht: 2","227704","3","2","5","11","18","3","0","2","0","1","0","0"
"POINT (9.783445184000073 52.338355566000075)","Unfall 227705 (2019) Kat:2, Licht: 2","227705","2","4","6","11","07","3","1","2","0","1","1","0"
"POINT (9.708840935000069 52.366063068000074)","Unfall 227743 (2019) Kat:3, Licht: 0","227743","3","2","6","11","14","2","1","0","0","1","1","0"
"POINT (9.692375443000060 52.365075320000074)","Unfall 227744 (2019) Kat:3, Licht: 0","227744","3","5","5","11","10","2","1","0","1","1","0","0"
"POINT (9.719669670000030 52.366764350000039)","Unfall 227745 (2019) Kat:3, Licht: 0","227745","3","6","2","11","08","2","1","0","0","1","0","0"
"POINT (9.706857384000045 52.407811871000035)","Unfall 227747 (2019) Kat:3, Licht: 1","227747","3","3","5","11","16","2","1","1","0","1","0","0"
"POINT (9.797992637000050 52.392268733000037)","Unfall 227748 (2019) Kat:2, Licht: 2","227748","2","2","6","11","17","2","1","2","0","1","1","0"
"POINT (9.728469687000029 52.372883741000066)","Unfall 227749 (2019) Kat:2, Licht: 0","227749","2","2","0","11","14","2","1","0","1","1","0","0"
"POINT (9.724513749000039 52.372939442000074)","Unfall 227750 (2019) Kat:3, Licht: 0","227750","3","4","0","11","14","2","1","0","0","0","1","0"
"POINT (9.763545172000022 52.400116168000068)","Unfall 227751 (2019) Kat:3, Licht: 0","227751","3","2","5","11","13","2","1","0","1","1","0","0"