WKT,Name,OBJECTID,UKATEGORIE,UTYP1,UART,UMONAT,USTUNDE,UWOCHENTAG,STRZUSTAND,ULICHTVERH,ISTRAD,ISTPKW,ISTFUSS,ISTKRAD
"POINT (9.714232545000073 52.366398284000070)","Unfall 227764 (2019) Kat:3, Licht: 2","227764","3","2","4","11","18","1","1","2","1","1","0","0"
"POINT (9.773280192000073 52.375792591000049)","Unfall 227765 (2019) Kat:3, Licht: 0","227765","3","6","2","11","13","1","0","0","0","1","0","0"
"POINT (9.693527649000032 52.333277784000074)","Unfall 227768 (2019) Kat:3, Licht: 0","227768","3","7","0","11","14","1","1","0","0","0","0","1"
"POINT (9.752461039000025 52.357589621000045)","Unfall 227784 (2019) Kat:3, Licht: 1","227784","3","6","2","11","08","7","1","1","0","1","0","0"
"POINT (9.759251105000033 52.361625594000031)","Unfall 227785 (2019) Kat:3, Licht: 0","227785","3","2","2","11","11","7","1","0","0","1","0","0"
"POINT (9.789489850000052 52.394569679000028)","Unfall 227786 (2019) Kat:3, Licht: 2","227786","3","7","0","11","20","7","0","2","0","1","0","0"
"POINT (9.701341221000064 52.395897208000065)","Unfall 227788 (2019) Kat:3, Licht: 0","227788","3","3","5","11","12","7","1","0","0","1","0","0"
"POINT (9.754312378000066 52.402592059000028)","Unfall 227789 (2019) Kat:3, Licht: 2","227789","3","7","0","11","07","7","1","2","1","0","0","0"
"POINT (9.695766675000073 52.408951944000080)","Unfall 227811 (2019) Kat:3, Licht: 2","227811","3","1","1","11","19","6","0","2","0","1","0","0"
"POINT (9.748487343000022 52.388721692000047)","Unfall 227812 (2019) Kat:3, Licht: 0","227812","3","5","1","11","16","6","0","0","1","1","0","0"
"POINT (9.722872578000022 52.375807066000050)","Unfall 227813 (2019) Kat:3, Licht: 0","227813","3","2","0","11","13","6","0","0","1","1","0","0"
"POINT (9.743900164000024 52.386744644000032)","Unfall 227814 (2019) Kat:3, Licht: 1","227814","3","3","5","11","08","6","0","1","1","1","0","0"
"POINT (9.746669428000075 52.383007363000047)","Unfall 227815 (2019) Kat:3, Licht: 1","227815","3","7","0","11","07","6","0","1","1","0","0","0"
"POINT (9.705973167000025 52.372268324000061)","Unfall 227855 (2019) Kat:3, Licht: 0","227855","3","7","0","11","15","5","1","0","1","0","0","0"
"POINT (9.755436255000063 52.360472114000061)","Unfall 227856 (2019) Kat:3, Licht: 0","227856","3","5","0","11","11","5","0","0","1","1","0","0"
"POINT (9.738833714000066 52.388081800000066)","Unfall 227857 (2019) Kat:3, Licht: 0","227857","3","2","2","11","15","5","0","0","1","1","0","0"
"POINT (9.733146910000073 52.382562826000026)","Unfall 227859 (2019) Kat:2, Licht: 2","227859","2","3","5","11","20","5","0","2","1","1","0","0"
"POINT (9.729488045000039 52.346542445000068)","Unfall 227860 (2019) Kat:2, Licht: 0","227860","2","3","5","11","14","5","0","0","1","0","0","0"
"POINT (9.740762957000072 52.398699381000029)","Unfall 227861 (2019) Kat:2, Licht: 0","227861","2","3","5","11","10","5","0","0","1","1","0","0"
"POINT (9.841201200000057 52.341252893000046)","Unfall 227882 (2019) Kat:3, Licht: 0","227882","3","3","5","11","08","4","1","0","0","1","0","0"
"POINT (9.759176897000032 52.361545395000064)","Unfall 227883 (2019) Kat:3, Licht: 0","227883","3","3","5","11","09","4","0","0","1","1","0","0"
"POINT (9.805735937000065 52.318269391000058)","Unfall 227907 (2019) Kat:3, Licht: 2","227907","3","6","3","11","18","3","0","2","0","1","0","0"
"POINT (9.750520948000030 52.375288941000065)","Unfall 227908 (2019) Kat:3, Licht: 0","227908","3","2","5","11","07","3","0","0","1","1","0","0"
"POINT (9.806587368000066 52.336336053000082)","Unfall 227909 (2019) Kat:3, Licht: 2","227909","3","6","2","11","17","3","0","2","0","1","0","0"
"POINT (9.766289129000029 52.381778948000033)","Unfall 227910 (2019) Kat:3, Licht: 0","227910","3","6","2","11","13","3","0","0","0","1","0","1"
"POINT (9.732189440000070 52.369699641000068)","Unfall 227911 (2019) Kat:3, Licht: 0","227911","3","3","0","11","12","3","0","0","1","0","0","0"
"POINT (9.714360638000073 52.342254109000066)","Unfall 227912 (2019) Kat:2, Licht: 0","227912","2","2","5","11","09","3","0","0","0","1","0","0"
"POINT (9.680734916000063 52.416100674000063)","Unfall 227936 (2019) Kat:3, Licht: 0","227936","3","3","5","11","07","2","1","0","0","1","0","0"
"POINT (9.689004836000038 52.345846358000074)","Unfall 227937 (2019) Kat:3, Licht: 2","227937","3","3","5","11","17","2","0","2","1","1","0","0"
"POINT (9.714709410000069 52.365338684000051)","Unfall 227938 (2019) Kat:3, Licht: 0","227938","3","7","2","11","09","2","0","0","1","1","0","0"
"POINT (9.755951697000057 52.360529263000046)","Unfall 227939 (2019) Kat:3, Licht: 0","227939","3","2","4","11","07","2","1","0","1","1","0","0"
"POINT (9.733256371000039 52.417789219000042)","Unfall 227940 (2019) Kat:3, Licht: 0","227940","3","3","5","11","16","2","0","0","1","1","0","0"
"POINT (9.781057440000041 52.400118261000046)","Unfall 227984 (2019) Kat:3, Licht: 0","227984","3","6","3","11","11","5","1","0","0","1","0","0"
"POINT (9.746494440000049 52.373326390000045)","Unfall 227985 (2019) Kat:3, Licht: 0","227985","3","7","0","11","08","5","1","0","1","1","0","0"
"POINT (9.757818170000064 52.411308354000028)","Unfall 227988 (2019) Kat:3, Licht: 0","227988","3","7","0","11","14","5","1","0","0","1","0","0"
"POINT (9.741697861000034 52.380253719000052)","Unfall 227989 (2019) Kat:3, Licht: 0","227989","3","3","5","11","07","5","0","0","1","1","0","0"
"POINT (9.722169568000027 52.359213453000052)","Unfall 228021 (2019) Kat:3, Licht: 2","228021","3","3","5","11","21","4","0","2","0","1","0","0"
"POINT (9.750867992000053 52.375871549000067)","Unfall 228022 (2019) Kat:3, Licht: 0","228022","3","1","0","11","15","4","1","0","1","0","0","0"
"POINT (9.729095989000030 52.393705271000044)","Unfall 228026 (2019) Kat:3, Licht: 0","228026","3","4","6","11","15","4","0","0","0","1","1","0"
"POINT (9.751867949000030 52.370840540000074)","Unfall 228046 (2019) Kat:3, Licht: 1","228046","3","6","2","11","15","3","0","1","0","1","0","0"
"POINT (9.741457063000041 52.378290498000069)","Unfall 228047 (2019) Kat:3, Licht: 0","228047","3","6","4","11","13","3","0","0","1","0","0","0"
"POINT (9.742752930000052 52.376391120000051)","Unfall 228049 (2019) Kat:3, Licht: 2","228049","3","7","0","11","17","3","0","2","0","0","1","0"
"POINT (9.721047050000038 52.375985498000034)","Unfall 228069 (2019) Kat:3, Licht: 0","228069","3","4","0","11","07","2","0","0","1","0","1","0"
"POINT (9.855912899000032 52.363307891000034)","Unfall 228070 (2019) Kat:3, Licht: 0","228070","3","3","5","11","13","2","1","0","1","1","0","0"
"POINT (9.794272305000050 52.414226935000045)","Unfall 228073 (2019) Kat:3, Licht: 0","228073","3","3","5","11","10","2","0","0","1","0","0","0"
"POINT (9.717195518000040 52.344979987000045)","Unfall 228074 (2019) Kat:3, Licht: 0","228074","3","3","5","11","08","2","0","0","1","1","0","0"
"POINT (9.855541202000040 52.361340877000032)","Unfall 228085 (2019) Kat:3, Licht: 2","228085","3","5","1","11","17","1","0","2","1","1","0","0"
"POINT (9.673762625000052 52.365311426000062)","Unfall 228098 (2019) Kat:3, Licht: 0","228098","3","3","0","11","14","7","0","0","0","1","0","0"
"POINT (9.778868784000053 52.361956603000067)","Unfall 228101 (2019) Kat:3, Licht: 0","228101","3","6","4","11","11","7","0","0","0","1","0","0"
"POINT (9.829050675000076 52.399503044000028)","Unfall 228133 (2019) Kat:3, Licht: 0","228133","3","3","6","11","08","6","0","0","0","1","1","0"
"POINT (9.724169067000048 52.379733357000077)","Unfall 228134 (2019) Kat:3, Licht: 2","228134","3","3","5","11","19","6","0","2","1","1","0","0"
"POINT (9.737711269000045 52.382127125000068)","Unfall 228135 (2019) Kat:3, Licht: 0","228135","3","6","2","11","12","6","0","0","0","1","0","0"
"POINT (9.790183093000053 52.410368770000048)","Unfall 228139 (2019) Kat:3, Licht: 2","228139","3","2","4","11","17","6","0","2","1","1","0","0"
"POINT (9.760610223000072 52.395871207000027)","Unfall 228167 (2019) Kat:3, Licht: 0","228167","3","3","5","11","15","5","1","0","1","1","0","0"
"POINT (9.796835316000056 52.372733980000078)","Unfall 228169 (2019) Kat:3, Licht: 2","228169","3","7","0","11","17","5","1","2","1","0","0","0"
"POINT (9.756223445000046 52.390620508000040)","Unfall 228170 (2019) Kat:3, Licht: 0","228170","3","3","5","11","12","5","1","0","0","1","0","0"
"POINT (9.724412368000060 52.358465917000046)","Unfall 228202 (2019) Kat:3, Licht: 0","228202","3","6","2","11","08","4","0","0","0","1","0","0"
"POINT (9.744717549000029 52.384954730000061)","Unfall 228203 (2019) Kat:3, Licht: 2","228203","3","5","1","11","21","4","0","2","1","1","0","0"
"POINT (9.742031651000048 52.397739028000046)","Unfall 228204 (2019) Kat:3, Licht: 2","228204","3","5","1","11","19","4","0","2","0","1","0","0"
"POINT (9.721636202000070 52.376491048000048)","Unfall 228206 (2019) Kat:3, Licht: 2","228206","3","1","9","11","18","4","0","2","1","0","0","0"
"POINT (9.752068598000051 52.410442229000068)","Unfall 228207 (2019) Kat:3, Licht: 1","228207","3","3","5","11","16","4","0","1","0","1","0","0"
"POINT (9.653645554000036 52.411965818000056)","Unfall 228208 (2019) Kat:3, Licht: 0","228208","3","3","5","11","10","4","0","0","0","1","0","0"
"POINT (9.756813025000042 52.356676938000078)","Unfall 228227 (2019) Kat:3, Licht: 2","228227","3","3","5","12","19","2","1","2","0","1","0","0"
"POINT (9.748626450000074 52.377645320000056)","Unfall 228228 (2019) Kat:3, Licht: 2","228228","3","2","5","12","19","2","1","2","1","1","0","0"
"POINT (9.775546219000034 52.403836574000081)","Unfall 228229 (2019) Kat:3, Licht: 2","228229","3","4","6","12","18","2","1","2","1","0","1","0"
"POINT (9.674346001000060 52.365363702000082)","Unfall 228230 (2019) Kat:3, Licht: 2","228230","3","6","2","12","18","2","1","2","0","1","0","0"
"POINT (9.735492758000021 52.376746064000031)","Unfall 228258 (2019) Kat:3, Licht: 2","228258","3","1","1","12","18","7","1","2","0","1","0","0"
"POINT (9.765639853000039 52.417873284000052)","Unfall 228259 (2019) Kat:3, Licht: 2","228259","3","7","6","12","18","7","1","2","0","1","1","0"
"POINT (9.747293637000041 52.385473423000064)","Unfall 228282 (2019) Kat:3, Licht: 0","228282","3","4","6","12","14","6","1","0","1","0","1","0"
"POINT (9.714209696000069 52.413431497000033)","Unfall 228285 (2019) Kat:3, Licht: 0","228285","3","5","0","12","12","6","1","0","1","1","0","0"
"POINT (9.733617664000065 52.375595550000071)","Unfall 228286 (2019) Kat:2, Licht: 0","228286","2","2","6","12","09","6","1","0","0","1","1","0"
"POINT (9.670441983000046 52.367118923000078)","Unfall 228322 (2019) Kat:3, Licht: 1","228322","3","3","5","12","16","5","0","1","1","1","0","0"
"POINT (9.730012892000048 52.376806954000074)","Unfall 228323 (2019) Kat:3, Licht: 2","228323","3","5","1","12","18","5","0","2","1","1","0","0"
"POINT (9.695596481000052 52.408838437000043)","Unfall 228325 (2019) Kat:2, Licht: 2","228325","2","2","5","12","17","5","0","2","1","1","0","0"
"POINT (9.663912948000075 52.378019233000032)","Unfall 228354 (2019) Kat:3, Licht: 0","228354","3","2","5","12","11","4","0","0","1","1","0","0"
"POINT (9.754307752000045 52.355440389000080)","Unfall 228355 (2019) Kat:3, Licht: 0","228355","3","6","0","12","15","4","0","0","0","1","0","0"
"POINT (9.794785268000055 52.372224796000069)","Unfall 228356 (2019) Kat:2, Licht: 0","228356","2","7","0","12","11","4","0","0","1","1","0","0"
"POINT (9.769790038000053 52.394747607000056)","Unfall 228357 (2019) Kat:3, Licht: 2","228357","3","3","5","12","07","4","0","2","1","1","0","0"
"POINT (9.722569700000065 52.397539333000054)","Unfall 228358 (2019) Kat:2, Licht: 0","228358","2","4","6","12","07","4","0","0","0","1","1","0"
"POINT (9.775401149000061 52.345010652000042)","Unfall 228385 (2019) Kat:3, Licht: 0","228385","3","3","5","12","12","3","0","0","0","1","0","0"
"POINT (9.731493845000045 52.403143208000074)","Unfall 228387 (2019) Kat:3, Licht: 1","228387","3","7","5","12","16","3","0","1","1","1","0","0"
"POINT (9.720270194000023 52.362031933000026)","Unfall 228413 (2019) Kat:3, Licht: 2","228413","3","7","7","12","18","2","1","2","1","0","1","0"
"POINT (9.782293965000065 52.345345061000046)","Unfall 228414 (2019) Kat:3, Licht: 0","228414","3","6","2","12","08","2","0","0","0","1","0","0"
"POINT (9.722149364000075 52.388949837000041)","Unfall 228415 (2019) Kat:3, Licht: 2","228415","3","2","6","12","18","2","1","2","0","1","1","0"
"POINT (9.667956925000055 52.367058678000035)","Unfall 228457 (2019) Kat:3, Licht: 0","228457","3","1","9","11","15","7","0","0","0","0","0","0"
"POINT (9.747984728000063 52.410345658000040)","Unfall 228458 (2019) Kat:2, Licht: 2","228458","2","6","6","11","18","7","0","2","1","0","1","0"
"POINT (9.785128529000076 52.401124219000053)","Unfall 228459 (2019) Kat:3, Licht: 2","228459","3","1","9","11","17","7","0","2","0","1","0","0"
"POINT (9.743967705000046 52.390459352000050)","Unfall 228460 (2019) Kat:3, Licht: 2","228460","3","3","5","11","02","7","0","2","0","1","0","0"
"POINT (9.615671526000028 52.418632077000041)","Unfall 228487 (2019) Kat:3, Licht: 2","228487","3","6","2","11","19","6","1","2","0","1","0","0"
"POINT (9.703302248000057 52.329808844000070)","Unfall 228488 (2019) Kat:3, Licht: 0","228488","3","5","1","11","16","6","1","0","1","1","0","0"
"POINT (9.724213837000036 52.372850466000045)","Unfall 228489 (2019) Kat:3, Licht: 2","228489","3","7","0","11","18","6","0","2","0","0","0","0"
"POINT (9.751229958000067 52.372341216000052)","Unfall 228491 (2019) Kat:3, Licht: 0","228491","3","2","5","11","15","6","0","0","1","1","0","0"
"POINT (9.710883447000072 52.359374218000028)","Unfall 228492 (2019) Kat:3, Licht: 0","228492","3","2","5","11","14","6","0","0","0","1","0","0"
"POINT (9.705060515000071 52.407339202000060)","Unfall 228493 (2019) Kat:3, Licht: 0","228493","3","3","5","11","13","6","0","0","0","1","0","0"
"POINT (9.758166251000034 52.358470692000026)","Unfall 228494 (2019) Kat:2, Licht: 0","228494","2","7","0","11","10","6","0","0","1","0","0","0"
"POINT (9.780791079000039 52.361405705000038)","Unfall 228495 (2019) Kat:3, Licht: 0","228495","3","6","2","11","09","6","0","0","0","1","0","0"
"POINT (9.767764574000069 52.358121356000026)","Unfall 228502 (2019) Kat:3, Licht: 2","228502","3","2","2","12","16","4","0","2","1","1","0","0"
"POINT (9.729767232000029 52.398353525000061)","Unfall 228506 (2019) Kat:3, Licht: 0","228506","3","3","5","12","13","4","0","0","1","1","0","0"
"POINT (9.712618806000023 52.392404492000026)","Unfall 228507 (2019) Kat:3, Licht: 0","228507","3","5","3","12","13","4","0","0","0","1","0","0"
"POINT (9.741293938000069 52.411358021000069)","Unfall 228510 (2019) Kat:3, Licht: 0","228510","3","3","5","12","11","4","0","0","1","1","0","0"
"POINT (9.753726567000058 52.355383448000055)","Unfall 228511 (2019) Kat:3, Licht: 2","228511","3","7","0","12","07","4","1","2","0","0","0","0"
"POINT (9.731967771000029 52.405435025000031)","Unfall 228537 (2019) Kat:3, Licht: 0","228537","3","3","5","12","16","3","2","0","0","1","0","0"
"POINT (9.763270325000065 52.402257534000057)","Unfall 228538 (2019) Kat:3, Licht: 1","228538","3","6","2","12","07","3","0","1","0","1","0","0"
"POINT (9.764022840000052 52.381157311000038)","Unfall 228539 (2019) Kat:3, Licht: 2","228539","3","6","2","12","17","3","0","2","0","1","0","0"
"POINT (9.734501225000031 52.375400557000034)","Unfall 228540 (2019) Kat:3, Licht: 0","228540","3","6","6","12","13","3","0","0","1","0","1","0"
"POINT (9.760790984000039 52.418599532000030)","Unfall 228546 (2019) Kat:3, Licht: 0","228546","3","4","6","12","15","3","0","0","0","1","1","0"
"POINT (9.808951274000037 52.332180764000043)","Unfall 228547 (2019) Kat:3, Licht: 0","228547","3","6","3","12","12","3","0","0","0","1","0","0"
"POINT (9.724243178000052 52.339064428000029)","Unfall 228577 (2019) Kat:3, Licht: 0","228577","3","5","0","12","08","2","0","0","1","1","0","0"
"POINT (9.733958234000056 52.367180504000032)","Unfall 228578 (2019) Kat:3, Licht: 0","228578","3","1","0","12","11","2","1","0","1","0","0","0"
"POINT (9.749803727000028 52.378035343000079)","Unfall 228579 (2019) Kat:3, Licht: 2","228579","3","3","5","12","17","2","0","2","0","1","0","0"
"POINT (9.739692972000057 52.380994641000029)","Unfall 228591 (2019) Kat:3, Licht: 2","228591","3","7","2","12","04","1","0","2","0","1","0","0"
"POINT (9.653381285000023 52.412448009000059)","Unfall 228609 (2019) Kat:3, Licht: 0","228609","3","6","2","12","12","7","1","0","0","1","0","0"
"POINT (9.819091614000058 52.390575334000062)","Unfall 228611 (2019) Kat:3, Licht: 2","228611","3","3","5","12","20","7","1","2","1","1","0","0"
"POINT (9.737736434000055 52.372483081000041)","Unfall 228612 (2019) Kat:3, Licht: 2","228612","3","4","6","12","01","7","1","2","0","1","1","0"
"POINT (9.731842920000076 52.398584478000032)","Unfall 228632 (2019) Kat:3, Licht: 1","228632","3","4","6","12","07","6","1","1","1","0","1","0"
"POINT (9.833771609000053 52.387380227000051)","Unfall 228635 (2019) Kat:3, Licht: 2","228635","3","2","5","12","16","6","0","2","1","1","0","0"
"POINT (9.741329090000022 52.360180311000079)","Unfall 228636 (2019) Kat:3, Licht: 0","228636","3","5","5","12","13","6","0","0","0","1","0","0"
"POINT (9.752296739000030 52.355071435000070)","Unfall 228637 (2019) Kat:3, Licht: 1","228637","3","4","6","12","07","6","0","1","0","1","1","0"
"POINT (9.740049200000044 52.361906324000074)","Unfall 228670 (2019) Kat:3, Licht: 2","228670","3","4","6","12","20","5","1","2","0","1","1","0"
"POINT (9.806710660000022 52.389136772000029)","Unfall 228671 (2019) Kat:3, Licht: 1","228671","3","6","3","12","16","5","1","1","0","1","0","0"
"POINT (9.743392423000046 52.369152943000074)","Unfall 228672 (2019) Kat:3, Licht: 0","228672","3","2","5","12","13","5","0","0","0","1","0","0"
"POINT (9.832626048000066 52.346621998000046)","Unfall 228697 (2019) Kat:3, Licht: 2","228697","3","5","1","12","18","4","1","2","1","1","0","0"
"POINT (9.775275879000049 52.338897237000026)","Unfall 228698 (2019) Kat:3, Licht: 0","228698","3","2","5","12","09","4","1","0","1","1","0","0"
"POINT (9.795021941000073 52.411703710000040)","Unfall 228699 (2019) Kat:3, Licht: 2","228699","3","6","2","12","18","4","1","2","0","1","0","0"
"POINT (9.742047086000071 52.384118623000063)","Unfall 228704 (2019) Kat:3, Licht: 2","228704","3","4","6","12","21","4","1","2","0","1","1","0"
"POINT (9.712784553000063 52.360851651000075)","Unfall 228705 (2019) Kat:2, Licht: 2","228705","2","4","6","12","19","4","1","2","0","1","1","0"
"POINT (9.653271313000062 52.412678816000039)","Unfall 228706 (2019) Kat:3, Licht: 1","228706","3","4","6","12","17","4","1","1","0","1","1","0"
"POINT (9.728310787000055 52.358977849000041)","Unfall 228707 (2019) Kat:2, Licht: 0","228707","2","3","5","12","13","4","1","0","1","1","0","0"
"POINT (9.737757855000041 52.382091660000071)","Unfall 228708 (2019) Kat:3, Licht: 0","228708","3","6","2","12","11","4","1","0","0","1","0","0"
"POINT (9.775625458000036 52.363505051000061)","Unfall 228709 (2019) Kat:3, Licht: 0","228709","3","6","2","12","09","4","1","0","0","1","0","0"
"POINT (9.727839235000033 52.372771086000057)","Unfall 228747 (2019) Kat:3, Licht: 2","228747","3","1","0","12","07","3","1","2","1","0","0","0"
"POINT (9.714613044000032 52.367201377000072)","Unfall 228780 (2019) Kat:3, Licht: 2","228780","3","4","0","01","19","6","0","2","0","1","1","0"
"POINT (9.719676431000039 52.367505815000072)","Unfall 228781 (2019) Kat:3, Licht: 0","228781","3","7","0","01","10","6","1","0","1","0","0","0"
"POINT (9.730689287000075 52.391297177000069)","Unfall 228782 (2019) Kat:3, Licht: 2","228782","3","3","5","01","22","6","1","2","0","1","0","0"
"POINT (9.809335979000025 52.398023169000055)","Unfall 228783 (2019) Kat:2, Licht: 0","228783","2","4","6","01","13","6","1","0","0","1","1","0"
"POINT (9.653996132000032 52.410951610000041)","Unfall 228784 (2019) Kat:3, Licht: 0","228784","3","3","5","01","10","6","1","0","0","1","0","0"
"POINT (9.790005152000049 52.410296405000054)","Unfall 228800 (2019) Kat:3, Licht: 2","228800","3","2","5","01","17","5","0","2","0","1","0","0"
"POINT (9.771080570000038 52.397318840000082)","Unfall 228801 (2019) Kat:2, Licht: 1","228801","2","4","6","01","16","5","0","1","0","1","1","0"
"POINT (9.748766757000055 52.396816299000079)","Unfall 228802 (2019) Kat:3, Licht: 0","228802","3","3","5","01","15","5","0","0","1","1","0","0"
"POINT (9.789840847000050 52.410268325000061)","Unfall 228827 (2019) Kat:3, Licht: 2","228827","3","7","0","01","19","3","1","2","1","0","0","0"
"POINT (9.693374823000056 52.329460234000067)","Unfall 228840 (2019) Kat:3, Licht: 0","228840","3","6","3","12","12","3","0","0","1","1","0","0"
"POINT (9.692091604000041 52.336762946000079)","Unfall 228842 (2019) Kat:3, Licht: 0","228842","3","5","2","12","12","3","0","0","0","1","0","1"
"POINT (9.787835959000063 52.397533060000058)","Unfall 228843 (2019) Kat:3, Licht: 2","228843","3","4","6","12","04","3","0","2","0","1","1","0"
"POINT (9.722562944000060 52.351747994000050)","Unfall 228856 (2019) Kat:3, Licht: 2","228856","3","4","6","12","19","2","0","2","0","1","1","0"
"POINT (9.757933597000033 52.336990085000082)","Unfall 228863 (2019) Kat:3, Licht: 0","228863","3","2","5","12","11","1","1","0","0","1","0","0"
"POINT (9.771825841000066 52.338776500000051)","Unfall 228864 (2019) Kat:2, Licht: 0","228864","2","2","5","12","15","1","0","0","1","1","0","0"
"POINT (9.786190883000074 52.344518966000066)","Unfall 228876 (2019) Kat:3, Licht: 0","228876","3","7","8","12","13","7","1","0","1","0","0","0"
"POINT (9.755049374000066 52.374976855000057)","Unfall 228877 (2019) Kat:3, Licht: 2","228877","3","5","1","12","00","7","0","2","1","1","0","0"
"POINT (9.859532945000069 52.368081689000064)","Unfall 228878 (2019) Kat:3, Licht: 2","228878","3","7","9","12","19","7","0","2","1","0","0","0"
"POINT (9.722007147000056 52.378050705000078)","Unfall 228893 (2019) Kat:3, Licht: 0","228893","3","5","0","12","11","6","0","0","1","1","0","0"
"POINT (9.702792020000061 52.369335954000064)","Unfall 228905 (2019) Kat:3, Licht: 0","228905","3","3","5","12","14","4","1","0","0","1","0","0"
"POINT (9.747387076000052 52.394763293000040)","Unfall 228907 (2019) Kat:3, Licht: 2","228907","3","1","0","12","21","4","1","2","1","0","0","0"
"POINT (9.702053864000050 52.334230968000043)","Unfall 228916 (2019) Kat:3, Licht: 0","228916","3","7","0","12","12","3","1","0","1","0","0","0"
"POINT (9.748922818000040 52.384487327000045)","Unfall 228917 (2019) Kat:3, Licht: 0","228917","3","5","1","12","13","3","1","0","1","1","0","0"
"POINT (9.743681419000041 52.377135427000042)","Unfall 228918 (2019) Kat:3, Licht: 0","228918","3","2","4","12","11","3","0","0","0","1","0","0"
"POINT (9.734747564000031 52.380178575000059)","Unfall 228946 (2019) Kat:3, Licht: 2","228946","3","6","2","12","18","1","0","2","0","1","0","0"
"POINT (9.736884319000069 52.404613721000032)","Unfall 228947 (2019) Kat:2, Licht: 2","228947","2","3","5","12","16","1","0","2","0","1","0","1"
"POINT (9.674895256000070 52.400600666000059)","Unfall 228962 (2019) Kat:3, Licht: 1","228962","3","6","6","12","16","7","0","1","0","1","1","0"
"POINT (9.693555456000070 52.365252722000037)","Unfall 228963 (2019) Kat:3, Licht: 0","228963","3","2","5","12","14","7","0","0","1","1","0","0"
"POINT (9.719774267000048 52.366112199000042)","Unfall 228964 (2019) Kat:3, Licht: 0","228964","3","4","6","12","11","7","0","0","0","1","1","0"
"POINT (9.791500871000039 52.412382295000043)","Unfall 228965 (2019) Kat:3, Licht: 0","228965","3","2","5","12","11","7","0","0","0","1","0","0"
"POINT (9.753422770000043 52.382202742000061)","Unfall 228966 (2019) Kat:3, Licht: 0","228966","3","3","0","12","08","7","0","0","0","1","0","0"
"POINT (9.740374443000064 52.377467710000076)","Unfall 228968 (2019) Kat:3, Licht: 0","228968","3","4","6","12","14","7","0","0","1","0","1","0"
"POINT (9.675436240000067 52.363278758000035)","Unfall 228969 (2019) Kat:2, Licht: 0","228969","2","7","6","12","13","7","0","0","0","1","1","0"
"POINT (9.760618065000074 52.395878823000032)","Unfall 228970 (2019) Kat:3, Licht: 2","228970","3","1","9","12","02","7","1","2","0","1","0","0"
"POINT (9.707371665000039 52.359685166000077)","Unfall 228999 (2019) Kat:3, Licht: 0","228999","3","3","5","12","13","6","0","0","0","1","0","0"
"POINT (9.752486800000042 52.359619526000074)","Unfall 229000 (2019) Kat:3, Licht: 0","229000","3","3","5","12","09","6","0","0","1","0","0","0"
"POINT (9.676013293000040 52.374467706000075)","Unfall 229022 (2019) Kat:3, Licht: 2","229022","3","6","4","12","18","5","0","2","0","1","0","0"
"POINT (9.761130293000065 52.363483959000064)","Unfall 229023 (2019) Kat:3, Licht: 0","229023","3","3","5","12","15","5","1","0","0","1","0","0"
"POINT (9.745004544000040 52.357663262000074)","Unfall 229024 (2019) Kat:3, Licht: 0","229024","3","6","2","12","11","5","0","0","0","1","0","0"
"POINT (9.771781291000025 52.342960254000047)","Unfall 229025 (2019) Kat:3, Licht: 0","229025","3","6","2","12","15","5","0","0","0","1","0","0"
"POINT (9.731525771000065 52.406405718000030)","Unfall 229026 (2019) Kat:3, Licht: 2","229026","3","6","1","12","17","5","0","2","0","1","0","1"
"POINT (9.780113482000047 52.399755935000030)","Unfall 229027 (2019) Kat:3, Licht: 0","229027","3","3","5","12","09","5","1","0","0","1","0","0"
"POINT (9.809078427000031 52.332190392000030)","Unfall 229031 (2019) Kat:3, Licht: 2","229031","3","7","0","12","18","5","0","2","0","1","0","0"
"POINT (9.760379073000024 52.337200962000054)","Unfall 229032 (2019) Kat:2, Licht: 0","229032","2","3","5","12","14","5","0","0","1","1","0","0"
"POINT (9.694420796000031 52.352773311000078)","Unfall 229033 (2019) Kat:3, Licht: 0","229033","3","7","0","12","11","5","0","0","1","0","0","0"
"POINT (9.677302245000021 52.395947370000044)","Unfall 229076 (2019) Kat:3, Licht: 2","229076","3","3","5","01","20","1","1","2","1","1","0","0"
"POINT (9.701054671000065 52.366355883000040)","Unfall 229090 (2019) Kat:3, Licht: 0","229090","3","3","5","01","10","7","1","0","1","1","0","0"
"POINT (9.706916773000046 52.371624348000068)","Unfall 229113 (2019) Kat:3, Licht: 2","229113","3","2","0","01","22","6","0","2","1","0","0","0"
"POINT (9.716073428000073 52.362328716000036)","Unfall 229114 (2019) Kat:3, Licht: 0","229114","3","2","2","01","11","6","1","0","0","1","0","0"
"POINT (9.803252750000070 52.378717841000082)","Unfall 229115 (2019) Kat:3, Licht: 0","229115","3","7","0","01","09","6","1","0","1","1","0","0"
"POINT (9.807829332000040 52.331977825000081)","Unfall 229116 (2019) Kat:3, Licht: 0","229116","3","1","4","01","13","6","1","0","0","1","0","0"
"POINT (9.721383199000059 52.379244995000079)","Unfall 229117 (2019) Kat:3, Licht: 0","229117","3","3","5","01","13","6","1","0","1","1","0","0"