WKT,Name,OBJECTID,UKATEGORIE,UTYP1,UART,UMONAT,USTUNDE,UWOCHENTAG,STRZUSTAND,ULICHTVERH,ISTRAD,ISTPKW,ISTFUSS,ISTKRAD
"POINT (9.762411709000048 52.342426238000030)","Unfall 229120 (2019) Kat:3, Licht: 2","229120","3","2","2","01","21","6","1","2","0","1","0","0"
"POINT (9.790055755000026 52.410325216000047)","Unfall 229121 (2019) Kat:3, Licht: 0","229121","3","3","5","01","12","6","1","0","0","1","0","0"
"POINT (9.737060990000032 52.381419490000042)","Unfall 229122 (2019) Kat:3, Licht: 1","229122","3","1","0","01","07","6","1","1","1","0","0","0"
"POINT (9.810073660000057 52.386509344000046)","Unfall 229146 (2019) Kat:3, Licht: 0","229146","3","3","5","01","14","5","0","0","0","1","0","0"
"POINT (9.734257558000024 52.377341447000049)","Unfall 229147 (2019) Kat:3, Licht: 0","229147","3","7","0","01","08","5","0","0","1","0","1","0"
"POINT (9.716114812000058 52.380634096000051)","Unfall 229149 (2019) Kat:3, Licht: 0","229149","3","5","0","01","10","5","0","0","1","1","0","0"
"POINT (9.748581149000074 52.373498416000075)","Unfall 229203 (2019) Kat:3, Licht: 2","229203","3","5","0","01","17","3","1","2","1","1","0","0"
"POINT (9.706506672000046 52.367166487000077)","Unfall 229207 (2019) Kat:2, Licht: 2","229207","2","6","3","01","17","3","1","2","1","1","0","0"
"POINT (9.614619459000039 52.417910294000080)","Unfall 229246 (2019) Kat:3, Licht: 0","229246","3","6","2","01","11","2","1","0","0","1","0","0"
"POINT (9.798577321000039 52.392136948000029)","Unfall 229247 (2019) Kat:3, Licht: 1","229247","3","2","5","01","18","2","1","1","1","1","0","0"
"POINT (9.718272421000052 52.397959309000044)","Unfall 229248 (2019) Kat:3, Licht: 0","229248","3","3","5","01","14","2","1","0","1","1","0","0"
"POINT (9.710939249000035 52.342041823000045)","Unfall 229251 (2019) Kat:3, Licht: 2","229251","3","4","6","01","16","2","1","2","0","1","1","0"
"POINT (9.725244051000061 52.397812465000072)","Unfall 229252 (2019) Kat:2, Licht: 1","229252","2","6","2","01","16","2","1","1","0","1","0","0"
"POINT (9.698976163000054 52.368635563000055)","Unfall 229253 (2019) Kat:3, Licht: 1","229253","3","6","8","01","07","2","1","1","0","1","0","0"
"POINT (9.743387869000060 52.389681669000026)","Unfall 229288 (2019) Kat:3, Licht: 0","229288","3","7","0","01","15","2","1","0","1","0","0","0"
"POINT (9.683370074000038 52.393831905000070)","Unfall 229290 (2019) Kat:3, Licht: 0","229290","3","4","6","01","09","7","1","0","0","1","1","0"
"POINT (9.717725722000068 52.369937781000033)","Unfall 229291 (2019) Kat:3, Licht: 2","229291","3","7","0","01","03","7","1","2","1","0","0","0"
"POINT (9.707926354000051 52.403965455000048)","Unfall 229310 (2019) Kat:3, Licht: 0","229310","3","2","2","01","11","2","0","0","0","1","0","0"
"POINT (9.727497226000025 52.377733557000056)","Unfall 229316 (2019) Kat:3, Licht: 0","229316","3","2","5","01","14","5","0","0","1","0","0","1"
"POINT (9.818489127000021 52.391833811000026)","Unfall 229317 (2019) Kat:3, Licht: 1","229317","3","2","5","01","08","5","0","1","1","0","0","0"
"POINT (9.767149901000039 52.343665876000046)","Unfall 229331 (2019) Kat:3, Licht: 1","229331","3","2","5","01","08","4","0","1","1","1","0","0"
"POINT (9.735665582000024 52.399329055000067)","Unfall 229332 (2019) Kat:3, Licht: 1","229332","3","4","6","01","06","4","0","1","0","1","1","0"
"POINT (9.780825146000041 52.399945183000057)","Unfall 229333 (2019) Kat:3, Licht: 2","229333","3","2","2","01","18","4","0","2","0","1","0","0"
"POINT (9.742739467000035 52.379475218000039)","Unfall 229334 (2019) Kat:3, Licht: 2","229334","3","6","2","01","07","4","0","2","0","1","0","0"
"POINT (9.680637717000025 52.394461443000068)","Unfall 229337 (2019) Kat:1, Licht: 0","229337","1","1","0","01","12","4","0","0","1","0","0","0"
"POINT (9.695617707000054 52.408833878000053)","Unfall 229358 (2019) Kat:3, Licht: 0","229358","3","2","2","01","10","3","0","0","0","1","0","0"
"POINT (9.693266524000023 52.367558398000028)","Unfall 229359 (2019) Kat:3, Licht: 0","229359","3","2","5","01","11","3","0","0","1","0","0","0"
"POINT (9.781792436000046 52.424851394000029)","Unfall 229360 (2019) Kat:3, Licht: 0","229360","3","7","0","01","14","3","0","0","0","0","0","0"
"POINT (9.736055733000057 52.416275218000067)","Unfall 229361 (2019) Kat:3, Licht: 0","229361","3","3","5","01","08","3","0","0","0","1","0","0"
"POINT (9.861676951000050 52.368581424000070)","Unfall 229391 (2019) Kat:3, Licht: 0","229391","3","6","2","01","09","2","0","0","0","1","0","0"
"POINT (9.753292338000051 52.390213232000065)","Unfall 229392 (2019) Kat:3, Licht: 2","229392","3","2","4","01","18","2","1","2","0","1","0","0"
"POINT (9.780968919000031 52.400179162000029)","Unfall 229423 (2019) Kat:3, Licht: 0","229423","3","2","4","01","14","7","0","0","1","1","0","0"
"POINT (9.743107185000042 52.379178077000063)","Unfall 229424 (2019) Kat:3, Licht: 2","229424","3","2","2","01","17","7","0","2","1","1","0","0"
"POINT (9.710905443000058 52.359330256000078)","Unfall 229452 (2019) Kat:3, Licht: 0","229452","3","3","5","01","13","6","0","0","1","1","0","0"
"POINT (9.694314125000062 52.338949912000032)","Unfall 229453 (2019) Kat:3, Licht: 0","229453","3","3","5","01","11","6","1","0","0","1","0","0"
"POINT (9.743626009000025 52.369032430000061)","Unfall 229454 (2019) Kat:3, Licht: 2","229454","3","6","2","01","17","6","0","2","0","1","0","0"
"POINT (9.729695739000022 52.355514907000043)","Unfall 229455 (2019) Kat:3, Licht: 0","229455","3","3","5","01","10","6","1","0","1","0","0","0"
"POINT (9.808722753000041 52.379560752000032)","Unfall 229456 (2019) Kat:3, Licht: 0","229456","3","4","6","01","11","6","0","0","0","0","1","0"
"POINT (9.755887784000038 52.355780367000079)","Unfall 229457 (2019) Kat:3, Licht: 0","229457","3","2","2","01","12","6","1","0","1","1","0","0"
"POINT (9.782430187000045 52.340505835000044)","Unfall 229458 (2019) Kat:3, Licht: 0","229458","3","7","0","01","16","6","0","0","1","0","0","0"
"POINT (9.840726867000058 52.413231759000041)","Unfall 229459 (2019) Kat:3, Licht: 0","229459","3","1","0","01","14","6","2","0","1","0","0","0"
"POINT (9.731392523000068 52.375062433000039)","Unfall 229460 (2019) Kat:3, Licht: 0","229460","3","2","5","01","12","6","1","0","1","1","0","0"
"POINT (9.748902532000045 52.396786500000076)","Unfall 229465 (2019) Kat:2, Licht: 0","229465","2","7","0","01","09","6","2","0","1","0","0","0"
"POINT (9.761355403000039 52.342166342000041)","Unfall 229499 (2019) Kat:3, Licht: 0","229499","3","6","3","01","13","5","0","0","0","1","0","0"
"POINT (9.728214361000028 52.374114252000027)","Unfall 229500 (2019) Kat:3, Licht: 2","229500","3","2","5","01","17","5","1","2","0","1","0","0"
"POINT (9.798005698000054 52.392268352000031)","Unfall 229501 (2019) Kat:3, Licht: 2","229501","3","2","6","01","18","5","1","2","0","1","1","0"
"POINT (9.778365682000072 52.330945367000027)","Unfall 229502 (2019) Kat:3, Licht: 1","229502","3","2","6","01","07","5","1","1","0","1","1","0"
"POINT (9.683862745000056 52.411548012000026)","Unfall 229535 (2019) Kat:3, Licht: 0","229535","3","3","5","01","10","4","0","0","1","1","0","0"
"POINT (9.731222565000053 52.378719529000080)","Unfall 229563 (2019) Kat:3, Licht: 2","229563","3","7","1","01","19","3","1","2","0","1","0","0"
"POINT (9.727643819000036 52.368354187000079)","Unfall 229608 (2019) Kat:3, Licht: 0","229608","3","7","0","02","16","2","0","0","1","1","0","0"
"POINT (9.767480907000049 52.399075609000079)","Unfall 229609 (2019) Kat:3, Licht: 0","229609","3","4","6","02","09","2","2","0","1","1","1","0"
"POINT (9.744417702000021 52.395174098000041)","Unfall 229611 (2019) Kat:3, Licht: 0","229611","3","2","0","02","11","2","0","0","0","1","0","0"
"POINT (9.828558459000021 52.421818314000063)","Unfall 229612 (2019) Kat:3, Licht: 0","229612","3","1","0","02","08","2","2","0","0","0","0","1"
"POINT (9.804545234000045 52.330621716000053)","Unfall 229635 (2019) Kat:3, Licht: 0","229635","3","6","2","02","11","1","0","0","0","1","0","0"
"POINT (9.766200316000038 52.381926057000044)","Unfall 229636 (2019) Kat:3, Licht: 2","229636","3","2","5","02","18","1","1","2","1","1","0","0"
"POINT (9.702647685000045 52.373989394000034)","Unfall 229648 (2019) Kat:3, Licht: 2","229648","3","3","5","02","22","7","1","2","0","1","0","1"
"POINT (9.730459283000073 52.391245958000070)","Unfall 229649 (2019) Kat:3, Licht: 2","229649","3","2","6","02","21","7","1","2","0","1","1","0"
"POINT (9.718441770000027 52.381026219000034)","Unfall 229650 (2019) Kat:3, Licht: 2","229650","3","6","2","02","17","7","1","2","0","1","0","0"
"POINT (9.703030258000069 52.373026401000061)","Unfall 229668 (2019) Kat:3, Licht: 2","229668","3","3","5","02","20","6","1","2","1","1","0","0"
"POINT (9.752720648000036 52.394762262000029)","Unfall 229669 (2019) Kat:3, Licht: 2","229669","3","1","0","02","18","6","2","2","1","0","0","0"
"POINT (9.701638459000037 52.375222668000049)","Unfall 229671 (2019) Kat:2, Licht: 0","229671","2","7","0","02","15","6","0","0","1","0","0","0"
"POINT (9.781636637000077 52.415606322000031)","Unfall 229672 (2019) Kat:3, Licht: 2","229672","3","3","5","02","06","6","0","2","0","1","0","0"
"POINT (9.824935891000052 52.360619962000044)","Unfall 229709 (2019) Kat:3, Licht: 0","229709","3","6","2","01","11","4","0","0","0","1","0","0"
"POINT (9.716373199000032 52.388617512000053)","Unfall 229711 (2019) Kat:3, Licht: 0","229711","3","3","5","01","10","4","0","0","1","1","0","0"
"POINT (9.806681569000034 52.416721054000050)","Unfall 229712 (2019) Kat:3, Licht: 0","229712","3","3","0","01","11","4","0","0","1","0","0","0"
"POINT (9.755220339000061 52.358402201000047)","Unfall 229714 (2019) Kat:3, Licht: 0","229714","3","3","5","01","12","4","0","0","1","1","0","0"
"POINT (9.771721068000034 52.417412883000054)","Unfall 229734 (2019) Kat:3, Licht: 2","229734","3","6","2","01","19","3","1","2","0","1","0","0"
"POINT (9.668174933000046 52.415387945000077)","Unfall 229735 (2019) Kat:3, Licht: 0","229735","3","3","5","01","12","3","0","0","1","1","0","0"
"POINT (9.720884098000056 52.373274339000034)","Unfall 229736 (2019) Kat:3, Licht: 0","229736","3","3","0","01","11","3","1","0","1","0","0","1"
"POINT (9.667376704000048 52.373124760000053)","Unfall 229764 (2019) Kat:3, Licht: 1","229764","3","3","5","01","17","2","1","1","1","1","0","0"
"POINT (9.710815863000050 52.373174350000056)","Unfall 229765 (2019) Kat:3, Licht: 0","229765","3","2","3","01","12","2","1","0","1","1","0","0"
"POINT (9.779743990000043 52.414190603000065)","Unfall 229769 (2019) Kat:3, Licht: 2","229769","3","4","6","01","19","2","1","2","1","0","1","0"
"POINT (9.754199441000026 52.395428418000051)","Unfall 229770 (2019) Kat:2, Licht: 2","229770","2","2","6","01","19","2","1","2","0","1","1","0"
"POINT (9.703218466000067 52.406714209000029)","Unfall 229771 (2019) Kat:3, Licht: 2","229771","3","2","5","01","17","2","1","2","1","1","0","0"
"POINT (9.743735737000066 52.357100884000033)","Unfall 229801 (2019) Kat:3, Licht: 2","229801","3","2","5","01","07","7","1","2","0","1","0","0"
"POINT (9.784667838000075 52.353420091000032)","Unfall 229835 (2019) Kat:3, Licht: 0","229835","3","6","0","02","13","7","0","0","1","0","1","0"
"POINT (9.713855662000071 52.383928419000028)","Unfall 229836 (2019) Kat:3, Licht: 2","229836","3","1","8","02","18","7","0","2","0","1","0","0"
"POINT (9.697813954000026 52.396511449000059)","Unfall 229840 (2019) Kat:2, Licht: 0","229840","2","2","5","02","14","7","0","0","0","1","0","0"
"POINT (9.689599558000055 52.349180377000039)","Unfall 229873 (2019) Kat:3, Licht: 0","229873","3","6","2","02","12","6","0","0","0","1","0","0"
"POINT (9.727917128000058 52.361360924000053)","Unfall 229874 (2019) Kat:3, Licht: 2","229874","3","4","6","02","18","6","0","2","0","1","1","0"
"POINT (9.732715837000058 52.379250361000061)","Unfall 229875 (2019) Kat:3, Licht: 0","229875","3","6","2","02","15","6","0","0","0","1","0","0"
"POINT (9.763271918000044 52.402108381000062)","Unfall 229878 (2019) Kat:3, Licht: 2","229878","3","3","5","02","19","6","0","2","0","1","0","1"
"POINT (9.758082889000036 52.396124384000075)","Unfall 229879 (2019) Kat:3, Licht: 1","229879","3","2","5","02","18","6","0","1","1","1","0","0"
"POINT (9.820831473000055 52.388318575000028)","Unfall 229880 (2019) Kat:3, Licht: 0","229880","3","1","2","02","15","6","0","0","0","1","0","1"
"POINT (9.758542386000045 52.359556521000059)","Unfall 229881 (2019) Kat:3, Licht: 0","229881","3","2","5","02","12","6","0","0","1","1","0","0"
"POINT (9.761920174000068 52.371159447000082)","Unfall 229882 (2019) Kat:3, Licht: 0","229882","3","6","3","02","07","6","0","0","1","1","0","0"
"POINT (9.744998601000077 52.357670924000047)","Unfall 229905 (2019) Kat:3, Licht: 0","229905","3","3","5","02","10","1","0","0","1","1","0","0"
"POINT (9.726363730000060 52.388415917000032)","Unfall 229915 (2019) Kat:3, Licht: 0","229915","3","2","5","02","15","5","0","0","1","1","0","0"
"POINT (9.699943573000041 52.375592827000048)","Unfall 229934 (2019) Kat:3, Licht: 0","229934","3","6","3","02","09","4","1","0","0","1","0","0"
"POINT (9.818345157000067 52.427835168000058)","Unfall 229935 (2019) Kat:3, Licht: 0","229935","3","6","4","02","14","4","0","0","0","1","0","0"
"POINT (9.768909325000038 52.377949112000067)","Unfall 229936 (2019) Kat:3, Licht: 2","229936","3","3","5","02","18","4","0","2","1","1","0","0"
"POINT (9.760028458000022 52.393801433000078)","Unfall 229939 (2019) Kat:3, Licht: 0","229939","3","2","5","02","16","4","0","0","0","1","0","0"
"POINT (9.827910208000048 52.331376083000066)","Unfall 229975 (2019) Kat:3, Licht: 0","229975","3","3","5","02","08","3","0","0","1","1","0","0"
"POINT (9.745653858000026 52.378735488000075)","Unfall 229977 (2019) Kat:3, Licht: 2","229977","3","2","5","02","18","3","0","2","1","1","0","0"
"POINT (9.754194885000061 52.368330952000065)","Unfall 229978 (2019) Kat:2, Licht: 0","229978","2","2","5","02","14","3","0","0","1","1","0","0"
"POINT (9.791801378000059 52.402955794000036)","Unfall 229980 (2019) Kat:2, Licht: 2","229980","2","2","4","02","07","3","0","2","1","1","0","0"
"POINT (9.713764944000047 52.361092174000078)","Unfall 229998 (2019) Kat:3, Licht: 0","229998","3","6","2","02","08","2","1","0","0","1","0","0"
"POINT (9.738042486000040 52.369862122000029)","Unfall 230040 (2019) Kat:3, Licht: 0","230040","3","2","5","02","14","6","0","0","1","1","0","0"
"POINT (9.755489418000025 52.371683001000065)","Unfall 230042 (2019) Kat:3, Licht: 0","230042","3","5","1","02","09","6","0","0","1","1","0","0"
"POINT (9.713300316000073 52.371440785000061)","Unfall 230068 (2019) Kat:3, Licht: 0","230068","3","3","0","02","12","5","0","0","1","0","0","0"
"POINT (9.807513586000027 52.397802073000037)","Unfall 230095 (2019) Kat:3, Licht: 0","230095","3","3","5","02","15","4","0","0","1","1","0","0"
"POINT (9.736334451000062 52.375846609000064)","Unfall 230096 (2019) Kat:3, Licht: 1","230096","3","7","5","02","17","4","0","1","1","1","0","0"
"POINT (9.800293499000077 52.376779232000047)","Unfall 230103 (2019) Kat:3, Licht: 0","230103","3","4","6","02","09","1","0","0","0","1","1","0"
"POINT (9.723623196000062 52.368494636000037)","Unfall 230126 (2019) Kat:3, Licht: 2","230126","3","7","0","02","18","4","0","2","1","0","0","0"
"POINT (9.743626009000025 52.369032430000061)","Unfall 230127 (2019) Kat:3, Licht: 0","230127","3","6","2","02","11","4","0","0","0","1","0","0"
"POINT (9.692792309000026 52.367462544000034)","Unfall 230128 (2019) Kat:3, Licht: 0","230128","3","2","5","02","16","4","0","0","1","0","0","0"
"POINT (9.834318963000044 52.351699545000031)","Unfall 230129 (2019) Kat:3, Licht: 0","230129","3","3","5","02","07","4","0","0","1","1","0","0"
"POINT (9.737665895000021 52.412441913000066)","Unfall 230131 (2019) Kat:3, Licht: 0","230131","3","6","4","02","15","4","0","0","0","1","0","0"
"POINT (9.774362443000030 52.398264901000061)","Unfall 230136 (2019) Kat:3, Licht: 0","230136","3","2","5","02","15","4","0","0","0","1","0","0"
"POINT (9.673630059000061 52.365299760000028)","Unfall 230167 (2019) Kat:3, Licht: 0","230167","3","3","5","02","17","3","0","0","1","1","0","0"
"POINT (9.738387004000060 52.373265291000052)","Unfall 230168 (2019) Kat:3, Licht: 1","230168","3","6","6","02","17","3","0","1","1","0","1","0"
"POINT (9.753430012000024 52.381595281000045)","Unfall 230171 (2019) Kat:3, Licht: 2","230171","3","3","5","02","20","3","0","2","1","1","0","0"
"POINT (9.714250231000051 52.371783984000047)","Unfall 230172 (2019) Kat:3, Licht: 0","230172","3","2","5","02","17","3","0","0","1","0","0","0"
"POINT (9.701253131000044 52.395225515000050)","Unfall 230200 (2019) Kat:3, Licht: 0","230200","3","6","0","02","07","2","0","0","1","1","0","0"
"POINT (9.695195968000064 52.365502886000058)","Unfall 230201 (2019) Kat:3, Licht: 0","230201","3","2","5","02","16","2","0","0","1","1","0","0"
"POINT (9.715191779000065 52.361978364000038)","Unfall 230202 (2019) Kat:3, Licht: 0","230202","3","6","2","02","10","2","0","0","0","1","0","0"
"POINT (9.689399658000070 52.364147267000078)","Unfall 230203 (2019) Kat:3, Licht: 2","230203","3","5","1","02","05","2","0","2","0","1","0","0"
"POINT (9.756445738000025 52.390687203000027)","Unfall 230204 (2019) Kat:3, Licht: 0","230204","3","6","2","02","14","2","0","0","0","1","0","0"
"POINT (9.661027067000021 52.353859138000075)","Unfall 230207 (2019) Kat:2, Licht: 0","230207","2","7","0","02","12","2","0","0","1","0","0","0"
"POINT (9.741008696000051 52.398801818000038)","Unfall 230208 (2019) Kat:3, Licht: 0","230208","3","3","5","02","15","2","0","0","1","1","0","0"
"POINT (9.741078352000045 52.377990728000043)","Unfall 230209 (2019) Kat:3, Licht: 0","230209","3","7","0","02","08","2","0","0","0","1","1","0"
"POINT (9.694113694000066 52.403438684000037)","Unfall 230229 (2019) Kat:3, Licht: 0","230229","3","3","5","02","16","1","0","0","0","1","0","0"
"POINT (9.752659758000050 52.394596176000050)","Unfall 230230 (2019) Kat:3, Licht: 0","230230","3","1","0","02","14","1","0","0","0","0","0","1"
"POINT (9.765236625000057 52.378130192000071)","Unfall 230231 (2019) Kat:3, Licht: 0","230231","3","3","5","02","12","1","0","0","0","1","0","0"
"POINT (9.749053055000047 52.377795271000082)","Unfall 230265 (2019) Kat:3, Licht: 0","230265","3","3","5","02","13","6","0","0","1","1","0","0"
"POINT (9.724110962000054 52.372431183000060)","Unfall 230272 (2019) Kat:3, Licht: 0","230272","3","3","5","02","07","5","0","0","1","1","0","0"
"POINT (9.692511399000068 52.329583863000039)","Unfall 230290 (2019) Kat:3, Licht: 0","230290","3","7","6","02","12","5","0","0","0","1","1","0"
"POINT (9.703260749000037 52.406727071000034)","Unfall 230308 (2019) Kat:3, Licht: 2","230308","3","3","5","02","05","4","0","2","1","1","0","0"
"POINT (9.721745454000029 52.353619897000044)","Unfall 230324 (2019) Kat:3, Licht: 0","230324","3","6","6","02","14","3","0","0","1","0","1","0"
"POINT (9.663870666000037 52.381574455000077)","Unfall 230326 (2019) Kat:3, Licht: 1","230326","3","3","5","02","07","3","0","1","1","1","0","0"
"POINT (9.737182452000070 52.392070969000031)","Unfall 230327 (2019) Kat:3, Licht: 0","230327","3","5","5","02","15","3","0","0","1","1","0","0"
"POINT (9.759991987000035 52.365862318000040)","Unfall 230359 (2019) Kat:3, Licht: 0","230359","3","3","5","02","15","2","0","0","1","1","0","0"
"POINT (9.740709938000066 52.398705305000078)","Unfall 230364 (2019) Kat:2, Licht: 2","230364","2","4","6","02","18","2","0","2","1","0","1","0"
"POINT (9.753423165000072 52.382200574000080)","Unfall 230365 (2019) Kat:3, Licht: 0","230365","3","7","0","02","16","2","0","0","0","0","0","1"
"POINT (9.755473325000025 52.391313843000034)","Unfall 230366 (2019) Kat:3, Licht: 0","230366","3","2","5","02","10","2","0","0","1","1","0","0"
"POINT (9.716293353000026 52.399694238000052)","Unfall 230368 (2019) Kat:3, Licht: 2","230368","3","2","6","02","06","2","0","2","0","1","1","0"
"POINT (9.743442749000053 52.338407849000077)","Unfall 230374 (2019) Kat:3, Licht: 0","230374","3","7","0","03","12","2","0","0","0","1","0","0"
"POINT (9.819344913000066 52.321876135000082)","Unfall 230376 (2019) Kat:3, Licht: 2","230376","3","7","0","03","20","2","1","2","0","1","0","0"
"POINT (9.716700630000048 52.362186672000064)","Unfall 230378 (2019) Kat:3, Licht: 0","230378","3","4","6","03","14","2","1","0","0","1","1","0"
"POINT (9.808444888000054 52.386144173000048)","Unfall 230420 (2019) Kat:3, Licht: 0","230420","3","3","5","03","07","7","1","0","0","1","0","0"
"POINT (9.733091760000036 52.393401989000040)","Unfall 230421 (2019) Kat:3, Licht: 1","230421","3","7","1","03","17","7","1","1","1","1","0","0"
"POINT (9.738453528000036 52.381862948000048)","Unfall 230423 (2019) Kat:3, Licht: 2","230423","3","6","2","03","19","7","1","2","0","1","0","0"
"POINT (9.714065245000029 52.342218369000079)","Unfall 230424 (2019) Kat:3, Licht: 0","230424","3","4","6","03","07","7","1","0","0","1","1","0"
"POINT (9.727565337000044 52.361136154000064)","Unfall 230454 (2019) Kat:3, Licht: 0","230454","3","2","5","03","11","6","0","0","1","1","0","0"
"POINT (9.787030191000042 52.398511851000080)","Unfall 230455 (2019) Kat:3, Licht: 1","230455","3","5","1","03","18","6","1","1","0","1","0","0"
"POINT (9.747729280000044 52.373651296000048)","Unfall 230458 (2019) Kat:3, Licht: 2","230458","3","7","0","03","21","6","1","2","1","0","0","0"
"POINT (9.800009402000057 52.406266023000057)","Unfall 230459 (2019) Kat:2, Licht: 0","230459","2","4","6","03","17","6","0","0","0","1","1","0"
"POINT (9.745286184000065 52.378613123000036)","Unfall 230460 (2019) Kat:2, Licht: 0","230460","2","2","0","03","12","6","0","0","0","1","1","0"
"POINT (9.761220021000042 52.370827572000053)","Unfall 230461 (2019) Kat:3, Licht: 0","230461","3","5","1","03","07","6","1","0","1","1","0","0"
"POINT (9.793565943000033 52.332867835000059)","Unfall 230462 (2019) Kat:3, Licht: 2","230462","3","4","6","03","06","6","0","2","0","1","1","0"
"POINT (9.668658585000060 52.414812357000073)","Unfall 230484 (2019) Kat:3, Licht: 0","230484","3","3","5","03","09","3","0","0","1","1","0","0"
"POINT (9.664231691000055 52.409651815000075)","Unfall 230488 (2019) Kat:3, Licht: 0","230488","3","7","0","03","17","5","0","0","0","0","1","0"
"POINT (9.674358471000062 52.408316934000027)","Unfall 230489 (2019) Kat:3, Licht: 0","230489","3","3","5","03","16","5","1","0","0","1","0","1"
"POINT (9.757615727000029 52.391967404000070)","Unfall 230491 (2019) Kat:2, Licht: 2","230491","2","7","0","03","19","5","1","2","1","0","0","0"
"POINT (9.714437858000053 52.343007693000061)","Unfall 230518 (2019) Kat:3, Licht: 0","230518","3","5","1","03","11","4","0","0","0","1","0","0"
"POINT (9.736056022000071 52.416169018000062)","Unfall 230519 (2019) Kat:3, Licht: 0","230519","3","3","5","03","14","4","0","0","0","1","0","0"
"POINT (9.754316723000045 52.368366168000080)","Unfall 230558 (2019) Kat:3, Licht: 0","230558","3","2","0","03","17","3","0","0","0","0","0","1"
"POINT (9.731403571000044 52.393944731000033)","Unfall 230560 (2019) Kat:3, Licht: 0","230560","3","4","6","03","16","3","0","0","0","1","1","0"
"POINT (9.763257355000064 52.402769878000072)","Unfall 230563 (2019) Kat:3, Licht: 0","230563","3","4","6","03","10","3","0","0","0","1","1","0"
"POINT (9.723499661000062 52.387263317000077)","Unfall 230564 (2019) Kat:3, Licht: 0","230564","3","2","6","03","09","3","0","0","0","1","1","0"
"POINT (9.681233068000040 52.348355883000067)","Unfall 230590 (2019) Kat:3, Licht: 0","230590","3","7","0","03","15","2","1","0","1","0","0","0"
"POINT (9.703679830000056 52.373007099000063)","Unfall 230592 (2019) Kat:3, Licht: 0","230592","3","7","1","03","07","2","0","0","1","1","0","0"
"POINT (9.781431211000040 52.410652760000062)","Unfall 230599 (2019) Kat:3, Licht: 0","230599","3","3","5","03","16","3","0","0","0","1","0","0"
"POINT (9.719961730000023 52.367857305000030)","Unfall 230609 (2019) Kat:3, Licht: 2","230609","3","3","5","03","20","1","0","2","1","1","0","0"
"POINT (9.657166719000031 52.409000427000080)","Unfall 230624 (2019) Kat:3, Licht: 0","230624","3","7","0","03","14","7","0","0","0","0","0","1"
"POINT (9.721275744000025 52.376183450000042)","Unfall 230625 (2019) Kat:3, Licht: 0","230625","3","5","0","03","10","7","0","0","0","1","0","1"
"POINT (9.714244851000046 52.371791492000057)","Unfall 230645 (2019) Kat:3, Licht: 0","230645","3","2","5","03","15","6","0","0","1","1","0","0"
"POINT (9.753321447000076 52.390230338000038)","Unfall 230646 (2019) Kat:3, Licht: 2","230646","3","2","3","03","19","6","0","2","1","1","0","0"
"POINT (9.686002045000066 52.413609831000031)","Unfall 230652 (2019) Kat:3, Licht: 0","230652","3","3","5","03","16","6","0","0","1","1","0","0"
"POINT (9.693792407000046 52.400335055000028)","Unfall 230653 (2019) Kat:3, Licht: 0","230653","3","3","5","03","11","6","0","0","1","1","0","0"
"POINT (9.811394697000026 52.348156064000079)","Unfall 230654 (2019) Kat:3, Licht: 1","230654","3","4","6","03","17","6","0","1","0","1","1","0"
"POINT (9.756489820000070 52.340633238000066)","Unfall 230656 (2019) Kat:3, Licht: 0","230656","3","6","2","03","13","6","0","0","0","1","0","0"
"POINT (9.717742606000059 52.379885283000078)","Unfall 230658 (2019) Kat:2, Licht: 0","230658","2","3","5","03","15","6","0","0","1","1","0","0"
"POINT (9.748744507000026 52.393653775000075)","Unfall 230659 (2019) Kat:3, Licht: 0","230659","3","6","4","03","14","6","0","0","1","1","0","0"
"POINT (9.750585415000046 52.375316249000036)","Unfall 230660 (2019) Kat:3, Licht: 0","230660","3","2","5","03","09","6","0","0","1","0","0","0"
"POINT (9.822875188000069 52.391305481000074)","Unfall 230693 (2019) Kat:3, Licht: 0","230693","3","3","5","03","16","5","0","0","0","1","0","0"
"POINT (9.791627470000037 52.403018354000039)","Unfall 230694 (2019) Kat:3, Licht: 0","230694","3","6","2","03","12","5","0","0","0","1","0","0"
"POINT (9.715592999000023 52.372055554000042)","Unfall 230716 (2019) Kat:3, Licht: 0","230716","3","7","8","03","15","4","0","0","1","0","0","0"
"POINT (9.752598837000051 52.395029598000065)","Unfall 230717 (2019) Kat:3, Licht: 0","230717","3","3","5","03","16","4","0","0","0","1","0","0"
"POINT (9.722655798000062 52.377358342000036)","Unfall 230731 (2019) Kat:3, Licht: 0","230731","3","6","3","03","10","7","0","0","1","0","0","0"
"POINT (9.733248453000044 52.417788831000053)","Unfall 230735 (2019) Kat:3, Licht: 0","230735","3","3","5","03","15","7","0","0","1","1","0","0"
"POINT (9.703068612000038 52.368794064000042)","Unfall 230742 (2019) Kat:3, Licht: 2","230742","3","1","7","03","23","3","0","2","0","1","0","0"
"POINT (9.733742055000050 52.398952138000027)","Unfall 230743 (2019) Kat:3, Licht: 2","230743","3","2","4","03","19","3","0","2","1","0","0","1"
"POINT (9.735783820000052 52.378832933000069)","Unfall 230744 (2019) Kat:3, Licht: 0","230744","3","2","0","03","11","7","0","0","1","0","0","0"