WKT,Name,OBJECTID,UKATEGORIE,UTYP1,UART,UMONAT,USTUNDE,UWOCHENTAG,STRZUSTAND,ULICHTVERH,ISTRAD,ISTPKW,ISTFUSS,ISTKRAD
"POINT (9.734672729000067 52.362290007000070)","Unfall 230747 (2019) Kat:3, Licht: 0","230747","3","7","3","03","08","3","0","0","1","0","0","0"
"POINT (9.693303224000033 52.348993054000061)","Unfall 230783 (2019) Kat:3, Licht: 0","230783","3","3","5","03","11","2","1","0","0","1","0","0"
"POINT (9.820937592000064 52.388339603000077)","Unfall 230785 (2019) Kat:3, Licht: 0","230785","3","3","5","03","07","2","0","0","1","1","0","0"
"POINT (9.754419618000043 52.389498820000028)","Unfall 230786 (2019) Kat:3, Licht: 0","230786","3","2","2","03","08","2","1","0","0","1","0","0"
"POINT (9.733693277000043 52.375919454000041)","Unfall 230787 (2019) Kat:3, Licht: 2","230787","3","6","6","03","20","2","0","2","1","0","1","0"
"POINT (9.749264942000025 52.389946740000028)","Unfall 230789 (2019) Kat:2, Licht: 2","230789","2","4","6","03","20","2","1","2","0","1","1","0"
"POINT (9.732667373000027 52.379386303000047)","Unfall 230790 (2019) Kat:2, Licht: 0","230790","2","2","5","03","08","2","0","0","1","0","0","0"
"POINT (9.751809744000070 52.392507954000052)","Unfall 230792 (2019) Kat:3, Licht: 0","230792","3","2","5","03","14","2","0","0","1","1","0","0"
"POINT (9.692195253000023 52.365049208000073)","Unfall 230806 (2019) Kat:3, Licht: 0","230806","3","7","7","03","17","1","0","0","1","0","1","0"
"POINT (9.735816911000029 52.383963214000062)","Unfall 230807 (2019) Kat:3, Licht: 0","230807","3","3","5","03","16","1","1","0","0","1","0","0"
"POINT (9.746118842000044 52.357786079000050)","Unfall 230808 (2019) Kat:3, Licht: 0","230808","3","5","1","03","12","1","1","0","0","1","0","0"
"POINT (9.757281033000027 52.366083048000064)","Unfall 230838 (2019) Kat:3, Licht: 0","230838","3","6","4","03","14","6","1","0","0","1","0","0"
"POINT (9.765478548000033 52.418321407000064)","Unfall 230839 (2019) Kat:3, Licht: 0","230839","3","6","2","03","13","6","1","0","0","1","0","0"
"POINT (9.792543469000066 52.396643279000045)","Unfall 230841 (2019) Kat:3, Licht: 0","230841","3","6","2","03","11","6","1","0","0","1","0","0"
"POINT (9.683132359000069 52.346718509000027)","Unfall 230842 (2019) Kat:3, Licht: 0","230842","3","3","5","03","16","6","0","0","1","1","0","0"
"POINT (9.754865071000040 52.363632109000037)","Unfall 230875 (2019) Kat:2, Licht: 2","230875","2","3","0","03","21","5","1","2","0","0","0","1"
"POINT (9.720758502000024 52.390960212000039)","Unfall 230876 (2019) Kat:3, Licht: 2","230876","3","7","6","03","06","5","1","2","0","0","1","0"
"POINT (9.791668339000069 52.402786972000058)","Unfall 230902 (2019) Kat:3, Licht: 0","230902","3","2","5","03","16","4","1","0","1","1","0","0"
"POINT (9.749241008000070 52.390210177000029)","Unfall 230903 (2019) Kat:3, Licht: 2","230903","3","2","6","03","19","4","1","2","0","1","1","0"
"POINT (9.684471827000039 52.350733589000072)","Unfall 230948 (2019) Kat:3, Licht: 0","230948","3","2","5","04","18","2","0","0","0","1","0","1"
"POINT (9.704081285000029 52.366873057000078)","Unfall 230949 (2019) Kat:3, Licht: 1","230949","3","2","5","04","20","2","0","1","1","1","0","0"
"POINT (9.701805172000036 52.375178488000074)","Unfall 230950 (2019) Kat:3, Licht: 0","230950","3","4","6","04","19","2","0","0","0","1","1","0"
"POINT (9.707752877000075 52.374241076000033)","Unfall 230951 (2019) Kat:3, Licht: 0","230951","3","7","0","04","15","2","0","0","1","0","0","0"
"POINT (9.785851611000055 52.398141992000035)","Unfall 230952 (2019) Kat:3, Licht: 0","230952","3","6","2","04","16","2","0","0","0","1","0","0"
"POINT (9.746702491000065 52.370060650000028)","Unfall 230958 (2019) Kat:3, Licht: 0","230958","3","3","5","04","09","2","0","0","0","1","0","1"
"POINT (9.731807652000043 52.375974255000074)","Unfall 230987 (2019) Kat:3, Licht: 2","230987","3","6","2","03","21","1","0","2","0","1","0","0"
"POINT (9.730196799000055 52.368568297000081)","Unfall 231011 (2019) Kat:3, Licht: 0","231011","3","3","5","03","13","7","0","0","1","1","0","0"
"POINT (9.810092000000054 52.379477488000077)","Unfall 231012 (2019) Kat:3, Licht: 1","231012","3","6","3","03","05","7","0","1","1","1","0","0"
"POINT (9.815265885000031 52.360799196000073)","Unfall 231014 (2019) Kat:3, Licht: 0","231014","3","7","9","03","12","7","0","0","0","1","0","0"
"POINT (9.725064897000038 52.387339153000028)","Unfall 231015 (2019) Kat:3, Licht: 0","231015","3","6","2","03","14","7","0","0","0","1","0","0"
"POINT (9.753203288000066 52.390160901000058)","Unfall 231016 (2019) Kat:3, Licht: 0","231016","3","6","2","03","18","7","0","0","0","1","0","0"
"POINT (9.725467744000071 52.339582390000032)","Unfall 231017 (2019) Kat:3, Licht: 2","231017","3","5","1","03","21","7","0","2","1","1","0","0"
"POINT (9.670584783000038 52.399591605000069)","Unfall 231022 (2019) Kat:3, Licht: 0","231022","3","7","5","04","18","3","0","0","0","1","0","0"
"POINT (9.719844288000047 52.368050037000046)","Unfall 231033 (2019) Kat:3, Licht: 0","231033","3","2","3","04","17","3","0","0","1","1","0","0"
"POINT (9.857986723000067 52.392891714000029)","Unfall 231040 (2019) Kat:3, Licht: 0","231040","3","5","1","04","15","3","0","0","1","1","0","0"
"POINT (9.705920557000070 52.390788957000041)","Unfall 231043 (2019) Kat:3, Licht: 0","231043","3","2","3","04","16","3","0","0","1","1","0","0"
"POINT (9.670354092000025 52.399716531000081)","Unfall 231046 (2019) Kat:3, Licht: 0","231046","3","6","2","03","15","6","0","0","0","1","0","0"
"POINT (9.782832482000060 52.422701569000026)","Unfall 231047 (2019) Kat:3, Licht: 0","231047","3","5","1","03","15","6","0","0","0","1","0","0"
"POINT (9.792777990000047 52.395921061000081)","Unfall 231049 (2019) Kat:3, Licht: 0","231049","3","6","2","03","09","6","0","0","0","1","0","0"
"POINT (9.763882772000045 52.397261075000074)","Unfall 231050 (2019) Kat:3, Licht: 0","231050","3","2","0","03","13","6","0","0","0","0","1","0"
"POINT (9.747567635000053 52.390274865000038)","Unfall 231051 (2019) Kat:3, Licht: 0","231051","3","6","2","03","16","6","0","0","0","1","0","0"
"POINT (9.743463190000057 52.379239612000049)","Unfall 231054 (2019) Kat:3, Licht: 2","231054","3","4","6","03","21","6","0","2","0","0","1","1"
"POINT (9.713639472000068 52.381771399000058)","Unfall 231056 (2019) Kat:2, Licht: 2","231056","2","1","0","04","19","3","1","2","1","0","0","0"
"POINT (9.735870923000050 52.378844672000071)","Unfall 231069 (2019) Kat:3, Licht: 0","231069","3","2","6","04","12","3","0","0","0","1","1","0"
"POINT (9.741705234000051 52.380258744000059)","Unfall 231078 (2019) Kat:3, Licht: 2","231078","3","3","5","04","05","3","0","2","1","1","0","0"
"POINT (9.686820049000062 52.392592519000061)","Unfall 231089 (2019) Kat:3, Licht: 0","231089","3","2","5","03","07","5","1","0","1","1","0","0"
"POINT (9.813080149000030 52.379768584000033)","Unfall 231090 (2019) Kat:3, Licht: 0","231090","3","2","5","03","18","5","0","0","1","1","0","0"
"POINT (9.720862399000055 52.346613597000044)","Unfall 231091 (2019) Kat:2, Licht: 0","231091","2","3","5","03","08","5","0","0","1","1","0","0"
"POINT (9.735340720000067 52.394712534000064)","Unfall 231111 (2019) Kat:3, Licht: 2","231111","3","2","0","03","21","4","1","2","0","1","0","1"
"POINT (9.730661684000040 52.374894506000032)","Unfall 231112 (2019) Kat:3, Licht: 0","231112","3","7","5","03","10","4","0","0","0","1","0","0"
"POINT (9.752682030000074 52.370228478000058)","Unfall 231113 (2019) Kat:3, Licht: 0","231113","3","6","2","03","16","4","0","0","0","1","0","0"
"POINT (9.724115860000040 52.372941134000030)","Unfall 231134 (2019) Kat:3, Licht: 0","231134","3","6","2","03","16","3","0","0","0","1","0","0"
"POINT (9.764105094000058 52.368437076000077)","Unfall 231135 (2019) Kat:3, Licht: 0","231135","3","6","2","03","16","3","0","0","0","1","0","0"
"POINT (9.745484866000027 52.363003344000049)","Unfall 231137 (2019) Kat:3, Licht: 0","231137","3","5","1","03","06","3","1","0","0","1","0","0"
"POINT (9.820775663000063 52.388307516000054)","Unfall 231138 (2019) Kat:3, Licht: 0","231138","3","5","1","03","11","3","0","0","0","1","0","0"
"POINT (9.661135255000033 52.404302294000047)","Unfall 231142 (2019) Kat:3, Licht: 0","231142","3","3","5","03","15","3","0","0","0","1","0","0"
"POINT (9.761565136000058 52.379758029000072)","Unfall 231143 (2019) Kat:3, Licht: 0","231143","3","3","5","03","07","3","0","0","0","1","0","0"
"POINT (9.734076896000033 52.368979376000027)","Unfall 231160 (2019) Kat:3, Licht: 0","231160","3","2","4","03","14","2","0","0","1","1","0","0"
"POINT (9.819435220000059 52.356101651000074)","Unfall 231161 (2019) Kat:3, Licht: 0","231161","3","3","5","03","11","2","1","0","1","1","0","0"
"POINT (9.733704341000021 52.399061913000082)","Unfall 231162 (2019) Kat:3, Licht: 2","231162","3","2","4","03","19","2","1","2","0","1","0","0"
"POINT (9.731484700000067 52.406495913000072)","Unfall 231163 (2019) Kat:3, Licht: 0","231163","3","3","5","03","11","2","1","0","0","1","0","0"
"POINT (9.734526088000052 52.387133355000060)","Unfall 231164 (2019) Kat:3, Licht: 0","231164","3","2","6","03","11","2","1","0","0","1","1","0"
"POINT (9.730198712000060 52.374855773000036)","Unfall 231165 (2019) Kat:3, Licht: 0","231165","3","2","0","03","11","2","1","0","0","1","0","0"
"POINT (9.727172997000025 52.375907410000082)","Unfall 231166 (2019) Kat:3, Licht: 0","231166","3","7","0","03","13","2","1","0","1","0","0","0"
"POINT (9.677824191000070 52.416546433000065)","Unfall 231168 (2019) Kat:3, Licht: 0","231168","3","7","6","03","13","2","0","0","0","1","1","0"
"POINT (9.818979079000030 52.389063113000077)","Unfall 231195 (2019) Kat:3, Licht: 2","231195","3","7","5","03","19","1","0","2","1","1","0","0"
"POINT (9.741183290000038 52.394296163000035)","Unfall 231197 (2019) Kat:3, Licht: 1","231197","3","3","5","03","05","1","0","1","0","1","0","0"
"POINT (9.717046002000075 52.342815852000058)","Unfall 231238 (2019) Kat:3, Licht: 0","231238","3","2","2","04","10","2","0","0","1","0","0","0"
"POINT (9.712732186000039 52.382144129000039)","Unfall 231240 (2019) Kat:3, Licht: 0","231240","3","3","5","04","09","5","0","0","1","1","0","0"
"POINT (9.753426232000038 52.359550834000061)","Unfall 231242 (2019) Kat:2, Licht: 0","231242","2","7","0","04","17","5","0","0","1","0","0","0"
"POINT (9.623762298000031 52.412186658000053)","Unfall 231244 (2019) Kat:2, Licht: 0","231244","2","3","5","04","11","5","0","0","1","1","0","0"
"POINT (9.780916397000055 52.404568510000047)","Unfall 231245 (2019) Kat:2, Licht: 0","231245","2","1","0","04","10","5","0","0","1","0","0","0"
"POINT (9.751717089000067 52.385922205000043)","Unfall 231246 (2019) Kat:3, Licht: 0","231246","3","1","0","04","08","5","0","0","1","0","0","0"
"POINT (9.740162582000039 52.375819567000065)","Unfall 231265 (2019) Kat:2, Licht: 0","231265","2","4","6","04","18","4","0","0","1","0","1","0"
"POINT (9.763135561000070 52.407700669000064)","Unfall 231280 (2019) Kat:3, Licht: 0","231280","3","2","5","04","13","1","0","0","1","1","0","0"
"POINT (9.749091983000028 52.377807720000078)","Unfall 231287 (2019) Kat:3, Licht: 1","231287","3","2","3","04","20","1","1","1","1","1","0","0"
"POINT (9.728167920000033 52.340681826000036)","Unfall 231298 (2019) Kat:3, Licht: 0","231298","3","2","5","04","17","3","0","0","0","1","0","0"
"POINT (9.747999085000060 52.358941049000066)","Unfall 231299 (2019) Kat:2, Licht: 0","231299","2","5","1","04","09","3","0","0","1","0","0","0"
"POINT (9.723597707000067 52.342476609000073)","Unfall 231328 (2019) Kat:3, Licht: 0","231328","3","2","2","04","14","2","0","0","0","1","0","0"
"POINT (9.667326364000076 52.376191877000053)","Unfall 231329 (2019) Kat:3, Licht: 0","231329","3","3","5","04","08","2","0","0","0","1","0","0"
"POINT (9.719522294000058 52.368605391000074)","Unfall 231333 (2019) Kat:3, Licht: 2","231333","3","4","6","04","23","2","0","2","1","0","1","0"
"POINT (9.781106084000044 52.400218961000064)","Unfall 231334 (2019) Kat:3, Licht: 0","231334","3","3","5","04","12","2","0","0","0","1","0","0"
"POINT (9.694027687000073 52.392304379000052)","Unfall 231337 (2019) Kat:2, Licht: 0","231337","2","7","0","04","07","2","0","0","1","0","0","0"
"POINT (9.746351390000029 52.420086234000053)","Unfall 231338 (2019) Kat:3, Licht: 0","231338","3","5","1","04","07","2","0","0","1","1","0","0"
"POINT (9.833408504000033 52.335448345000032)","Unfall 231366 (2019) Kat:3, Licht: 0","231366","3","3","5","04","16","1","0","0","0","1","0","0"
"POINT (9.781284168000070 52.407047854000041)","Unfall 231369 (2019) Kat:2, Licht: 0","231369","2","7","0","04","10","1","0","0","1","0","0","0"
"POINT (9.774005668000029 52.374066094000057)","Unfall 231387 (2019) Kat:3, Licht: 0","231387","3","5","3","04","16","7","0","0","0","1","0","0"
"POINT (9.743804457000067 52.379495518000056)","Unfall 231388 (2019) Kat:3, Licht: 0","231388","3","6","2","04","09","7","0","0","0","1","0","0"
"POINT (9.705260810000027 52.375089907000074)","Unfall 231390 (2019) Kat:3, Licht: 0","231390","3","5","1","04","15","7","0","0","1","1","0","0"
"POINT (9.692654171000072 52.343971616000033)","Unfall 231413 (2019) Kat:3, Licht: 0","231413","3","4","0","04","14","6","0","0","0","0","1","0"
"POINT (9.707966031000069 52.418217927000057)","Unfall 231426 (2019) Kat:3, Licht: 0","231426","3","6","4","04","07","2","0","0","1","0","0","0"
"POINT (9.716582270000060 52.362213477000068)","Unfall 231429 (2019) Kat:3, Licht: 0","231429","3","3","5","04","14","7","1","0","1","1","0","0"
"POINT (9.699686187000054 52.355902661000073)","Unfall 231431 (2019) Kat:3, Licht: 0","231431","3","6","2","04","13","5","0","0","0","1","0","0"
"POINT (9.722185971000044 52.397498687000052)","Unfall 231432 (2019) Kat:3, Licht: 0","231432","3","6","2","04","07","5","1","0","0","1","0","0"
"POINT (9.663612719000071 52.409736818000056)","Unfall 231434 (2019) Kat:3, Licht: 0","231434","3","4","6","04","13","5","0","0","0","1","1","0"
"POINT (9.787850999000057 52.334366439000064)","Unfall 231435 (2019) Kat:2, Licht: 0","231435","2","4","6","04","15","5","0","0","0","1","1","0"
"POINT (9.732151402000056 52.374342329000058)","Unfall 231436 (2019) Kat:3, Licht: 0","231436","3","2","6","04","11","5","0","0","0","1","1","0"
"POINT (9.707749110000066 52.374208480000050)","Unfall 231437 (2019) Kat:3, Licht: 1","231437","3","3","5","04","19","7","0","1","1","1","0","0"
"POINT (9.758272004000048 52.362857016000078)","Unfall 231438 (2019) Kat:3, Licht: 0","231438","3","3","5","04","09","5","0","0","0","1","0","0"
"POINT (9.854271300000050 52.391406918000030)","Unfall 231440 (2019) Kat:3, Licht: 0","231440","3","7","0","04","10","7","1","0","1","0","0","0"
"POINT (9.729272636000076 52.393060060000039)","Unfall 231451 (2019) Kat:3, Licht: 0","231451","3","3","5","04","17","7","0","0","1","1","0","0"
"POINT (9.704552883000076 52.374455175000037)","Unfall 231467 (2019) Kat:3, Licht: 0","231467","3","5","0","04","17","4","0","0","1","1","0","0"
"POINT (9.806266825000023 52.414060355000061)","Unfall 231468 (2019) Kat:3, Licht: 0","231468","3","4","6","04","08","4","0","0","0","1","1","0"
"POINT (9.821560660000046 52.340579996000031)","Unfall 231471 (2019) Kat:3, Licht: 0","231471","3","3","5","04","12","4","0","0","0","1","0","0"
"POINT (9.743504310000049 52.379226939000034)","Unfall 231474 (2019) Kat:2, Licht: 0","231474","2","3","5","04","09","4","1","0","1","1","0","0"
"POINT (9.807722281000054 52.379617503000077)","Unfall 231492 (2019) Kat:3, Licht: 0","231492","3","7","4","04","16","4","0","0","0","1","0","0"
"POINT (9.819383346000052 52.356096312000034)","Unfall 231493 (2019) Kat:3, Licht: 0","231493","3","2","5","04","18","4","0","0","0","1","0","0"
"POINT (9.704916955000044 52.415200099000060)","Unfall 231494 (2019) Kat:3, Licht: 0","231494","3","2","4","04","11","4","0","0","0","1","0","1"
"POINT (9.793404731000067 52.402475000000038)","Unfall 231495 (2019) Kat:3, Licht: 0","231495","3","5","1","04","09","4","0","0","1","1","0","0"
"POINT (9.766323936000049 52.382114112000068)","Unfall 231496 (2019) Kat:3, Licht: 0","231496","3","2","5","04","15","4","0","0","1","1","0","0"
"POINT (9.729034330000047 52.339045854000062)","Unfall 231497 (2019) Kat:3, Licht: 0","231497","3","3","5","04","18","4","0","0","1","1","0","0"
"POINT (9.743515945000070 52.366110219000063)","Unfall 231498 (2019) Kat:3, Licht: 0","231498","3","3","5","04","15","4","0","0","1","1","0","0"
"POINT (9.775549423000030 52.396611648000032)","Unfall 231499 (2019) Kat:3, Licht: 0","231499","3","3","5","04","14","4","0","0","1","1","0","0"
"POINT (9.673129526000025 52.356084374000034)","Unfall 231523 (2019) Kat:3, Licht: 0","231523","3","4","6","04","11","3","0","0","0","1","1","0"
"POINT (9.705380127000069 52.372957319000079)","Unfall 231524 (2019) Kat:3, Licht: 0","231524","3","7","6","04","07","3","0","0","0","1","1","0"
"POINT (9.789801033000060 52.376178337000056)","Unfall 231525 (2019) Kat:3, Licht: 0","231525","3","4","6","04","12","3","0","0","0","1","1","0"
"POINT (9.763464280000051 52.368828883000049)","Unfall 231526 (2019) Kat:3, Licht: 0","231526","3","2","5","04","10","3","0","0","1","0","0","0"
"POINT (9.729928029000064 52.378435880000040)","Unfall 231527 (2019) Kat:3, Licht: 0","231527","3","3","5","04","08","3","0","0","1","1","0","0"
"POINT (9.733609205000050 52.369244610000067)","Unfall 231528 (2019) Kat:2, Licht: 0","231528","2","3","5","04","08","3","0","0","1","1","0","0"
"POINT (9.712481873000058 52.414323452000076)","Unfall 231529 (2019) Kat:3, Licht: 0","231529","3","7","0","04","17","3","0","0","0","0","0","0"
"POINT (9.721456035000074 52.376119271000050)","Unfall 231530 (2019) Kat:3, Licht: 0","231530","3","2","0","04","10","3","0","0","0","1","1","0"
"POINT (9.678731976000051 52.377553532000036)","Unfall 231531 (2019) Kat:2, Licht: 0","231531","2","1","0","04","07","3","0","0","0","0","0","1"
"POINT (9.815239190000057 52.359744604000070)","Unfall 231559 (2019) Kat:3, Licht: 0","231559","3","3","5","04","13","2","0","0","0","1","0","0"
"POINT (9.706648293000058 52.370457197000064)","Unfall 231578 (2019) Kat:3, Licht: 0","231578","3","1","0","04","18","1","0","0","1","0","0","0"
"POINT (9.764902666000069 52.381142334000060)","Unfall 231579 (2019) Kat:3, Licht: 0","231579","3","7","0","04","14","1","0","0","1","0","0","0"
"POINT (9.737064324000073 52.402807120000034)","Unfall 231580 (2019) Kat:3, Licht: 0","231580","3","1","1","04","17","1","0","0","1","1","0","0"
"POINT (9.729924761000063 52.344540603000041)","Unfall 231591 (2019) Kat:3, Licht: 0","231591","3","3","5","04","11","7","0","0","0","1","0","1"
"POINT (9.823667978000060 52.360146317000044)","Unfall 231592 (2019) Kat:3, Licht: 0","231592","3","3","5","04","11","7","0","0","1","1","0","0"
"POINT (9.749864721000051 52.376375206000034)","Unfall 231593 (2019) Kat:3, Licht: 0","231593","3","2","5","04","13","7","0","0","0","1","0","0"
"POINT (9.669091706000074 52.357297396000035)","Unfall 231596 (2019) Kat:3, Licht: 0","231596","3","5","1","04","17","7","0","0","1","1","0","0"
"POINT (9.707124148000048 52.367167187000064)","Unfall 231597 (2019) Kat:3, Licht: 2","231597","3","1","0","04","00","7","0","2","1","0","0","0"
"POINT (9.768148426000039 52.378650201000028)","Unfall 231611 (2019) Kat:3, Licht: 0","231611","3","4","6","04","17","6","0","0","0","1","1","0"
"POINT (9.745811278000076 52.381086557000060)","Unfall 231613 (2019) Kat:3, Licht: 2","231613","3","3","5","04","02","6","0","2","1","1","0","0"
"POINT (9.686792223000055 52.392594210000027)","Unfall 231637 (2019) Kat:3, Licht: 0","231637","3","2","5","04","16","5","0","0","1","1","0","0"
"POINT (9.652136281000026 52.414574197000036)","Unfall 231638 (2019) Kat:3, Licht: 0","231638","3","2","6","04","12","5","0","0","0","1","1","0"
"POINT (9.732210922000036 52.393458763000069)","Unfall 231639 (2019) Kat:3, Licht: 0","231639","3","5","1","04","17","5","0","0","1","0","0","0"
"POINT (9.726600346000055 52.403065322000032)","Unfall 231641 (2019) Kat:2, Licht: 0","231641","2","7","0","04","17","5","0","0","1","0","1","0"
"POINT (9.720850832000053 52.373227689000032)","Unfall 231642 (2019) Kat:2, Licht: 0","231642","2","3","5","04","12","5","0","0","1","1","0","0"
"POINT (9.774662525000053 52.371844475000046)","Unfall 231666 (2019) Kat:3, Licht: 0","231666","3","6","2","04","18","4","0","0","0","1","0","0"
"POINT (9.731596205000074 52.375471091000065)","Unfall 231667 (2019) Kat:3, Licht: 0","231667","3","7","5","04","17","4","0","0","1","1","0","0"
"POINT (9.669619270000055 52.381752101000075)","Unfall 231670 (2019) Kat:3, Licht: 0","231670","3","3","5","04","18","4","0","0","1","1","0","0"
"POINT (9.670350393000035 52.367133991000060)","Unfall 231671 (2019) Kat:3, Licht: 0","231671","3","7","9","04","13","4","0","0","0","0","0","0"
"POINT (9.735489046000055 52.396169173000033)","Unfall 231702 (2019) Kat:3, Licht: 0","231702","3","3","5","04","11","3","0","0","1","1","0","0"
"POINT (9.738112287000035 52.381822849000059)","Unfall 231703 (2019) Kat:3, Licht: 0","231703","3","2","5","04","09","3","0","0","1","1","0","0"
"POINT (9.730621436000035 52.374881263000077)","Unfall 231706 (2019) Kat:2, Licht: 2","231706","2","7","5","04","20","3","0","2","0","1","0","0"
"POINT (9.764042433000043 52.397196871000062)","Unfall 231758 (2019) Kat:3, Licht: 0","231758","3","3","5","05","15","5","0","0","0","1","0","0"
"POINT (9.671062014000029 52.416206314000078)","Unfall 231759 (2019) Kat:3, Licht: 0","231759","3","3","5","05","15","5","0","0","0","1","0","1"
"POINT (9.656401767000034 52.380530451000027)","Unfall 231776 (2019) Kat:3, Licht: 0","231776","3","4","0","05","13","4","0","0","1","0","1","0"
"POINT (9.814218699000037 52.350089211000068)","Unfall 231779 (2019) Kat:3, Licht: 0","231779","3","1","0","05","20","4","0","0","1","0","0","0"
"POINT (9.707408837000060 52.389404907000028)","Unfall 231809 (2019) Kat:3, Licht: 0","231809","3","3","5","04","12","3","0","0","1","1","0","0"
"POINT (9.725277150000068 52.394534684000064)","Unfall 231810 (2019) Kat:3, Licht: 0","231810","3","7","6","04","10","3","0","0","0","0","1","1"
"POINT (9.781091220000064 52.403912678000040)","Unfall 231811 (2019) Kat:3, Licht: 0","231811","3","2","5","04","15","3","0","0","1","1","0","0"
"POINT (9.737122631000034 52.399177179000048)","Unfall 231816 (2019) Kat:3, Licht: 0","231816","3","7","0","04","11","3","0","0","0","0","0","0"
"POINT (9.739696899000023 52.364206255000056)","Unfall 231817 (2019) Kat:3, Licht: 0","231817","3","3","0","04","08","3","0","0","1","1","0","0"
"POINT (9.766114828000070 52.340799529000037)","Unfall 231850 (2019) Kat:3, Licht: 0","231850","3","3","5","04","10","2","0","0","0","1","0","0"
"POINT (9.752551785000037 52.386013580000053)","Unfall 231851 (2019) Kat:3, Licht: 1","231851","3","6","2","04","19","2","0","1","0","1","0","0"
"POINT (9.703037947000041 52.391029365000065)","Unfall 231874 (2019) Kat:2, Licht: 0","231874","2","2","5","04","18","1","0","0","0","0","0","1"
"POINT (9.685511626000050 52.396052456000064)","Unfall 231875 (2019) Kat:3, Licht: 0","231875","3","3","0","04","13","1","1","0","0","1","0","1"
"POINT (9.746542699000031 52.361261122000030)","Unfall 231895 (2019) Kat:3, Licht: 0","231895","3","3","5","04","18","7","1","0","1","1","0","0"
"POINT (9.671663592000073 52.355705344000057)","Unfall 231896 (2019) Kat:3, Licht: 0","231896","3","2","5","04","10","7","0","0","0","1","0","1"
"POINT (9.740607080000075 52.374043605000054)","Unfall 231897 (2019) Kat:2, Licht: 2","231897","2","5","1","04","00","7","1","2","1","1","0","0"
"POINT (9.830135221000035 52.340172726000048)","Unfall 231928 (2019) Kat:3, Licht: 0","231928","3","3","0","04","07","6","0","0","1","1","0","0"
"POINT (9.737505056000032 52.394526347000067)","Unfall 231929 (2019) Kat:3, Licht: 0","231929","3","6","2","04","15","6","0","0","0","1","0","0"
"POINT (9.746335754000029 52.373963228000036)","Unfall 231931 (2019) Kat:3, Licht: 2","231931","3","6","2","04","22","6","1","2","0","1","0","0"
"POINT (9.775685863000035 52.396696140000074)","Unfall 231934 (2019) Kat:3, Licht: 0","231934","3","2","5","04","13","6","0","0","0","1","0","1"
"POINT (9.818479778000040 52.319962908000036)","Unfall 231935 (2019) Kat:3, Licht: 0","231935","3","7","0","04","13","6","0","0","0","1","0","0"
"POINT (9.769345241000053 52.376996871000074)","Unfall 231936 (2019) Kat:3, Licht: 0","231936","3","6","3","04","09","6","0","0","0","1","0","1"
"POINT (9.734689492000030 52.370817378000027)","Unfall 231977 (2019) Kat:3, Licht: 0","231977","3","7","0","04","08","5","0","0","0","1","0","0"
"POINT (9.720252115000051 52.391541907000033)","Unfall 231978 (2019) Kat:3, Licht: 0","231978","3","1","0","04","13","5","0","0","1","0","0","0"
"POINT (9.710975873000052 52.392003623000051)","Unfall 231979 (2019) Kat:3, Licht: 0","231979","3","3","5","04","13","5","0","0","1","1","0","0"
"POINT (9.771920506000072 52.417313553000042)","Unfall 231980 (2019) Kat:3, Licht: 1","231980","3","3","5","04","05","5","0","1","1","1","0","0"
"POINT (9.739477493000038 52.380837465000070)","Unfall 231981 (2019) Kat:3, Licht: 0","231981","3","2","5","04","10","5","0","0","1","1","0","0"
"POINT (9.743569121000064 52.377782785000079)","Unfall 231982 (2019) Kat:3, Licht: 0","231982","3","5","1","04","16","5","0","0","0","1","0","0"
"POINT (9.707051454000066 52.373590881000041)","Unfall 231985 (2019) Kat:2, Licht: 0","231985","2","2","5","04","18","5","0","0","1","0","0","0"
"POINT (9.736730299000044 52.412511928000072)","Unfall 231986 (2019) Kat:3, Licht: 0","231986","3","3","5","04","15","5","0","0","0","1","0","1"
"POINT (9.788685351000027 52.331184921000045)","Unfall 231988 (2019) Kat:3, Licht: 0","231988","3","2","6","04","08","5","0","0","0","1","1","0"
"POINT (9.735977270000035 52.370930486000077)","Unfall 231994 (2019) Kat:3, Licht: 0","231994","3","7","6","05","18","7","0","0","0","1","1","0"
"POINT (9.717396960000031 52.350841134000063)","Unfall 232015 (2019) Kat:3, Licht: 0","232015","3","6","2","05","13","6","0","0","0","1","0","0"
"POINT (9.702365202000067 52.375032776000069)","Unfall 232016 (2019) Kat:3, Licht: 0","232016","3","5","0","05","14","6","0","0","1","1","0","0"
"POINT (9.751242109000032 52.372427029000050)","Unfall 232017 (2019) Kat:3, Licht: 0","232017","3","2","2","05","11","6","0","0","1","1","0","0"
"POINT (9.781565584000077 52.418455442000038)","Unfall 232018 (2019) Kat:3, Licht: 0","232018","3","3","5","05","11","6","1","0","1","1","0","0"
"POINT (9.708495581000022 52.388403818000029)","Unfall 232020 (2019) Kat:2, Licht: 0","232020","2","4","6","05","19","6","0","0","0","0","1","0"
"POINT (9.803717446000064 52.394522739000081)","Unfall 232050 (2019) Kat:3, Licht: 0","232050","3","2","5","05","07","5","0","0","1","1","0","0"