WKT,Name,OBJECTID,UKATEGORIE,UTYP1,UART,UMONAT,USTUNDE,UWOCHENTAG,STRZUSTAND,ULICHTVERH,ISTRAD,ISTPKW,ISTFUSS,ISTKRAD
"POINT (9.737986574000047 52.419074078000051)","Unfall 232051 (2019) Kat:3, Licht: 0","232051","3","3","0","05","10","5","0","0","1","0","0","0"
"POINT (9.748272114000031 52.390973534000068)","Unfall 232054 (2019) Kat:3, Licht: 2","232054","3","2","5","05","23","5","0","2","0","1","0","0"
"POINT (9.760866283000041 52.416386622000061)","Unfall 232055 (2019) Kat:3, Licht: 0","232055","3","3","6","05","14","5","0","0","0","1","1","0"
"POINT (9.731023639000057 52.378463946000068)","Unfall 232056 (2019) Kat:3, Licht: 0","232056","3","2","2","05","14","5","0","0","0","1","0","0"
"POINT (9.753959980000047 52.363375097000073)","Unfall 232058 (2019) Kat:3, Licht: 0","232058","3","1","0","05","08","5","1","0","1","0","0","0"
"POINT (9.732599023000034 52.379076755000028)","Unfall 232066 (2019) Kat:3, Licht: 0","232066","3","7","0","05","16","7","0","0","1","0","0","0"
"POINT (9.716794365000055 52.354303331000040)","Unfall 232086 (2019) Kat:3, Licht: 0","232086","3","3","5","05","13","4","1","0","1","1","0","0"
"POINT (9.739337313000021 52.382680663000031)","Unfall 232087 (2019) Kat:3, Licht: 0","232087","3","5","1","05","12","4","0","0","0","1","0","0"
"POINT (9.702633792000029 52.337488887000063)","Unfall 232112 (2019) Kat:3, Licht: 0","232112","3","2","5","05","16","3","0","0","1","1","0","0"
"POINT (9.717305252000074 52.368521986000076)","Unfall 232113 (2019) Kat:3, Licht: 0","232113","3","7","2","05","12","3","0","0","0","1","0","0"
"POINT (9.696484151000050 52.372232816000064)","Unfall 232116 (2019) Kat:2, Licht: 0","232116","2","7","0","05","16","3","0","0","0","1","0","0"
"POINT (9.802776701000028 52.401589420000050)","Unfall 232117 (2019) Kat:2, Licht: 0","232117","2","4","6","05","16","3","0","0","0","1","1","0"
"POINT (9.746646099000031 52.383978319000050)","Unfall 232118 (2019) Kat:3, Licht: 0","232118","3","2","5","05","13","3","0","0","1","0","0","0"
"POINT (9.755926715000044 52.377661020000062)","Unfall 232119 (2019) Kat:3, Licht: 0","232119","3","6","2","05","15","3","0","0","1","0","0","0"
"POINT (9.819260199000041 52.390619325000046)","Unfall 232120 (2019) Kat:3, Licht: 0","232120","3","3","5","05","14","7","1","0","0","1","0","0"
"POINT (9.705439320000039 52.372955586000046)","Unfall 232121 (2019) Kat:3, Licht: 0","232121","3","2","5","05","14","3","0","0","0","1","0","1"
"POINT (9.746404686000062 52.392944485000044)","Unfall 232122 (2019) Kat:3, Licht: 0","232122","3","5","1","05","14","3","0","0","0","1","0","0"
"POINT (9.699090143000035 52.419503164000048)","Unfall 232123 (2019) Kat:3, Licht: 0","232123","3","1","0","05","11","3","0","0","0","1","0","0"
"POINT (9.825283368000044 52.339739474000055)","Unfall 232157 (2019) Kat:3, Licht: 0","232157","3","6","2","05","18","2","1","0","0","1","0","0"
"POINT (9.722409650000031 52.387092417000076)","Unfall 232158 (2019) Kat:3, Licht: 0","232158","3","4","6","05","10","2","0","0","1","0","1","0"
"POINT (9.731009183000026 52.378648057000078)","Unfall 232172 (2019) Kat:3, Licht: 0","232172","3","2","5","05","11","1","0","0","1","1","0","0"
"POINT (9.693298212000059 52.365210643000069)","Unfall 232198 (2019) Kat:2, Licht: 2","232198","2","3","0","05","00","7","0","2","0","1","0","0"
"POINT (9.719537290000062 52.387271101000067)","Unfall 232199 (2019) Kat:3, Licht: 0","232199","3","5","1","05","11","7","0","0","1","1","0","0"
"POINT (9.821549850000054 52.339414258000033)","Unfall 232227 (2019) Kat:3, Licht: 0","232227","3","3","5","05","07","6","0","0","1","0","0","0"
"POINT (9.765534670000022 52.418432256000074)","Unfall 232228 (2019) Kat:3, Licht: 0","232228","3","7","8","05","14","6","0","0","0","1","0","0"
"POINT (9.747361415000057 52.365231921000031)","Unfall 232230 (2019) Kat:2, Licht: 0","232230","2","7","0","05","13","6","0","0","1","0","0","0"
"POINT (9.729462542000022 52.421737419000067)","Unfall 232231 (2019) Kat:3, Licht: 0","232231","3","3","5","05","12","6","0","0","1","1","0","0"
"POINT (9.794274477000045 52.393517862000067)","Unfall 232232 (2019) Kat:3, Licht: 0","232232","3","3","5","05","11","6","0","0","1","0","0","1"
"POINT (9.732405292000067 52.379135516000076)","Unfall 232255 (2019) Kat:3, Licht: 0","232255","3","3","5","05","14","1","0","0","1","1","0","0"
"POINT (9.720201111000051 52.375769567000077)","Unfall 232285 (2019) Kat:3, Licht: 0","232285","3","7","0","05","19","7","0","0","1","0","1","0"
"POINT (9.726278742000034 52.388351882000052)","Unfall 232287 (2019) Kat:3, Licht: 0","232287","3","2","5","05","17","7","0","0","1","0","0","0"
"POINT (9.663377534000063 52.410741861000076)","Unfall 232311 (2019) Kat:3, Licht: 0","232311","3","2","5","05","14","6","0","0","1","0","0","0"
"POINT (9.834448738000049 52.393945242000029)","Unfall 232312 (2019) Kat:3, Licht: 0","232312","3","6","6","05","09","6","0","0","0","1","0","0"
"POINT (9.762903567000024 52.408484980000026)","Unfall 232313 (2019) Kat:3, Licht: 0","232313","3","5","6","05","08","6","0","0","0","1","1","0"
"POINT (9.738911794000046 52.382445765000057)","Unfall 232314 (2019) Kat:3, Licht: 0","232314","3","6","2","05","14","6","0","0","0","1","0","0"
"POINT (9.745818264000036 52.378957441000068)","Unfall 232315 (2019) Kat:3, Licht: 0","232315","3","3","5","05","06","6","1","0","1","1","0","0"
"POINT (9.705913599000041 52.390785021000056)","Unfall 232317 (2019) Kat:3, Licht: 0","232317","3","2","5","05","13","6","0","0","1","1","0","0"
"POINT (9.667990177000036 52.409623773000078)","Unfall 232353 (2019) Kat:3, Licht: 0","232353","3","6","2","05","16","5","1","0","0","1","0","0"
"POINT (9.641604474000076 52.416235450000045)","Unfall 232354 (2019) Kat:3, Licht: 0","232354","3","6","2","05","16","5","1","0","0","1","0","0"
"POINT (9.658779636000077 52.406142013000078)","Unfall 232355 (2019) Kat:3, Licht: 0","232355","3","7","0","05","13","5","1","0","1","0","0","0"
"POINT (9.719844288000047 52.368050037000046)","Unfall 232356 (2019) Kat:3, Licht: 0","232356","3","2","5","05","13","5","1","0","1","1","0","0"
"POINT (9.757312350000063 52.376616298000044)","Unfall 232357 (2019) Kat:3, Licht: 0","232357","3","3","5","05","10","5","1","0","0","1","1","0"
"POINT (9.736080195000056 52.416207385000064)","Unfall 232359 (2019) Kat:2, Licht: 0","232359","2","3","5","05","16","5","1","0","0","1","0","0"
"POINT (9.674023275000025 52.413931609000031)","Unfall 232360 (2019) Kat:2, Licht: 0","232360","2","3","5","05","13","5","1","0","0","1","0","1"
"POINT (9.677536295000039 52.396008716000040)","Unfall 232403 (2019) Kat:3, Licht: 0","232403","3","3","5","05","15","4","0","0","1","1","0","0"
"POINT (9.717073170000049 52.344901338000057)","Unfall 232404 (2019) Kat:3, Licht: 0","232404","3","3","5","05","06","4","0","0","1","1","0","0"
"POINT (9.730956518000028 52.378631835000078)","Unfall 232407 (2019) Kat:3, Licht: 0","232407","3","2","5","05","19","4","0","0","1","1","0","0"
"POINT (9.718533093000076 52.373725736000040)","Unfall 232408 (2019) Kat:3, Licht: 0","232408","3","6","2","05","14","4","0","0","0","1","0","1"
"POINT (9.695172438000043 52.337428757000055)","Unfall 232409 (2019) Kat:3, Licht: 0","232409","3","6","2","05","11","4","0","0","0","1","0","0"
"POINT (9.721445128000028 52.355060536000053)","Unfall 232434 (2019) Kat:3, Licht: 0","232434","3","6","2","05","15","3","0","0","0","1","0","0"
"POINT (9.718800486000021 52.374076437000042)","Unfall 232435 (2019) Kat:3, Licht: 0","232435","3","7","0","05","13","3","0","0","1","0","0","0"
"POINT (9.711820766000074 52.370894404000069)","Unfall 232436 (2019) Kat:3, Licht: 1","232436","3","7","6","05","21","3","0","1","1","0","1","0"
"POINT (9.691555118000053 52.375339484000051)","Unfall 232437 (2019) Kat:3, Licht: 0","232437","3","1","0","05","14","3","0","0","1","0","0","0"
"POINT (9.761288082000021 52.367107197000053)","Unfall 232438 (2019) Kat:3, Licht: 1","232438","3","7","3","05","21","3","0","1","1","1","0","0"
"POINT (9.741671937000035 52.380236051000054)","Unfall 232439 (2019) Kat:3, Licht: 0","232439","3","3","5","05","10","3","0","0","1","1","0","0"
"POINT (9.748310139000068 52.378273015000048)","Unfall 232443 (2019) Kat:3, Licht: 0","232443","3","6","4","05","10","3","0","0","1","0","0","0"
"POINT (9.703912224000021 52.374626463000027)","Unfall 232468 (2019) Kat:3, Licht: 0","232468","3","5","1","05","19","2","0","0","1","1","0","0"
"POINT (9.772929840000074 52.397871236000071)","Unfall 232474 (2019) Kat:3, Licht: 0","232474","3","6","2","05","17","2","0","0","0","1","0","0"
"POINT (9.734987636000028 52.370084780000070)","Unfall 232476 (2019) Kat:3, Licht: 0","232476","3","5","3","05","18","2","0","0","1","1","0","0"
"POINT (9.701248348000036 52.395135447000030)","Unfall 232496 (2019) Kat:3, Licht: 0","232496","3","6","2","05","14","1","0","0","1","1","0","0"
"POINT (9.710443404000046 52.360253721000049)","Unfall 232497 (2019) Kat:3, Licht: 0","232497","3","1","9","05","14","1","0","0","0","1","0","0"
"POINT (9.728030417000070 52.374178499000038)","Unfall 232498 (2019) Kat:3, Licht: 0","232498","3","3","5","05","16","1","0","0","1","1","0","0"
"POINT (9.774486434000039 52.372943870000029)","Unfall 232499 (2019) Kat:3, Licht: 0","232499","3","3","5","05","15","1","0","0","1","1","0","0"
"POINT (9.756767371000024 52.420354405000069)","Unfall 232500 (2019) Kat:2, Licht: 0","232500","2","3","5","05","14","1","0","0","1","1","0","0"
"POINT (9.728162889000032 52.340658145000077)","Unfall 232547 (2019) Kat:3, Licht: 0","232547","3","3","5","05","18","2","0","0","1","1","0","0"
"POINT (9.705827334000048 52.372230254000044)","Unfall 232548 (2019) Kat:3, Licht: 2","232548","3","2","4","05","22","2","0","2","1","1","0","0"
"POINT (9.661437175000060 52.373579263000067)","Unfall 232549 (2019) Kat:3, Licht: 0","232549","3","7","1","05","07","2","1","0","1","1","0","0"
"POINT (9.809017593000021 52.332185786000082)","Unfall 232551 (2019) Kat:3, Licht: 0","232551","3","6","2","05","08","2","0","0","0","1","0","0"
"POINT (9.724459876000026 52.381754706000038)","Unfall 232552 (2019) Kat:3, Licht: 1","232552","3","5","1","05","20","2","0","1","1","1","0","0"
"POINT (9.702804479000065 52.369373563000067)","Unfall 232556 (2019) Kat:2, Licht: 0","232556","2","2","5","05","09","2","1","0","0","0","0","1"
"POINT (9.738106389000052 52.381827301000044)","Unfall 232567 (2019) Kat:3, Licht: 0","232567","3","2","5","05","16","3","0","0","1","1","0","0"
"POINT (9.772408135000035 52.350636567000038)","Unfall 232573 (2019) Kat:3, Licht: 0","232573","3","3","5","05","16","1","0","0","1","0","0","0"
"POINT (9.697325782000064 52.341717518000053)","Unfall 232574 (2019) Kat:3, Licht: 0","232574","3","2","5","05","18","1","0","0","0","1","0","0"
"POINT (9.728362395000033 52.377880131000040)","Unfall 232575 (2019) Kat:3, Licht: 0","232575","3","6","2","05","20","1","0","0","0","1","0","0"
"POINT (9.753433611000048 52.390340849000040)","Unfall 232577 (2019) Kat:3, Licht: 2","232577","3","2","5","05","01","1","0","2","0","1","0","0"
"POINT (9.749193769000044 52.350530453000033)","Unfall 232598 (2019) Kat:3, Licht: 0","232598","3","6","0","05","21","7","0","0","1","0","0","0"
"POINT (9.741525039000067 52.380224996000038)","Unfall 232600 (2019) Kat:3, Licht: 0","232600","3","3","5","05","15","7","0","0","1","1","0","0"
"POINT (9.745036589000051 52.381959705000043)","Unfall 232601 (2019) Kat:3, Licht: 0","232601","3","1","0","05","14","7","0","0","1","0","0","0"
"POINT (9.744548333000068 52.385081181000032)","Unfall 232602 (2019) Kat:3, Licht: 0","232602","3","2","5","05","14","7","0","0","1","1","0","0"
"POINT (9.751878391000048 52.392555174000051)","Unfall 232603 (2019) Kat:3, Licht: 0","232603","3","3","5","05","13","7","0","0","1","1","0","0"
"POINT (9.702895664000039 52.374951443000043)","Unfall 232604 (2019) Kat:3, Licht: 0","232604","3","2","5","05","09","7","0","0","1","1","0","0"
"POINT (9.764902666000069 52.381142334000060)","Unfall 232620 (2019) Kat:3, Licht: 0","232620","3","3","0","05","10","3","0","0","0","1","0","0"
"POINT (9.718160493000028 52.386254283000028)","Unfall 232642 (2019) Kat:3, Licht: 0","232642","3","7","1","05","17","6","0","0","1","1","0","0"
"POINT (9.791627470000037 52.403018354000039)","Unfall 232643 (2019) Kat:3, Licht: 0","232643","3","6","2","05","18","6","1","0","0","1","0","0"
"POINT (9.791022757000064 52.400000180000063)","Unfall 232644 (2019) Kat:3, Licht: 0","232644","3","1","0","05","15","6","0","0","1","0","0","0"
"POINT (9.786020389000044 52.393205552000040)","Unfall 232645 (2019) Kat:3, Licht: 0","232645","3","2","5","05","12","6","0","0","0","1","0","0"
"POINT (9.766571803000034 52.357772766000039)","Unfall 232650 (2019) Kat:2, Licht: 0","232650","2","4","0","05","09","6","0","0","0","1","1","0"
"POINT (9.790647654000054 52.328758686000072)","Unfall 232677 (2019) Kat:3, Licht: 0","232677","3","2","2","05","10","3","0","0","0","1","0","0"
"POINT (9.705032553000024 52.346220547000030)","Unfall 232680 (2019) Kat:3, Licht: 0","232680","3","7","0","05","15","5","0","0","1","0","0","0"
"POINT (9.717232995000074 52.346067489000063)","Unfall 232681 (2019) Kat:3, Licht: 0","232681","3","6","2","05","10","5","0","0","0","1","0","0"
"POINT (9.799149678000049 52.384706031000064)","Unfall 232682 (2019) Kat:3, Licht: 0","232682","3","7","7","05","08","5","0","0","1","1","0","0"
"POINT (9.823360387000037 52.402285685000038)","Unfall 232683 (2019) Kat:3, Licht: 0","232683","3","4","6","05","18","5","0","0","0","1","1","0"
"POINT (9.753298753000024 52.382832608000058)","Unfall 232684 (2019) Kat:3, Licht: 0","232684","3","3","5","05","15","5","0","0","0","1","0","1"
"POINT (9.735160600000029 52.376717465000070)","Unfall 232688 (2019) Kat:3, Licht: 0","232688","3","2","2","05","16","5","0","0","0","1","0","0"
"POINT (9.664209086000028 52.409654727000031)","Unfall 232689 (2019) Kat:3, Licht: 0","232689","3","5","1","05","14","5","0","0","1","1","0","0"
"POINT (9.722367513000052 52.385096821000047)","Unfall 232690 (2019) Kat:3, Licht: 0","232690","3","4","6","05","13","5","0","0","1","0","1","0"
"POINT (9.702898701000038 52.399766362000037)","Unfall 232691 (2019) Kat:3, Licht: 0","232691","3","6","2","05","12","5","0","0","0","1","0","0"
"POINT (9.654406290000054 52.410057176000066)","Unfall 232692 (2019) Kat:3, Licht: 0","232692","3","3","5","05","09","5","0","0","1","1","0","0"
"POINT (9.744691815000067 52.395180918000051)","Unfall 232693 (2019) Kat:3, Licht: 0","232693","3","2","5","05","06","5","0","0","1","1","0","0"
"POINT (9.693458848000034 52.392283431000067)","Unfall 232716 (2019) Kat:3, Licht: 0","232716","3","6","0","05","18","4","0","0","1","1","0","0"
"POINT (9.714512610000043 52.383421126000030)","Unfall 232718 (2019) Kat:3, Licht: 0","232718","3","6","6","05","08","4","1","0","1","0","1","0"
"POINT (9.763341371000024 52.374904608000065)","Unfall 232719 (2019) Kat:3, Licht: 0","232719","3","2","5","05","08","4","1","0","1","1","0","0"
"POINT (9.721396876000028 52.387650639000071)","Unfall 232723 (2019) Kat:3, Licht: 0","232723","3","4","6","05","10","4","0","0","0","0","1","0"
"POINT (9.683389403000035 52.393826658000080)","Unfall 232724 (2019) Kat:3, Licht: 0","232724","3","4","6","05","08","4","0","0","0","1","1","0"
"POINT (9.745849901000042 52.354747270000075)","Unfall 232725 (2019) Kat:2, Licht: 0","232725","2","6","2","05","08","4","1","0","0","1","0","1"
"POINT (9.703774130000056 52.374662808000039)","Unfall 232730 (2019) Kat:2, Licht: 0","232730","2","7","0","05","19","3","0","0","1","0","0","0"
"POINT (9.762367910000023 52.357931335000046)","Unfall 232753 (2019) Kat:3, Licht: 0","232753","3","3","0","05","08","3","1","0","1","1","0","0"
"POINT (9.722041781000030 52.417104123000058)","Unfall 232754 (2019) Kat:3, Licht: 0","232754","3","7","0","05","12","3","1","0","1","0","0","0"
"POINT (9.750233794000053 52.392609261000075)","Unfall 232758 (2019) Kat:2, Licht: 0","232758","2","2","6","05","17","3","1","0","0","1","1","0"
"POINT (9.712855759000036 52.359639820000041)","Unfall 232759 (2019) Kat:3, Licht: 0","232759","3","3","5","05","13","3","1","0","0","1","0","0"
"POINT (9.850893566000025 52.412467572000082)","Unfall 232761 (2019) Kat:3, Licht: 0","232761","3","1","9","05","11","3","1","0","0","1","0","0"
"POINT (9.632244960000037 52.411111017000053)","Unfall 232951 (2019) Kat:3, Licht: 1","232951","3","3","5","05","22","6","0","1","0","1","0","0"
"POINT (9.733810386000073 52.384690844000033)","Unfall 232952 (2019) Kat:3, Licht: 0","232952","3","3","5","05","16","6","0","0","0","1","0","1"
"POINT (9.736503736000032 52.377654500000062)","Unfall 232953 (2019) Kat:3, Licht: 0","232953","3","5","1","05","12","6","0","0","1","1","0","0"
"POINT (9.696425461000047 52.411137872000040)","Unfall 232958 (2019) Kat:3, Licht: 0","232958","3","3","5","05","14","6","0","0","1","0","0","0"
"POINT (9.718042802000070 52.368418708000036)","Unfall 232983 (2019) Kat:2, Licht: 0","232983","2","7","0","05","19","5","0","0","1","0","0","0"
"POINT (9.710950886000035 52.382647126000052)","Unfall 232984 (2019) Kat:3, Licht: 0","232984","3","1","6","05","18","5","0","0","1","0","1","0"
"POINT (9.750454184000034 52.375710823000077)","Unfall 233021 (2019) Kat:3, Licht: 0","233021","3","6","2","05","07","4","0","0","0","1","0","0"
"POINT (9.740782574000036 52.374747365000076)","Unfall 233022 (2019) Kat:3, Licht: 0","233022","3","4","6","05","18","4","0","0","1","0","1","0"
"POINT (9.593493331000047 52.423461879000058)","Unfall 58948 (2020) Kat:3, Licht: 0","58948","3","6","2","01","14","1","0","0","0","1","0","0"
"POINT (9.722285210000052 52.378315883000027)","Unfall 59019 (2020) Kat:3, Licht: 0","59019","3","2","3","01","12","6","1","0","0","1","0","0"
"POINT (9.786769365000055 52.389908351000031)","Unfall 59022 (2020) Kat:3, Licht: 2","59022","3","6","2","01","18","6","1","2","0","1","0","0"
"POINT (9.768711431000043 52.338185677000070)","Unfall 59023 (2020) Kat:3, Licht: 2","59023","3","2","6","01","17","6","1","2","0","1","1","0"
"POINT (9.732946786000071 52.421038550000048)","Unfall 59024 (2020) Kat:3, Licht: 2","59024","3","6","2","01","06","6","0","2","0","1","0","0"
"POINT (9.695987528000046 52.379878196000050)","Unfall 59053 (2020) Kat:3, Licht: 0","59053","3","6","2","01","11","5","1","0","0","1","0","0"
"POINT (9.833550593000041 52.421019006000051)","Unfall 59054 (2020) Kat:3, Licht: 0","59054","3","6","2","01","09","5","1","0","0","1","0","0"
"POINT (9.828598898000053 52.306735107000065)","Unfall 59080 (2020) Kat:3, Licht: 0","59080","3","6","2","01","13","4","0","0","0","1","0","0"
"POINT (9.816317951000031 52.403769804000035)","Unfall 59081 (2020) Kat:2, Licht: 2","59081","2","6","3","01","01","4","1","2","0","1","0","0"
"POINT (9.845874808000076 52.355077041000072)","Unfall 59082 (2020) Kat:3, Licht: 2","59082","3","6","2","01","01","4","0","2","0","1","0","0"
"POINT (9.735563261000038 52.394512892000080)","Unfall 59266 (2020) Kat:2, Licht: 2","59266","2","4","6","01","07","6","1","2","0","1","1","0"
"POINT (9.638946630000021 52.415746268000078)","Unfall 59268 (2020) Kat:3, Licht: 2","59268","3","6","2","01","05","3","1","2","0","1","0","0"
"POINT (9.726655431000040 52.380950618000043)","Unfall 59274 (2020) Kat:3, Licht: 0","59274","3","6","2","01","08","3","1","0","0","1","0","0"
"POINT (9.778008896000074 52.327923977000069)","Unfall 59315 (2020) Kat:3, Licht: 0","59315","3","6","2","01","12","6","0","0","0","1","0","0"
"POINT (9.697642043000030 52.377150839000080)","Unfall 59380 (2020) Kat:3, Licht: 2","59380","3","6","2","01","18","4","1","2","0","1","0","0"
"POINT (9.784042588000034 52.359383663000074)","Unfall 59385 (2020) Kat:3, Licht: 0","59385","3","6","2","01","10","6","1","0","0","1","0","0"
"POINT (9.698006985000063 52.375215401000048)","Unfall 59430 (2020) Kat:3, Licht: 0","59430","3","6","0","01","15","6","0","0","1","0","1","0"
"POINT (9.742933669000024 52.368454808000081)","Unfall 59484 (2020) Kat:2, Licht: 2","59484","2","3","5","01","17","5","1","2","1","0","0","0"
"POINT (9.761245831000053 52.346135676000074)","Unfall 59493 (2020) Kat:3, Licht: 0","59493","3","3","5","01","07","6","1","0","1","1","0","0"
"POINT (9.662380613000039 52.385014438000042)","Unfall 59512 (2020) Kat:3, Licht: 2","59512","3","3","5","01","06","4","1","2","0","1","0","1"
"POINT (9.782185712000057 52.325118186000054)","Unfall 59540 (2020) Kat:3, Licht: 1","59540","3","2","5","01","07","6","1","1","1","1","0","0"
"POINT (9.740278791000037 52.368041658000038)","Unfall 59564 (2020) Kat:3, Licht: 1","59564","3","3","5","01","16","1","0","1","1","0","0","0"
"POINT (9.812340130000052 52.400127467000061)","Unfall 59569 (2020) Kat:3, Licht: 0","59569","3","6","3","01","07","3","0","0","0","1","0","0"
"POINT (9.691274357000054 52.332127824000054)","Unfall 59579 (2020) Kat:3, Licht: 0","59579","3","6","2","01","11","6","0","0","0","1","0","0"
"POINT (9.653246875000036 52.409115948000078)","Unfall 59597 (2020) Kat:3, Licht: 0","59597","3","6","2","01","13","6","0","0","0","1","0","0"
"POINT (9.732183348000035 52.383011590000081)","Unfall 59668 (2020) Kat:3, Licht: 2","59668","3","6","4","01","18","5","0","2","1","0","0","0"
"POINT (9.752320644000065 52.357771837000030)","Unfall 59674 (2020) Kat:3, Licht: 0","59674","3","4","6","01","11","5","0","0","1","0","1","0"
"POINT (9.780648935000045 52.364971997000055)","Unfall 59676 (2020) Kat:3, Licht: 0","59676","3","7","9","01","13","5","0","0","0","1","0","0"
"POINT (9.759050634000062 52.370325187000049)","Unfall 59713 (2020) Kat:3, Licht: 2","59713","3","3","5","01","20","1","0","2","0","1","0","0"
"POINT (9.629209581000055 52.421773429000041)","Unfall 59733 (2020) Kat:3, Licht: 1","59733","3","6","2","01","07","2","1","1","0","1","0","0"
"POINT (9.712505705000069 52.403059362000079)","Unfall 59745 (2020) Kat:3, Licht: 2","59745","3","6","2","01","17","6","0","2","0","1","0","0"
"POINT (9.747825049000028 52.427300112000069)","Unfall 59761 (2020) Kat:3, Licht: 0","59761","3","6","2","01","14","6","0","0","0","1","0","0"
"POINT (9.671693889000039 52.358471576000056)","Unfall 59791 (2020) Kat:3, Licht: 2","59791","3","5","1","01","19","4","0","2","1","1","0","0"
"POINT (9.702451646000043 52.347362613000030)","Unfall 59803 (2020) Kat:3, Licht: 2","59803","3","7","0","01","20","2","1","2","1","0","0","0"
"POINT (9.768638171000021 52.337961091000068)","Unfall 59808 (2020) Kat:3, Licht: 0","59808","3","2","6","01","12","4","0","0","0","1","1","0"
"POINT (9.735244088000059 52.394470225000077)","Unfall 59818 (2020) Kat:2, Licht: 0","59818","2","4","0","01","14","6","0","0","1","0","1","0"
"POINT (9.802930535000030 52.407231865000028)","Unfall 59825 (2020) Kat:3, Licht: 0","59825","3","4","6","01","08","2","1","0","1","0","1","0"
"POINT (9.684896220000042 52.379633381000076)","Unfall 59830 (2020) Kat:3, Licht: 0","59830","3","7","0","01","08","7","0","0","0","0","0","0"
"POINT (9.761538400000063 52.335696301000041)","Unfall 59833 (2020) Kat:3, Licht: 0","59833","3","3","5","01","11","6","0","0","1","1","0","0"
"POINT (9.722326704000068 52.378475730000048)","Unfall 59849 (2020) Kat:3, Licht: 0","59849","3","6","2","01","12","2","1","0","0","1","0","0"
"POINT (9.718510295000044 52.346537179000052)","Unfall 59903 (2020) Kat:3, Licht: 0","59903","3","2","5","01","10","3","0","0","0","1","0","0"
"POINT (9.797987791000026 52.413122089000069)","Unfall 59913 (2020) Kat:3, Licht: 0","59913","3","4","6","01","12","5","0","0","0","1","1","0"
"POINT (9.654420191000043 52.407951119000074)","Unfall 59921 (2020) Kat:3, Licht: 0","59921","3","6","2","01","15","2","0","0","0","1","0","0"
"POINT (9.711930307000046 52.405234901000028)","Unfall 59944 (2020) Kat:3, Licht: 0","59944","3","1","8","01","12","3","1","0","0","0","0","0"
"POINT (9.813471325000023 52.318957310000030)","Unfall 59951 (2020) Kat:3, Licht: 2","59951","3","6","8","01","19","6","1","2","0","1","0","0"
"POINT (9.834484871000029 52.420867696000073)","Unfall 59963 (2020) Kat:3, Licht: 0","59963","3","6","2","01","12","1","1","0","0","1","0","1"
"POINT (9.688615967000033 52.374885085000074)","Unfall 59970 (2020) Kat:2, Licht: 0","59970","2","3","5","01","08","6","0","0","1","1","0","0"
"POINT (9.779467023000052 52.377448680000043)","Unfall 59971 (2020) Kat:3, Licht: 0","59971","3","6","2","01","07","4","1","0","0","1","0","0"
"POINT (9.654853526000068 52.407518860000039)","Unfall 59974 (2020) Kat:3, Licht: 0","59974","3","6","2","01","14","4","1","0","0","1","0","0"
"POINT (9.735674002000053 52.402791866000030)","Unfall 59980 (2020) Kat:3, Licht: 2","59980","3","4","6","01","07","3","1","2","0","0","1","0"
"POINT (9.793862227000034 52.394736318000071)","Unfall 60022 (2020) Kat:3, Licht: 0","60022","3","6","2","01","10","2","1","0","0","1","0","0"
"POINT (9.734251785000026 52.387021808000043)","Unfall 60033 (2020) Kat:3, Licht: 0","60033","3","6","2","01","15","6","0","0","0","1","0","0"
"POINT (9.724448536000068 52.336927664000029)","Unfall 60048 (2020) Kat:3, Licht: 0","60048","3","6","2","01","16","4","1","0","0","1","0","0"
"POINT (9.727238959000033 52.366798702000040)","Unfall 60061 (2020) Kat:3, Licht: 1","60061","3","3","0","01","07","4","1","1","0","1","0","0"
"POINT (9.708026137000047 52.420909689000041)","Unfall 60109 (2020) Kat:3, Licht: 0","60109","3","2","4","01","16","4","1","0","0","1","0","0"
"POINT (9.834492132000037 52.420863006000047)","Unfall 60125 (2020) Kat:3, Licht: 0","60125","3","6","2","01","12","1","1","0","0","1","0","0"
"POINT (9.706584707000047 52.424096228000053)","Unfall 60130 (2020) Kat:3, Licht: 0","60130","3","7","0","01","14","4","1","0","0","0","0","0"
"POINT (9.778651823000075 52.370653857000036)","Unfall 60132 (2020) Kat:3, Licht: 0","60132","3","6","2","01","13","6","0","0","0","1","0","0"
"POINT (9.817890826000053 52.428019623000068)","Unfall 60134 (2020) Kat:3, Licht: 0","60134","3","6","2","01","12","4","1","0","0","1","0","0"
"POINT (9.733311607000076 52.421046590000060)","Unfall 60135 (2020) Kat:3, Licht: 0","60135","3","2","3","01","08","5","1","0","0","1","0","0"
"POINT (9.771189795000055 52.371056842000030)","Unfall 60154 (2020) Kat:3, Licht: 1","60154","3","3","5","01","07","3","0","1","1","1","0","0"
"POINT (9.735024147000047 52.393409859000030)","Unfall 60157 (2020) Kat:3, Licht: 0","60157","3","6","2","01","07","3","0","0","0","1","0","0"
"POINT (9.798467753000068 52.412234215000069)","Unfall 60164 (2020) Kat:3, Licht: 0","60164","3","4","0","01","13","3","0","0","0","1","1","0"
"POINT (9.781561910000050 52.424883783000041)","Unfall 60183 (2020) Kat:3, Licht: 2","60183","3","7","0","01","01","1","1","2","1","0","0","0"
"POINT (9.815471067000033 52.363546811000049)","Unfall 60196 (2020) Kat:2, Licht: 0","60196","2","2","6","01","10","3","0","0","0","1","1","0"