WKT,Name,OBJECTID,UKATEGORIE,UTYP1,UART,UMONAT,USTUNDE,UWOCHENTAG,STRZUSTAND,ULICHTVERH,ISTRAD,ISTPKW,ISTFUSS,ISTKRAD
"POINT (9.690151421000053 52.374781812000037)","Unfall 60197 (2020) Kat:3, Licht: 0","60197","3","6","2","01","09","6","1","0","0","1","0","0"
"POINT (9.735589080000068 52.394644884000058)","Unfall 60199 (2020) Kat:3, Licht: 2","60199","3","2","5","01","07","2","1","2","1","1","0","0"
"POINT (9.759734675000061 52.427191505000053)","Unfall 60206 (2020) Kat:3, Licht: 2","60206","3","6","2","01","03","3","0","2","0","1","0","0"
"POINT (9.721304718000056 52.338194071000032)","Unfall 60210 (2020) Kat:3, Licht: 2","60210","3","6","2","01","06","6","1","2","0","1","0","0"
"POINT (9.628216350000059 52.422239139000055)","Unfall 60224 (2020) Kat:3, Licht: 0","60224","3","6","2","01","13","4","1","0","0","1","0","0"
"POINT (9.783853409000074 52.382424804000038)","Unfall 60234 (2020) Kat:3, Licht: 0","60234","3","6","2","01","07","4","1","0","0","1","0","0"
"POINT (9.704046992000031 52.423216351000065)","Unfall 60280 (2020) Kat:3, Licht: 2","60280","3","3","5","01","18","2","1","2","0","1","0","0"
"POINT (9.733948507000036 52.368898339000054)","Unfall 60288 (2020) Kat:3, Licht: 0","60288","3","2","5","01","08","4","1","0","1","1","0","0"
"POINT (9.635883097000033 52.417612489000078)","Unfall 60291 (2020) Kat:3, Licht: 0","60291","3","6","2","01","13","6","0","0","0","1","0","0"
"POINT (9.728691835000063 52.373245780000047)","Unfall 60294 (2020) Kat:3, Licht: 0","60294","3","6","3","01","16","5","0","0","0","1","0","0"
"POINT (9.635914798000044 52.421785730000067)","Unfall 60321 (2020) Kat:3, Licht: 2","60321","3","6","2","02","18","4","0","2","0","1","0","0"
"POINT (9.708845788000076 52.366050863000055)","Unfall 60324 (2020) Kat:2, Licht: 0","60324","2","2","6","02","08","4","1","0","0","1","1","0"
"POINT (9.889307759000076 52.295749610000030)","Unfall 60374 (2020) Kat:3, Licht: 2","60374","3","1","8","02","00","3","1","2","0","1","0","0"
"POINT (9.718060221000030 52.367186905000040)","Unfall 60390 (2020) Kat:3, Licht: 0","60390","3","3","0","02","11","2","1","0","0","1","0","0"
"POINT (9.783324135000044 52.428699514000073)","Unfall 60403 (2020) Kat:3, Licht: 0","60403","3","6","2","02","15","2","1","0","0","1","0","0"
"POINT (9.691527615000041 52.332326694000074)","Unfall 60485 (2020) Kat:3, Licht: 2","60485","3","2","6","02","17","1","1","2","0","1","1","0"
"POINT (9.753453965000063 52.370006061000026)","Unfall 60488 (2020) Kat:3, Licht: 0","60488","3","2","2","02","16","1","1","0","0","1","0","0"
"POINT (9.737734431000035 52.368225701000028)","Unfall 60502 (2020) Kat:2, Licht: 2","60502","2","4","6","02","20","1","1","2","0","1","1","0"
"POINT (9.760075184000073 52.347587955000051)","Unfall 60520 (2020) Kat:3, Licht: 2","60520","3","1","9","02","03","7","0","2","0","1","0","0"
"POINT (9.697776937000072 52.376317866000079)","Unfall 60522 (2020) Kat:3, Licht: 0","60522","3","6","2","02","16","4","0","0","0","1","0","0"
"POINT (9.855484243000035 52.389540664000037)","Unfall 60574 (2020) Kat:3, Licht: 1","60574","3","4","6","02","07","6","0","1","0","1","1","0"
"POINT (9.809362199000077 52.332537617000071)","Unfall 60598 (2020) Kat:3, Licht: 0","60598","3","6","2","02","12","7","1","0","0","1","0","0"
"POINT (9.786809650000066 52.389977988000055)","Unfall 60602 (2020) Kat:3, Licht: 0","60602","3","6","2","02","15","7","1","0","0","1","0","0"
"POINT (9.706556904000024 52.430090508000035)","Unfall 60606 (2020) Kat:3, Licht: 0","60606","3","6","2","02","14","7","1","0","0","1","0","0"
"POINT (9.763732487000027 52.426934249000055)","Unfall 60607 (2020) Kat:3, Licht: 2","60607","3","6","3","02","07","7","0","2","0","1","0","0"
"POINT (9.800532693000037 52.342744095000057)","Unfall 60618 (2020) Kat:3, Licht: 0","60618","3","6","2","02","13","4","0","0","0","1","0","0"
"POINT (9.721397888000070 52.338121035000029)","Unfall 60651 (2020) Kat:3, Licht: 2","60651","3","3","5","02","06","5","0","2","0","1","0","0"
"POINT (9.697256248000031 52.378085919000057)","Unfall 60668 (2020) Kat:3, Licht: 2","60668","3","6","2","01","18","5","0","2","0","1","0","0"
"POINT (9.730487103000030 52.371179353000059)","Unfall 60681 (2020) Kat:3, Licht: 0","60681","3","7","0","02","15","3","1","0","0","1","0","0"
"POINT (9.787764463000030 52.390572534000057)","Unfall 60684 (2020) Kat:3, Licht: 0","60684","3","1","8","02","08","3","1","0","0","1","0","0"
"POINT (9.665081509000061 52.399198507000051)","Unfall 60720 (2020) Kat:3, Licht: 0","60720","3","1","9","01","09","5","0","0","0","1","0","0"
"POINT (9.814538308000067 52.401725916000032)","Unfall 60726 (2020) Kat:3, Licht: 0","60726","3","6","2","02","16","4","1","0","0","1","0","0"
"POINT (9.754288914000028 52.355392867000035)","Unfall 60736 (2020) Kat:3, Licht: 1","60736","3","2","6","01","07","5","1","1","0","1","1","0"
"POINT (9.841860820000022 52.395126105000031)","Unfall 60743 (2020) Kat:3, Licht: 0","60743","3","4","6","02","11","6","0","0","0","1","1","0"
"POINT (9.698397247000060 52.417285620000030)","Unfall 60745 (2020) Kat:3, Licht: 0","60745","3","1","0","02","13","7","0","0","0","0","0","1"
"POINT (9.726782768000021 52.375721164000026)","Unfall 60747 (2020) Kat:3, Licht: 2","60747","3","2","5","02","07","4","0","2","1","1","0","0"
"POINT (9.690741047000074 52.346696263000069)","Unfall 60753 (2020) Kat:3, Licht: 0","60753","3","2","2","01","11","6","0","0","0","1","0","0"
"POINT (9.733640763000039 52.384985874000051)","Unfall 60756 (2020) Kat:3, Licht: 0","60756","3","6","2","01","13","6","0","0","0","1","0","0"
"POINT (9.734782115000030 52.407301517000064)","Unfall 60757 (2020) Kat:3, Licht: 0","60757","3","7","5","02","15","2","1","0","0","1","0","0"
"POINT (9.809843492000027 52.368736981000040)","Unfall 60768 (2020) Kat:3, Licht: 2","60768","3","1","8","01","21","6","1","2","0","1","0","0"
"POINT (9.710910817000070 52.406078190000073)","Unfall 60772 (2020) Kat:3, Licht: 2","60772","3","6","2","01","17","6","0","2","0","1","0","0"
"POINT (9.841326524000067 52.416325184000073)","Unfall 60776 (2020) Kat:3, Licht: 0","60776","3","6","3","01","16","6","0","0","0","1","0","0"
"POINT (9.644253459000026 52.423354505000077)","Unfall 60777 (2020) Kat:3, Licht: 0","60777","3","6","2","02","16","2","1","0","0","1","0","0"
"POINT (9.651822980000077 52.415271058000030)","Unfall 60827 (2020) Kat:3, Licht: 0","60827","3","6","2","02","08","4","1","0","0","1","0","0"
"POINT (9.730011690000026 52.371362383000076)","Unfall 60836 (2020) Kat:3, Licht: 0","60836","3","6","2","02","13","6","0","0","0","1","0","0"
"POINT (9.861431091000043 52.358379248000062)","Unfall 60851 (2020) Kat:3, Licht: 2","60851","3","3","5","02","19","2","1","2","0","1","0","0"
"POINT (9.730810180000049 52.370463259000076)","Unfall 60887 (2020) Kat:2, Licht: 2","60887","2","1","0","02","22","3","1","2","1","0","0","0"
"POINT (9.846318449000023 52.413404116000038)","Unfall 60899 (2020) Kat:3, Licht: 0","60899","3","6","2","02","10","2","0","0","0","1","0","0"
"POINT (9.763418743000045 52.343862533000049)","Unfall 60932 (2020) Kat:3, Licht: 0","60932","3","2","5","02","10","2","0","0","1","1","0","0"
"POINT (9.814149265000026 52.338016451000044)","Unfall 60940 (2020) Kat:3, Licht: 0","60940","3","3","5","02","14","4","0","0","1","1","0","0"
"POINT (9.701080432000026 52.371087977000059)","Unfall 60982 (2020) Kat:3, Licht: 2","60982","3","6","2","02","06","3","1","2","0","1","0","0"
"POINT (9.735512267000047 52.401780678000080)","Unfall 60983 (2020) Kat:3, Licht: 2","60983","3","6","2","02","18","1","1","2","0","1","0","0"
"POINT (9.740289849000021 52.368262186000038)","Unfall 60984 (2020) Kat:3, Licht: 0","60984","3","2","5","02","11","6","1","0","1","1","0","0"
"POINT (9.786730549000026 52.389841252000053)","Unfall 60985 (2020) Kat:3, Licht: 1","60985","3","6","2","02","08","5","1","1","0","1","0","0"
"POINT (9.714417897000033 52.362136609000061)","Unfall 60992 (2020) Kat:3, Licht: 0","60992","3","1","3","02","07","6","1","0","0","1","0","0"
"POINT (9.682528884000021 52.326413362000039)","Unfall 61012 (2020) Kat:3, Licht: 2","61012","3","3","5","02","20","5","1","2","0","1","0","0"
"POINT (9.740254694000043 52.368258577000063)","Unfall 61019 (2020) Kat:3, Licht: 0","61019","3","2","5","02","11","7","0","0","1","1","0","0"
"POINT (9.778706744000033 52.370303014000058)","Unfall 61025 (2020) Kat:3, Licht: 0","61025","3","6","2","02","16","3","0","0","0","1","0","0"
"POINT (9.712813568000058 52.346531383000070)","Unfall 61153 (2020) Kat:3, Licht: 0","61153","3","6","2","02","17","4","1","0","0","1","0","0"
"POINT (9.682535667000025 52.326419669000074)","Unfall 61157 (2020) Kat:3, Licht: 2","61157","3","3","5","02","22","6","0","2","0","1","0","0"
"POINT (9.735938537000038 52.401083392000032)","Unfall 61165 (2020) Kat:3, Licht: 0","61165","3","6","2","02","12","6","0","0","0","1","0","0"
"POINT (9.763449293000065 52.343832852000048)","Unfall 61180 (2020) Kat:3, Licht: 0","61180","3","2","2","02","07","2","0","0","1","1","0","0"
"POINT (9.684325214000069 52.328316588000064)","Unfall 61185 (2020) Kat:3, Licht: 0","61185","3","6","3","02","08","6","1","0","0","1","0","0"
"POINT (9.763214405000042 52.370592578000071)","Unfall 61208 (2020) Kat:3, Licht: 0","61208","3","6","2","02","14","1","1","0","0","1","0","0"
"POINT (9.834203660000071 52.386632119000069)","Unfall 61209 (2020) Kat:2, Licht: 0","61209","2","4","6","02","12","6","1","0","0","1","1","0"
"POINT (9.800053186000071 52.406792713000073)","Unfall 61210 (2020) Kat:3, Licht: 0","61210","3","4","6","02","11","5","1","0","0","1","1","0"
"POINT (9.803984452000066 52.370622933000050)","Unfall 61215 (2020) Kat:3, Licht: 0","61215","3","7","9","02","16","3","0","0","1","0","0","0"
"POINT (9.650263478000056 52.424511204000055)","Unfall 61226 (2020) Kat:3, Licht: 1","61226","3","6","2","02","06","2","0","1","0","1","0","0"
"POINT (9.812977772000068 52.324911295000049)","Unfall 61242 (2020) Kat:3, Licht: 2","61242","3","6","2","02","18","7","0","2","0","1","0","0"
"POINT (9.786780112000031 52.389926928000079)","Unfall 61307 (2020) Kat:3, Licht: 2","61307","3","6","2","02","18","2","1","2","0","1","0","0"
"POINT (9.837313614000038 52.396992668000053)","Unfall 61311 (2020) Kat:3, Licht: 0","61311","3","3","5","02","16","3","1","0","0","1","0","0"
"POINT (9.831165171000066 52.399214768000036)","Unfall 61312 (2020) Kat:3, Licht: 2","61312","3","4","6","02","22","1","0","2","0","1","1","0"
"POINT (9.691385125000068 52.421597778000034)","Unfall 61313 (2020) Kat:3, Licht: 0","61313","3","2","5","02","08","6","1","0","0","0","0","0"
"POINT (9.697161302000041 52.374980024000081)","Unfall 61320 (2020) Kat:3, Licht: 0","61320","3","4","0","02","13","6","1","0","0","1","1","0"
"POINT (9.713415667000049 52.361934769000072)","Unfall 61321 (2020) Kat:3, Licht: 2","61321","3","6","2","02","18","5","1","2","0","1","0","0"
"POINT (9.776511657000071 52.332820727000069)","Unfall 61337 (2020) Kat:3, Licht: 2","61337","3","6","2","02","17","2","1","2","0","1","0","0"
"POINT (9.798291302000052 52.412557826000068)","Unfall 61409 (2020) Kat:3, Licht: 0","61409","3","3","5","03","15","4","0","0","1","1","0","0"
"POINT (9.826571940000065 52.362254970000038)","Unfall 61433 (2020) Kat:3, Licht: 2","61433","3","6","4","03","19","2","0","2","1","1","0","0"
"POINT (9.717069860000038 52.346367716000032)","Unfall 61460 (2020) Kat:3, Licht: 2","61460","3","2","5","02","05","6","0","2","1","0","0","0"
"POINT (9.663818354000057 52.376974532000077)","Unfall 61462 (2020) Kat:2, Licht: 0","61462","2","2","5","02","06","6","1","0","1","1","0","0"
"POINT (9.734639624000067 52.389468609000062)","Unfall 61468 (2020) Kat:3, Licht: 1","61468","3","6","2","02","16","6","0","1","0","1","0","0"
"POINT (9.734751856000059 52.390157873000078)","Unfall 61475 (2020) Kat:3, Licht: 0","61475","3","6","2","02","11","6","0","0","0","1","0","0"
"POINT (9.707359471000075 52.429838095000036)","Unfall 61481 (2020) Kat:3, Licht: 0","61481","3","6","2","02","15","6","0","0","0","1","0","0"
"POINT (9.627278709000052 52.423117964000028)","Unfall 61521 (2020) Kat:2, Licht: 0","61521","2","6","2","03","08","3","1","0","0","1","0","0"
"POINT (9.710597236000069 52.429422371000044)","Unfall 61533 (2020) Kat:3, Licht: 0","61533","3","6","2","03","11","4","0","0","0","0","0","0"
"POINT (9.688096504000043 52.374918284000046)","Unfall 61552 (2020) Kat:3, Licht: 1","61552","3","6","2","03","18","4","1","1","0","1","0","0"
"POINT (9.627240990000075 52.423278700000026)","Unfall 61573 (2020) Kat:3, Licht: 0","61573","3","6","2","03","07","3","1","0","0","1","0","0"
"POINT (9.726396581000074 52.380839722000076)","Unfall 61624 (2020) Kat:3, Licht: 0","61624","3","3","5","02","16","5","1","0","1","1","0","0"
"POINT (9.854640064000023 52.359024362000071)","Unfall 61631 (2020) Kat:3, Licht: 2","61631","3","2","5","02","19","5","1","2","0","1","0","0"
"POINT (9.733380812000064 52.417807817000039)","Unfall 61634 (2020) Kat:3, Licht: 0","61634","3","3","5","03","14","5","0","0","1","1","0","0"
"POINT (9.707186044000025 52.410405830000059)","Unfall 61645 (2020) Kat:2, Licht: 0","61645","2","6","0","03","13","7","0","0","0","1","0","1"
"POINT (9.651124605000064 52.424676933000057)","Unfall 61646 (2020) Kat:3, Licht: 0","61646","3","6","2","03","07","3","1","0","0","1","0","0"
"POINT (9.727501899000060 52.381294012000069)","Unfall 61654 (2020) Kat:3, Licht: 0","61654","3","6","2","03","16","3","0","0","0","1","0","0"
"POINT (9.858309049000070 52.387351961000036)","Unfall 61691 (2020) Kat:3, Licht: 2","61691","3","3","5","03","19","2","1","2","0","1","0","0"
"POINT (9.694644047000054 52.375879554000051)","Unfall 61699 (2020) Kat:3, Licht: 2","61699","3","7","0","03","06","3","1","2","0","0","0","1"
"POINT (9.754588119000061 52.370067540000036)","Unfall 61737 (2020) Kat:3, Licht: 0","61737","3","6","2","03","12","6","1","0","0","1","0","0"
"POINT (9.695504556000060 52.361351275000061)","Unfall 61780 (2020) Kat:2, Licht: 0","61780","2","1","0","03","16","3","0","0","1","0","0","0"
"POINT (9.719166984000026 52.347524536000037)","Unfall 61807 (2020) Kat:3, Licht: 2","61807","3","4","0","02","18","4","1","2","0","1","1","0"
"POINT (9.733795629000042 52.384582856000065)","Unfall 61814 (2020) Kat:3, Licht: 0","61814","3","6","2","03","15","2","0","0","0","1","0","0"
"POINT (9.726199177000069 52.365970909000055)","Unfall 61823 (2020) Kat:3, Licht: 0","61823","3","3","5","03","09","3","0","0","1","1","0","0"
"POINT (9.864099141000054 52.331442011000036)","Unfall 61833 (2020) Kat:3, Licht: 1","61833","3","5","1","02","17","4","1","1","0","1","0","0"
"POINT (9.735298922000027 52.394737746000033)","Unfall 61837 (2020) Kat:3, Licht: 0","61837","3","6","2","02","12","4","1","0","0","1","0","0"
"POINT (9.714820520000046 52.378116568000053)","Unfall 61846 (2020) Kat:3, Licht: 0","61846","3","1","8","03","07","1","0","0","0","1","0","0"
"POINT (9.820852264000052 52.427058528000032)","Unfall 61851 (2020) Kat:3, Licht: 2","61851","3","3","5","02","21","7","1","2","0","1","0","0"
"POINT (9.726782768000021 52.375721164000026)","Unfall 61871 (2020) Kat:3, Licht: 0","61871","3","2","0","03","09","3","1","0","1","1","0","0"
"POINT (9.642688590000034 52.414615016000027)","Unfall 61921 (2020) Kat:3, Licht: 2","61921","3","6","2","03","05","4","1","2","0","1","0","0"
"POINT (9.628300395000053 52.422227275000068)","Unfall 61949 (2020) Kat:3, Licht: 2","61949","3","6","2","03","20","1","1","2","0","1","0","0"
"POINT (9.651722994000068 52.417100904000051)","Unfall 61952 (2020) Kat:3, Licht: 2","61952","3","3","5","03","05","3","1","2","0","1","0","0"
"POINT (9.701059137000073 52.371101741000075)","Unfall 61972 (2020) Kat:3, Licht: 0","61972","3","6","2","02","16","3","0","0","0","1","0","0"
"POINT (9.749648943000068 52.427262473000042)","Unfall 61989 (2020) Kat:3, Licht: 0","61989","3","1","8","03","17","4","0","0","0","1","0","0"
"POINT (9.736198059000060 52.399232201000075)","Unfall 62004 (2020) Kat:3, Licht: 0","62004","3","6","2","03","09","7","0","0","0","1","0","0"
"POINT (9.648456170000031 52.412635711000064)","Unfall 62033 (2020) Kat:3, Licht: 0","62033","3","6","2","03","13","2","0","0","0","1","0","0"
"POINT (9.733348156000034 52.420738283000048)","Unfall 62125 (2020) Kat:3, Licht: 0","62125","3","6","2","03","16","7","0","0","0","1","0","1"
"POINT (9.725349617000063 52.365011249000077)","Unfall 62153 (2020) Kat:2, Licht: 2","62153","2","7","0","03","19","1","0","2","0","0","0","0"
"POINT (9.767205331000071 52.337712622000026)","Unfall 62156 (2020) Kat:3, Licht: 0","62156","3","2","5","03","13","3","0","0","1","1","0","0"
"POINT (9.827236569000036 52.359226873000068)","Unfall 62198 (2020) Kat:3, Licht: 0","62198","3","3","5","03","17","2","0","0","0","1","0","0"
"POINT (9.764823148000062 52.427088400000059)","Unfall 62207 (2020) Kat:3, Licht: 2","62207","3","1","9","03","02","6","0","2","0","1","0","0"
"POINT (9.708051439000030 52.420964762000040)","Unfall 62224 (2020) Kat:3, Licht: 0","62224","3","2","5","03","16","1","0","0","1","1","0","0"
"POINT (9.747225339000067 52.369132104000073)","Unfall 62228 (2020) Kat:3, Licht: 0","62228","3","3","5","03","14","2","1","0","1","0","0","0"
"POINT (9.715120284000022 52.361273590000053)","Unfall 62262 (2020) Kat:3, Licht: 0","62262","3","2","3","03","13","7","0","0","0","1","0","0"
"POINT (9.818242882000050 52.338680172000068)","Unfall 62265 (2020) Kat:3, Licht: 0","62265","3","3","5","03","13","7","0","0","0","1","0","0"
"POINT (9.634696020000035 52.420331262000047)","Unfall 62363 (2020) Kat:3, Licht: 0","62363","3","6","3","03","13","5","0","0","0","1","0","0"
"POINT (9.763449293000065 52.343832852000048)","Unfall 62409 (2020) Kat:3, Licht: 0","62409","3","2","3","03","16","6","1","0","1","0","0","0"
"POINT (9.677511976000062 52.371827445000065)","Unfall 62422 (2020) Kat:3, Licht: 0","62422","3","6","9","03","12","6","0","0","0","1","0","0"
"POINT (9.728283278000049 52.374197817000038)","Unfall 62426 (2020) Kat:3, Licht: 0","62426","3","6","2","03","17","5","0","0","0","1","0","0"
"POINT (9.733981481000058 52.385020611000073)","Unfall 62428 (2020) Kat:2, Licht: 2","62428","2","1","8","03","01","6","0","2","0","1","0","0"
"POINT (9.733237362000068 52.384273535000034)","Unfall 62436 (2020) Kat:3, Licht: 1","62436","3","6","2","03","18","5","0","1","0","1","0","1"
"POINT (9.721196225000028 52.361670918000073)","Unfall 62453 (2020) Kat:3, Licht: 1","62453","3","2","5","03","17","5","0","1","1","1","0","0"
"POINT (9.626877959000069 52.423380785000063)","Unfall 62481 (2020) Kat:3, Licht: 0","62481","3","6","2","03","11","2","1","0","0","1","0","0"
"POINT (9.723007221000046 52.358093419000056)","Unfall 62535 (2020) Kat:3, Licht: 0","62535","3","6","2","03","17","5","0","0","0","1","0","0"
"POINT (9.709164778000059 52.408439108000039)","Unfall 62543 (2020) Kat:3, Licht: 0","62543","3","7","0","03","17","7","0","0","0","0","0","1"
"POINT (9.694632122000030 52.419613477000041)","Unfall 62550 (2020) Kat:2, Licht: 2","62550","2","2","5","03","22","5","0","2","1","1","0","0"
"POINT (9.837882863000061 52.310714884000049)","Unfall 62551 (2020) Kat:2, Licht: 2","62551","2","1","9","03","20","5","0","2","0","1","0","0"
"POINT (9.768643602000054 52.426970314000073)","Unfall 62554 (2020) Kat:3, Licht: 0","62554","3","6","2","03","16","5","0","0","0","1","0","0"
"POINT (9.694925876000070 52.430963533000067)","Unfall 62558 (2020) Kat:3, Licht: 0","62558","3","7","5","03","15","5","0","0","0","1","0","0"
"POINT (9.712338058000057 52.404120149000050)","Unfall 62560 (2020) Kat:2, Licht: 0","62560","2","6","2","03","08","5","1","0","0","1","0","0"
"POINT (9.863568082000029 52.330271054000036)","Unfall 62562 (2020) Kat:3, Licht: 2","62562","3","6","2","03","00","5","1","2","0","0","0","0"
"POINT (9.733654387000058 52.384465217000070)","Unfall 62573 (2020) Kat:3, Licht: 0","62573","3","1","0","03","15","3","0","0","1","0","0","0"
"POINT (9.728476245000024 52.368029579000051)","Unfall 62641 (2020) Kat:3, Licht: 0","62641","3","2","5","03","11","5","0","0","1","1","0","0"
"POINT (9.705645027000060 52.412242557000070)","Unfall 62658 (2020) Kat:3, Licht: 2","62658","3","7","0","03","21","3","0","2","1","0","0","0"
"POINT (9.862625176000051 52.405376031000060)","Unfall 62695 (2020) Kat:3, Licht: 0","62695","3","1","9","05","10","7","1","0","0","1","0","0"
"POINT (9.795192199000042 52.394949768000060)","Unfall 62699 (2020) Kat:3, Licht: 0","62699","3","6","2","04","07","2","0","0","0","1","0","0"
"POINT (9.822984289000033 52.426313874000073)","Unfall 62717 (2020) Kat:3, Licht: 0","62717","3","7","8","05","16","1","0","0","0","1","0","0"
"POINT (9.768441758000051 52.338188082000045)","Unfall 62718 (2020) Kat:3, Licht: 0","62718","3","6","2","04","15","3","0","0","0","1","0","0"
"POINT (9.862422205000030 52.405469162000031)","Unfall 62723 (2020) Kat:2, Licht: 0","62723","2","6","2","04","15","6","0","0","0","0","0","0"
"POINT (9.793862227000034 52.394736318000071)","Unfall 62731 (2020) Kat:3, Licht: 0","62731","3","2","5","04","17","6","0","0","0","1","0","0"
"POINT (9.754432857000040 52.370059124000079)","Unfall 62742 (2020) Kat:3, Licht: 0","62742","3","6","3","04","12","5","0","0","1","1","0","0"
"POINT (9.712684813000067 52.366772654000044)","Unfall 62783 (2020) Kat:3, Licht: 0","62783","3","2","5","04","15","5","0","0","1","1","0","0"
"POINT (9.756733996000037 52.370185341000081)","Unfall 62787 (2020) Kat:3, Licht: 0","62787","3","3","5","04","15","1","0","0","1","1","0","0"
"POINT (9.715045011000029 52.366640970000049)","Unfall 62798 (2020) Kat:3, Licht: 0","62798","3","5","0","04","09","4","0","0","1","1","0","0"
"POINT (9.658941342000048 52.426180134000049)","Unfall 62811 (2020) Kat:2, Licht: 0","62811","2","6","3","04","16","7","0","0","0","1","0","1"
"POINT (9.722711525000022 52.337531910000052)","Unfall 62827 (2020) Kat:3, Licht: 0","62827","3","1","0","04","14","2","0","0","0","0","0","1"
"POINT (9.762682093000024 52.370407833000058)","Unfall 62829 (2020) Kat:3, Licht: 0","62829","3","1","9","04","06","4","0","0","0","1","0","0"
"POINT (9.731564063000064 52.369565281000064)","Unfall 62899 (2020) Kat:3, Licht: 0","62899","3","6","2","04","15","2","0","0","0","1","0","0"
"POINT (9.773768152000059 52.428237452000076)","Unfall 62900 (2020) Kat:3, Licht: 0","62900","3","6","2","04","17","2","0","0","0","1","0","0"
"POINT (9.670647122000048 52.358339645000058)","Unfall 62916 (2020) Kat:3, Licht: 0","62916","3","2","5","04","17","6","0","0","1","1","0","0"
"POINT (9.762846222000064 52.344410806000042)","Unfall 62945 (2020) Kat:3, Licht: 0","62945","3","3","5","04","18","6","0","0","0","1","0","0"
"POINT (9.718165836000026 52.394500486000027)","Unfall 63027 (2020) Kat:3, Licht: 0","63027","3","1","0","04","16","6","0","0","1","0","0","0"
"POINT (9.735230670000021 52.405543229000045)","Unfall 63043 (2020) Kat:3, Licht: 0","63043","3","2","2","04","10","2","0","0","0","1","0","0"
"POINT (9.707791189000034 52.410032189000049)","Unfall 63053 (2020) Kat:3, Licht: 0","63053","3","6","2","04","12","7","0","0","0","1","0","0"
"POINT (9.776234708000061 52.329057210000030)","Unfall 63061 (2020) Kat:3, Licht: 2","63061","3","4","6","05","23","1","0","2","0","1","1","0"
"POINT (9.684892529000024 52.360140903000058)","Unfall 63077 (2020) Kat:3, Licht: 2","63077","3","1","8","04","22","5","1","2","0","1","0","0"
"POINT (9.703091907000044 52.422834893000072)","Unfall 63078 (2020) Kat:3, Licht: 0","63078","3","4","6","04","15","5","0","0","0","1","1","0"
"POINT (9.736197525000023 52.399236730000041)","Unfall 63120 (2020) Kat:3, Licht: 2","63120","3","3","5","04","00","6","0","2","0","1","0","0"
"POINT (9.736213121000048 52.399104147000060)","Unfall 63169 (2020) Kat:3, Licht: 0","63169","3","6","2","05","12","7","1","0","0","1","0","0"
"POINT (9.779636003000064 52.428151057000036)","Unfall 63212 (2020) Kat:3, Licht: 2","63212","3","1","8","04","05","2","0","2","0","1","0","0"
"POINT (9.729435271000057 52.384963190000065)","Unfall 63222 (2020) Kat:3, Licht: 0","63222","3","6","2","04","16","5","0","0","0","1","0","0"
"POINT (9.823832368000069 52.384166895000078)","Unfall 63297 (2020) Kat:3, Licht: 0","63297","3","2","0","04","21","5","0","0","1","1","0","0"
"POINT (9.774215938000054 52.428197895000039)","Unfall 63298 (2020) Kat:2, Licht: 0","63298","2","2","5","04","10","5","0","0","0","1","0","0"
"POINT (9.735047153000039 52.392357173000050)","Unfall 63311 (2020) Kat:3, Licht: 0","63311","3","6","3","04","12","7","0","0","0","1","0","1"
"POINT (9.647492913000065 52.413408409000056)","Unfall 63342 (2020) Kat:3, Licht: 0","63342","3","3","5","04","12","4","0","0","1","1","0","0"
"POINT (9.899588557000072 52.401331107000033)","Unfall 63438 (2020) Kat:3, Licht: 0","63438","3","3","5","04","13","1","0","0","0","1","0","0"
"POINT (9.697537488000023 52.377396380000050)","Unfall 63451 (2020) Kat:3, Licht: 0","63451","3","6","2","04","14","3","0","0","0","1","0","0"
"POINT (9.648648887000036 52.424045703000047)","Unfall 63472 (2020) Kat:3, Licht: 0","63472","3","6","3","04","20","4","0","0","0","1","0","0"
"POINT (9.709535985000059 52.408009322000055)","Unfall 63526 (2020) Kat:3, Licht: 0","63526","3","2","5","04","15","2","0","0","1","0","0","0"
"POINT (9.698748412000043 52.347390666000081)","Unfall 63546 (2020) Kat:3, Licht: 0","63546","3","7","5","05","13","1","0","0","0","1","0","1"
"POINT (9.842419808000045 52.388131163000082)","Unfall 63548 (2020) Kat:3, Licht: 0","63548","3","1","8","05","13","1","0","0","0","1","0","0"
"POINT (9.701108991000069 52.371069516000034)","Unfall 63549 (2020) Kat:3, Licht: 0","63549","3","6","2","05","18","1","0","0","0","1","0","0"
"POINT (9.812215293000065 52.429498029000058)","Unfall 63552 (2020) Kat:3, Licht: 0","63552","3","6","3","05","12","1","0","0","0","1","0","0"
"POINT (9.722599737000053 52.337565976000064)","Unfall 63586 (2020) Kat:3, Licht: 0","63586","3","6","2","05","16","7","0","0","0","1","0","1"
"POINT (9.719263763000072 52.349102130000063)","Unfall 63587 (2020) Kat:3, Licht: 0","63587","3","2","2","05","11","7","0","0","0","1","0","0"
"POINT (9.734240636000038 52.336766621000038)","Unfall 63642 (2020) Kat:3, Licht: 0","63642","3","6","2","05","15","6","0","0","0","1","0","0"
"POINT (9.823615665000034 52.408397643000058)","Unfall 63643 (2020) Kat:3, Licht: 0","63643","3","1","9","05","15","6","0","0","0","0","0","0"
"POINT (9.846725682000056 52.413169001000028)","Unfall 63644 (2020) Kat:3, Licht: 2","63644","3","6","9","05","01","6","0","2","0","1","0","0"
"POINT (9.762200344000064 52.370416647000070)","Unfall 63679 (2020) Kat:3, Licht: 0","63679","3","2","5","05","12","5","0","0","1","1","0","0"
"POINT (9.664746073000060 52.427136795000081)","Unfall 63685 (2020) Kat:1, Licht: 0","63685","1","6","2","05","17","5","0","0","0","0","0","0"