WKT,Name,OBJECTID,UKATEGORIE,UTYP1,UART,UMONAT,USTUNDE,UWOCHENTAG,STRZUSTAND,ULICHTVERH,ISTRAD,ISTPKW,ISTFUSS,ISTKRAD
"POINT (9.657776699000067 52.356981405000056)","Unfall 63686 (2020) Kat:3, Licht: 0","63686","3","3","5","05","14","5","0","0","1","1","0","0"
"POINT (9.862163119000059 52.366284651000058)","Unfall 63689 (2020) Kat:2, Licht: 0","63689","2","2","5","05","08","5","0","0","1","0","0","0"
"POINT (9.707781771000043 52.409716182000068)","Unfall 63729 (2020) Kat:3, Licht: 0","63729","3","6","3","05","17","4","0","0","0","1","0","0"
"POINT (9.707971828000041 52.420832477000033)","Unfall 63730 (2020) Kat:3, Licht: 0","63730","3","2","5","05","15","4","0","0","0","1","0","1"
"POINT (9.787986700000033 52.355535016000033)","Unfall 63736 (2020) Kat:3, Licht: 0","63736","3","6","2","05","07","4","0","0","0","1","0","0"
"POINT (9.697739817000070 52.377146186000061)","Unfall 63771 (2020) Kat:3, Licht: 0","63771","3","6","2","05","10","3","0","0","0","1","0","0"
"POINT (9.826156681000043 52.341272374000027)","Unfall 63772 (2020) Kat:3, Licht: 0","63772","3","7","6","05","11","3","0","0","0","1","1","0"
"POINT (9.858309049000070 52.387351961000036)","Unfall 63802 (2020) Kat:3, Licht: 0","63802","3","3","5","05","14","2","0","0","1","1","0","0"
"POINT (9.862360709000029 52.371479429000033)","Unfall 63803 (2020) Kat:3, Licht: 0","63803","3","3","5","05","13","2","0","0","0","1","0","0"
"POINT (9.729335962000050 52.381938469000033)","Unfall 63804 (2020) Kat:3, Licht: 0","63804","3","5","1","05","16","2","0","0","0","1","0","1"
"POINT (9.843068201000051 52.394633958000043)","Unfall 63899 (2020) Kat:2, Licht: 0","63899","2","4","6","05","15","2","0","0","0","0","1","0"
"POINT (9.786822101000041 52.389999508000074)","Unfall 63901 (2020) Kat:3, Licht: 0","63901","3","6","2","05","08","2","0","0","0","1","0","0"
"POINT (9.694790596000075 52.337548134000031)","Unfall 63920 (2020) Kat:3, Licht: 0","63920","3","3","5","05","11","1","0","0","0","1","0","0"
"POINT (9.736766753000040 52.427383977000034)","Unfall 63945 (2020) Kat:3, Licht: 0","63945","3","7","2","05","08","7","0","0","0","1","0","0"
"POINT (9.734294996000074 52.427385569000080)","Unfall 63946 (2020) Kat:3, Licht: 0","63946","3","6","2","05","09","7","0","0","0","1","0","0"
"POINT (9.659000047000063 52.387820804000057)","Unfall 64016 (2020) Kat:3, Licht: 0","64016","3","1","8","05","16","5","0","0","0","1","0","0"
"POINT (9.761644457000045 52.345755570000051)","Unfall 64021 (2020) Kat:3, Licht: 0","64021","3","3","5","05","19","5","0","0","0","1","0","0"
"POINT (9.626100450000024 52.408144339000046)","Unfall 64043 (2020) Kat:3, Licht: 0","64043","3","2","2","05","10","4","0","0","0","1","0","0"
"POINT (9.720646617000057 52.391484221000042)","Unfall 64044 (2020) Kat:3, Licht: 0","64044","3","6","6","05","12","4","0","0","1","0","1","0"
"POINT (9.719391617000042 52.346640635000028)","Unfall 64045 (2020) Kat:3, Licht: 0","64045","3","2","5","05","13","4","0","0","0","1","0","0"
"POINT (9.721742501000051 52.378456672000027)","Unfall 64046 (2020) Kat:3, Licht: 0","64046","3","6","2","05","09","4","0","0","0","1","0","0"
"POINT (9.685030547000054 52.374553822000053)","Unfall 64049 (2020) Kat:2, Licht: 0","64049","2","3","5","05","17","4","0","0","0","0","0","1"
"POINT (9.733802193000031 52.417357272000061)","Unfall 64072 (2020) Kat:3, Licht: 0","64072","3","2","5","05","11","3","0","0","0","1","0","0"
"POINT (9.733532542000035 52.416608960000076)","Unfall 64091 (2020) Kat:3, Licht: 0","64091","3","3","5","05","11","4","0","0","1","1","0","0"
"POINT (9.666254143000060 52.428645784000082)","Unfall 64101 (2020) Kat:3, Licht: 0","64101","3","6","2","05","16","4","0","0","0","1","0","0"
"POINT (9.885321371000032 52.358681132000072)","Unfall 64122 (2020) Kat:3, Licht: 0","64122","3","6","2","05","18","2","0","0","0","1","0","0"
"POINT (9.749109825000062 52.369228397000029)","Unfall 64170 (2020) Kat:3, Licht: 0","64170","3","7","0","05","19","5","0","0","1","0","1","0"
"POINT (9.734031067000046 52.368878122000069)","Unfall 64171 (2020) Kat:3, Licht: 0","64171","3","2","4","05","17","5","0","0","1","1","0","0"
"POINT (9.861862072000065 52.381391444000030)","Unfall 64172 (2020) Kat:3, Licht: 0","64172","3","3","5","05","17","5","0","0","0","1","0","1"
"POINT (9.695783076000055 52.420038117000047)","Unfall 64173 (2020) Kat:3, Licht: 0","64173","3","7","0","05","14","5","0","0","0","1","0","1"
"POINT (9.678075153000066 52.371785265000028)","Unfall 64177 (2020) Kat:3, Licht: 0","64177","3","7","3","05","15","5","0","0","0","1","0","0"
"POINT (9.665409722000049 52.384360692000030)","Unfall 64179 (2020) Kat:3, Licht: 0","64179","3","4","6","05","14","5","0","0","0","1","1","0"
"POINT (9.664090417000068 52.376962479000042)","Unfall 64269 (2020) Kat:3, Licht: 0","64269","3","5","2","05","18","3","0","0","0","1","0","1"
"POINT (9.799405533000027 52.409560137000028)","Unfall 64273 (2020) Kat:3, Licht: 0","64273","3","3","5","05","07","3","0","0","1","1","0","0"
"POINT (9.735235329000034 52.394427998000026)","Unfall 64281 (2020) Kat:3, Licht: 0","64281","3","1","8","05","14","6","0","0","1","0","0","0"
"POINT (9.818623123000066 52.410270060000073)","Unfall 64291 (2020) Kat:3, Licht: 0","64291","3","2","5","05","12","6","0","0","0","1","0","0"
"POINT (9.698239458000046 52.420900279000080)","Unfall 64305 (2020) Kat:3, Licht: 0","64305","3","7","0","05","19","6","0","0","1","0","0","0"
"POINT (9.702192935000028 52.414816224000049)","Unfall 64307 (2020) Kat:3, Licht: 0","64307","3","6","2","05","16","2","0","0","0","1","0","0"
"POINT (9.697220475000052 52.375436299000057)","Unfall 64341 (2020) Kat:3, Licht: 0","64341","3","6","2","05","16","1","1","0","0","1","0","0"
"POINT (9.717786702000069 52.395565876000035)","Unfall 64342 (2020) Kat:3, Licht: 2","64342","3","1","0","05","00","1","0","2","1","0","0","0"
"POINT (9.766731579000066 52.337600043000066)","Unfall 64364 (2020) Kat:2, Licht: 0","64364","2","3","5","05","13","7","0","0","1","1","0","0"
"POINT (9.889169654000057 52.361718317000054)","Unfall 64367 (2020) Kat:3, Licht: 0","64367","3","6","2","05","06","7","0","0","0","1","0","0"
"POINT (9.697829831000036 52.377069243000051)","Unfall 64407 (2020) Kat:3, Licht: 0","64407","3","6","2","05","17","6","0","0","0","1","0","0"
"POINT (9.732142832000022 52.369468898000036)","Unfall 64408 (2020) Kat:3, Licht: 0","64408","3","6","2","05","12","6","0","0","0","1","0","0"
"POINT (9.680728348000059 52.359624294000071)","Unfall 64471 (2020) Kat:3, Licht: 0","64471","3","6","6","05","13","5","0","0","1","0","1","0"
"POINT (9.749315497000055 52.369239597000046)","Unfall 64523 (2020) Kat:3, Licht: 0","64523","3","5","1","06","10","6","0","0","1","1","0","0"
"POINT (9.628521429000045 52.422247777000052)","Unfall 64525 (2020) Kat:3, Licht: 0","64525","3","6","2","06","18","6","1","0","0","1","0","0"
"POINT (9.700573211000062 52.347423800000058)","Unfall 64526 (2020) Kat:3, Licht: 1","64526","3","1","8","06","21","6","1","1","0","1","0","0"
"POINT (9.734541490000026 52.411677714000064)","Unfall 64536 (2020) Kat:2, Licht: 0","64536","2","2","0","06","11","6","0","0","1","1","0","0"
"POINT (9.654558263000070 52.407721475000073)","Unfall 64589 (2020) Kat:3, Licht: 0","64589","3","1","8","06","10","5","1","0","0","1","0","0"
"POINT (9.742478244000040 52.368079228000056)","Unfall 64590 (2020) Kat:3, Licht: 0","64590","3","6","1","06","12","5","1","0","0","1","0","0"
"POINT (9.798888406000060 52.411342146000038)","Unfall 64593 (2020) Kat:3, Licht: 0","64593","3","3","5","06","10","5","1","0","0","1","0","0"
"POINT (9.777030228000058 52.328266677000045)","Unfall 64594 (2020) Kat:3, Licht: 0","64594","3","1","0","06","09","5","0","0","1","0","0","0"
"POINT (9.827291421000041 52.355592828000056)","Unfall 64595 (2020) Kat:3, Licht: 0","64595","3","3","5","06","15","5","1","0","0","1","0","0"
"POINT (9.803303986000060 52.336915647000069)","Unfall 64614 (2020) Kat:3, Licht: 0","64614","3","6","4","06","18","1","0","0","1","0","0","0"
"POINT (9.696683626000038 52.347643076000054)","Unfall 64641 (2020) Kat:3, Licht: 0","64641","3","6","2","06","15","4","0","0","0","1","0","0"
"POINT (9.721509292000064 52.361506713000040)","Unfall 64643 (2020) Kat:3, Licht: 0","64643","3","6","2","06","14","4","0","0","0","1","0","0"
"POINT (9.725145426000040 52.376986584000065)","Unfall 64718 (2020) Kat:3, Licht: 2","64718","3","2","4","06","22","3","0","2","0","1","0","0"
"POINT (9.724243230000070 52.377503058000059)","Unfall 64720 (2020) Kat:3, Licht: 0","64720","3","6","3","06","16","3","0","0","1","1","0","0"
"POINT (9.799186733000056 52.410421738000082)","Unfall 64721 (2020) Kat:3, Licht: 0","64721","3","3","5","06","16","3","0","0","1","1","0","0"
"POINT (9.735202590000029 52.403420946000040)","Unfall 64723 (2020) Kat:2, Licht: 0","64723","2","4","0","06","17","3","0","0","1","0","1","0"
"POINT (9.796971803000076 52.347174781000035)","Unfall 64725 (2020) Kat:3, Licht: 0","64725","3","6","2","06","12","3","0","0","0","1","0","0"
"POINT (9.722995025000046 52.358143286000029)","Unfall 64728 (2020) Kat:3, Licht: 0","64728","3","6","2","06","12","2","0","0","0","1","0","0"
"POINT (9.798187091000045 52.412760588000026)","Unfall 64730 (2020) Kat:3, Licht: 0","64730","3","7","0","06","16","3","0","0","0","0","0","0"
"POINT (9.726924133000068 52.381065732000081)","Unfall 64743 (2020) Kat:3, Licht: 0","64743","3","6","2","06","16","3","0","0","0","1","0","0"
"POINT (9.854656838000039 52.359021855000037)","Unfall 64816 (2020) Kat:3, Licht: 0","64816","3","3","5","06","15","2","0","0","1","1","0","0"
"POINT (9.676807031000067 52.357071131000055)","Unfall 64819 (2020) Kat:3, Licht: 0","64819","3","7","0","06","16","2","0","0","1","0","0","0"
"POINT (9.799141299000041 52.423141694000037)","Unfall 64820 (2020) Kat:3, Licht: 0","64820","3","1","0","06","12","2","0","0","1","0","0","0"
"POINT (9.717156326000065 52.346365410000033)","Unfall 64877 (2020) Kat:3, Licht: 2","64877","3","3","5","05","00","1","0","2","0","1","0","0"
"POINT (9.649270379000029 52.412189412000032)","Unfall 64887 (2020) Kat:3, Licht: 0","64887","3","6","2","06","14","2","0","0","0","1","0","0"
"POINT (9.810979603000021 52.382681239000078)","Unfall 64926 (2020) Kat:3, Licht: 2","64926","3","2","4","05","22","7","0","2","0","1","0","0"
"POINT (9.735152994000032 52.406294266000032)","Unfall 64927 (2020) Kat:2, Licht: 0","64927","2","3","5","06","16","3","0","0","1","1","0","0"
"POINT (9.764377471000046 52.343264952000027)","Unfall 64929 (2020) Kat:3, Licht: 0","64929","3","3","0","05","12","7","0","0","0","1","0","1"
"POINT (9.635797389000061 52.421767235000061)","Unfall 64932 (2020) Kat:3, Licht: 0","64932","3","6","2","05","19","7","0","0","0","1","0","0"
"POINT (9.716986072000054 52.356533293000041)","Unfall 64934 (2020) Kat:3, Licht: 0","64934","3","7","0","05","19","7","0","0","1","0","0","0"
"POINT (9.768539360000034 52.338081131000081)","Unfall 64935 (2020) Kat:2, Licht: 0","64935","2","1","0","05","14","7","0","0","0","0","0","1"
"POINT (9.837009653000052 52.419043249000026)","Unfall 64938 (2020) Kat:3, Licht: 0","64938","3","1","8","05","05","7","0","0","0","1","0","0"
"POINT (9.763449293000065 52.343832852000048)","Unfall 64958 (2020) Kat:3, Licht: 0","64958","3","3","5","06","17","2","0","0","1","1","0","0"
"POINT (9.718779858000062 52.345958976000077)","Unfall 64961 (2020) Kat:3, Licht: 0","64961","3","6","2","06","18","6","0","0","0","1","0","0"
"POINT (9.793195238000067 52.393668421000029)","Unfall 64976 (2020) Kat:3, Licht: 0","64976","3","2","3","06","18","5","0","0","0","1","0","0"
"POINT (9.777746794000052 52.373267436000049)","Unfall 65057 (2020) Kat:3, Licht: 2","65057","3","1","0","06","23","6","0","2","1","0","0","0"
"POINT (9.853506403000040 52.390470326000070)","Unfall 65073 (2020) Kat:3, Licht: 0","65073","3","3","5","06","12","2","0","0","1","1","0","0"
"POINT (9.786936850000075 52.390197863000026)","Unfall 65075 (2020) Kat:3, Licht: 0","65075","3","6","2","06","13","6","0","0","0","1","0","0"
"POINT (9.641369661000056 52.414280242000075)","Unfall 65102 (2020) Kat:3, Licht: 0","65102","3","3","5","06","19","1","0","0","1","1","0","0"
"POINT (9.802203075000023 52.407147646000055)","Unfall 65129 (2020) Kat:3, Licht: 0","65129","3","3","5","06","11","7","0","0","1","1","0","0"
"POINT (9.752421724000044 52.357640954000033)","Unfall 65145 (2020) Kat:3, Licht: 0","65145","3","3","5","06","14","5","0","0","1","1","0","0"
"POINT (9.705636629000026 52.412445949000073)","Unfall 65150 (2020) Kat:3, Licht: 0","65150","3","6","2","06","07","5","1","0","0","1","0","0"
"POINT (9.696312567000064 52.379877783000040)","Unfall 65153 (2020) Kat:3, Licht: 1","65153","3","3","5","06","22","7","0","1","0","1","0","0"
"POINT (9.720485751000069 52.338293542000031)","Unfall 65168 (2020) Kat:3, Licht: 0","65168","3","6","2","06","16","5","0","0","0","0","0","1"
"POINT (9.734059474000048 52.368871166000076)","Unfall 65171 (2020) Kat:3, Licht: 0","65171","3","2","5","06","19","5","0","0","1","1","0","0"
"POINT (9.730213768000056 52.368958507000059)","Unfall 65253 (2020) Kat:2, Licht: 0","65253","2","2","0","06","17","3","0","0","1","0","0","0"
"POINT (9.806877776000022 52.430578852000053)","Unfall 65257 (2020) Kat:2, Licht: 0","65257","2","6","2","06","15","7","0","0","0","1","0","0"
"POINT (9.826900493000039 52.401840927000080)","Unfall 65260 (2020) Kat:2, Licht: 0","65260","2","6","0","06","14","6","0","0","0","1","0","1"
"POINT (9.736170806000075 52.399435935000042)","Unfall 65281 (2020) Kat:3, Licht: 0","65281","3","3","5","06","15","2","0","0","1","0","0","0"
"POINT (9.627988933000040 52.408711046000064)","Unfall 65309 (2020) Kat:3, Licht: 0","65309","3","3","5","06","18","1","0","0","1","1","0","0"
"POINT (9.846924926000042 52.390475869000056)","Unfall 65338 (2020) Kat:3, Licht: 0","65338","3","1","0","06","13","7","0","0","1","0","0","0"
"POINT (9.817370104000077 52.428007746000048)","Unfall 65360 (2020) Kat:3, Licht: 0","65360","3","7","0","06","15","7","0","0","0","1","0","0"
"POINT (9.723286354000038 52.377796823000040)","Unfall 65363 (2020) Kat:2, Licht: 2","65363","2","1","0","06","23","6","0","2","1","0","0","0"
"POINT (9.628609353000059 52.408896609000067)","Unfall 65365 (2020) Kat:3, Licht: 0","65365","3","6","2","06","14","4","0","0","0","1","0","0"
"POINT (9.656864797000026 52.425621523000075)","Unfall 65380 (2020) Kat:3, Licht: 1","65380","3","1","8","06","04","3","0","1","0","1","0","0"
"POINT (9.698730804000036 52.347396155000069)","Unfall 65381 (2020) Kat:3, Licht: 0","65381","3","3","5","06","14","4","0","0","0","1","0","0"
"POINT (9.734030383000061 52.387139264000041)","Unfall 65387 (2020) Kat:3, Licht: 0","65387","3","2","5","06","17","4","0","0","1","0","0","0"
"POINT (9.796640570000022 52.415718185000060)","Unfall 65394 (2020) Kat:3, Licht: 0","65394","3","6","4","06","17","4","0","0","1","0","0","0"
"POINT (9.727668967000057 52.374597993000066)","Unfall 65408 (2020) Kat:3, Licht: 0","65408","3","7","0","06","15","1","0","0","1","0","0","0"
"POINT (9.707025114000032 52.410590749000050)","Unfall 65410 (2020) Kat:3, Licht: 0","65410","3","6","2","06","10","6","0","0","0","1","0","0"
"POINT (9.827068361000045 52.342880348000051)","Unfall 65420 (2020) Kat:2, Licht: 0","65420","2","3","5","06","10","4","0","0","1","1","0","0"
"POINT (9.745566177000058 52.369057248000047)","Unfall 65430 (2020) Kat:2, Licht: 0","65430","2","1","0","06","21","1","0","0","1","0","0","0"
"POINT (9.746254304000047 52.365657227000042)","Unfall 65431 (2020) Kat:3, Licht: 0","65431","3","6","2","06","17","3","0","0","0","1","0","0"
"POINT (9.814653982000039 52.402032141000063)","Unfall 65454 (2020) Kat:2, Licht: 0","65454","2","1","8","06","17","1","1","0","0","1","0","0"
"POINT (9.851622883000061 52.410613196000043)","Unfall 65460 (2020) Kat:3, Licht: 0","65460","3","6","2","06","06","7","0","0","0","1","0","0"
"POINT (9.709647659000041 52.346756756000048)","Unfall 65463 (2020) Kat:3, Licht: 0","65463","3","6","3","06","19","6","0","0","0","1","0","0"
"POINT (9.782443789000070 52.325008137000054)","Unfall 65488 (2020) Kat:3, Licht: 0","65488","3","2","5","07","15","5","0","0","1","1","0","0"
"POINT (9.730477462000067 52.382330550000063)","Unfall 65530 (2020) Kat:3, Licht: 0","65530","3","2","5","06","14","6","0","0","1","0","0","1"
"POINT (9.767043130000047 52.339761991000046)","Unfall 65533 (2020) Kat:3, Licht: 0","65533","3","4","0","06","11","6","0","0","1","0","1","0"
"POINT (9.797839245000034 52.335568371000079)","Unfall 65535 (2020) Kat:3, Licht: 0","65535","3","7","0","06","11","6","0","0","1","0","0","0"
"POINT (9.678006070000038 52.359378857000081)","Unfall 65552 (2020) Kat:2, Licht: 0","65552","2","3","5","06","09","6","0","0","1","0","0","0"
"POINT (9.734572166000021 52.411480026000049)","Unfall 65554 (2020) Kat:3, Licht: 0","65554","3","2","0","06","09","6","0","0","1","1","0","0"
"POINT (9.641619380000066 52.422541541000044)","Unfall 65566 (2020) Kat:3, Licht: 0","65566","3","6","3","07","05","4","1","0","0","1","0","0"
"POINT (9.839325550000069 52.410091663000060)","Unfall 65574 (2020) Kat:3, Licht: 0","65574","3","1","8","07","17","4","1","0","0","1","0","0"
"POINT (9.799242351000032 52.410208733000047)","Unfall 65590 (2020) Kat:3, Licht: 1","65590","3","5","1","06","21","2","0","1","0","1","0","0"
"POINT (9.827006334000032 52.354060201000038)","Unfall 65609 (2020) Kat:3, Licht: 0","65609","3","2","2","07","15","5","0","0","0","1","0","0"
"POINT (9.725338213000043 52.380370732000074)","Unfall 65642 (2020) Kat:3, Licht: 0","65642","3","6","2","07","12","4","1","0","0","1","0","0"
"POINT (9.688592395000057 52.374886591000063)","Unfall 65664 (2020) Kat:3, Licht: 0","65664","3","6","2","06","15","5","0","0","0","1","0","0"
"POINT (9.728448432000050 52.368009432000065)","Unfall 65671 (2020) Kat:2, Licht: 0","65671","2","2","5","06","09","5","0","0","1","1","0","0"
"POINT (9.674890163000043 52.350173388000030)","Unfall 65689 (2020) Kat:2, Licht: 0","65689","2","3","5","07","13","4","1","0","1","1","0","0"
"POINT (9.658080782000070 52.388218843000061)","Unfall 65706 (2020) Kat:3, Licht: 0","65706","3","3","5","06","06","2","0","0","1","0","0","0"
"POINT (9.844263644000023 52.389233107000052)","Unfall 65759 (2020) Kat:3, Licht: 0","65759","3","3","0","07","05","4","0","0","1","1","0","0"
"POINT (9.834960932000058 52.409681994000039)","Unfall 65781 (2020) Kat:3, Licht: 0","65781","3","3","5","07","19","4","1","0","0","1","0","0"
"POINT (9.676780617000077 52.356951707000064)","Unfall 65807 (2020) Kat:3, Licht: 0","65807","3","2","3","06","13","4","0","0","1","1","0","0"
"POINT (9.827154443000040 52.353390187000059)","Unfall 65818 (2020) Kat:3, Licht: 0","65818","3","3","5","06","10","4","0","0","1","1","0","0"
"POINT (9.716564992000031 52.421939924000071)","Unfall 65845 (2020) Kat:3, Licht: 0","65845","3","2","5","07","07","5","0","0","1","1","0","0"
"POINT (9.648363645000075 52.412705446000075)","Unfall 65875 (2020) Kat:3, Licht: 0","65875","3","2","5","06","12","7","0","0","0","1","0","0"
"POINT (9.651343740000073 52.419658704000028)","Unfall 65888 (2020) Kat:3, Licht: 0","65888","3","7","0","06","19","7","0","0","1","0","0","0"
"POINT (9.745302834000029 52.367262203000053)","Unfall 65904 (2020) Kat:3, Licht: 0","65904","3","6","2","06","09","3","0","0","0","1","0","0"
"POINT (9.740264860000025 52.368259621000050)","Unfall 65906 (2020) Kat:3, Licht: 0","65906","3","2","4","06","13","3","0","0","1","1","0","0"
"POINT (9.730190319000030 52.368948259000035)","Unfall 65945 (2020) Kat:3, Licht: 0","65945","3","3","5","06","21","1","0","0","1","1","0","0"
"POINT (9.693620473000067 52.361132191000081)","Unfall 65948 (2020) Kat:3, Licht: 0","65948","3","6","2","06","13","2","0","0","0","1","0","0"
"POINT (9.827115985000035 52.344092846000080)","Unfall 65967 (2020) Kat:3, Licht: 0","65967","3","7","0","07","15","5","0","0","1","0","0","0"
"POINT (9.832671515000072 52.386196278000057)","Unfall 66000 (2020) Kat:3, Licht: 0","66000","3","2","4","07","17","4","1","0","0","1","0","0"
"POINT (9.813921507000032 52.383488314000033)","Unfall 66007 (2020) Kat:3, Licht: 0","66007","3","3","5","06","12","2","0","0","1","1","0","0"
"POINT (9.715984535000075 52.358624501000065)","Unfall 66008 (2020) Kat:3, Licht: 0","66008","3","7","0","06","14","2","0","0","1","0","0","0"
"POINT (9.779698322000058 52.366511680000031)","Unfall 66009 (2020) Kat:3, Licht: 0","66009","3","6","2","06","19","3","0","0","0","1","0","0"
"POINT (9.842158471000062 52.395005624000078)","Unfall 66010 (2020) Kat:3, Licht: 0","66010","3","7","0","06","17","2","0","0","1","0","0","0"
"POINT (9.771405256000037 52.334985202000041)","Unfall 66013 (2020) Kat:3, Licht: 0","66013","3","7","0","06","09","2","0","0","1","0","0","0"
"POINT (9.785483261000024 52.372307825000064)","Unfall 66027 (2020) Kat:3, Licht: 0","66027","3","6","2","06","19","2","0","0","0","1","1","0"
"POINT (9.734903126000063 52.391506262000064)","Unfall 66028 (2020) Kat:3, Licht: 0","66028","3","2","5","06","21","2","0","0","1","1","0","0"
"POINT (9.733928557000070 52.416416209000033)","Unfall 66029 (2020) Kat:3, Licht: 0","66029","3","3","5","06","16","2","0","0","1","1","0","0"
"POINT (9.734422968000047 52.389606686000036)","Unfall 66030 (2020) Kat:3, Licht: 0","66030","3","1","0","06","15","2","0","0","1","0","0","0"
"POINT (9.730213768000056 52.368958507000059)","Unfall 66068 (2020) Kat:3, Licht: 0","66068","3","3","5","07","14","7","0","0","1","1","0","0"
"POINT (9.727732215000060 52.374525726000059)","Unfall 66105 (2020) Kat:3, Licht: 0","66105","3","6","2","07","13","2","0","0","0","1","0","0"
"POINT (9.744434545000047 52.367812025000035)","Unfall 66108 (2020) Kat:3, Licht: 0","66108","3","7","0","07","20","4","0","0","1","0","0","0"
"POINT (9.727851732000033 52.381428053000036)","Unfall 66117 (2020) Kat:2, Licht: 2","66117","2","5","5","07","23","7","0","2","1","1","0","0"
"POINT (9.770781199000055 52.335761248000040)","Unfall 66125 (2020) Kat:2, Licht: 0","66125","2","6","3","07","20","6","0","0","1","0","0","0"
"POINT (9.722644965000029 52.378387753000027)","Unfall 66146 (2020) Kat:3, Licht: 0","66146","3","6","2","07","09","2","1","0","0","1","0","0"
"POINT (9.728051987000072 52.336203273000081)","Unfall 66155 (2020) Kat:3, Licht: 0","66155","3","6","2","07","16","1","0","0","0","1","0","0"
"POINT (9.735776077000026 52.399962121000044)","Unfall 66198 (2020) Kat:3, Licht: 0","66198","3","6","3","07","13","5","1","0","0","1","0","0"
"POINT (9.732244607000041 52.383076747000075)","Unfall 66199 (2020) Kat:3, Licht: 0","66199","3","6","2","07","07","5","1","0","0","1","0","0"
"POINT (9.728832802000056 52.373549967000031)","Unfall 66202 (2020) Kat:3, Licht: 0","66202","3","6","2","07","17","5","0","0","0","1","0","0"
"POINT (9.750744721000046 52.359814360000030)","Unfall 66281 (2020) Kat:3, Licht: 0","66281","3","6","2","07","09","7","0","0","0","1","0","0"
"POINT (9.751331755000024 52.369468788000063)","Unfall 66294 (2020) Kat:3, Licht: 0","66294","3","3","5","07","07","4","0","0","1","1","0","0"
"POINT (9.752135190000047 52.358011325000064)","Unfall 66296 (2020) Kat:3, Licht: 0","66296","3","6","2","07","19","4","1","0","0","1","0","1"
"POINT (9.783437180000021 52.323229306000030)","Unfall 66300 (2020) Kat:3, Licht: 0","66300","3","2","4","07","12","4","1","0","0","1","0","0"
"POINT (9.736704531000044 52.368404681000072)","Unfall 66303 (2020) Kat:3, Licht: 0","66303","3","1","0","07","19","4","1","0","1","0","0","0"
"POINT (9.826292056000057 52.341394397000045)","Unfall 66304 (2020) Kat:3, Licht: 0","66304","3","1","8","07","09","4","1","0","0","1","0","0"
"POINT (9.889679168000043 52.423220043000072)","Unfall 66324 (2020) Kat:3, Licht: 2","66324","3","7","2","07","01","4","0","2","0","1","0","0"
"POINT (9.733880801000055 52.384659254000042)","Unfall 66325 (2020) Kat:3, Licht: 0","66325","3","7","0","07","19","4","1","0","1","0","0","0"
"POINT (9.770096347000049 52.342840500000079)","Unfall 66327 (2020) Kat:3, Licht: 0","66327","3","6","3","07","12","4","0","0","0","1","0","0"
"POINT (9.766384858000038 52.343133560000069)","Unfall 66430 (2020) Kat:3, Licht: 0","66430","3","6","2","07","09","3","0","0","0","1","0","0"
"POINT (9.783628146000069 52.359911604000047)","Unfall 66441 (2020) Kat:3, Licht: 0","66441","3","1","8","07","19","3","1","0","0","1","0","0"
"POINT (9.735595219000061 52.403300654000077)","Unfall 66447 (2020) Kat:3, Licht: 0","66447","3","6","2","07","11","2","0","0","0","1","0","0"
"POINT (9.814963990000024 52.319271815000036)","Unfall 66567 (2020) Kat:3, Licht: 0","66567","3","6","2","07","13","2","1","0","0","1","0","0"
"POINT (9.732300660000021 52.383368871000073)","Unfall 66570 (2020) Kat:3, Licht: 0","66570","3","2","5","07","11","2","1","0","1","0","0","0"
"POINT (9.733925940000063 52.416435701000069)","Unfall 66579 (2020) Kat:3, Licht: 0","66579","3","2","5","07","18","5","0","0","1","1","0","0"
"POINT (9.664117197000053 52.376962690000028)","Unfall 66600 (2020) Kat:3, Licht: 0","66600","3","1","8","07","11","1","0","0","1","0","0","0"
"POINT (9.829584587000056 52.360941881000031)","Unfall 66640 (2020) Kat:2, Licht: 0","66640","2","7","0","07","08","1","1","0","1","1","0","0"
"POINT (9.654450491000034 52.407899210000039)","Unfall 66658 (2020) Kat:3, Licht: 2","66658","3","6","2","07","23","7","0","2","0","1","0","0"
"POINT (9.763145867000048 52.370588551000026)","Unfall 66715 (2020) Kat:3, Licht: 0","66715","3","6","2","07","16","6","1","0","0","1","0","0"
"POINT (9.708415108000054 52.408982850000029)","Unfall 66724 (2020) Kat:3, Licht: 0","66724","3","3","5","07","16","6","1","0","1","1","0","0"
"POINT (9.699718162000067 52.347639883000056)","Unfall 66731 (2020) Kat:3, Licht: 0","66731","3","6","2","07","12","7","0","0","0","1","0","0"
"POINT (9.805870305000042 52.337091718000067)","Unfall 66733 (2020) Kat:2, Licht: 0","66733","2","6","2","07","10","7","0","0","0","0","0","1"
"POINT (9.854622948000042 52.359026920000076)","Unfall 66741 (2020) Kat:3, Licht: 0","66741","3","2","5","07","18","6","0","0","0","1","0","1"
"POINT (9.712870101000021 52.366808427000080)","Unfall 66749 (2020) Kat:3, Licht: 0","66749","3","1","0","07","12","6","1","0","1","0","0","1"
"POINT (9.827281590000041 52.356048981000072)","Unfall 66768 (2020) Kat:3, Licht: 0","66768","3","2","3","07","09","7","0","0","1","1","0","0"
"POINT (9.765825695000046 52.341497182000069)","Unfall 66774 (2020) Kat:3, Licht: 0","66774","3","6","2","07","14","6","1","0","0","1","0","1"
"POINT (9.629531407000059 52.421710331000043)","Unfall 66778 (2020) Kat:3, Licht: 0","66778","3","6","3","07","12","7","0","0","0","1","0","0"
"POINT (9.764621329000022 52.342586016000041)","Unfall 66796 (2020) Kat:3, Licht: 0","66796","3","2","2","07","05","6","1","0","0","1","0","0"