WKT,Name,OBJECTID,UKATEGORIE,UTYP1,UART,UMONAT,USTUNDE,UWOCHENTAG,STRZUSTAND,ULICHTVERH,ISTRAD,ISTPKW,ISTFUSS,ISTKRAD
"POINT (9.702144368000063 52.422598081000046)","Unfall 66803 (2020) Kat:3, Licht: 0","66803","3","6","2","07","13","6","0","0","0","1","0","0"
"POINT (9.703164930000071 52.422860025000034)","Unfall 66814 (2020) Kat:3, Licht: 2","66814","3","6","0","08","21","6","0","2","0","1","0","1"
"POINT (9.762611646000039 52.370557157000064)","Unfall 66815 (2020) Kat:3, Licht: 2","66815","3","6","2","08","00","7","0","2","0","1","0","0"
"POINT (9.738393648000056 52.368111071000044)","Unfall 66827 (2020) Kat:3, Licht: 0","66827","3","6","6","08","17","4","0","0","1","0","1","0"
"POINT (9.696115785000075 52.420193809000068)","Unfall 66837 (2020) Kat:3, Licht: 0","66837","3","6","2","07","15","4","0","0","0","1","0","0"
"POINT (9.711782947000074 52.405064479000032)","Unfall 66851 (2020) Kat:3, Licht: 0","66851","3","3","5","07","08","2","0","0","1","1","0","0"
"POINT (9.714390540000068 52.398809409000080)","Unfall 66855 (2020) Kat:3, Licht: 0","66855","3","2","3","07","12","2","0","0","1","1","0","0"
"POINT (9.861429333000046 52.358379155000080)","Unfall 66923 (2020) Kat:2, Licht: 0","66923","2","4","6","08","11","1","0","0","0","1","1","0"
"POINT (9.683182119000037 52.429604977000054)","Unfall 66969 (2020) Kat:3, Licht: 0","66969","3","6","2","07","19","1","0","0","0","1","0","0"
"POINT (9.718456706000040 52.367259948000026)","Unfall 66971 (2020) Kat:3, Licht: 0","66971","3","7","0","07","16","1","0","0","1","0","0","0"
"POINT (9.735843146000036 52.399361991000035)","Unfall 66976 (2020) Kat:3, Licht: 0","66976","3","4","6","07","19","1","0","0","0","1","1","0"
"POINT (9.718024806000074 52.394905828000049)","Unfall 66977 (2020) Kat:3, Licht: 2","66977","3","7","0","07","00","1","1","2","1","0","0","0"
"POINT (9.724003497000069 52.391058160000057)","Unfall 67047 (2020) Kat:3, Licht: 0","67047","3","2","3","07","11","7","0","0","1","0","0","0"
"POINT (9.711857874000032 52.429420243000038)","Unfall 67056 (2020) Kat:3, Licht: 0","67056","3","6","2","07","17","7","0","0","0","1","0","0"
"POINT (9.693074633000038 52.381866123000066)","Unfall 67059 (2020) Kat:3, Licht: 2","67059","3","1","8","08","22","3","0","2","0","1","0","0"
"POINT (9.899186055000030 52.385681648000059)","Unfall 67061 (2020) Kat:3, Licht: 0","67061","3","6","2","07","14","7","0","0","0","1","0","0"
"POINT (9.763109709000048 52.427104860000043)","Unfall 67062 (2020) Kat:3, Licht: 0","67062","3","7","8","07","06","7","0","0","0","0","0","0"
"POINT (9.647545871000034 52.413380444000040)","Unfall 67084 (2020) Kat:3, Licht: 0","67084","3","6","3","08","19","6","0","0","0","1","0","1"
"POINT (9.750767036000070 52.359785228000078)","Unfall 67085 (2020) Kat:3, Licht: 0","67085","3","6","2","08","14","7","1","0","0","1","0","0"
"POINT (9.721432514000071 52.368285394000054)","Unfall 67108 (2020) Kat:3, Licht: 0","67108","3","6","4","08","20","5","0","0","1","0","0","0"
"POINT (9.714840566000021 52.361130489000061)","Unfall 67147 (2020) Kat:3, Licht: 0","67147","3","2","3","07","11","6","0","0","0","1","0","1"
"POINT (9.690334524000036 52.374769445000027)","Unfall 67157 (2020) Kat:3, Licht: 0","67157","3","2","5","08","20","6","0","0","1","1","0","0"
"POINT (9.711450441000068 52.405450970000061)","Unfall 67176 (2020) Kat:3, Licht: 0","67176","3","6","3","07","15","6","0","0","0","1","0","1"
"POINT (9.724970963000033 52.376741885000058)","Unfall 67190 (2020) Kat:3, Licht: 0","67190","3","3","5","07","16","5","0","0","0","1","0","0"
"POINT (9.758500823000077 52.427065121000055)","Unfall 67280 (2020) Kat:2, Licht: 0","67280","2","7","8","08","15","1","0","0","0","1","0","0"
"POINT (9.726344914000038 52.366155270000036)","Unfall 67287 (2020) Kat:3, Licht: 0","67287","3","6","2","08","14","6","0","0","0","1","0","0"
"POINT (9.714986994000071 52.346384255000032)","Unfall 67288 (2020) Kat:3, Licht: 0","67288","3","6","2","08","10","7","0","0","0","1","0","0"
"POINT (9.735641792000024 52.402999885000042)","Unfall 67325 (2020) Kat:3, Licht: 0","67325","3","6","2","08","13","6","0","0","0","1","0","0"
"POINT (9.698374430000058 52.376947110000060)","Unfall 67328 (2020) Kat:3, Licht: 0","67328","3","6","2","07","10","5","0","0","0","1","0","0"
"POINT (9.751718393000033 52.369560424000042)","Unfall 67330 (2020) Kat:2, Licht: 0","67330","2","2","0","07","09","5","0","0","0","1","0","1"
"POINT (9.735748800000067 52.400176402000056)","Unfall 67341 (2020) Kat:3, Licht: 0","67341","3","6","2","07","07","3","0","0","0","1","0","0"
"POINT (9.716440405000071 52.357905480000056)","Unfall 67345 (2020) Kat:3, Licht: 0","67345","3","3","5","08","13","3","0","0","0","1","0","1"
"POINT (9.788898713000037 52.421553042000028)","Unfall 67348 (2020) Kat:3, Licht: 0","67348","3","6","0","07","13","3","0","0","0","1","0","0"
"POINT (9.721650547000024 52.362144946000058)","Unfall 67458 (2020) Kat:3, Licht: 1","67458","3","7","0","07","20","4","0","1","0","0","1","0"
"POINT (9.716675275000057 52.396966357000053)","Unfall 67462 (2020) Kat:3, Licht: 0","67462","3","1","0","07","19","4","0","0","0","0","0","1"
"POINT (9.762878821000072 52.426954918000035)","Unfall 67550 (2020) Kat:3, Licht: 0","67550","3","6","2","08","15","1","0","0","0","1","0","0"
"POINT (9.712528225000028 52.366743301000042)","Unfall 67572 (2020) Kat:3, Licht: 0","67572","3","6","3","07","13","3","0","0","1","0","0","0"
"POINT (9.708845788000076 52.366050863000055)","Unfall 67574 (2020) Kat:3, Licht: 0","67574","3","3","5","07","14","3","0","0","0","1","0","0"
"POINT (9.830991119000032 52.399262925000073)","Unfall 67577 (2020) Kat:3, Licht: 0","67577","3","6","2","08","14","2","0","0","0","1","0","0"
"POINT (9.735381682000025 52.402549181000040)","Unfall 67581 (2020) Kat:3, Licht: 0","67581","3","2","5","08","16","4","0","0","1","1","0","0"
"POINT (9.720162342000037 52.391789143000040)","Unfall 67617 (2020) Kat:3, Licht: 2","67617","3","3","5","08","21","5","0","2","1","1","0","0"
"POINT (9.823036764000051 52.362416349000057)","Unfall 67624 (2020) Kat:3, Licht: 0","67624","3","5","1","08","12","2","1","0","0","1","0","0"
"POINT (9.734785323000040 52.390591281000070)","Unfall 67632 (2020) Kat:3, Licht: 0","67632","3","5","3","08","09","6","0","0","0","1","0","0"
"POINT (9.720194802000037 52.368050205000031)","Unfall 67650 (2020) Kat:2, Licht: 0","67650","2","6","4","08","07","5","0","0","1","0","0","0"
"POINT (9.839486627000042 52.387606762000075)","Unfall 67651 (2020) Kat:2, Licht: 0","67651","2","1","0","08","15","6","0","0","1","0","0","0"
"POINT (9.833407970000053 52.419270730000051)","Unfall 67652 (2020) Kat:3, Licht: 0","67652","3","6","2","08","14","6","0","0","0","1","0","0"
"POINT (9.799948501000074 52.407268812000041)","Unfall 67658 (2020) Kat:3, Licht: 0","67658","3","7","0","08","13","2","0","0","1","0","0","0"
"POINT (9.728448432000050 52.368009432000065)","Unfall 67674 (2020) Kat:3, Licht: 0","67674","3","3","5","08","07","6","0","0","1","1","0","0"
"POINT (9.841567252000061 52.410279507000041)","Unfall 67676 (2020) Kat:3, Licht: 0","67676","3","6","2","08","15","4","0","0","0","1","0","0"
"POINT (9.719996468000034 52.368021819000035)","Unfall 67683 (2020) Kat:3, Licht: 0","67683","3","3","5","08","14","3","0","0","1","0","0","0"
"POINT (9.735614965000025 52.394774102000042)","Unfall 67704 (2020) Kat:3, Licht: 0","67704","3","3","5","08","15","1","1","0","1","0","0","0"
"POINT (9.790803308000022 52.349400790000061)","Unfall 67758 (2020) Kat:2, Licht: 0","67758","2","1","9","08","18","1","0","0","0","0","0","1"
"POINT (9.735842773000059 52.399366890000067)","Unfall 67760 (2020) Kat:3, Licht: 0","67760","3","3","5","08","17","3","1","0","1","1","0","0"
"POINT (9.802060319000077 52.336704724000072)","Unfall 67767 (2020) Kat:3, Licht: 2","67767","3","1","0","08","04","7","0","2","1","0","0","0"
"POINT (9.735281998000062 52.394652996000048)","Unfall 67768 (2020) Kat:3, Licht: 0","67768","3","2","2","08","15","2","1","0","0","1","0","0"
"POINT (9.689762968000025 52.386431006000066)","Unfall 67786 (2020) Kat:3, Licht: 0","67786","3","6","2","08","14","5","0","0","0","1","0","0"
"POINT (9.719607440000061 52.367521219000082)","Unfall 67792 (2020) Kat:3, Licht: 0","67792","3","2","2","08","16","5","0","0","0","1","0","0"
"POINT (9.719348144000037 52.367424560000075)","Unfall 67794 (2020) Kat:3, Licht: 0","67794","3","1","0","08","15","5","0","0","1","0","0","0"
"POINT (9.727209044000063 52.381181801000082)","Unfall 67819 (2020) Kat:1, Licht: 0","67819","1","3","5","08","15","5","0","0","1","1","0","0"
"POINT (9.678156238000042 52.365743758000065)","Unfall 67835 (2020) Kat:3, Licht: 1","67835","3","3","5","08","18","4","1","1","0","1","0","0"
"POINT (9.827115540000023 52.344053823000081)","Unfall 67867 (2020) Kat:3, Licht: 0","67867","3","2","5","08","09","4","1","0","1","1","0","0"
"POINT (9.749824955000065 52.369267566000076)","Unfall 67880 (2020) Kat:3, Licht: 0","67880","3","3","5","08","16","5","0","0","1","0","0","0"
"POINT (9.778788797000061 52.367786416000058)","Unfall 67919 (2020) Kat:3, Licht: 1","67919","3","6","2","08","19","3","0","1","0","1","0","0"
"POINT (9.863591795000048 52.358648692000031)","Unfall 67931 (2020) Kat:2, Licht: 0","67931","2","7","0","08","09","4","0","0","1","0","0","0"
"POINT (9.732097788000033 52.383377756000073)","Unfall 67964 (2020) Kat:3, Licht: 0","67964","3","2","5","08","12","3","0","0","1","1","0","0"
"POINT (9.712517602000048 52.366741426000033)","Unfall 68021 (2020) Kat:3, Licht: 0","68021","3","1","0","08","16","2","1","0","1","0","0","0"
"POINT (9.856415249000065 52.358753686000057)","Unfall 68048 (2020) Kat:3, Licht: 0","68048","3","2","5","08","17","5","0","0","1","0","0","0"
"POINT (9.719427320000023 52.346052030000067)","Unfall 68056 (2020) Kat:3, Licht: 2","68056","3","7","0","08","04","2","1","2","0","0","0","1"
"POINT (9.734481811000023 52.388564772000052)","Unfall 68062 (2020) Kat:3, Licht: 0","68062","3","6","6","08","15","6","0","0","1","0","1","0"
"POINT (9.719327397000029 52.349319871000034)","Unfall 68079 (2020) Kat:3, Licht: 0","68079","3","3","5","08","16","1","0","0","0","1","0","0"
"POINT (9.744644532000052 52.338701096000079)","Unfall 68085 (2020) Kat:3, Licht: 0","68085","3","6","2","08","15","3","0","0","0","1","0","0"
"POINT (9.670668293000063 52.358342297000036)","Unfall 68087 (2020) Kat:3, Licht: 0","68087","3","2","4","08","16","3","0","0","1","1","0","0"
"POINT (9.768767751000041 52.338129510000044)","Unfall 68095 (2020) Kat:3, Licht: 1","68095","3","2","0","08","20","3","0","1","0","1","0","1"
"POINT (9.735597135000035 52.394685435000042)","Unfall 68101 (2020) Kat:3, Licht: 0","68101","3","3","5","08","16","3","0","0","0","1","0","0"
"POINT (9.679533547000062 52.359477625000068)","Unfall 68107 (2020) Kat:3, Licht: 0","68107","3","1","0","08","17","6","0","0","1","0","0","0"
"POINT (9.806020906000072 52.336599223000064)","Unfall 68160 (2020) Kat:3, Licht: 2","68160","3","1","8","08","23","1","1","2","0","1","0","0"
"POINT (9.646658572000035 52.413646121000056)","Unfall 68171 (2020) Kat:3, Licht: 0","68171","3","6","2","08","13","2","1","0","0","1","0","0"
"POINT (9.714625210000065 52.361076131000061)","Unfall 68177 (2020) Kat:3, Licht: 0","68177","3","2","3","08","09","4","1","0","0","1","0","0"
"POINT (9.723000201000048 52.391809384000055)","Unfall 68183 (2020) Kat:3, Licht: 0","68183","3","1","8","08","08","7","0","0","0","1","0","0"
"POINT (9.745416054000032 52.366891985000052)","Unfall 68222 (2020) Kat:3, Licht: 0","68222","3","3","5","08","13","4","0","0","1","1","0","0"
"POINT (9.701015136000024 52.371130183000048)","Unfall 68225 (2020) Kat:3, Licht: 0","68225","3","3","2","08","08","6","1","0","0","1","0","0"
"POINT (9.833410992000040 52.419272434000050)","Unfall 68235 (2020) Kat:3, Licht: 0","68235","3","2","3","08","12","2","0","0","1","1","0","0"
"POINT (9.683426580000059 52.380341078000072)","Unfall 68265 (2020) Kat:3, Licht: 0","68265","3","1","2","08","15","2","0","0","0","1","0","1"
"POINT (9.861799833000021 52.368809374000080)","Unfall 68269 (2020) Kat:3, Licht: 0","68269","3","6","2","08","12","4","0","0","0","1","0","0"
"POINT (9.719166106000046 52.347504812000068)","Unfall 68297 (2020) Kat:3, Licht: 0","68297","3","6","2","08","08","7","0","0","0","1","0","0"
"POINT (9.830295142000068 52.361060344000066)","Unfall 68328 (2020) Kat:3, Licht: 0","68328","3","7","1","08","16","7","0","0","1","1","0","0"
"POINT (9.843307470000070 52.415304706000029)","Unfall 68354 (2020) Kat:3, Licht: 2","68354","3","6","2","08","03","3","1","2","0","1","0","0"
"POINT (9.630220897000072 52.420941625000069)","Unfall 68363 (2020) Kat:3, Licht: 2","68363","3","1","3","08","23","1","1","2","0","1","0","0"
"POINT (9.647393659000045 52.413460824000026)","Unfall 68366 (2020) Kat:3, Licht: 2","68366","3","6","2","08","21","3","0","2","0","1","0","0"
"POINT (9.735266937000063 52.405214247000060)","Unfall 68367 (2020) Kat:3, Licht: 0","68367","3","3","5","08","14","5","0","0","1","1","0","0"
"POINT (9.711502839000048 52.421723362000080)","Unfall 68387 (2020) Kat:3, Licht: 2","68387","3","2","2","08","21","1","0","2","0","1","0","0"
"POINT (9.690428588000032 52.346858903000054)","Unfall 68411 (2020) Kat:3, Licht: 0","68411","3","6","2","08","06","4","0","0","0","1","0","0"
"POINT (9.846924926000042 52.390475869000056)","Unfall 68420 (2020) Kat:3, Licht: 2","68420","3","2","5","08","21","2","1","2","1","1","0","0"
"POINT (9.749826371000040 52.369267644000047)","Unfall 68447 (2020) Kat:3, Licht: 1","68447","3","4","6","08","20","5","0","1","0","0","1","0"
"POINT (9.621601179000038 52.421128937000049)","Unfall 68466 (2020) Kat:3, Licht: 0","68466","3","3","5","08","12","1","0","0","0","1","0","1"
"POINT (9.722585023000022 52.378419938000036)","Unfall 68489 (2020) Kat:3, Licht: 0","68489","3","6","2","08","14","7","0","0","0","1","0","0"
"POINT (9.859015306000060 52.407225886000049)","Unfall 68499 (2020) Kat:3, Licht: 0","68499","3","7","2","08","17","7","0","0","0","0","0","0"
"POINT (9.768497680000053 52.338126804000069)","Unfall 68547 (2020) Kat:3, Licht: 0","68547","3","6","3","08","17","1","1","0","0","1","0","0"
"POINT (9.749651701000062 52.369258055000046)","Unfall 68566 (2020) Kat:2, Licht: 2","68566","2","4","6","08","22","7","0","2","1","0","1","0"
"POINT (9.778251380000029 52.371456004000038)","Unfall 68643 (2020) Kat:3, Licht: 0","68643","3","7","2","09","08","5","0","0","0","1","0","0"
"POINT (9.734242690000031 52.368828940000071)","Unfall 68644 (2020) Kat:3, Licht: 0","68644","3","3","5","09","13","5","0","0","1","1","0","0"
"POINT (9.774724552000066 52.371263769000052)","Unfall 68701 (2020) Kat:3, Licht: 0","68701","3","2","2","09","18","4","0","0","0","1","0","0"
"POINT (9.735027822000063 52.393427575000032)","Unfall 68702 (2020) Kat:2, Licht: 0","68702","2","6","2","09","12","4","0","0","0","1","0","1"
"POINT (9.673495117000073 52.358704676000059)","Unfall 68707 (2020) Kat:3, Licht: 2","68707","3","1","8","09","00","4","0","2","0","1","0","0"
"POINT (9.852962802000036 52.409995116000061)","Unfall 68709 (2020) Kat:3, Licht: 0","68709","3","6","2","09","08","4","0","0","0","1","0","0"
"POINT (9.719441586000073 52.346543520000068)","Unfall 68763 (2020) Kat:3, Licht: 0","68763","3","2","5","09","07","3","0","0","0","1","0","0"
"POINT (9.855984195000076 52.388864967000075)","Unfall 68764 (2020) Kat:3, Licht: 0","68764","3","3","5","09","14","3","0","0","1","1","0","0"
"POINT (9.799485606000076 52.409239102000072)","Unfall 68765 (2020) Kat:3, Licht: 0","68765","3","7","0","09","12","3","0","0","1","0","0","0"
"POINT (9.811669969000036 52.429802958000039)","Unfall 68769 (2020) Kat:3, Licht: 0","68769","3","1","9","09","09","3","1","0","0","1","0","0"
"POINT (9.719404552000071 52.367434975000037)","Unfall 68770 (2020) Kat:3, Licht: 0","68770","3","1","0","09","16","3","0","0","1","0","0","0"
"POINT (9.654421666000076 52.408243048000031)","Unfall 68814 (2020) Kat:3, Licht: 0","68814","3","6","2","08","16","2","0","0","0","1","0","0"
"POINT (9.666811500000051 52.377047834000052)","Unfall 68815 (2020) Kat:3, Licht: 0","68815","3","1","0","08","10","2","1","0","0","0","0","1"
"POINT (9.802763217000063 52.435457191000069)","Unfall 68816 (2020) Kat:3, Licht: 0","68816","3","5","6","08","18","2","0","0","0","1","1","0"
"POINT (9.731965068000022 52.369465261000073)","Unfall 68820 (2020) Kat:2, Licht: 0","68820","2","3","5","08","07","2","0","0","1","1","0","0"
"POINT (9.845313897000040 52.393719054000030)","Unfall 68855 (2020) Kat:3, Licht: 1","68855","3","1","3","08","19","1","0","1","1","1","0","0"
"POINT (9.797221879000063 52.346881876000054)","Unfall 68869 (2020) Kat:3, Licht: 0","68869","3","3","0","09","09","7","1","0","0","1","0","0"
"POINT (9.626339686000051 52.420798941000044)","Unfall 68871 (2020) Kat:3, Licht: 0","68871","3","7","8","09","07","7","1","0","0","1","0","0"
"POINT (9.762525970000070 52.370552122000049)","Unfall 68890 (2020) Kat:3, Licht: 0","68890","3","6","2","09","16","5","0","0","0","1","0","0"
"POINT (9.733623043000023 52.384439111000063)","Unfall 68891 (2020) Kat:3, Licht: 0","68891","3","1","0","09","15","3","0","0","1","0","0","0"
"POINT (9.730173372000024 52.368705603000080)","Unfall 68928 (2020) Kat:3, Licht: 0","68928","3","3","5","09","17","6","0","0","1","1","0","0"
"POINT (9.732020219000049 52.383410066000067)","Unfall 68960 (2020) Kat:3, Licht: 2","68960","3","7","9","09","02","1","0","2","0","0","0","0"
"POINT (9.712938210000061 52.400734041000078)","Unfall 68974 (2020) Kat:3, Licht: 0","68974","3","5","1","09","16","4","0","0","0","1","0","0"
"POINT (9.802030272000025 52.432973742000058)","Unfall 68975 (2020) Kat:3, Licht: 0","68975","3","2","2","09","19","2","0","0","0","1","0","1"
"POINT (9.728182671000070 52.374312946000032)","Unfall 69050 (2020) Kat:3, Licht: 2","69050","3","2","5","09","22","3","0","2","1","1","0","0"
"POINT (9.655902092000076 52.406380739000042)","Unfall 69082 (2020) Kat:3, Licht: 2","69082","3","6","3","09","01","1","0","2","0","1","0","0"
"POINT (9.783437180000021 52.323229306000030)","Unfall 69119 (2020) Kat:3, Licht: 1","69119","3","2","5","09","18","4","1","1","0","1","0","0"
"POINT (9.728532147000067 52.373906811000040)","Unfall 69120 (2020) Kat:3, Licht: 0","69120","3","2","2","09","14","2","0","0","0","1","0","0"
"POINT (9.735589840000046 52.394648766000046)","Unfall 69162 (2020) Kat:2, Licht: 0","69162","2","2","5","09","10","6","0","0","1","1","0","0"
"POINT (9.698704346000056 52.347439810000026)","Unfall 69167 (2020) Kat:3, Licht: 2","69167","3","3","5","09","21","6","0","2","0","1","0","0"
"POINT (9.728107398000077 52.374079802000040)","Unfall 69170 (2020) Kat:3, Licht: 0","69170","3","3","5","09","18","1","0","0","0","1","0","0"
"POINT (9.746600850000050 52.365261337000049)","Unfall 69201 (2020) Kat:3, Licht: 0","69201","3","2","0","09","10","2","0","0","1","1","0","0"
"POINT (9.757533775000070 52.370238147000066)","Unfall 69229 (2020) Kat:3, Licht: 0","69229","3","2","3","09","15","4","0","0","1","0","0","0"
"POINT (9.768054426000049 52.338612514000033)","Unfall 69233 (2020) Kat:3, Licht: 0","69233","3","4","6","09","16","5","0","0","1","0","1","0"
"POINT (9.805380712000044 52.408371018000082)","Unfall 69239 (2020) Kat:3, Licht: 0","69239","3","2","4","09","08","6","0","0","1","1","0","0"
"POINT (9.752099939000061 52.358056845000078)","Unfall 69240 (2020) Kat:3, Licht: 1","69240","3","3","5","09","19","3","0","1","1","1","0","0"
"POINT (9.734935861000054 52.391699975000051)","Unfall 69242 (2020) Kat:3, Licht: 0","69242","3","6","4","09","17","3","0","0","1","0","0","0"
"POINT (9.734888595000030 52.391416560000039)","Unfall 69255 (2020) Kat:3, Licht: 2","69255","3","4","6","09","20","3","0","2","0","0","1","0"
"POINT (9.657148762000077 52.425835440000071)","Unfall 69291 (2020) Kat:3, Licht: 0","69291","3","6","3","09","14","5","0","0","0","1","0","0"
"POINT (9.687341330000038 52.360420907000048)","Unfall 69297 (2020) Kat:3, Licht: 0","69297","3","7","0","09","13","5","0","0","1","0","0","0"
"POINT (9.733948753000050 52.413238466000053)","Unfall 69319 (2020) Kat:3, Licht: 0","69319","3","3","5","09","18","6","0","0","1","1","0","0"
"POINT (9.731571184000075 52.369403548000037)","Unfall 69321 (2020) Kat:3, Licht: 0","69321","3","2","5","09","15","4","0","0","1","1","0","0"
"POINT (9.734119106000037 52.369071241000029)","Unfall 69342 (2020) Kat:3, Licht: 0","69342","3","3","5","09","17","7","0","0","0","1","0","0"
"POINT (9.721714093000060 52.378459976000045)","Unfall 69356 (2020) Kat:3, Licht: 0","69356","3","6","2","09","10","7","0","0","0","1","0","0"
"POINT (9.750080829000069 52.369281613000055)","Unfall 69387 (2020) Kat:3, Licht: 2","69387","3","1","8","09","20","7","0","2","0","0","0","0"
"POINT (9.787272959000063 52.429515576000028)","Unfall 69392 (2020) Kat:3, Licht: 0","69392","3","6","2","09","07","5","0","0","0","1","0","0"
"POINT (9.764562114000057 52.343055334000042)","Unfall 69394 (2020) Kat:2, Licht: 0","69394","2","3","5","09","08","7","0","0","1","1","0","0"
"POINT (9.697118740000065 52.378420058000074)","Unfall 69398 (2020) Kat:3, Licht: 1","69398","3","6","2","09","06","6","0","1","0","1","0","0"
"POINT (9.717233640000075 52.356388649000053)","Unfall 69412 (2020) Kat:3, Licht: 0","69412","3","6","2","09","15","2","0","0","0","1","0","0"
"POINT (9.746055713000033 52.365962351000064)","Unfall 69413 (2020) Kat:3, Licht: 0","69413","3","6","4","09","15","6","0","0","1","0","0","0"
"POINT (9.723612691000028 52.379361943000049)","Unfall 69414 (2020) Kat:3, Licht: 0","69414","3","6","3","09","13","2","0","0","0","1","0","1"
"POINT (9.760421995000058 52.335367712000050)","Unfall 69419 (2020) Kat:3, Licht: 0","69419","3","6","0","09","17","2","0","0","0","0","0","1"
"POINT (9.652847214000076 52.409535140000060)","Unfall 69421 (2020) Kat:3, Licht: 0","69421","3","7","8","09","18","2","0","0","0","1","0","0"
"POINT (9.717212879000044 52.396447621000050)","Unfall 69423 (2020) Kat:2, Licht: 0","69423","2","4","6","09","15","2","0","0","0","1","1","0"
"POINT (9.751894358000072 52.358322320000070)","Unfall 69427 (2020) Kat:2, Licht: 0","69427","2","7","0","09","12","2","0","0","1","1","0","0"
"POINT (9.733410905000028 52.420271047000028)","Unfall 69436 (2020) Kat:3, Licht: 0","69436","3","6","2","09","17","5","0","0","0","1","0","0"
"POINT (9.735347836000074 52.402713933000030)","Unfall 69460 (2020) Kat:3, Licht: 0","69460","3","3","5","09","19","6","0","0","1","1","0","0"
"POINT (9.725125664000075 52.376997897000081)","Unfall 69470 (2020) Kat:3, Licht: 0","69470","3","2","5","09","16","4","0","0","1","1","0","0"
"POINT (9.715359681000052 52.366698179000082)","Unfall 69535 (2020) Kat:3, Licht: 0","69535","3","3","5","09","12","5","0","0","1","1","0","0"
"POINT (9.845731737000051 52.393545172000074)","Unfall 69554 (2020) Kat:3, Licht: 0","69554","3","6","6","09","15","1","0","0","1","0","1","0"
"POINT (9.733418182000037 52.384414847000073)","Unfall 69559 (2020) Kat:3, Licht: 0","69559","3","6","2","09","16","6","0","0","0","1","0","0"
"POINT (9.561889454000038 52.421933446000082)","Unfall 69560 (2020) Kat:3, Licht: 0","69560","3","6","2","09","07","1","0","0","0","1","0","0"
"POINT (9.737806297000077 52.368213205000075)","Unfall 69563 (2020) Kat:3, Licht: 0","69563","3","3","5","09","15","1","0","0","1","1","0","0"
"POINT (9.762199549000059 52.370416666000040)","Unfall 69698 (2020) Kat:3, Licht: 0","69698","3","2","2","09","07","5","1","0","0","1","0","0"
"POINT (9.794727003000048 52.394800226000029)","Unfall 69717 (2020) Kat:3, Licht: 0","69717","3","1","2","09","18","2","0","0","0","1","0","0"
"POINT (9.729567415000076 52.368676023000035)","Unfall 69720 (2020) Kat:3, Licht: 0","69720","3","7","0","09","17","5","0","0","0","0","0","0"
"POINT (9.751191374000030 52.359231366000074)","Unfall 69721 (2020) Kat:3, Licht: 0","69721","3","2","0","09","16","2","0","0","0","1","0","1"
"POINT (9.849501371000031 52.411419925000075)","Unfall 69723 (2020) Kat:3, Licht: 0","69723","3","6","2","09","17","7","1","0","0","1","0","0"
"POINT (9.799957629000062 52.407227299000056)","Unfall 69724 (2020) Kat:3, Licht: 0","69724","3","1","0","09","07","2","0","0","1","0","0","0"
"POINT (9.765685698000027 52.341695797000057)","Unfall 69769 (2020) Kat:3, Licht: 2","69769","3","6","2","09","21","6","0","2","0","1","0","1"
"POINT (9.797287545000074 52.414076771000055)","Unfall 69784 (2020) Kat:3, Licht: 0","69784","3","2","5","09","16","3","0","0","1","1","0","0"
"POINT (9.711051283000074 52.405914925000047)","Unfall 69791 (2020) Kat:3, Licht: 0","69791","3","3","5","09","13","4","0","0","1","1","0","0"
"POINT (9.684886467000069 52.374492086000032)","Unfall 69798 (2020) Kat:3, Licht: 2","69798","3","5","5","09","22","4","0","2","0","1","0","1"
"POINT (9.834075873000074 52.361265865000064)","Unfall 69815 (2020) Kat:3, Licht: 0","69815","3","1","0","09","19","4","0","0","1","0","0","0"
"POINT (9.735555478000038 52.403519758000073)","Unfall 69826 (2020) Kat:3, Licht: 0","69826","3","2","0","09","10","3","0","0","0","0","0","0"
"POINT (9.805399452000074 52.370977979000031)","Unfall 69829 (2020) Kat:3, Licht: 0","69829","3","7","0","09","17","3","0","0","1","0","0","0"
"POINT (9.729777638000030 52.384087140000076)","Unfall 69873 (2020) Kat:3, Licht: 0","69873","3","4","6","09","12","1","0","0","0","1","1","0"
"POINT (9.727826570000048 52.374710198000059)","Unfall 69875 (2020) Kat:3, Licht: 0","69875","3","6","2","09","15","1","0","0","0","1","0","0"
"POINT (9.774600114000066 52.371041537000053)","Unfall 69892 (2020) Kat:3, Licht: 0","69892","3","1","0","09","08","5","1","0","0","0","0","1"
"POINT (9.654274284000053 52.425283042000046)","Unfall 69896 (2020) Kat:3, Licht: 2","69896","3","7","2","09","23","1","0","2","0","1","0","0"
"POINT (9.801828499000067 52.438392926000063)","Unfall 69901 (2020) Kat:2, Licht: 0","69901","2","2","4","09","13","1","0","0","0","1","0","1"
"POINT (9.762226112000064 52.370416054000032)","Unfall 69919 (2020) Kat:2, Licht: 2","69919","2","4","6","09","00","7","0","2","0","1","1","0"
"POINT (9.697662601000047 52.376400197000066)","Unfall 69937 (2020) Kat:3, Licht: 0","69937","3","6","2","09","17","6","0","0","0","1","0","0"
"POINT (9.714636576000032 52.362077596000063)","Unfall 69966 (2020) Kat:3, Licht: 1","69966","3","6","2","09","06","2","1","1","0","1","0","0"
"POINT (9.697402472000022 52.376868066000043)","Unfall 69976 (2020) Kat:3, Licht: 0","69976","3","1","9","09","16","1","1","0","0","0","0","1"
"POINT (9.727086842000063 52.366923066000027)","Unfall 69989 (2020) Kat:3, Licht: 0","69989","3","3","5","09","07","2","1","0","1","0","0","0"
"POINT (9.794517284000051 52.415194806000045)","Unfall 70012 (2020) Kat:3, Licht: 0","70012","3","7","0","09","11","7","1","0","0","0","0","1"