WKT,Name,OBJECTID,UKATEGORIE,UTYP1,UART,UMONAT,USTUNDE,UWOCHENTAG,STRZUSTAND,ULICHTVERH,ISTRAD,ISTPKW,ISTFUSS,ISTKRAD
"POINT (9.732309207000071 52.383145459000048)","Unfall 70024 (2020) Kat:3, Licht: 2","70024","3","2","5","09","22","7","0","2","1","1","0","0"
"POINT (9.730158054000071 52.368700471000068)","Unfall 70026 (2020) Kat:3, Licht: 0","70026","3","3","5","09","17","7","0","0","1","1","0","0"
"POINT (9.720070985000064 52.428354490000061)","Unfall 70040 (2020) Kat:3, Licht: 0","70040","3","3","5","09","10","7","0","0","0","1","0","0"
"POINT (9.730998412000076 52.383625086000052)","Unfall 70063 (2020) Kat:2, Licht: 2","70063","2","3","5","09","19","4","0","2","1","1","0","0"
"POINT (9.690100773000040 52.377428277000035)","Unfall 70068 (2020) Kat:2, Licht: 0","70068","2","3","5","09","08","4","0","0","0","1","0","0"
"POINT (9.911797876000037 52.436422020000066)","Unfall 70069 (2020) Kat:3, Licht: 2","70069","3","1","8","09","04","1","1","2","0","1","0","0"
"POINT (9.713541907000035 52.399712316000034)","Unfall 70086 (2020) Kat:3, Licht: 0","70086","3","6","2","10","16","5","0","0","0","1","0","0"
"POINT (9.751958328000058 52.358239715000082)","Unfall 70090 (2020) Kat:3, Licht: 0","70090","3","6","2","09","10","4","0","0","0","1","0","0"
"POINT (9.735125992000064 52.406645218000051)","Unfall 70094 (2020) Kat:3, Licht: 2","70094","3","6","2","09","19","4","0","2","0","1","0","0"
"POINT (9.732950205000066 52.421005378000075)","Unfall 70097 (2020) Kat:3, Licht: 0","70097","3","2","3","09","11","4","0","0","0","1","0","0"
"POINT (9.650044857000069 52.423936225000034)","Unfall 70105 (2020) Kat:3, Licht: 1","70105","3","3","5","10","06","4","1","1","0","1","0","0"
"POINT (9.697337719000075 52.341694044000064)","Unfall 70107 (2020) Kat:3, Licht: 0","70107","3","2","5","10","15","7","0","0","0","1","0","0"
"POINT (9.730090872000062 52.382198272000039)","Unfall 70114 (2020) Kat:3, Licht: 0","70114","3","6","3","09","17","4","0","0","0","1","0","0"
"POINT (9.733886433000066 52.368913539000062)","Unfall 70120 (2020) Kat:3, Licht: 0","70120","3","2","5","10","08","3","1","0","1","1","0","0"
"POINT (9.718555280000032 52.393699735000041)","Unfall 70121 (2020) Kat:3, Licht: 0","70121","3","6","6","10","15","6","0","0","1","0","1","0"
"POINT (9.667346324000050 52.377070328000059)","Unfall 70127 (2020) Kat:3, Licht: 0","70127","3","1","0","10","14","6","0","0","1","0","0","0"
"POINT (9.734180393000031 52.369060517000037)","Unfall 70141 (2020) Kat:3, Licht: 0","70141","3","2","5","10","12","6","0","0","1","1","0","0"
"POINT (9.785176867000075 52.385928501000080)","Unfall 70154 (2020) Kat:3, Licht: 0","70154","3","6","2","10","15","6","0","0","0","1","0","0"
"POINT (9.726570648000063 52.375584099000037)","Unfall 70167 (2020) Kat:2, Licht: 0","70167","2","3","5","09","09","4","1","0","1","1","0","0"
"POINT (9.645992964000072 52.429964856000026)","Unfall 70181 (2020) Kat:3, Licht: 0","70181","3","2","5","09","18","4","0","0","0","1","0","1"
"POINT (9.730984702000058 52.383627994000051)","Unfall 70186 (2020) Kat:3, Licht: 1","70186","3","3","5","10","17","4","1","1","0","1","0","1"
"POINT (9.756534819000024 52.370173743000066)","Unfall 70191 (2020) Kat:3, Licht: 0","70191","3","1","9","09","14","4","0","0","0","1","0","0"
"POINT (9.701479543000062 52.415270078000049)","Unfall 70195 (2020) Kat:3, Licht: 0","70195","3","6","3","09","13","4","0","0","0","1","0","0"
"POINT (9.756129010000052 52.352914057000078)","Unfall 70206 (2020) Kat:3, Licht: 0","70206","3","1","0","10","08","3","1","0","0","0","0","1"
"POINT (9.895743281000023 52.413260408000042)","Unfall 70213 (2020) Kat:3, Licht: 2","70213","3","6","2","10","18","4","1","2","0","1","0","0"
"POINT (9.754804925000030 52.370079291000081)","Unfall 70216 (2020) Kat:3, Licht: 1","70216","3","4","6","10","19","5","1","1","1","0","1","0"
"POINT (9.800001652000049 52.407027086000028)","Unfall 70270 (2020) Kat:3, Licht: 0","70270","3","2","2","10","17","5","0","0","0","1","0","0"
"POINT (9.714840566000021 52.361130489000061)","Unfall 70277 (2020) Kat:3, Licht: 0","70277","3","6","2","10","10","2","1","0","0","1","0","0"
"POINT (9.800533848000043 52.406235709000043)","Unfall 70287 (2020) Kat:3, Licht: 0","70287","3","2","3","10","17","4","1","0","1","1","0","0"
"POINT (9.798876428000028 52.411375664000047)","Unfall 70309 (2020) Kat:3, Licht: 0","70309","3","7","0","10","08","3","1","0","1","0","0","0"
"POINT (9.636382669000057 52.417306657000040)","Unfall 70319 (2020) Kat:3, Licht: 1","70319","3","6","2","10","18","5","1","1","0","1","0","0"
"POINT (9.703351938000026 52.416156091000062)","Unfall 70341 (2020) Kat:3, Licht: 0","70341","3","6","2","10","13","6","0","0","0","1","0","0"
"POINT (9.736168493000037 52.399452390000079)","Unfall 70343 (2020) Kat:3, Licht: 0","70343","3","4","6","10","16","5","1","0","0","1","1","0"
"POINT (9.751175418000059 52.359252052000045)","Unfall 70366 (2020) Kat:2, Licht: 0","70366","2","2","0","10","15","6","0","0","1","1","0","0"
"POINT (9.789445502000035 52.371910391000029)","Unfall 70397 (2020) Kat:3, Licht: 0","70397","3","1","8","10","14","4","1","0","0","1","0","1"
"POINT (9.668820823000033 52.358110979000060)","Unfall 70435 (2020) Kat:3, Licht: 0","70435","3","3","5","10","10","6","0","0","0","1","0","0"
"POINT (9.827085870000076 52.342783004000069)","Unfall 70449 (2020) Kat:3, Licht: 2","70449","3","1","8","10","00","4","1","2","0","1","0","0"
"POINT (9.722205794000047 52.368433039000081)","Unfall 70476 (2020) Kat:3, Licht: 0","70476","3","6","0","10","14","5","0","0","0","1","0","0"
"POINT (9.734576205000053 52.391356069000039)","Unfall 70483 (2020) Kat:3, Licht: 0","70483","3","4","6","10","14","5","0","0","1","0","1","0"
"POINT (9.732415570000057 52.383533132000082)","Unfall 70499 (2020) Kat:3, Licht: 0","70499","3","6","2","10","12","4","1","0","0","1","0","0"
"POINT (9.734119106000037 52.369071241000029)","Unfall 70507 (2020) Kat:3, Licht: 0","70507","3","1","0","09","17","3","0","0","0","0","0","0"
"POINT (9.730213768000056 52.368958507000059)","Unfall 70508 (2020) Kat:3, Licht: 2","70508","3","2","3","09","19","3","0","2","1","1","0","0"
"POINT (9.724078864000035 52.363749271000074)","Unfall 70512 (2020) Kat:3, Licht: 0","70512","3","3","5","09","15","3","0","0","1","1","0","0"
"POINT (9.723228900000038 52.337374237000063)","Unfall 70514 (2020) Kat:3, Licht: 0","70514","3","6","2","10","11","1","0","0","0","1","0","0"
"POINT (9.725139492000039 52.376989981000065)","Unfall 70516 (2020) Kat:3, Licht: 0","70516","3","4","0","09","09","3","0","0","1","0","1","0"
"POINT (9.733978797000077 52.369095627000036)","Unfall 70518 (2020) Kat:3, Licht: 1","70518","3","3","5","10","19","3","1","1","1","1","0","0"
"POINT (9.676843811000026 52.393535640000039)","Unfall 70528 (2020) Kat:3, Licht: 2","70528","3","6","2","10","20","5","1","2","0","1","0","0"
"POINT (9.816475426000068 52.404108944000029)","Unfall 70543 (2020) Kat:3, Licht: 0","70543","3","6","2","10","12","3","0","0","0","1","0","0"
"POINT (9.778841242000055 52.369393856000045)","Unfall 70553 (2020) Kat:3, Licht: 0","70553","3","6","2","09","15","3","0","0","0","1","0","0"
"POINT (9.736287544000049 52.398271943000054)","Unfall 70575 (2020) Kat:2, Licht: 2","70575","2","1","0","09","06","3","0","2","1","0","0","0"
"POINT (9.858355979000066 52.316272135000077)","Unfall 70581 (2020) Kat:3, Licht: 0","70581","3","1","8","10","16","5","0","0","0","0","0","1"
"POINT (9.697736968000072 52.376356375000057)","Unfall 70587 (2020) Kat:3, Licht: 1","70587","3","6","2","10","06","2","0","1","0","1","0","0"
"POINT (9.802597432000027 52.436817931000064)","Unfall 70607 (2020) Kat:3, Licht: 2","70607","3","6","0","10","18","3","1","2","1","1","0","0"
"POINT (9.796636782000064 52.415063371000031)","Unfall 70629 (2020) Kat:3, Licht: 0","70629","3","7","0","10","15","5","0","0","0","0","0","0"
"POINT (9.734440592000055 52.412327929000071)","Unfall 70687 (2020) Kat:3, Licht: 0","70687","3","2","3","10","13","7","0","0","1","1","0","0"
"POINT (9.797535203000052 52.416359495000052)","Unfall 70695 (2020) Kat:3, Licht: 0","70695","3","2","5","10","16","5","0","0","1","1","0","0"
"POINT (9.724066922000077 52.363740529000040)","Unfall 70719 (2020) Kat:3, Licht: 1","70719","3","3","5","10","07","4","1","1","1","1","0","0"
"POINT (9.813115292000077 52.321981634000053)","Unfall 70725 (2020) Kat:3, Licht: 2","70725","3","6","9","10","19","3","1","2","0","1","0","0"
"POINT (9.766199234000055 52.370767937000039)","Unfall 70751 (2020) Kat:3, Licht: 2","70751","3","6","2","10","20","2","1","2","0","1","0","0"
"POINT (9.701051871000061 52.371106438000027)","Unfall 70755 (2020) Kat:3, Licht: 0","70755","3","6","2","10","15","2","0","0","0","1","0","0"
"POINT (9.745257424000045 52.367307598000082)","Unfall 70775 (2020) Kat:3, Licht: 2","70775","3","6","4","10","21","2","0","2","1","0","0","0"
"POINT (9.815221166000072 52.363700147000031)","Unfall 70779 (2020) Kat:3, Licht: 1","70779","3","2","5","10","17","2","1","1","0","1","0","0"
"POINT (9.766333364000047 52.340832081000030)","Unfall 70780 (2020) Kat:3, Licht: 2","70780","3","4","6","10","21","5","1","2","0","1","1","0"
"POINT (9.733944879000035 52.413267631000053)","Unfall 70787 (2020) Kat:3, Licht: 2","70787","3","6","2","10","19","3","0","2","0","1","0","0"
"POINT (9.809256689000051 52.379323938000027)","Unfall 70788 (2020) Kat:3, Licht: 0","70788","3","3","5","10","12","2","0","0","1","1","0","0"
"POINT (9.717563558000052 52.396082968000030)","Unfall 70793 (2020) Kat:3, Licht: 0","70793","3","2","5","10","10","2","0","0","0","1","0","0"
"POINT (9.628871773000071 52.422153310000056)","Unfall 70816 (2020) Kat:3, Licht: 0","70816","3","6","2","10","15","4","1","0","0","1","0","0"
"POINT (9.661044334000053 52.386601534000079)","Unfall 70818 (2020) Kat:2, Licht: 0","70818","2","7","0","10","10","3","0","0","1","0","0","0"
"POINT (9.848941348000039 52.411702319000028)","Unfall 70826 (2020) Kat:3, Licht: 2","70826","3","7","9","10","00","4","0","2","0","1","0","0"
"POINT (9.713232474000051 52.400170532000061)","Unfall 70843 (2020) Kat:3, Licht: 2","70843","3","3","5","10","07","2","0","2","0","1","0","1"
"POINT (9.781977423000058 52.379650333000029)","Unfall 70859 (2020) Kat:3, Licht: 0","70859","3","7","8","10","07","2","0","0","0","1","0","0"
"POINT (9.709933175000060 52.407548992000045)","Unfall 70887 (2020) Kat:3, Licht: 0","70887","3","6","3","10","15","6","0","0","0","1","0","0"
"POINT (9.723230950000072 52.377826451000033)","Unfall 70936 (2020) Kat:3, Licht: 0","70936","3","6","2","10","14","4","1","0","0","1","0","0"
"POINT (9.811891323000054 52.366737751000073)","Unfall 70958 (2020) Kat:3, Licht: 0","70958","3","1","0","10","10","1","1","0","0","0","0","1"
"POINT (9.624284002000024 52.420831533000069)","Unfall 70967 (2020) Kat:3, Licht: 0","70967","3","6","3","10","08","4","1","0","0","1","0","0"
"POINT (9.802550575000055 52.396943919000080)","Unfall 70973 (2020) Kat:3, Licht: 2","70973","3","6","2","10","17","3","1","2","0","1","0","0"
"POINT (9.759993317000067 52.347690237000052)","Unfall 70981 (2020) Kat:3, Licht: 2","70981","3","6","4","10","21","6","0","2","1","0","0","0"
"POINT (9.651718880000033 52.417128530000070)","Unfall 71036 (2020) Kat:3, Licht: 0","71036","3","3","5","10","17","3","0","0","0","1","0","0"
"POINT (9.760756832000027 52.347173114000043)","Unfall 71065 (2020) Kat:3, Licht: 0","71065","3","1","6","10","10","4","1","0","0","0","1","1"
"POINT (9.721229047000065 52.361714073000030)","Unfall 71078 (2020) Kat:3, Licht: 0","71078","3","2","5","10","12","2","1","0","1","1","0","0"
"POINT (9.626851030000069 52.423398592000069)","Unfall 71086 (2020) Kat:3, Licht: 0","71086","3","6","2","10","08","4","1","0","0","0","0","0"
"POINT (9.636393563000070 52.422003087000064)","Unfall 71092 (2020) Kat:3, Licht: 2","71092","3","6","2","10","20","3","1","2","0","1","0","0"
"POINT (9.751137772000050 52.369426664000059)","Unfall 71102 (2020) Kat:3, Licht: 2","71102","3","6","6","10","21","7","0","2","1","0","1","0"
"POINT (9.845344737000062 52.414034792000052)","Unfall 71106 (2020) Kat:3, Licht: 0","71106","3","6","2","10","09","2","0","0","0","0","0","0"
"POINT (9.728532661000031 52.386240653000073)","Unfall 71107 (2020) Kat:3, Licht: 0","71107","3","6","2","10","16","7","0","0","0","1","0","0"
"POINT (9.734438366000063 52.388315938000062)","Unfall 71122 (2020) Kat:3, Licht: 2","71122","3","6","3","10","22","5","0","2","0","1","0","1"
"POINT (9.830499898000028 52.385543895000069)","Unfall 71154 (2020) Kat:3, Licht: 0","71154","3","6","2","10","16","3","1","0","0","1","0","0"
"POINT (9.678310342000032 52.359410107000031)","Unfall 71162 (2020) Kat:3, Licht: 0","71162","3","6","2","10","15","4","0","0","0","1","0","0"
"POINT (9.721163231000048 52.361075023000069)","Unfall 71181 (2020) Kat:3, Licht: 0","71181","3","6","2","10","13","4","1","0","0","1","0","0"
"POINT (9.730213768000056 52.368958507000059)","Unfall 71192 (2020) Kat:2, Licht: 2","71192","2","3","5","10","22","4","1","2","1","1","0","0"
"POINT (9.754169430000047 52.355308237000031)","Unfall 71206 (2020) Kat:3, Licht: 0","71206","3","2","5","10","14","2","0","0","1","1","0","0"
"POINT (9.644244069000024 52.414181736000046)","Unfall 71223 (2020) Kat:3, Licht: 0","71223","3","6","2","11","13","2","0","0","0","1","0","0"
"POINT (9.685041738000052 52.374558616000058)","Unfall 71228 (2020) Kat:3, Licht: 0","71228","3","3","5","11","13","2","0","0","1","1","0","0"
"POINT (9.853555654000047 52.409722936000037)","Unfall 71233 (2020) Kat:3, Licht: 2","71233","3","6","3","11","06","2","1","2","0","1","0","0"
"POINT (9.698861189000070 52.416986571000052)","Unfall 71243 (2020) Kat:3, Licht: 0","71243","3","6","2","10","12","6","1","0","0","1","0","0"
"POINT (9.746386849000032 52.365453577000039)","Unfall 71278 (2020) Kat:3, Licht: 0","71278","3","2","5","11","12","4","0","0","1","1","0","0"
"POINT (9.757778469000073 52.370253911000077)","Unfall 71279 (2020) Kat:2, Licht: 2","71279","2","4","6","10","20","7","0","2","0","1","1","0"
"POINT (9.637387665000063 52.416689761000043)","Unfall 71310 (2020) Kat:3, Licht: 0","71310","3","6","2","10","08","5","0","0","0","1","0","0"
"POINT (9.883142135000071 52.398809158000063)","Unfall 71316 (2020) Kat:3, Licht: 2","71316","3","1","8","10","21","5","1","2","0","1","0","0"
"POINT (9.678712715000074 52.324695014000042)","Unfall 71320 (2020) Kat:1, Licht: 2","71320","1","1","8","10","17","5","0","2","0","1","0","0"
"POINT (9.722503641000060 52.378463636000049)","Unfall 71397 (2020) Kat:3, Licht: 2","71397","3","6","2","10","18","6","1","2","0","1","0","0"
"POINT (9.647893457000066 52.413052011000048)","Unfall 71441 (2020) Kat:3, Licht: 1","71441","3","6","2","10","16","4","0","1","0","1","0","0"
"POINT (9.723785941000074 52.379477598000051)","Unfall 71446 (2020) Kat:3, Licht: 2","71446","3","1","0","10","18","4","0","2","1","0","0","0"
"POINT (9.800179654000033 52.406332869000039)","Unfall 71447 (2020) Kat:3, Licht: 0","71447","3","2","5","10","10","4","0","0","1","1","0","0"
"POINT (9.836947517000056 52.387263994000079)","Unfall 71458 (2020) Kat:3, Licht: 0","71458","3","4","6","11","08","5","0","0","0","0","1","0"
"POINT (9.796199412000021 52.415075427000033)","Unfall 71459 (2020) Kat:2, Licht: 0","71459","2","7","0","10","11","4","0","0","0","0","1","0"
"POINT (9.798876428000028 52.411375664000047)","Unfall 71481 (2020) Kat:3, Licht: 2","71481","3","3","5","11","15","2","0","2","0","1","0","0"
"POINT (9.731705919000035 52.369434216000059)","Unfall 71482 (2020) Kat:3, Licht: 0","71482","3","6","2","11","08","3","0","0","0","1","0","0"
"POINT (9.856654973000047 52.358725164000077)","Unfall 71494 (2020) Kat:3, Licht: 0","71494","3","3","5","11","13","7","0","0","0","1","0","1"
"POINT (9.762251882000044 52.370536013000049)","Unfall 71507 (2020) Kat:3, Licht: 2","71507","3","2","4","10","19","6","1","2","0","1","0","0"
"POINT (9.784586675000071 52.346334548000073)","Unfall 71543 (2020) Kat:3, Licht: 2","71543","3","6","2","11","17","4","0","2","0","1","0","0"
"POINT (9.756520001000069 52.334098674000074)","Unfall 71544 (2020) Kat:3, Licht: 1","71544","3","1","0","10","17","7","1","1","1","0","0","0"
"POINT (9.666595506000022 52.384397756000055)","Unfall 71552 (2020) Kat:3, Licht: 0","71552","3","3","5","11","14","6","0","0","1","1","0","0"
"POINT (9.690604718000031 52.346756129000028)","Unfall 71576 (2020) Kat:3, Licht: 0","71576","3","6","2","10","06","3","0","0","0","1","0","0"
"POINT (9.698498466000046 52.417221771000072)","Unfall 71578 (2020) Kat:3, Licht: 0","71578","3","3","5","10","07","3","0","0","0","1","0","0"
"POINT (9.688885944000049 52.378181889000075)","Unfall 71603 (2020) Kat:3, Licht: 1","71603","3","1","0","11","07","2","1","1","1","0","0","0"
"POINT (9.718543390000036 52.346497834000047)","Unfall 71618 (2020) Kat:3, Licht: 2","71618","3","2","3","11","17","1","0","2","0","1","0","0"
"POINT (9.677615947000049 52.371768206000070)","Unfall 71623 (2020) Kat:3, Licht: 2","71623","3","1","0","11","06","1","1","2","0","1","0","0"
"POINT (9.697744326000077 52.377141926000036)","Unfall 71634 (2020) Kat:3, Licht: 2","71634","3","6","2","11","18","1","0","2","0","1","0","0"
"POINT (9.808965359000069 52.379068778000033)","Unfall 71664 (2020) Kat:3, Licht: 0","71664","3","7","0","10","14","6","1","0","0","0","1","0"
"POINT (9.798302651000029 52.420232022000050)","Unfall 71671 (2020) Kat:3, Licht: 0","71671","3","6","2","10","07","6","1","0","0","1","0","0"
"POINT (9.685437708000052 52.379364918000078)","Unfall 71678 (2020) Kat:3, Licht: 0","71678","3","2","3","11","07","4","0","0","1","1","0","0"
"POINT (9.734782561000031 52.407296633000044)","Unfall 71693 (2020) Kat:3, Licht: 0","71693","3","2","4","10","12","2","1","0","0","1","0","1"
"POINT (9.833469465000064 52.419305413000075)","Unfall 71695 (2020) Kat:3, Licht: 0","71695","3","2","2","10","11","2","1","0","0","1","0","0"
"POINT (9.826164253000059 52.362362479000069)","Unfall 71697 (2020) Kat:3, Licht: 0","71697","3","2","3","10","16","2","1","0","1","1","0","0"
"POINT (9.690383156000053 52.374766160000036)","Unfall 71712 (2020) Kat:3, Licht: 2","71712","3","1","9","10","22","7","0","2","0","1","0","0"
"POINT (9.797412659000031 52.346857115000034)","Unfall 71732 (2020) Kat:3, Licht: 0","71732","3","6","3","11","08","3","0","0","0","1","0","0"
"POINT (9.819698655000025 52.427435916000036)","Unfall 71755 (2020) Kat:3, Licht: 0","71755","3","3","5","11","08","5","0","0","0","1","0","0"
"POINT (9.832656402000055 52.422003184000062)","Unfall 71787 (2020) Kat:3, Licht: 0","71787","3","3","5","11","13","7","0","0","0","1","0","0"
"POINT (9.733629562000033 52.384832860000074)","Unfall 71801 (2020) Kat:2, Licht: 2","71801","2","1","8","10","19","1","1","2","0","1","0","0"
"POINT (9.883764838000047 52.357032304000029)","Unfall 71806 (2020) Kat:3, Licht: 2","71806","3","6","3","11","23","4","0","2","0","1","0","0"
"POINT (9.631707426000048 52.420166393000045)","Unfall 71815 (2020) Kat:3, Licht: 0","71815","3","6","2","11","15","6","0","0","0","1","0","0"
"POINT (9.641816558000073 52.414717751000069)","Unfall 71865 (2020) Kat:3, Licht: 1","71865","3","2","3","11","16","4","0","1","1","1","0","0"
"POINT (9.706951151000055 52.410675585000035)","Unfall 71884 (2020) Kat:3, Licht: 0","71884","3","6","2","11","13","6","1","0","0","1","0","0"
"POINT (9.751175005000050 52.359252590000040)","Unfall 71908 (2020) Kat:3, Licht: 2","71908","3","2","5","11","07","6","1","2","0","1","0","1"
"POINT (9.712987164000026 52.366811061000078)","Unfall 71940 (2020) Kat:3, Licht: 0","71940","3","1","0","11","12","5","1","0","0","0","0","1"
"POINT (9.801775132000046 52.432056552000063)","Unfall 71952 (2020) Kat:3, Licht: 2","71952","3","4","6","11","18","6","0","2","0","1","1","0"
"POINT (9.773798475000035 52.331947764000063)","Unfall 71973 (2020) Kat:2, Licht: 0","71973","2","2","5","11","10","3","0","0","1","1","0","0"
"POINT (9.782895077000035 52.361481728000058)","Unfall 71978 (2020) Kat:3, Licht: 0","71978","3","6","2","11","12","5","1","0","0","1","0","0"
"POINT (9.767174328000067 52.337704719000044)","Unfall 71990 (2020) Kat:3, Licht: 0","71990","3","7","5","11","11","6","0","0","1","1","0","0"
"POINT (9.782644789000074 52.380337292000036)","Unfall 72009 (2020) Kat:3, Licht: 1","72009","3","6","2","11","16","3","1","1","0","1","0","0"
"POINT (9.759498425000061 52.348570337000069)","Unfall 72043 (2020) Kat:3, Licht: 2","72043","3","7","8","11","17","2","0","2","0","1","0","0"
"POINT (9.833875340000077 52.398391275000051)","Unfall 72045 (2020) Kat:3, Licht: 0","72045","3","3","5","11","07","4","0","0","1","1","0","0"
"POINT (9.647337060000041 52.413362130000053)","Unfall 72054 (2020) Kat:3, Licht: 0","72054","3","6","2","11","11","2","0","0","0","1","0","0"
"POINT (9.692817001000037 52.420672058000036)","Unfall 72075 (2020) Kat:3, Licht: 0","72075","3","3","5","11","15","6","0","0","0","1","0","0"
"POINT (9.798223564000068 52.345916474000035)","Unfall 72076 (2020) Kat:3, Licht: 1","72076","3","6","2","11","07","4","0","1","0","1","0","0"
"POINT (9.717782180000029 52.395578782000030)","Unfall 72085 (2020) Kat:3, Licht: 0","72085","3","3","5","11","15","2","0","0","1","1","0","0"
"POINT (9.680432430000053 52.371929787000056)","Unfall 72132 (2020) Kat:3, Licht: 0","72132","3","2","5","11","09","5","0","0","1","1","0","0"
"POINT (9.694661239000027 52.419595057000038)","Unfall 72160 (2020) Kat:3, Licht: 0","72160","3","2","2","11","14","7","0","0","0","1","0","0"
"POINT (9.714978528000074 52.360640477000061)","Unfall 72179 (2020) Kat:3, Licht: 0","72179","3","1","9","11","09","1","1","0","0","1","0","0"
"POINT (9.636679962000073 52.412492033000035)","Unfall 72191 (2020) Kat:3, Licht: 0","72191","3","6","2","11","13","5","1","0","0","1","0","0"
"POINT (9.685533633000034 52.329168443000071)","Unfall 72203 (2020) Kat:3, Licht: 0","72203","3","6","2","11","13","6","1","0","0","1","0","0"
"POINT (9.862289757000042 52.380601255000045)","Unfall 72208 (2020) Kat:3, Licht: 0","72208","3","1","7","11","08","2","0","0","1","0","0","0"
"POINT (9.669535288000077 52.347708875000080)","Unfall 72222 (2020) Kat:3, Licht: 0","72222","3","6","2","11","15","7","0","0","0","1","0","0"
"POINT (9.732945325000060 52.421052739000061)","Unfall 72240 (2020) Kat:3, Licht: 0","72240","3","6","3","11","16","6","0","0","0","1","0","0"
"POINT (9.813196956000070 52.429237631000035)","Unfall 72241 (2020) Kat:2, Licht: 2","72241","2","6","2","11","17","6","0","2","0","0","0","0"
"POINT (9.715686776000041 52.366757646000053)","Unfall 72274 (2020) Kat:3, Licht: 0","72274","3","7","6","11","10","6","0","0","0","1","1","0"
"POINT (9.728188070000044 52.374306923000063)","Unfall 72289 (2020) Kat:3, Licht: 2","72289","3","2","0","11","17","2","0","2","1","1","0","0"
"POINT (9.809293645000025 52.369209166000076)","Unfall 72295 (2020) Kat:3, Licht: 0","72295","3","3","5","11","10","3","0","0","0","1","0","1"
"POINT (9.794262568000022 52.371443151000051)","Unfall 72321 (2020) Kat:3, Licht: 2","72321","3","1","9","11","16","3","1","2","1","0","0","0"
"POINT (9.721710098000074 52.378460440000026)","Unfall 72340 (2020) Kat:3, Licht: 0","72340","3","6","2","11","11","4","0","0","0","1","0","0"
"POINT (9.748596952000071 52.362598289000061)","Unfall 72343 (2020) Kat:3, Licht: 0","72343","3","2","3","11","15","2","0","0","0","1","0","0"
"POINT (9.862841684000046 52.379862654000078)","Unfall 72368 (2020) Kat:3, Licht: 1","72368","3","2","5","11","16","4","0","1","1","1","0","0"
"POINT (9.719471480000038 52.346496670000079)","Unfall 72378 (2020) Kat:3, Licht: 2","72378","3","1","8","11","05","7","1","2","0","1","0","0"
"POINT (9.801866402000030 52.396776233000026)","Unfall 72383 (2020) Kat:3, Licht: 0","72383","3","6","2","11","08","2","1","0","0","1","0","0"
"POINT (9.675892921000070 52.359044595000057)","Unfall 72384 (2020) Kat:3, Licht: 2","72384","3","7","0","11","02","1","0","2","0","0","0","0"
"POINT (9.784169830000053 52.382847625000068)","Unfall 72397 (2020) Kat:3, Licht: 0","72397","3","6","2","11","12","6","0","0","0","1","0","0"
"POINT (9.809268307000025 52.379378099000064)","Unfall 72412 (2020) Kat:3, Licht: 0","72412","3","3","5","11","17","3","0","0","1","1","0","0"
"POINT (9.736194184000055 52.399265132000039)","Unfall 72432 (2020) Kat:3, Licht: 2","72432","3","2","5","11","05","6","1","2","0","1","0","0"
"POINT (9.730074565000052 52.368669395000040)","Unfall 72467 (2020) Kat:3, Licht: 2","72467","3","2","5","11","06","6","1","2","1","1","0","0"
"POINT (9.871244218000072 52.309044743000072)","Unfall 72481 (2020) Kat:3, Licht: 0","72481","3","6","3","11","10","1","0","0","0","1","0","0"
"POINT (9.653121413000065 52.415637694000054)","Unfall 72513 (2020) Kat:3, Licht: 0","72513","3","6","4","11","15","6","0","0","1","0","0","0"
"POINT (9.734559317000048 52.391258168000036)","Unfall 72531 (2020) Kat:3, Licht: 0","72531","3","4","6","11","14","2","0","0","1","0","1","0"
"POINT (9.809293289000038 52.379494575000081)","Unfall 72552 (2020) Kat:3, Licht: 0","72552","3","4","6","11","14","6","0","0","0","1","1","0"
"POINT (9.733309725000026 52.418330435000030)","Unfall 72562 (2020) Kat:3, Licht: 2","72562","3","1","8","11","06","2","0","2","0","1","0","0"
"POINT (9.638136985000074 52.416230824000081)","Unfall 72567 (2020) Kat:3, Licht: 2","72567","3","6","2","11","05","2","0","2","0","1","0","0"
"POINT (9.727077653000038 52.366914690000044)","Unfall 72595 (2020) Kat:3, Licht: 0","72595","3","2","5","11","15","3","0","0","1","1","0","0"
"POINT (9.732708695000042 52.420804457000031)","Unfall 72598 (2020) Kat:3, Licht: 1","72598","3","6","2","11","15","2","0","1","0","1","0","0"
"POINT (9.705633994000039 52.423782387000074)","Unfall 72652 (2020) Kat:3, Licht: 2","72652","3","7","0","11","21","4","0","2","0","0","0","1"
"POINT (9.790057005000051 52.354461534000052)","Unfall 72654 (2020) Kat:3, Licht: 2","72654","3","6","3","11","07","2","0","2","0","1","0","0"
"POINT (9.780924827000035 52.378724771000066)","Unfall 72701 (2020) Kat:3, Licht: 0","72701","3","6","3","12","14","6","0","0","0","1","0","0"
"POINT (9.667307746000063 52.377068706000045)","Unfall 72708 (2020) Kat:2, Licht: 2","72708","2","4","6","12","06","6","1","2","0","0","1","0"
"POINT (9.862710986000025 52.380015674000049)","Unfall 72737 (2020) Kat:3, Licht: 0","72737","3","2","5","12","09","3","0","0","0","0","0","1"
"POINT (9.719420796000065 52.346583926000051)","Unfall 72751 (2020) Kat:3, Licht: 0","72751","3","2","2","12","10","2","1","0","0","1","0","0"
"POINT (9.847420235000072 52.360120393000045)","Unfall 72760 (2020) Kat:3, Licht: 0","72760","3","2","4","12","15","6","0","0","1","1","0","0"
"POINT (9.736209952000024 52.399131080000075)","Unfall 72779 (2020) Kat:3, Licht: 2","72779","3","6","0","12","17","3","0","2","1","0","0","0"