WKT,Name,OBJECTID,UKATEGORIE,UTYP1,UART,UMONAT,USTUNDE,UWOCHENTAG,STRZUSTAND,ULICHTVERH,ISTRAD,ISTPKW,ISTFUSS,ISTKRAD
"POINT (9.683887709000032 52.390706848000036)","Unfall 72784 (2020) Kat:3, Licht: 2","72784","3","6","2","12","16","1","1","2","0","1","0","0"
"POINT (9.722429162000026 52.362426157000073)","Unfall 72794 (2020) Kat:3, Licht: 0","72794","3","6","2","12","10","5","1","0","0","1","0","0"
"POINT (9.734782718000076 52.407294929000045)","Unfall 72831 (2020) Kat:3, Licht: 2","72831","3","6","3","12","18","3","1","2","0","1","0","1"
"POINT (9.660115275000067 52.376955634000069)","Unfall 72840 (2020) Kat:3, Licht: 1","72840","3","2","5","12","08","4","1","1","1","1","0","0"
"POINT (9.797106107000047 52.347212386000081)","Unfall 72877 (2020) Kat:3, Licht: 0","72877","3","6","2","12","08","5","1","0","0","1","0","0"
"POINT (9.688547383000071 52.374889468000049)","Unfall 72918 (2020) Kat:3, Licht: 0","72918","3","6","2","12","08","3","1","0","1","1","0","0"
"POINT (9.787545709000028 52.390515107000056)","Unfall 72929 (2020) Kat:3, Licht: 0","72929","3","6","2","12","17","5","0","0","0","1","0","0"
"POINT (9.712707575000025 52.401738945000034)","Unfall 72938 (2020) Kat:3, Licht: 2","72938","3","6","2","12","17","5","0","2","0","1","0","1"
"POINT (9.700537571000041 52.371675713000059)","Unfall 72988 (2020) Kat:3, Licht: 0","72988","3","6","2","12","10","4","1","0","0","1","0","0"
"POINT (9.792655874000047 52.430378356000062)","Unfall 72999 (2020) Kat:3, Licht: 2","72999","3","6","2","12","16","5","1","2","0","1","0","0"
"POINT (9.850880252000025 52.391427223000051)","Unfall 73009 (2020) Kat:2, Licht: 2","73009","2","2","6","12","16","5","1","2","0","1","1","0"
"POINT (9.773387073000038 52.371185532000027)","Unfall 73053 (2020) Kat:3, Licht: 0","73053","3","7","0","12","10","6","0","0","0","0","1","0"
"POINT (9.820359277000023 52.411542832000066)","Unfall 73080 (2020) Kat:3, Licht: 0","73080","3","6","3","12","14","3","1","0","0","1","0","1"
"POINT (9.786323934000052 52.372228895000035)","Unfall 73093 (2020) Kat:3, Licht: 0","73093","3","7","6","12","13","6","0","0","0","0","1","0"
"POINT (9.836986572000058 52.421218804000034)","Unfall 73102 (2020) Kat:3, Licht: 2","73102","3","6","2","12","17","7","0","2","0","1","0","0"
"POINT (9.675408313000048 52.377125149000051)","Unfall 73112 (2020) Kat:3, Licht: 0","73112","3","2","5","12","12","4","0","0","1","1","0","0"
"POINT (9.779444174000048 52.327640572000064)","Unfall 73115 (2020) Kat:3, Licht: 2","73115","3","2","2","12","07","4","1","2","0","1","0","0"
"POINT (9.776084472000036 52.371120796000071)","Unfall 73124 (2020) Kat:3, Licht: 1","73124","3","3","5","12","15","5","0","1","1","1","0","0"
"POINT (9.719744691000074 52.367640303000030)","Unfall 73135 (2020) Kat:3, Licht: 0","73135","3","1","0","12","11","2","1","0","1","0","0","0"
"POINT (9.787559964000025 52.372109697000042)","Unfall 73140 (2020) Kat:3, Licht: 0","73140","3","1","0","12","12","5","1","0","1","0","0","0"
"POINT (9.734023632000060 52.387101954000059)","Unfall 73141 (2020) Kat:3, Licht: 0","73141","3","2","4","12","11","2","1","0","1","1","0","0"
"POINT (9.734901169000068 52.391494184000067)","Unfall 73144 (2020) Kat:3, Licht: 0","73144","3","7","0","12","12","7","0","0","0","1","0","0"
"POINT (9.733378611000035 52.417823991000034)","Unfall 73150 (2020) Kat:3, Licht: 2","73150","3","2","4","12","07","2","1","2","1","1","0","0"
"POINT (9.797437799000022 52.346827978000078)","Unfall 73224 (2020) Kat:3, Licht: 0","73224","3","6","3","12","08","5","1","0","0","1","0","0"
"POINT (9.725375916000075 52.380387996000081)","Unfall 73238 (2020) Kat:3, Licht: 0","73238","3","6","2","12","11","2","1","0","0","1","0","0"
"POINT (9.758941063000066 52.427054506000047)","Unfall 73248 (2020) Kat:3, Licht: 0","73248","3","7","8","12","09","1","1","0","0","1","0","0"
"POINT (9.663936088000071 52.384416090000059)","Unfall 73251 (2020) Kat:2, Licht: 0","73251","2","4","6","12","08","3","0","0","0","1","1","0"
"POINT (9.830349798000043 52.422943778000047)","Unfall 73255 (2020) Kat:3, Licht: 2","73255","3","6","3","12","16","3","1","2","0","1","0","0"
"POINT (9.736773118000031 52.368392856000071)","Unfall 73262 (2020) Kat:3, Licht: 0","73262","3","2","3","12","14","3","1","0","1","1","0","0"
"POINT (9.698390139000026 52.417290103000028)","Unfall 73303 (2020) Kat:3, Licht: 2","73303","3","6","2","12","18","5","0","2","0","1","0","0"
"POINT (9.768232795000074 52.338663015000066)","Unfall 73312 (2020) Kat:3, Licht: 0","73312","3","5","1","12","13","2","1","0","0","1","0","0"
"POINT (9.652233171000034 52.424890272000027)","Unfall 73333 (2020) Kat:3, Licht: 0","73333","3","6","3","12","13","4","0","0","0","1","0","0"
"POINT (9.725375916000075 52.380387996000081)","Unfall 73343 (2020) Kat:3, Licht: 0","73343","3","2","3","12","09","3","0","0","0","1","0","1"
"POINT (9.878783479000049 52.435514539000053)","Unfall 73381 (2020) Kat:3, Licht: 2","73381","3","1","9","12","18","3","1","2","0","1","0","0"
"POINT (9.649708681000050 52.424250527000027)","Unfall 73385 (2020) Kat:3, Licht: 2","73385","3","3","0","12","07","5","1","2","0","1","0","0"
"POINT (9.724846513000045 52.376829131000079)","Unfall 73401 (2020) Kat:3, Licht: 1","73401","3","6","2","12","15","3","1","1","0","1","0","0"
"POINT (9.863799133000043 52.374955575000058)","Unfall 73410 (2020) Kat:1, Licht: 0","73410","1","3","5","12","11","4","1","0","1","0","0","0"
"POINT (9.679579648000072 52.359484157000054)","Unfall 73421 (2020) Kat:3, Licht: 2","73421","3","1","0","12","19","4","1","2","1","0","0","0"
"POINT (9.697160467000060 52.341737368000054)","Unfall 73434 (2020) Kat:3, Licht: 1","73434","3","2","5","12","16","6","0","1","0","1","0","0"
"POINT (9.694387293000034 52.419765977000054)","Unfall 73667 (2020) Kat:3, Licht: 2","73667","3","4","6","12","17","4","0","2","0","0","1","0"
"POINT (9.810669735000033 52.382420219000039)","Unfall 73668 (2020) Kat:3, Licht: 0","73668","3","1","0","12","12","4","0","0","0","0","0","1"
"POINT (9.850312629000030 52.391658561000042)","Unfall 73708 (2020) Kat:3, Licht: 0","73708","3","3","5","12","15","2","0","0","1","1","0","0"
"POINT (9.691081279000059 52.376858924000032)","Unfall 73712 (2020) Kat:3, Licht: 2","73712","3","1","8","12","19","2","0","2","0","0","0","1"
"POINT (9.735819664000076 52.399619697000048)","Unfall 73727 (2020) Kat:3, Licht: 2","73727","3","6","2","12","17","1","1","2","0","1","0","0"
"POINT (9.651241171000038 52.420272059000069)","Unfall 73741 (2020) Kat:3, Licht: 0","73741","3","7","0","12","13","7","0","0","1","0","0","0"
"POINT (9.840400807000037 52.354969791000030)","Unfall 73742 (2020) Kat:2, Licht: 2","73742","2","7","2","12","17","7","0","2","0","1","0","0"
"POINT (9.868550426000070 52.311210474000063)","Unfall 73771 (2020) Kat:3, Licht: 0","73771","3","1","9","12","15","5","1","0","0","0","0","0"
"POINT (9.760548638000046 52.371221703000060)","Unfall 191859 (2020) Kat:3, Licht: 0","191859","3","7","1","01","11","2","0","0","0","1","0","0"
"POINT (9.738204074000066 52.369601250000073)","Unfall 191863 (2020) Kat:2, Licht: 2","191863","2","2","5","01","18","2","0","2","1","0","0","1"
"POINT (9.693853859000058 52.343141292000041)","Unfall 191866 (2020) Kat:3, Licht: 2","191866","3","2","0","01","17","2","1","2","0","0","0","0"
"POINT (9.748897631000034 52.358171584000047)","Unfall 191867 (2020) Kat:3, Licht: 1","191867","3","7","0","01","16","6","1","1","1","0","0","0"
"POINT (9.718441300000052 52.375414547000048)","Unfall 191870 (2020) Kat:3, Licht: 0","191870","3","3","5","01","11","6","0","0","0","1","0","0"
"POINT (9.726889701000062 52.370108431000062)","Unfall 191875 (2020) Kat:3, Licht: 0","191875","3","7","6","01","10","6","1","0","0","1","1","0"
"POINT (9.676616583000055 52.415988791000075)","Unfall 191886 (2020) Kat:3, Licht: 1","191886","3","5","0","01","16","7","0","1","0","1","0","0"
"POINT (9.730196799000055 52.368568298000071)","Unfall 191908 (2020) Kat:3, Licht: 0","191908","3","3","5","01","09","2","1","0","1","1","0","0"
"POINT (9.716248311000072 52.362686073000077)","Unfall 191923 (2020) Kat:3, Licht: 0","191923","3","3","5","01","12","7","1","0","1","1","0","0"
"POINT (9.676575612000022 52.365562950000026)","Unfall 191927 (2020) Kat:3, Licht: 0","191927","3","3","5","01","11","7","0","0","1","1","0","0"
"POINT (9.698344593000059 52.391788996000059)","Unfall 191948 (2020) Kat:3, Licht: 0","191948","3","6","2","01","13","5","1","0","0","1","0","0"
"POINT (9.717092486000070 52.341865429000052)","Unfall 191954 (2020) Kat:3, Licht: 2","191954","3","3","5","01","17","5","1","2","0","1","0","0"
"POINT (9.719668672000069 52.367448464000063)","Unfall 191957 (2020) Kat:3, Licht: 1","191957","3","5","1","01","17","5","1","1","0","1","0","0"
"POINT (9.750887198000044 52.410531159000072)","Unfall 191966 (2020) Kat:3, Licht: 2","191966","3","7","0","01","19","5","1","2","0","0","0","1"
"POINT (9.823888057000033 52.383535393000045)","Unfall 191973 (2020) Kat:3, Licht: 0","191973","3","3","5","01","07","6","0","0","1","1","0","0"
"POINT (9.735001308000051 52.372739813000067)","Unfall 191974 (2020) Kat:3, Licht: 0","191974","3","7","6","01","11","5","1","0","0","1","1","0"
"POINT (9.795755515000053 52.376451471000053)","Unfall 191976 (2020) Kat:3, Licht: 0","191976","3","1","0","01","15","6","1","0","1","0","0","0"
"POINT (9.792429381000034 52.399916516000076)","Unfall 191977 (2020) Kat:3, Licht: 2","191977","3","3","5","01","07","6","0","2","0","1","0","0"
"POINT (9.742474009000034 52.386258519000080)","Unfall 191978 (2020) Kat:3, Licht: 0","191978","3","2","4","01","09","6","0","0","1","1","0","0"
"POINT (9.794949736000035 52.333330972000056)","Unfall 191992 (2020) Kat:3, Licht: 1","191992","3","7","7","01","07","3","1","1","0","0","0","1"
"POINT (9.814375314000074 52.380743924000058)","Unfall 192011 (2020) Kat:3, Licht: 0","192011","3","3","5","01","10","5","0","0","1","1","0","0"
"POINT (9.668734203000042 52.414768313000081)","Unfall 192013 (2020) Kat:3, Licht: 0","192013","3","2","4","01","16","2","1","0","0","1","0","1"
"POINT (9.806312936000040 52.425981820000061)","Unfall 192014 (2020) Kat:3, Licht: 0","192014","3","3","5","01","08","5","0","0","1","1","0","0"
"POINT (9.738755736000030 52.381664886000067)","Unfall 192015 (2020) Kat:3, Licht: 2","192015","3","6","2","01","20","5","0","2","0","1","0","0"
"POINT (9.727558455000064 52.376883152000062)","Unfall 192022 (2020) Kat:3, Licht: 2","192022","3","5","1","01","19","5","0","2","1","1","0","0"
"POINT (9.705912096000077 52.403332337000052)","Unfall 192025 (2020) Kat:3, Licht: 1","192025","3","3","5","01","15","5","0","1","1","1","0","0"
"POINT (9.708199341000068 52.373197595000079)","Unfall 192052 (2020) Kat:3, Licht: 0","192052","3","7","0","01","13","4","1","0","1","0","0","0"
"POINT (9.699887361000037 52.368821479000076)","Unfall 192058 (2020) Kat:3, Licht: 0","192058","3","6","2","01","14","4","1","0","0","1","0","0"
"POINT (9.747836926000048 52.373972190000075)","Unfall 192062 (2020) Kat:3, Licht: 0","192062","3","2","5","01","12","2","0","0","1","1","0","0"
"POINT (9.781681737000042 52.415603104000070)","Unfall 192066 (2020) Kat:3, Licht: 1","192066","3","2","5","01","07","4","1","1","0","1","0","0"
"POINT (9.720884670000032 52.375844118000032)","Unfall 192071 (2020) Kat:3, Licht: 2","192071","3","6","4","01","20","4","1","2","1","0","0","0"
"POINT (9.788409285000057 52.331092035000040)","Unfall 192074 (2020) Kat:3, Licht: 2","192074","3","4","6","01","18","4","1","2","0","0","1","0"
"POINT (9.691211636000048 52.418662602000040)","Unfall 192094 (2020) Kat:3, Licht: 0","192094","3","6","2","01","15","4","0","0","0","1","0","0"
"POINT (9.820680111000058 52.382597236000038)","Unfall 192106 (2020) Kat:3, Licht: 2","192106","3","7","0","01","18","3","0","2","0","1","0","0"
"POINT (9.724193221000064 52.363682135000033)","Unfall 192113 (2020) Kat:3, Licht: 0","192113","3","3","5","01","15","6","0","0","1","1","0","0"
"POINT (9.769112851000045 52.358424689000060)","Unfall 192114 (2020) Kat:3, Licht: 2","192114","3","4","2","01","19","4","0","2","0","1","1","0"
"POINT (9.716214062000063 52.362296866000065)","Unfall 192119 (2020) Kat:3, Licht: 2","192119","3","7","9","01","02","7","0","2","1","0","0","0"
"POINT (9.753523592000022 52.376516963000029)","Unfall 192131 (2020) Kat:3, Licht: 0","192131","3","7","0","01","15","5","0","0","1","0","0","0"
"POINT (9.700787636000030 52.391458400000033)","Unfall 192140 (2020) Kat:3, Licht: 2","192140","3","3","5","01","20","2","0","2","1","1","0","0"
"POINT (9.749750216000052 52.372973360000060)","Unfall 192159 (2020) Kat:3, Licht: 1","192159","3","2","4","01","16","3","0","1","1","1","0","0"
"POINT (9.746135246000051 52.393226533000075)","Unfall 192164 (2020) Kat:3, Licht: 1","192164","3","2","5","01","07","6","0","1","1","1","0","0"
"POINT (9.721662314000071 52.387325862000068)","Unfall 192168 (2020) Kat:3, Licht: 0","192168","3","7","0","01","08","4","1","0","1","0","0","0"
"POINT (9.738959635000072 52.394425611000031)","Unfall 192170 (2020) Kat:3, Licht: 0","192170","3","7","8","01","10","3","0","0","0","1","0","0"
"POINT (9.738317016000053 52.373243298000034)","Unfall 192176 (2020) Kat:3, Licht: 0","192176","3","6","6","01","12","6","0","0","0","0","1","0"
"POINT (9.734924844000034 52.380161814000076)","Unfall 192178 (2020) Kat:3, Licht: 0","192178","3","6","3","01","10","5","0","0","1","0","0","0"
"POINT (9.747117564000064 52.376323233000051)","Unfall 192192 (2020) Kat:3, Licht: 0","192192","3","3","5","01","08","2","0","0","1","1","0","0"
"POINT (9.669019200000037 52.371463638000080)","Unfall 192205 (2020) Kat:3, Licht: 1","192205","3","7","0","01","17","5","0","1","0","0","1","0"
"POINT (9.703517386000044 52.374730381000063)","Unfall 192225 (2020) Kat:3, Licht: 0","192225","3","6","6","01","13","7","0","0","0","1","1","0"
"POINT (9.764218950000043 52.368334718000028)","Unfall 192231 (2020) Kat:3, Licht: 1","192231","3","4","0","01","16","5","0","1","1","0","1","0"
"POINT (9.807114893000062 52.388548577000051)","Unfall 192233 (2020) Kat:3, Licht: 2","192233","3","6","2","01","17","3","0","2","0","1","0","0"
"POINT (9.806997863000049 52.362913434000063)","Unfall 192236 (2020) Kat:3, Licht: 0","192236","3","3","0","01","13","5","0","0","1","1","0","0"
"POINT (9.754316723000045 52.368366168000080)","Unfall 192239 (2020) Kat:3, Licht: 1","192239","3","3","5","01","08","3","0","1","1","1","0","0"
"POINT (9.804824320000023 52.378009897000027)","Unfall 192248 (2020) Kat:3, Licht: 0","192248","3","3","5","01","13","3","0","0","1","1","0","0"
"POINT (9.739821034000045 52.382944731000066)","Unfall 192253 (2020) Kat:2, Licht: 2","192253","2","5","1","01","07","3","0","2","1","1","0","0"
"POINT (9.803199955000025 52.396514997000054)","Unfall 192269 (2020) Kat:3, Licht: 0","192269","3","2","5","01","09","6","0","0","1","1","0","0"
"POINT (9.731296269000040 52.336311879000050)","Unfall 192270 (2020) Kat:3, Licht: 0","192270","3","6","3","01","09","4","1","0","1","1","0","0"
"POINT (9.834150324000063 52.348841546000074)","Unfall 192276 (2020) Kat:2, Licht: 0","192276","2","3","5","01","14","3","0","0","1","1","0","0"
"POINT (9.724637819000066 52.344953708000048)","Unfall 192282 (2020) Kat:3, Licht: 0","192282","3","3","5","01","12","6","0","0","1","1","0","0"
"POINT (9.740054047000058 52.402108221000049)","Unfall 192285 (2020) Kat:3, Licht: 0","192285","3","3","2","01","13","5","0","0","1","1","0","0"
"POINT (9.734987636000028 52.370084780000070)","Unfall 192297 (2020) Kat:3, Licht: 2","192297","3","3","5","01","07","2","0","2","1","1","0","0"
"POINT (9.791818254000077 52.334988907000081)","Unfall 192311 (2020) Kat:3, Licht: 2","192311","3","3","5","01","06","3","1","2","1","1","0","0"
"POINT (9.674461214000075 52.408227200000056)","Unfall 192324 (2020) Kat:3, Licht: 0","192324","3","3","5","01","10","3","0","0","0","1","0","0"
"POINT (9.758838038000022 52.362468044000082)","Unfall 192334 (2020) Kat:3, Licht: 0","192334","3","2","4","01","14","5","0","0","1","1","0","0"
"POINT (9.733797026000048 52.369316991000062)","Unfall 192348 (2020) Kat:3, Licht: 2","192348","3","6","2","01","20","7","0","2","0","1","0","0"
"POINT (9.754903768000077 52.376949085000035)","Unfall 192363 (2020) Kat:3, Licht: 0","192363","3","5","0","02","14","2","1","0","0","1","0","0"
"POINT (9.795749155000067 52.327281431000074)","Unfall 192378 (2020) Kat:3, Licht: 0","192378","3","6","0","01","14","6","0","0","0","1","0","0"
"POINT (9.730531271000075 52.374851596000042)","Unfall 192380 (2020) Kat:3, Licht: 2","192380","3","6","2","01","19","6","0","2","0","1","0","0"
"POINT (9.733741289000022 52.399753641000075)","Unfall 192386 (2020) Kat:3, Licht: 2","192386","3","3","5","01","17","6","0","2","1","1","0","0"
"POINT (9.746901088000072 52.382599114000072)","Unfall 192421 (2020) Kat:3, Licht: 1","192421","3","3","5","01","16","5","0","1","1","1","0","0"
"POINT (9.745488496000064 52.374186735000080)","Unfall 192422 (2020) Kat:3, Licht: 0","192422","3","1","0","01","14","5","0","0","0","0","0","0"
"POINT (9.710460204000071 52.371257644000082)","Unfall 192454 (2020) Kat:3, Licht: 0","192454","3","1","0","02","15","2","1","0","0","0","0","1"
"POINT (9.736182072000077 52.362678337000034)","Unfall 192461 (2020) Kat:3, Licht: 2","192461","3","1","0","01","16","4","1","2","1","0","0","0"
"POINT (9.683652254000037 52.408804804000056)","Unfall 192464 (2020) Kat:3, Licht: 2","192464","3","6","2","01","21","4","1","2","0","1","0","0"
"POINT (9.728555467000035 52.394622134000031)","Unfall 192466 (2020) Kat:2, Licht: 2","192466","2","2","5","01","22","4","1","2","0","1","0","1"
"POINT (9.819681309000032 52.321243203000051)","Unfall 192469 (2020) Kat:3, Licht: 0","192469","3","5","1","01","13","4","1","0","0","1","0","0"
"POINT (9.738100490000022 52.381831752000039)","Unfall 192471 (2020) Kat:3, Licht: 1","192471","3","2","5","01","07","4","1","1","1","1","0","0"
"POINT (9.697180013000036 52.372135323000066)","Unfall 192473 (2020) Kat:3, Licht: 0","192473","3","5","1","01","09","6","0","0","1","1","0","0"
"POINT (9.807832368000049 52.399552258000028)","Unfall 192474 (2020) Kat:3, Licht: 2","192474","3","7","6","01","17","6","0","2","1","0","1","0"
"POINT (9.736621659000036 52.371176429000059)","Unfall 192477 (2020) Kat:2, Licht: 0","192477","2","2","5","02","10","1","1","0","0","1","0","0"
"POINT (9.740784118000022 52.383474183000033)","Unfall 192482 (2020) Kat:3, Licht: 2","192482","3","7","5","01","18","6","0","2","0","1","0","0"
"POINT (9.781056938000063 52.400084486000026)","Unfall 192485 (2020) Kat:3, Licht: 0","192485","3","2","4","01","14","6","0","0","0","1","0","0"
"POINT (9.715017898000042 52.364873319000026)","Unfall 192502 (2020) Kat:3, Licht: 2","192502","3","2","5","01","21","3","1","2","1","1","0","0"
"POINT (9.806950196000059 52.420112680000045)","Unfall 192504 (2020) Kat:3, Licht: 0","192504","3","5","4","01","12","3","1","0","0","1","0","0"
"POINT (9.748495359000060 52.374822569000060)","Unfall 192506 (2020) Kat:3, Licht: 0","192506","3","4","6","01","12","6","0","0","1","0","1","0"
"POINT (9.680730680000067 52.416130826000028)","Unfall 192508 (2020) Kat:3, Licht: 0","192508","3","3","5","02","08","7","1","0","0","1","0","0"
"POINT (9.753463734000036 52.376199478000046)","Unfall 192510 (2020) Kat:3, Licht: 1","192510","3","3","5","02","07","2","1","1","1","1","0","0"
"POINT (9.705299861000071 52.367045272000041)","Unfall 192511 (2020) Kat:2, Licht: 0","192511","2","1","0","01","14","3","1","0","1","0","0","0"
"POINT (9.751050194000072 52.375532262000036)","Unfall 192512 (2020) Kat:2, Licht: 0","192512","2","2","5","01","08","6","0","0","1","1","0","0"
"POINT (9.753037652000046 52.377778781000075)","Unfall 192513 (2020) Kat:3, Licht: 2","192513","3","2","5","01","07","3","1","2","1","1","0","0"
"POINT (9.701480209000067 52.408686216000035)","Unfall 192514 (2020) Kat:3, Licht: 0","192514","3","3","5","01","07","6","1","0","0","1","0","0"
"POINT (9.757933597000033 52.336990085000082)","Unfall 192523 (2020) Kat:3, Licht: 2","192523","3","1","9","02","05","2","1","2","0","1","0","0"
"POINT (9.837457509000046 52.387398224000037)","Unfall 192551 (2020) Kat:3, Licht: 1","192551","3","3","5","01","07","2","1","1","1","1","0","0"
"POINT (9.721005017000039 52.379456908000066)","Unfall 192553 (2020) Kat:3, Licht: 2","192553","3","3","5","01","23","2","1","2","1","1","0","0"
"POINT (9.738306324000064 52.382118200000036)","Unfall 192555 (2020) Kat:3, Licht: 2","192555","3","2","5","01","18","2","1","2","1","1","0","0"
"POINT (9.759436052000069 52.375858608000044)","Unfall 192557 (2020) Kat:3, Licht: 0","192557","3","5","1","01","11","2","0","0","1","1","0","0"
"POINT (9.782564727000022 52.373316242000044)","Unfall 192559 (2020) Kat:3, Licht: 2","192559","3","3","5","01","07","2","1","2","1","1","0","0"
"POINT (9.737162164000040 52.384502769000051)","Unfall 192562 (2020) Kat:3, Licht: 2","192562","3","3","0","02","23","2","1","2","1","1","0","0"
"POINT (9.741212763000021 52.360334374000047)","Unfall 192577 (2020) Kat:3, Licht: 0","192577","3","3","5","01","09","5","0","0","1","1","0","0"
"POINT (9.756154847000062 52.342668496000044)","Unfall 192580 (2020) Kat:3, Licht: 0","192580","3","3","5","01","08","5","0","0","1","1","0","0"
"POINT (9.855797530000075 52.394577137000056)","Unfall 192583 (2020) Kat:3, Licht: 0","192583","3","3","5","01","13","1","0","0","0","1","0","0"
"POINT (9.757933597000033 52.336990085000082)","Unfall 192587 (2020) Kat:3, Licht: 2","192587","3","6","2","01","17","5","0","2","0","1","0","0"
"POINT (9.820211673000074 52.356182214000057)","Unfall 192606 (2020) Kat:3, Licht: 2","192606","3","1","1","01","20","7","0","2","0","1","0","1"
"POINT (9.738618230000043 52.382286944000043)","Unfall 192611 (2020) Kat:3, Licht: 2","192611","3","5","1","02","00","5","0","2","0","1","0","0"
"POINT (9.750615945000050 52.375529235000045)","Unfall 192631 (2020) Kat:3, Licht: 2","192631","3","6","2","02","19","4","1","2","0","1","0","0"
"POINT (9.750009669000065 52.376544574000036)","Unfall 192640 (2020) Kat:3, Licht: 2","192640","3","2","6","02","19","1","0","2","0","1","1","0"
"POINT (9.734859757000038 52.380277307000028)","Unfall 192657 (2020) Kat:3, Licht: 0","192657","3","2","4","02","08","2","1","0","0","1","0","0"
"POINT (9.716895980000061 52.335523327000033)","Unfall 192658 (2020) Kat:3, Licht: 2","192658","3","6","2","02","19","5","1","2","0","1","0","0"
"POINT (9.756771713000035 52.392567903000042)","Unfall 192659 (2020) Kat:3, Licht: 0","192659","3","2","5","02","10","7","0","0","1","1","0","0"
"POINT (9.663043030000040 52.409942651000051)","Unfall 192678 (2020) Kat:3, Licht: 0","192678","3","7","6","02","10","1","0","0","1","0","1","0"
"POINT (9.717313966000063 52.364378586000043)","Unfall 192682 (2020) Kat:3, Licht: 1","192682","3","7","6","02","17","4","0","1","0","1","1","0"
"POINT (9.814167100000077 52.347182837000048)","Unfall 192689 (2020) Kat:3, Licht: 0","192689","3","3","5","02","10","4","0","0","0","1","0","0"
"POINT (9.737694065000028 52.399651983000069)","Unfall 192692 (2020) Kat:3, Licht: 2","192692","3","3","5","02","17","4","0","2","1","1","0","0"
"POINT (9.739914541000076 52.382995777000076)","Unfall 192697 (2020) Kat:3, Licht: 0","192697","3","6","2","02","08","4","0","0","1","1","0","0"
"POINT (9.749063709000041 52.377798677000044)","Unfall 192708 (2020) Kat:3, Licht: 0","192708","3","3","5","02","14","2","1","0","1","1","0","0"
"POINT (9.741690492000032 52.380248697000070)","Unfall 192715 (2020) Kat:3, Licht: 0","192715","3","3","5","02","15","3","1","0","1","1","0","0"
"POINT (9.763885403000074 52.397261473000071)","Unfall 192719 (2020) Kat:3, Licht: 2","192719","3","3","5","02","19","4","0","2","1","1","0","0"
"POINT (9.792424883000024 52.430696958000055)","Unfall 192720 (2020) Kat:3, Licht: 0","192720","3","3","5","02","07","6","1","0","1","1","0","0"
"POINT (9.747147551000069 52.385467124000058)","Unfall 192722 (2020) Kat:3, Licht: 2","192722","3","6","3","02","17","4","0","2","1","0","0","0"
"POINT (9.693537982000066 52.363354767000033)","Unfall 192724 (2020) Kat:3, Licht: 0","192724","3","2","2","02","13","4","0","0","0","1","0","0"
"POINT (9.702764833000060 52.372073025000077)","Unfall 192738 (2020) Kat:3, Licht: 0","192738","3","3","5","02","08","4","1","0","1","1","0","0"
"POINT (9.731065011000055 52.370768478000059)","Unfall 192761 (2020) Kat:3, Licht: 2","192761","3","3","5","02","18","5","0","2","1","1","0","0"
"POINT (9.810503951000044 52.382848542000033)","Unfall 192764 (2020) Kat:3, Licht: 2","192764","3","6","2","02","19","2","0","2","0","1","0","0"
"POINT (9.764522439000075 52.342700089000061)","Unfall 192766 (2020) Kat:3, Licht: 0","192766","3","6","3","02","13","7","0","0","0","1","0","0"
"POINT (9.670623225000043 52.415724204000071)","Unfall 192773 (2020) Kat:3, Licht: 0","192773","3","3","5","02","14","6","1","0","1","1","0","0"
"POINT (9.669233215000077 52.351931813000078)","Unfall 192779 (2020) Kat:3, Licht: 1","192779","3","3","5","02","07","5","0","1","1","1","0","0"
"POINT (9.750427968000054 52.366058542000076)","Unfall 192783 (2020) Kat:3, Licht: 0","192783","3","7","0","02","07","3","0","0","1","0","0","0"
"POINT (9.781619658000068 52.416585059000056)","Unfall 192797 (2020) Kat:3, Licht: 2","192797","3","4","6","02","05","1","0","2","0","1","1","0"
"POINT (9.794965694000041 52.392944834000048)","Unfall 192803 (2020) Kat:3, Licht: 1","192803","3","2","5","02","07","5","0","1","1","1","0","0"
"POINT (9.761130293000065 52.363483959000064)","Unfall 192814 (2020) Kat:3, Licht: 0","192814","3","2","2","02","12","6","0","0","1","1","0","0"
"POINT (9.732299704000070 52.391655149000030)","Unfall 192823 (2020) Kat:3, Licht: 2","192823","3","3","5","02","21","3","1","2","0","1","0","0"
"POINT (9.692563607000068 52.396597708000058)","Unfall 192827 (2020) Kat:3, Licht: 2","192827","3","2","4","02","21","3","1","2","0","1","0","0"
"POINT (9.806366218000051 52.417224683000029)","Unfall 192829 (2020) Kat:3, Licht: 2","192829","3","3","5","02","07","3","1","2","1","1","0","0"
"POINT (9.768155243000024 52.378638494000029)","Unfall 192831 (2020) Kat:3, Licht: 0","192831","3","2","2","02","10","3","0","0","0","1","0","0"
"POINT (9.717808319000028 52.364480320000041)","Unfall 192837 (2020) Kat:2, Licht: 2","192837","2","4","6","02","18","3","0","2","0","1","1","0"
"POINT (9.783789993000028 52.410197150000045)","Unfall 192844 (2020) Kat:3, Licht: 0","192844","3","1","0","02","07","3","1","0","0","0","0","1"
"POINT (9.722342136000066 52.377093514000080)","Unfall 192849 (2020) Kat:3, Licht: 0","192849","3","4","6","02","09","3","1","0","1","0","1","0"
"POINT (9.689726541000027 52.364725389000057)","Unfall 192854 (2020) Kat:3, Licht: 0","192854","3","3","5","02","12","2","1","0","1","1","0","0"