WKT,Name,OBJECTID,UKATEGORIE,UTYP1,UART,UMONAT,USTUNDE,UWOCHENTAG,STRZUSTAND,ULICHTVERH,ISTRAD,ISTPKW,ISTFUSS,ISTKRAD
"POINT (9.797417221000046 52.416467995000062)","Unfall 192863 (2020) Kat:3, Licht: 2","192863","3","3","5","02","17","5","0","2","1","1","0","0"
"POINT (9.767522255000074 52.358156305000080)","Unfall 192865 (2020) Kat:3, Licht: 2","192865","3","2","5","02","18","5","0","2","1","1","0","0"
"POINT (9.732555611000066 52.376739651000037)","Unfall 192866 (2020) Kat:3, Licht: 1","192866","3","4","6","02","07","2","1","1","0","1","1","0"
"POINT (9.750907630000029 52.375524177000045)","Unfall 192890 (2020) Kat:3, Licht: 0","192890","3","3","5","02","08","6","0","0","0","1","0","0"
"POINT (9.775450034000073 52.396579247000034)","Unfall 192919 (2020) Kat:3, Licht: 0","192919","3","6","2","02","14","5","1","0","0","1","0","0"
"POINT (9.700633429000050 52.368972200000030)","Unfall 192923 (2020) Kat:3, Licht: 1","192923","3","2","5","02","18","5","0","1","0","1","0","0"
"POINT (9.726727133000054 52.388694505000046)","Unfall 192924 (2020) Kat:3, Licht: 1","192924","3","6","4","02","17","5","1","1","1","0","0","0"
"POINT (9.746135246000051 52.393226533000075)","Unfall 192937 (2020) Kat:3, Licht: 0","192937","3","2","3","02","17","4","1","0","1","1","0","0"
"POINT (9.658121949000076 52.406499188000055)","Unfall 192942 (2020) Kat:3, Licht: 0","192942","3","6","2","02","14","2","1","0","0","1","0","0"
"POINT (9.806776461000027 52.388664577000043)","Unfall 192950 (2020) Kat:3, Licht: 2","192950","3","2","6","02","19","2","1","2","0","1","1","0"
"POINT (9.759432776000040 52.361623695000048)","Unfall 192953 (2020) Kat:3, Licht: 0","192953","3","2","5","02","12","2","0","0","1","1","0","0"
"POINT (9.711836896000023 52.360664158000077)","Unfall 192955 (2020) Kat:3, Licht: 2","192955","3","3","5","02","21","4","0","2","0","1","0","0"
"POINT (9.799073118000024 52.334706461000053)","Unfall 192956 (2020) Kat:2, Licht: 2","192956","2","3","5","02","21","4","0","2","0","0","0","0"
"POINT (9.765451623000047 52.393846058000065)","Unfall 192957 (2020) Kat:3, Licht: 0","192957","3","6","2","02","13","2","1","0","0","1","0","0"
"POINT (9.746535009000070 52.392803738000055)","Unfall 192959 (2020) Kat:3, Licht: 0","192959","3","6","2","02","13","4","0","0","0","1","0","0"
"POINT (9.798732884000060 52.385322218000056)","Unfall 192960 (2020) Kat:3, Licht: 0","192960","3","3","5","02","12","4","1","0","1","1","0","0"
"POINT (9.820329027000071 52.360891377000030)","Unfall 192963 (2020) Kat:3, Licht: 2","192963","3","5","1","02","07","4","1","2","0","1","0","0"
"POINT (9.740178541000034 52.375832391000074)","Unfall 192964 (2020) Kat:3, Licht: 0","192964","3","7","0","02","08","4","1","0","1","0","0","0"
"POINT (9.754904778000025 52.360415021000051)","Unfall 192979 (2020) Kat:3, Licht: 0","192979","3","3","5","02","08","2","0","0","1","1","0","0"
"POINT (9.803288535000036 52.381018492000067)","Unfall 192985 (2020) Kat:3, Licht: 0","192985","3","3","5","02","09","3","1","0","1","1","0","0"
"POINT (9.792821734000029 52.395800915000052)","Unfall 192997 (2020) Kat:3, Licht: 2","192997","3","6","2","02","18","3","0","2","0","1","0","0"
"POINT (9.727966662000029 52.365950225000063)","Unfall 192998 (2020) Kat:3, Licht: 0","192998","3","4","6","02","17","3","0","0","0","1","1","0"
"POINT (9.779917484000066 52.399814292000030)","Unfall 193005 (2020) Kat:3, Licht: 2","193005","3","2","3","02","17","1","1","2","0","1","0","0"
"POINT (9.748673561000032 52.368136077000031)","Unfall 193008 (2020) Kat:3, Licht: 2","193008","3","7","1","02","05","1","1","2","1","0","0","0"
"POINT (9.749609208000038 52.373204649000058)","Unfall 193034 (2020) Kat:3, Licht: 0","193034","3","3","5","02","09","2","0","0","0","1","0","0"
"POINT (9.668021274000068 52.400722324000071)","Unfall 193035 (2020) Kat:3, Licht: 0","193035","3","7","0","02","14","3","0","0","0","1","0","0"
"POINT (9.799701923000043 52.336071297000046)","Unfall 193037 (2020) Kat:3, Licht: 0","193037","3","6","2","02","11","2","0","0","0","1","0","0"
"POINT (9.758108469000035 52.396339157000057)","Unfall 193038 (2020) Kat:3, Licht: 0","193038","3","4","6","02","08","2","0","0","0","0","1","0"
"POINT (9.798988513000040 52.376544320000050)","Unfall 193040 (2020) Kat:3, Licht: 0","193040","3","3","5","02","09","4","1","0","1","1","0","0"
"POINT (9.746747430000028 52.360726073000080)","Unfall 193043 (2020) Kat:3, Licht: 1","193043","3","4","6","02","17","2","0","1","1","0","1","0"
"POINT (9.737876161000031 52.373126808000052)","Unfall 193044 (2020) Kat:3, Licht: 0","193044","3","7","0","02","12","2","0","0","0","1","1","0"
"POINT (9.697264656000073 52.341640267000059)","Unfall 193045 (2020) Kat:3, Licht: 2","193045","3","3","5","02","18","7","1","2","0","1","0","0"
"POINT (9.741015350000055 52.398756375000062)","Unfall 193046 (2020) Kat:3, Licht: 0","193046","3","2","5","02","07","2","1","0","1","1","0","0"
"POINT (9.723928999000066 52.337161648000063)","Unfall 193050 (2020) Kat:3, Licht: 2","193050","3","6","2","02","18","7","1","2","0","1","0","0"
"POINT (9.739904537000029 52.366559144000064)","Unfall 193059 (2020) Kat:3, Licht: 0","193059","3","3","5","02","12","3","1","0","1","1","0","0"
"POINT (9.735434389000034 52.384493284000030)","Unfall 193062 (2020) Kat:3, Licht: 0","193062","3","3","5","02","16","7","0","0","1","1","0","0"
"POINT (9.833966550000071 52.339059890000044)","Unfall 193066 (2020) Kat:3, Licht: 2","193066","3","5","5","02","16","1","0","2","0","1","0","0"
"POINT (9.729375169000036 52.398230096000077)","Unfall 193073 (2020) Kat:3, Licht: 0","193073","3","7","0","02","13","7","0","0","0","0","0","0"
"POINT (9.762041436000061 52.366288378000036)","Unfall 193080 (2020) Kat:2, Licht: 0","193080","2","3","5","02","14","7","0","0","1","1","0","0"
"POINT (9.718012277000071 52.361940917000027)","Unfall 193084 (2020) Kat:3, Licht: 0","193084","3","7","2","02","16","7","0","0","1","0","0","0"
"POINT (9.845284385000070 52.415204652000057)","Unfall 193088 (2020) Kat:3, Licht: 0","193088","3","4","6","02","13","7","0","0","0","0","1","0"
"POINT (9.764609673000052 52.357211178000057)","Unfall 193089 (2020) Kat:2, Licht: 0","193089","2","4","6","02","15","4","1","0","1","0","1","0"
"POINT (9.728748192000069 52.394632589000082)","Unfall 193116 (2020) Kat:3, Licht: 0","193116","3","2","5","02","07","3","1","0","1","1","0","0"
"POINT (9.714879787000029 52.370847605000051)","Unfall 193122 (2020) Kat:3, Licht: 2","193122","3","3","5","02","19","6","0","2","1","1","0","0"
"POINT (9.703531102000056 52.375607074000072)","Unfall 193125 (2020) Kat:3, Licht: 2","193125","3","7","0","02","20","6","0","2","1","0","0","0"
"POINT (9.770026439000048 52.358748786000035)","Unfall 193129 (2020) Kat:3, Licht: 0","193129","3","2","5","02","15","6","0","0","1","1","0","0"
"POINT (9.737694429000044 52.412440817000061)","Unfall 193132 (2020) Kat:2, Licht: 0","193132","2","4","6","02","07","6","1","0","0","1","1","0"
"POINT (9.727151843000058 52.351358828000059)","Unfall 193134 (2020) Kat:3, Licht: 0","193134","3","3","5","02","07","6","0","0","1","1","0","0"
"POINT (9.733506524000063 52.369179029000065)","Unfall 193137 (2020) Kat:3, Licht: 2","193137","3","2","5","03","20","2","0","2","1","1","0","0"
"POINT (9.834608072000037 52.336283298000069)","Unfall 193138 (2020) Kat:3, Licht: 0","193138","3","1","0","03","14","6","1","0","0","1","0","1"
"POINT (9.663829332000034 52.374761798000065)","Unfall 193144 (2020) Kat:3, Licht: 0","193144","3","2","5","03","07","5","0","0","1","1","0","0"
"POINT (9.716920033000065 52.362136982000038)","Unfall 193151 (2020) Kat:3, Licht: 0","193151","3","4","6","03","13","6","1","0","1","0","1","0"
"POINT (9.810075249000022 52.376472247000038)","Unfall 193184 (2020) Kat:3, Licht: 0","193184","3","7","0","03","13","3","0","0","1","0","0","0"
"POINT (9.708774182000070 52.375310195000054)","Unfall 193197 (2020) Kat:3, Licht: 0","193197","3","4","6","03","16","3","0","0","0","1","1","0"
"POINT (9.819110255000055 52.399958124000079)","Unfall 193200 (2020) Kat:3, Licht: 0","193200","3","2","5","03","08","6","1","0","0","1","0","0"
"POINT (9.787069240000051 52.410147266000081)","Unfall 193203 (2020) Kat:3, Licht: 0","193203","3","3","0","03","14","6","1","0","1","1","0","0"
"POINT (9.730204303000051 52.368560365000064)","Unfall 193209 (2020) Kat:3, Licht: 0","193209","3","3","5","03","15","7","0","0","1","1","0","0"
"POINT (9.760235619000071 52.356361021000055)","Unfall 193223 (2020) Kat:3, Licht: 0","193223","3","7","0","03","15","4","0","0","1","0","0","0"
"POINT (9.757116964000034 52.396030801000052)","Unfall 193234 (2020) Kat:3, Licht: 0","193234","3","3","5","03","15","1","0","0","0","1","0","0"
"POINT (9.794437744000049 52.393346707000035)","Unfall 193243 (2020) Kat:3, Licht: 2","193243","3","6","2","03","18","6","1","2","0","1","0","0"
"POINT (9.710891247000063 52.359358628000052)","Unfall 193246 (2020) Kat:3, Licht: 2","193246","3","3","5","02","18","5","0","2","1","1","0","0"
"POINT (9.689727083000037 52.364733182000066)","Unfall 193248 (2020) Kat:3, Licht: 0","193248","3","3","0","03","16","5","0","0","1","1","0","0"
"POINT (9.738095818000033 52.381835280000075)","Unfall 193249 (2020) Kat:3, Licht: 1","193249","3","2","5","02","14","5","0","1","1","1","0","0"
"POINT (9.744384279000030 52.377295843000070)","Unfall 193252 (2020) Kat:3, Licht: 0","193252","3","4","6","03","12","3","0","0","0","1","1","0"
"POINT (9.764558256000044 52.364427576000026)","Unfall 193258 (2020) Kat:2, Licht: 0","193258","2","7","0","02","17","5","0","0","1","0","0","0"
"POINT (9.799018893000039 52.376500728000053)","Unfall 193259 (2020) Kat:3, Licht: 2","193259","3","2","4","02","21","6","1","2","0","1","0","0"
"POINT (9.695675260000030 52.408821515000056)","Unfall 193262 (2020) Kat:3, Licht: 2","193262","3","3","5","03","00","7","1","2","0","1","0","0"
"POINT (9.742015632000062 52.378520980000076)","Unfall 193270 (2020) Kat:3, Licht: 2","193270","3","7","0","02","00","6","1","2","1","0","0","0"
"POINT (9.859061396000072 52.370812000000058)","Unfall 193292 (2020) Kat:3, Licht: 0","193292","3","7","5","03","13","2","0","0","1","0","0","0"
"POINT (9.730467158000067 52.391593436000051)","Unfall 193293 (2020) Kat:3, Licht: 0","193293","3","7","6","03","16","4","1","0","0","0","1","0"
"POINT (9.760502079000048 52.338528306000057)","Unfall 193300 (2020) Kat:3, Licht: 0","193300","3","3","5","03","07","5","1","0","1","1","0","0"
"POINT (9.773020029000065 52.398024452000072)","Unfall 193304 (2020) Kat:2, Licht: 0","193304","2","4","6","03","17","3","0","0","0","0","1","0"
"POINT (9.782493458000033 52.415545177000070)","Unfall 193306 (2020) Kat:3, Licht: 2","193306","3","3","5","03","18","2","0","2","1","1","0","0"
"POINT (9.754187555000044 52.410271346000059)","Unfall 193307 (2020) Kat:3, Licht: 0","193307","3","2","5","03","12","6","1","0","0","1","0","0"
"POINT (9.821209794000026 52.345472571000073)","Unfall 193310 (2020) Kat:3, Licht: 0","193310","3","3","5","03","13","6","1","0","0","1","0","0"
"POINT (9.764595456000052 52.360129927000060)","Unfall 193355 (2020) Kat:3, Licht: 0","193355","3","4","6","03","16","3","0","0","0","1","1","0"
"POINT (9.735011136000026 52.380310060000056)","Unfall 193364 (2020) Kat:3, Licht: 2","193364","3","3","5","03","21","7","0","2","0","1","0","0"
"POINT (9.748834265000028 52.396801482000058)","Unfall 193368 (2020) Kat:3, Licht: 0","193368","3","6","0","03","10","2","0","0","1","0","0","0"
"POINT (9.732387156000073 52.362088271000061)","Unfall 193372 (2020) Kat:2, Licht: 2","193372","2","4","6","02","23","6","1","2","0","1","1","0"
"POINT (9.752804330000060 52.394769821000068)","Unfall 193378 (2020) Kat:3, Licht: 2","193378","3","3","5","03","18","4","1","2","1","1","0","0"
"POINT (9.708060638000063 52.359856673000081)","Unfall 193388 (2020) Kat:3, Licht: 2","193388","3","2","5","03","18","3","0","2","1","1","0","0"
"POINT (9.856889524000053 52.363907287000075)","Unfall 193389 (2020) Kat:3, Licht: 0","193389","3","2","0","03","12","3","0","0","1","0","1","0"
"POINT (9.754770764000057 52.374928771000043)","Unfall 193391 (2020) Kat:3, Licht: 0","193391","3","3","5","03","13","3","0","0","0","1","0","0"
"POINT (9.754910389000031 52.360407859000077)","Unfall 193393 (2020) Kat:3, Licht: 0","193393","3","3","5","03","09","3","0","0","1","0","0","0"
"POINT (9.750530061000063 52.375292801000057)","Unfall 193415 (2020) Kat:3, Licht: 0","193415","3","6","2","03","13","3","1","0","0","1","0","0"
"POINT (9.671391963000076 52.398998343000073)","Unfall 193426 (2020) Kat:3, Licht: 0","193426","3","3","5","03","07","2","0","0","1","1","0","0"
"POINT (9.723267373000056 52.394849128000033)","Unfall 193428 (2020) Kat:3, Licht: 0","193428","3","4","6","03","18","2","0","0","1","0","1","0"
"POINT (9.735874532000025 52.383938754000042)","Unfall 193429 (2020) Kat:3, Licht: 0","193429","3","3","5","03","16","2","0","0","1","1","0","0"
"POINT (9.756507123000063 52.390721443000075)","Unfall 193430 (2020) Kat:3, Licht: 0","193430","3","6","2","03","15","2","0","0","0","1","0","0"
"POINT (9.795776012000033 52.375448081000059)","Unfall 193439 (2020) Kat:3, Licht: 0","193439","3","2","5","03","12","3","0","0","1","0","0","0"
"POINT (9.667407367000067 52.373136836000072)","Unfall 193441 (2020) Kat:3, Licht: 0","193441","3","2","5","03","13","3","1","0","1","1","0","0"
"POINT (9.793873472000030 52.393392878000043)","Unfall 193444 (2020) Kat:3, Licht: 0","193444","3","1","0","03","12","3","1","0","1","0","0","0"
"POINT (9.762784382000064 52.412563760000069)","Unfall 193451 (2020) Kat:3, Licht: 0","193451","3","4","0","03","12","1","0","0","0","1","1","0"
"POINT (9.775086743000031 52.401809766000042)","Unfall 193455 (2020) Kat:3, Licht: 0","193455","3","3","5","03","14","1","0","0","0","1","0","0"
"POINT (9.664778122000030 52.381622850000042)","Unfall 193468 (2020) Kat:3, Licht: 0","193468","3","7","5","03","13","7","0","0","0","1","0","0"
"POINT (9.729431153000064 52.374628625000071)","Unfall 193471 (2020) Kat:3, Licht: 0","193471","3","3","5","03","13","7","0","0","1","1","0","0"
"POINT (9.668430738000041 52.373543635000033)","Unfall 193489 (2020) Kat:3, Licht: 0","193489","3","2","6","03","11","5","0","0","0","1","1","0"
"POINT (9.703270569000040 52.369458701000042)","Unfall 193498 (2020) Kat:3, Licht: 0","193498","3","6","2","03","11","4","0","0","0","1","0","1"
"POINT (9.828340745000048 52.399606823000056)","Unfall 193508 (2020) Kat:3, Licht: 0","193508","3","6","2","03","13","6","1","0","0","1","0","0"
"POINT (9.781114849000062 52.410211383000046)","Unfall 193510 (2020) Kat:3, Licht: 0","193510","3","6","2","03","14","6","1","0","0","1","0","0"
"POINT (9.739938350000045 52.370724260000031)","Unfall 193512 (2020) Kat:3, Licht: 0","193512","3","3","5","03","15","6","1","0","1","1","0","0"
"POINT (9.781525941000041 52.419741591000047)","Unfall 193518 (2020) Kat:3, Licht: 0","193518","3","6","2","03","11","6","1","0","0","1","0","0"
"POINT (9.813892794000026 52.398850183000036)","Unfall 193530 (2020) Kat:3, Licht: 2","193530","3","2","6","03","22","4","0","2","0","0","1","0"
"POINT (9.707109036000077 52.389556435000031)","Unfall 193539 (2020) Kat:2, Licht: 0","193539","2","4","6","03","11","5","0","0","0","1","1","0"
"POINT (9.614407607000032 52.419413606000035)","Unfall 193548 (2020) Kat:3, Licht: 0","193548","3","7","0","03","16","4","0","0","0","1","0","0"
"POINT (9.728214361000028 52.374114252000027)","Unfall 193565 (2020) Kat:3, Licht: 0","193565","3","6","2","03","13","2","0","0","0","1","0","0"
"POINT (9.669730763000075 52.355219522000027)","Unfall 193570 (2020) Kat:3, Licht: 2","193570","3","2","2","03","20","2","1","2","0","1","0","0"
"POINT (9.693135348000055 52.365866239000070)","Unfall 193571 (2020) Kat:3, Licht: 2","193571","3","6","2","03","20","2","1","2","0","1","0","0"
"POINT (9.735997877000045 52.383869998000080)","Unfall 193574 (2020) Kat:2, Licht: 0","193574","2","7","5","03","13","4","0","0","1","1","0","0"
"POINT (9.684011320000025 52.375566829000036)","Unfall 193588 (2020) Kat:2, Licht: 0","193588","2","7","0","03","15","2","1","0","0","0","0","0"
"POINT (9.779762356000049 52.410216770000034)","Unfall 193595 (2020) Kat:3, Licht: 0","193595","3","7","2","03","15","2","0","0","0","1","0","0"
"POINT (9.694068128000026 52.352744455000050)","Unfall 193612 (2020) Kat:3, Licht: 2","193612","3","6","2","03","20","4","0","2","0","1","0","0"
"POINT (9.722545306000029 52.417351637000081)","Unfall 193614 (2020) Kat:3, Licht: 0","193614","3","5","2","03","07","4","0","0","0","0","0","1"
"POINT (9.755222751000076 52.374149623000051)","Unfall 193615 (2020) Kat:3, Licht: 0","193615","3","3","5","03","15","4","0","0","1","1","0","0"
"POINT (9.733087374000036 52.381851784000048)","Unfall 193616 (2020) Kat:3, Licht: 2","193616","3","7","0","03","22","4","0","2","1","0","0","0"
"POINT (9.740398605000053 52.370823628000039)","Unfall 193617 (2020) Kat:3, Licht: 1","193617","3","3","5","03","18","4","1","1","1","1","0","0"
"POINT (9.754316723000045 52.368366168000080)","Unfall 193628 (2020) Kat:3, Licht: 2","193628","3","2","2","03","20","1","0","2","0","1","0","0"
"POINT (9.788545752000061 52.372642219000056)","Unfall 193630 (2020) Kat:3, Licht: 0","193630","3","5","1","03","10","4","0","0","0","1","0","1"
"POINT (9.756811543000026 52.360081960000059)","Unfall 193658 (2020) Kat:3, Licht: 0","193658","3","3","5","03","13","4","0","0","1","0","0","0"
"POINT (9.740997930000049 52.360618896000062)","Unfall 193661 (2020) Kat:3, Licht: 0","193661","3","6","2","04","13","5","0","0","0","1","0","0"
"POINT (9.677736302000028 52.369586016000028)","Unfall 193662 (2020) Kat:3, Licht: 0","193662","3","1","0","03","14","7","0","0","1","0","0","0"
"POINT (9.711452726000061 52.375219351000055)","Unfall 193668 (2020) Kat:3, Licht: 0","193668","3","3","6","03","11","4","0","0","1","0","1","0"
"POINT (9.751613135000071 52.421042639000063)","Unfall 193676 (2020) Kat:3, Licht: 0","193676","3","2","5","04","12","5","0","0","0","1","0","0"
"POINT (9.826662708000072 52.343074218000027)","Unfall 193696 (2020) Kat:3, Licht: 0","193696","3","5","1","04","13","3","0","0","1","1","0","0"
"POINT (9.781594839000036 52.415609304000043)","Unfall 193711 (2020) Kat:3, Licht: 0","193711","3","2","5","03","19","3","0","0","0","1","0","0"
"POINT (9.822288649000029 52.386011382000049)","Unfall 193713 (2020) Kat:3, Licht: 0","193713","3","5","0","04","17","5","0","0","1","0","0","0"
"POINT (9.689727206000043 52.364734958000042)","Unfall 193732 (2020) Kat:3, Licht: 0","193732","3","6","2","04","14","6","0","0","0","1","0","0"
"POINT (9.677986433000058 52.395598854000070)","Unfall 193742 (2020) Kat:3, Licht: 1","193742","3","7","0","03","18","2","0","1","0","1","0","0"
"POINT (9.755209640000032 52.391260098000032)","Unfall 193753 (2020) Kat:3, Licht: 0","193753","3","3","5","03","11","2","0","0","1","1","0","0"
"POINT (9.720633119000070 52.346586616000081)","Unfall 193770 (2020) Kat:3, Licht: 0","193770","3","7","6","04","12","5","0","0","1","0","1","0"
"POINT (9.814546262000022 52.364500683000074)","Unfall 193776 (2020) Kat:3, Licht: 0","193776","3","3","5","04","09","5","0","0","1","1","0","0"
"POINT (9.826842220000060 52.329956102000040)","Unfall 193785 (2020) Kat:3, Licht: 0","193785","3","1","0","04","18","4","0","0","1","0","0","0"
"POINT (9.750578395000048 52.375571387000036)","Unfall 193802 (2020) Kat:3, Licht: 0","193802","3","6","2","04","19","6","0","0","0","1","0","0"
"POINT (9.714683975000071 52.365408080000066)","Unfall 193803 (2020) Kat:2, Licht: 2","193803","2","1","1","03","23","2","0","2","1","1","0","0"
"POINT (9.807803333000038 52.349513740000077)","Unfall 193811 (2020) Kat:3, Licht: 0","193811","3","6","2","03","11","6","0","0","0","1","0","0"
"POINT (9.754439052000066 52.389488277000055)","Unfall 193851 (2020) Kat:3, Licht: 0","193851","3","2","5","04","13","1","0","0","1","1","0","0"
"POINT (9.691934302000050 52.396611301000064)","Unfall 193866 (2020) Kat:3, Licht: 0","193866","3","3","5","03","18","1","0","0","0","1","0","0"
"POINT (9.723138423000023 52.387185357000078)","Unfall 193872 (2020) Kat:3, Licht: 0","193872","3","1","0","03","07","3","2","0","1","0","0","0"
"POINT (9.714393364000046 52.409200152000039)","Unfall 193881 (2020) Kat:3, Licht: 0","193881","3","1","8","03","14","6","0","0","1","0","0","0"
"POINT (9.753408224000054 52.382282432000068)","Unfall 193889 (2020) Kat:3, Licht: 1","193889","3","6","4","04","21","5","0","1","1","0","0","0"
"POINT (9.761726910000050 52.342258518000051)","Unfall 193891 (2020) Kat:3, Licht: 0","193891","3","3","5","04","08","2","0","0","1","1","0","0"
"POINT (9.689324993000071 52.407521262000046)","Unfall 193903 (2020) Kat:3, Licht: 0","193903","3","7","0","04","07","3","0","0","1","0","0","0"
"POINT (9.807187745000022 52.378622685000039)","Unfall 193906 (2020) Kat:3, Licht: 1","193906","3","1","0","04","05","6","0","1","1","0","0","0"
"POINT (9.754316723000045 52.368366168000080)","Unfall 193909 (2020) Kat:3, Licht: 0","193909","3","2","3","04","12","3","0","0","1","0","0","0"
"POINT (9.700817960000052 52.344783947000053)","Unfall 193910 (2020) Kat:3, Licht: 0","193910","3","6","4","04","11","4","0","0","1","1","0","0"
"POINT (9.767636256000060 52.396542047000082)","Unfall 193911 (2020) Kat:3, Licht: 0","193911","3","7","0","04","09","3","0","0","1","0","0","0"
"POINT (9.765207292000071 52.395881912000050)","Unfall 193912 (2020) Kat:3, Licht: 2","193912","3","1","0","04","00","3","0","2","1","0","0","0"
"POINT (9.848637588000031 52.394097729000066)","Unfall 193913 (2020) Kat:3, Licht: 0","193913","3","3","5","04","15","4","0","0","1","1","0","0"
"POINT (9.701190025000074 52.333845557000075)","Unfall 193917 (2020) Kat:3, Licht: 0","193917","3","2","5","04","12","4","0","0","0","1","0","1"
"POINT (9.736713541000029 52.371250428000053)","Unfall 193920 (2020) Kat:3, Licht: 1","193920","3","1","0","04","20","3","0","1","1","0","0","0"
"POINT (9.731607587000042 52.353858750000029)","Unfall 193921 (2020) Kat:3, Licht: 2","193921","3","1","9","04","00","3","0","2","0","1","0","0"
"POINT (9.735921449000045 52.378851482000073)","Unfall 193942 (2020) Kat:3, Licht: 0","193942","3","1","0","04","10","3","0","0","1","0","0","0"
"POINT (9.689725958000054 52.364717003000067)","Unfall 193943 (2020) Kat:3, Licht: 1","193943","3","3","5","04","20","2","0","1","1","1","0","0"
"POINT (9.726791496000033 52.352015770000037)","Unfall 193947 (2020) Kat:2, Licht: 0","193947","2","4","6","04","15","3","0","0","1","0","1","0"
"POINT (9.736827081000058 52.376807331000066)","Unfall 193948 (2020) Kat:2, Licht: 0","193948","2","2","5","04","11","3","0","0","0","1","0","1"
"POINT (9.756377538000038 52.413997018000032)","Unfall 193960 (2020) Kat:2, Licht: 1","193960","2","3","5","04","20","2","0","1","1","1","0","0"
"POINT (9.836491290000026 52.384836628000073)","Unfall 193982 (2020) Kat:3, Licht: 0","193982","3","7","0","04","08","2","0","0","1","0","0","0"
"POINT (9.704934925000032 52.374328869000067)","Unfall 194004 (2020) Kat:3, Licht: 0","194004","3","1","0","04","20","1","0","0","1","0","0","0"
"POINT (9.786969737000050 52.334387930000048)","Unfall 194011 (2020) Kat:3, Licht: 0","194011","3","3","0","04","12","6","0","0","0","1","0","1"
"POINT (9.711481215000049 52.361553969000056)","Unfall 194024 (2020) Kat:3, Licht: 0","194024","3","7","1","04","19","1","0","0","1","1","0","0"
"POINT (9.714299094000069 52.369104514000071)","Unfall 194026 (2020) Kat:3, Licht: 0","194026","3","7","0","04","18","1","0","0","0","1","0","1"
"POINT (9.868837047000056 52.353740170000037)","Unfall 194027 (2020) Kat:3, Licht: 0","194027","3","6","4","04","17","1","0","0","1","0","0","0"
"POINT (9.790417870000056 52.377677086000062)","Unfall 194031 (2020) Kat:3, Licht: 2","194031","3","6","4","04","22","1","0","2","1","1","0","0"
"POINT (9.733681278000063 52.379808977000039)","Unfall 194054 (2020) Kat:3, Licht: 0","194054","3","3","5","04","17","6","0","0","1","1","0","0"
"POINT (9.717302356000062 52.376415287000043)","Unfall 194055 (2020) Kat:3, Licht: 0","194055","3","7","3","04","16","5","0","0","1","1","0","0"
"POINT (9.751879905000067 52.372962612000038)","Unfall 194058 (2020) Kat:3, Licht: 0","194058","3","3","5","04","08","5","0","0","1","1","0","0"
"POINT (9.672058770000035 52.354771046000053)","Unfall 194060 (2020) Kat:3, Licht: 0","194060","3","7","0","04","12","7","0","0","1","0","0","0"
"POINT (9.821256540000036 52.347972405000064)","Unfall 194062 (2020) Kat:3, Licht: 2","194062","3","1","0","04","03","7","0","2","1","0","0","0"
"POINT (9.729104097000061 52.393691458000035)","Unfall 194073 (2020) Kat:3, Licht: 0","194073","3","6","4","04","14","5","1","0","1","0","0","0"
"POINT (9.728480343000058 52.378140595000048)","Unfall 194083 (2020) Kat:3, Licht: 0","194083","3","3","5","04","15","6","0","0","1","1","0","0"
"POINT (9.712909903000025 52.371567046000052)","Unfall 194095 (2020) Kat:3, Licht: 0","194095","3","1","0","04","17","7","0","0","1","0","0","0"
"POINT (9.728645648000054 52.379366906000030)","Unfall 194099 (2020) Kat:3, Licht: 0","194099","3","5","1","04","13","5","0","0","0","0","0","1"
"POINT (9.707715021000070 52.374199770000075)","Unfall 194102 (2020) Kat:3, Licht: 0","194102","3","3","5","04","12","7","0","0","1","1","0","0"
"POINT (9.760235619000071 52.356361021000055)","Unfall 194106 (2020) Kat:3, Licht: 0","194106","3","3","5","04","11","5","0","0","0","1","0","0"
"POINT (9.797020478000036 52.373670152000045)","Unfall 194122 (2020) Kat:3, Licht: 0","194122","3","3","5","04","08","7","0","0","1","1","0","0"
"POINT (9.812875146000067 52.380071874000066)","Unfall 194152 (2020) Kat:3, Licht: 1","194152","3","3","5","04","06","4","0","1","1","1","0","0"
"POINT (9.755042265000043 52.367233543000054)","Unfall 194153 (2020) Kat:3, Licht: 0","194153","3","6","2","04","12","4","0","0","0","1","0","0"
"POINT (9.771469259000071 52.417456572000049)","Unfall 194155 (2020) Kat:3, Licht: 0","194155","3","7","8","04","11","4","0","0","0","1","0","0"
"POINT (9.744212195000046 52.395071409000082)","Unfall 194157 (2020) Kat:3, Licht: 0","194157","3","3","5","04","16","6","0","0","1","1","0","0"
"POINT (9.717449700000032 52.381615435000072)","Unfall 194158 (2020) Kat:2, Licht: 0","194158","2","3","5","04","19","5","0","0","1","1","0","0"
"POINT (9.755616508000060 52.360908495000047)","Unfall 194172 (2020) Kat:3, Licht: 0","194172","3","7","0","05","15","6","1","0","1","0","0","0"
"POINT (9.738299153000071 52.384865668000032)","Unfall 194194 (2020) Kat:3, Licht: 0","194194","3","3","5","05","10","4","0","0","1","1","0","0"
"POINT (9.682533836000062 52.414385266000068)","Unfall 194196 (2020) Kat:3, Licht: 0","194196","3","2","2","04","11","5","1","0","0","1","0","0"