WKT,Name,OBJECTID,UKATEGORIE,UTYP1,UART,UMONAT,USTUNDE,UWOCHENTAG,STRZUSTAND,ULICHTVERH,ISTRAD,ISTPKW,ISTFUSS,ISTKRAD
"POINT (9.790455148000035 52.377720442000054)","Unfall 194197 (2020) Kat:3, Licht: 0","194197","3","2","3","04","16","5","0","0","1","1","0","0"
"POINT (9.701483614000040 52.376094035000051)","Unfall 194209 (2020) Kat:3, Licht: 0","194209","3","3","5","05","13","2","0","0","1","1","0","0"
"POINT (9.748116387000039 52.395908183000074)","Unfall 194210 (2020) Kat:3, Licht: 2","194210","3","1","0","05","20","6","0","2","1","0","0","0"
"POINT (9.725189690000036 52.387619291000078)","Unfall 194211 (2020) Kat:3, Licht: 2","194211","3","3","5","04","22","5","1","2","1","1","0","0"
"POINT (9.781111525000029 52.346758730000033)","Unfall 194215 (2020) Kat:3, Licht: 0","194215","3","1","0","04","17","2","0","0","1","0","0","0"
"POINT (9.739648369000065 52.381212386000072)","Unfall 194216 (2020) Kat:3, Licht: 0","194216","3","3","5","04","07","5","1","0","1","1","0","0"
"POINT (9.690199655000072 52.364846934000070)","Unfall 194220 (2020) Kat:3, Licht: 0","194220","3","3","0","05","10","2","1","0","0","0","0","1"
"POINT (9.756049640000072 52.365706076000038)","Unfall 194247 (2020) Kat:3, Licht: 2","194247","3","3","5","05","21","4","0","2","0","1","0","1"
"POINT (9.662014799000076 52.408511999000041)","Unfall 194248 (2020) Kat:3, Licht: 0","194248","3","1","9","04","20","1","0","0","0","1","0","0"
"POINT (9.783820198000058 52.360442052000053)","Unfall 194267 (2020) Kat:3, Licht: 0","194267","3","6","4","04","16","2","0","0","1","0","0","0"
"POINT (9.711528549000036 52.421732018000057)","Unfall 194271 (2020) Kat:3, Licht: 0","194271","3","2","2","04","16","7","0","0","0","1","0","0"
"POINT (9.751867049000055 52.378219660000070)","Unfall 194277 (2020) Kat:3, Licht: 0","194277","3","6","3","05","16","2","0","0","1","1","0","0"
"POINT (9.824071445000072 52.402596957000071)","Unfall 194278 (2020) Kat:3, Licht: 0","194278","3","3","5","05","19","6","0","0","1","1","0","0"
"POINT (9.728382466000028 52.358843113000034)","Unfall 194293 (2020) Kat:3, Licht: 0","194293","3","1","0","04","19","4","0","0","1","0","0","0"
"POINT (9.669692141000041 52.355272466000031)","Unfall 194297 (2020) Kat:3, Licht: 0","194297","3","3","5","05","13","3","0","0","1","1","0","0"
"POINT (9.804452496000067 52.357926596000027)","Unfall 194300 (2020) Kat:2, Licht: 0","194300","2","4","6","05","17","1","0","0","1","0","1","0"
"POINT (9.790286755000068 52.408338998000033)","Unfall 194304 (2020) Kat:3, Licht: 0","194304","3","6","2","05","11","4","0","0","0","1","0","0"
"POINT (9.733719548000067 52.399693152000054)","Unfall 194310 (2020) Kat:2, Licht: 0","194310","2","3","5","04","13","7","0","0","1","1","0","0"
"POINT (9.788161903000059 52.401959182000041)","Unfall 194316 (2020) Kat:3, Licht: 0","194316","3","6","2","04","10","7","0","0","0","1","0","0"
"POINT (9.724761641000043 52.357514377000030)","Unfall 194319 (2020) Kat:3, Licht: 0","194319","3","6","4","05","11","6","0","0","0","1","0","0"
"POINT (9.820558016000064 52.322982476000050)","Unfall 194324 (2020) Kat:3, Licht: 0","194324","3","2","0","05","15","5","0","0","1","1","0","0"
"POINT (9.748828345000050 52.373440487000039)","Unfall 194326 (2020) Kat:3, Licht: 0","194326","3","2","0","04","13","2","0","0","1","0","0","0"
"POINT (9.797066105000056 52.408490271000062)","Unfall 194332 (2020) Kat:3, Licht: 0","194332","3","7","6","05","15","6","0","0","0","1","1","0"
"POINT (9.763470511000037 52.368830923000075)","Unfall 194352 (2020) Kat:3, Licht: 0","194352","3","2","3","05","13","3","0","0","1","1","0","0"
"POINT (9.781332448000057 52.361196209000070)","Unfall 194359 (2020) Kat:3, Licht: 0","194359","3","6","2","05","10","4","0","0","0","1","0","0"
"POINT (9.786513569000022 52.397876374000077)","Unfall 194371 (2020) Kat:3, Licht: 1","194371","3","5","0","05","20","2","0","1","0","1","0","0"
"POINT (9.766096250000032 52.353381144000082)","Unfall 194383 (2020) Kat:3, Licht: 0","194383","3","1","0","05","06","2","1","0","1","0","0","0"
"POINT (9.787464448000037 52.374230012000055)","Unfall 194384 (2020) Kat:2, Licht: 0","194384","2","2","5","05","18","6","0","0","1","1","0","0"
"POINT (9.698337069000047 52.335720449000064)","Unfall 194387 (2020) Kat:2, Licht: 0","194387","2","2","5","05","12","6","0","0","0","1","0","0"
"POINT (9.739875676000054 52.362151753000035)","Unfall 194393 (2020) Kat:3, Licht: 1","194393","3","7","0","04","19","3","0","1","0","1","0","0"
"POINT (9.727898601000049 52.400223670000059)","Unfall 194398 (2020) Kat:3, Licht: 0","194398","3","3","5","04","17","3","0","0","1","1","0","0"
"POINT (9.738090909000050 52.381838985000059)","Unfall 194402 (2020) Kat:3, Licht: 0","194402","3","2","5","05","12","3","0","0","1","1","0","0"
"POINT (9.742012624000040 52.397783342000082)","Unfall 194405 (2020) Kat:2, Licht: 0","194405","2","1","0","04","09","3","0","0","1","0","0","0"
"POINT (9.725592017000054 52.397847173000059)","Unfall 194408 (2020) Kat:3, Licht: 0","194408","3","2","5","05","15","1","0","0","0","1","0","1"
"POINT (9.693413481000050 52.392495954000026)","Unfall 194411 (2020) Kat:3, Licht: 0","194411","3","1","0","05","17","4","0","0","1","0","0","0"
"POINT (9.724354919000064 52.385547125000073)","Unfall 194412 (2020) Kat:3, Licht: 0","194412","3","6","2","04","16","1","0","0","1","0","0","0"
"POINT (9.680728676000058 52.416145086000029)","Unfall 194426 (2020) Kat:3, Licht: 0","194426","3","3","5","05","11","7","1","0","1","1","0","0"
"POINT (9.840772938000043 52.420887705000041)","Unfall 194433 (2020) Kat:3, Licht: 0","194433","3","3","5","05","18","4","0","0","1","1","0","0"
"POINT (9.720394069000065 52.363342011000043)","Unfall 194436 (2020) Kat:3, Licht: 0","194436","3","7","0","05","09","4","0","0","1","0","0","0"
"POINT (9.677109359000042 52.396051531000069)","Unfall 194437 (2020) Kat:3, Licht: 1","194437","3","1","0","05","21","5","0","1","1","0","0","0"
"POINT (9.757552649000047 52.378480395000054)","Unfall 194451 (2020) Kat:3, Licht: 0","194451","3","3","5","05","08","3","0","0","1","0","0","0"
"POINT (9.660032972000067 52.406615972000054)","Unfall 194456 (2020) Kat:3, Licht: 2","194456","3","3","5","05","22","4","0","2","0","1","0","0"
"POINT (9.712100667000073 52.342189328000075)","Unfall 194468 (2020) Kat:3, Licht: 0","194468","3","2","2","05","14","2","0","0","0","1","0","0"
"POINT (9.668324460000065 52.400547852000045)","Unfall 194470 (2020) Kat:2, Licht: 1","194470","2","6","6","05","21","1","0","1","1","0","1","0"
"POINT (9.709887126000069 52.372619428000064)","Unfall 194474 (2020) Kat:3, Licht: 0","194474","3","6","3","05","11","2","0","0","1","1","0","0"
"POINT (9.748819032000029 52.396804826000050)","Unfall 194482 (2020) Kat:3, Licht: 0","194482","3","2","4","05","18","7","0","0","1","1","0","0"
"POINT (9.678322103000028 52.365710289000049)","Unfall 194486 (2020) Kat:3, Licht: 0","194486","3","2","4","05","16","3","0","0","0","1","0","0"
"POINT (9.724199352000028 52.397701896000058)","Unfall 194487 (2020) Kat:3, Licht: 0","194487","3","4","6","05","12","4","0","0","0","1","1","0"
"POINT (9.767638256000055 52.411334980000049)","Unfall 194494 (2020) Kat:3, Licht: 2","194494","3","7","0","05","22","3","0","2","1","0","0","0"
"POINT (9.716977884000073 52.335558620000029)","Unfall 194497 (2020) Kat:3, Licht: 0","194497","3","7","0","05","09","5","0","0","1","0","0","0"
"POINT (9.747191108000038 52.353170806000037)","Unfall 194500 (2020) Kat:3, Licht: 2","194500","3","1","0","05","21","5","0","2","1","0","0","0"
"POINT (9.721199562000038 52.360749943000030)","Unfall 194518 (2020) Kat:3, Licht: 0","194518","3","7","1","05","15","1","0","0","1","0","0","0"
"POINT (9.763456136000059 52.400702559000081)","Unfall 194524 (2020) Kat:3, Licht: 0","194524","3","2","5","05","13","3","0","0","1","0","0","0"
"POINT (9.690867864000040 52.364902050000069)","Unfall 194525 (2020) Kat:3, Licht: 0","194525","3","6","4","05","14","4","0","0","1","1","0","0"
"POINT (9.714345965000064 52.409000560000038)","Unfall 194527 (2020) Kat:3, Licht: 0","194527","3","3","5","05","19","4","0","0","0","1","0","0"
"POINT (9.750556574000029 52.388558559000046)","Unfall 194528 (2020) Kat:3, Licht: 2","194528","3","1","0","05","21","1","0","2","1","0","0","0"
"POINT (9.718593913000063 52.373781163000046)","Unfall 194529 (2020) Kat:3, Licht: 0","194529","3","2","5","05","17","3","0","0","1","0","0","0"
"POINT (9.797747727000058 52.420423803000062)","Unfall 194534 (2020) Kat:3, Licht: 0","194534","3","3","5","05","12","4","0","0","1","1","0","0"
"POINT (9.815265440000076 52.360804253000026)","Unfall 194535 (2020) Kat:3, Licht: 0","194535","3","7","1","05","16","7","0","0","0","1","1","0"
"POINT (9.737404004000041 52.372063002000061)","Unfall 194539 (2020) Kat:3, Licht: 0","194539","3","7","6","05","17","3","0","0","0","1","1","0"
"POINT (9.773343531000023 52.350849559000039)","Unfall 194540 (2020) Kat:3, Licht: 0","194540","3","7","0","05","15","5","0","0","1","0","0","0"
"POINT (9.801780980000046 52.420167747000050)","Unfall 194542 (2020) Kat:3, Licht: 0","194542","3","4","6","05","13","4","0","0","0","1","1","0"
"POINT (9.753284753000060 52.382880562000082)","Unfall 194543 (2020) Kat:2, Licht: 1","194543","2","3","0","05","20","5","0","1","1","0","0","0"
"POINT (9.836761947000070 52.420865988000060)","Unfall 194544 (2020) Kat:3, Licht: 0","194544","3","6","2","05","14","2","0","0","0","1","0","0"
"POINT (9.760700741000051 52.332567526000048)","Unfall 194562 (2020) Kat:3, Licht: 0","194562","3","3","5","05","14","3","0","0","1","1","0","0"
"POINT (9.668173782000054 52.415396000000044)","Unfall 194566 (2020) Kat:3, Licht: 0","194566","3","3","5","05","12","4","0","0","1","1","0","0"
"POINT (9.816509451000059 52.356866439000044)","Unfall 194575 (2020) Kat:3, Licht: 0","194575","3","1","0","05","06","1","0","0","1","0","0","0"
"POINT (9.764330852000057 52.338704925000059)","Unfall 194580 (2020) Kat:3, Licht: 0","194580","3","5","1","05","18","1","0","0","1","1","0","0"
"POINT (9.752333911000051 52.377693099000055)","Unfall 194583 (2020) Kat:3, Licht: 0","194583","3","7","4","05","08","4","0","0","1","1","0","0"
"POINT (9.741626415000042 52.383847986000035)","Unfall 194591 (2020) Kat:3, Licht: 0","194591","3","7","0","05","10","7","0","0","0","1","0","0"
"POINT (9.778454670000031 52.332726443000070)","Unfall 194592 (2020) Kat:3, Licht: 0","194592","3","5","1","05","18","5","0","0","0","1","0","0"
"POINT (9.742908259000046 52.384410972000069)","Unfall 194595 (2020) Kat:3, Licht: 0","194595","3","2","0","05","10","4","0","0","1","0","0","0"
"POINT (9.745040289000031 52.368457704000036)","Unfall 194598 (2020) Kat:3, Licht: 0","194598","3","7","6","05","12","4","0","0","0","1","1","0"
"POINT (9.723059274000036 52.375995956000054)","Unfall 194599 (2020) Kat:3, Licht: 1","194599","3","7","0","05","20","5","0","1","1","0","0","0"
"POINT (9.664000825000073 52.356307229000038)","Unfall 194606 (2020) Kat:3, Licht: 0","194606","3","4","6","05","11","7","0","0","0","1","1","0"
"POINT (9.756076509000025 52.354930020000040)","Unfall 194610 (2020) Kat:3, Licht: 0","194610","3","6","6","05","19","7","0","0","1","0","1","0"
"POINT (9.783374848000051 52.398402395000062)","Unfall 194614 (2020) Kat:3, Licht: 0","194614","3","6","2","05","14","7","0","0","0","1","0","0"
"POINT (9.712096235000047 52.378933472000028)","Unfall 194622 (2020) Kat:3, Licht: 1","194622","3","6","3","05","21","4","0","1","1","0","0","0"
"POINT (9.753546508000056 52.353430090000074)","Unfall 194626 (2020) Kat:3, Licht: 1","194626","3","7","0","05","20","7","0","1","1","0","0","0"
"POINT (9.729151452000053 52.398291795000034)","Unfall 194632 (2020) Kat:2, Licht: 0","194632","2","3","5","05","17","1","0","0","0","1","0","1"
"POINT (9.715434198000025 52.400407868000059)","Unfall 194641 (2020) Kat:3, Licht: 0","194641","3","3","4","05","13","2","0","0","1","1","0","0"
"POINT (9.734963527000048 52.380284470000049)","Unfall 194647 (2020) Kat:3, Licht: 0","194647","3","2","4","05","16","7","0","0","0","1","0","0"
"POINT (9.796720722000032 52.374272139000027)","Unfall 194652 (2020) Kat:3, Licht: 1","194652","3","7","0","05","21","5","0","1","1","0","0","0"
"POINT (9.716874430000075 52.335163129000080)","Unfall 194672 (2020) Kat:3, Licht: 0","194672","3","6","2","05","15","3","0","0","0","1","0","0"
"POINT (9.740442072000064 52.383285783000076)","Unfall 194683 (2020) Kat:3, Licht: 0","194683","3","3","5","05","13","1","0","0","0","1","0","0"
"POINT (9.776509200000021 52.400407389000065)","Unfall 194689 (2020) Kat:3, Licht: 0","194689","3","3","5","05","16","4","0","0","0","1","0","0"
"POINT (9.722041176000062 52.382386876000055)","Unfall 194698 (2020) Kat:3, Licht: 0","194698","3","4","6","05","19","7","0","0","0","1","1","0"
"POINT (9.787029300000029 52.373195146000057)","Unfall 194699 (2020) Kat:3, Licht: 0","194699","3","3","0","05","13","5","0","0","1","1","0","0"
"POINT (9.765411009000047 52.355793020000078)","Unfall 194704 (2020) Kat:3, Licht: 0","194704","3","2","3","05","11","7","0","0","1","0","0","0"
"POINT (9.760235619000071 52.356361021000055)","Unfall 194712 (2020) Kat:3, Licht: 2","194712","3","3","5","05","22","1","1","2","0","1","0","0"
"POINT (9.855797530000075 52.394577137000056)","Unfall 194715 (2020) Kat:3, Licht: 0","194715","3","1","0","05","18","1","1","0","0","0","0","1"
"POINT (9.667387028000064 52.373128826000027)","Unfall 194724 (2020) Kat:3, Licht: 0","194724","3","3","5","05","11","1","0","0","1","1","0","0"
"POINT (9.827027137000073 52.353386590000071)","Unfall 194738 (2020) Kat:3, Licht: 0","194738","3","3","5","05","09","6","0","0","0","1","0","0"
"POINT (9.745827026000029 52.354771943000060)","Unfall 194739 (2020) Kat:3, Licht: 0","194739","3","5","1","05","16","6","0","0","0","1","0","0"
"POINT (9.772298185000068 52.366018056000030)","Unfall 194742 (2020) Kat:3, Licht: 0","194742","3","3","5","05","15","6","0","0","1","1","0","0"
"POINT (9.773598408000055 52.335477816000036)","Unfall 194743 (2020) Kat:3, Licht: 0","194743","3","3","5","05","16","6","0","0","1","1","0","0"
"POINT (9.718780332000051 52.385984518000043)","Unfall 194744 (2020) Kat:3, Licht: 0","194744","3","5","1","05","17","6","0","0","1","1","0","0"
"POINT (9.760569746000044 52.412358530000063)","Unfall 194745 (2020) Kat:3, Licht: 0","194745","3","3","5","05","17","6","0","0","1","0","0","0"
"POINT (9.756432738000058 52.410898619000079)","Unfall 194748 (2020) Kat:3, Licht: 0","194748","3","3","5","05","06","6","0","0","1","1","0","0"
"POINT (9.727487330000031 52.380087546000027)","Unfall 194749 (2020) Kat:3, Licht: 0","194749","3","3","5","05","17","6","0","0","1","1","0","0"
"POINT (9.689526279000063 52.364809741000045)","Unfall 194769 (2020) Kat:3, Licht: 0","194769","3","7","0","05","17","7","0","0","1","0","0","0"
"POINT (9.724988357000029 52.397735889000046)","Unfall 194772 (2020) Kat:3, Licht: 0","194772","3","3","5","05","18","7","0","0","1","1","0","0"
"POINT (9.694792921000044 52.404884391000053)","Unfall 194785 (2020) Kat:3, Licht: 0","194785","3","6","4","05","16","1","0","0","1","0","0","0"
"POINT (9.750374723000050 52.375227002000031)","Unfall 194792 (2020) Kat:3, Licht: 2","194792","3","7","0","06","22","2","0","2","0","0","0","0"
"POINT (9.712708585000030 52.360753340000031)","Unfall 194794 (2020) Kat:3, Licht: 0","194794","3","7","0","05","12","5","0","0","1","0","0","0"
"POINT (9.670903795000072 52.386803291000035)","Unfall 194795 (2020) Kat:3, Licht: 0","194795","3","5","5","05","11","5","0","0","0","1","0","0"
"POINT (9.819663113000047 52.331362522000063)","Unfall 194796 (2020) Kat:3, Licht: 0","194796","3","2","4","05","19","5","0","0","0","1","0","0"
"POINT (9.743078569000033 52.389557371000080)","Unfall 194799 (2020) Kat:3, Licht: 0","194799","3","5","1","05","15","5","0","0","1","1","0","0"
"POINT (9.737442550000026 52.372160555000050)","Unfall 194800 (2020) Kat:3, Licht: 0","194800","3","5","1","05","20","5","0","0","1","1","0","0"
"POINT (9.734987636000028 52.370084780000070)","Unfall 194801 (2020) Kat:3, Licht: 0","194801","3","2","3","05","18","5","0","0","1","1","0","0"
"POINT (9.806317596000042 52.417213886000070)","Unfall 194805 (2020) Kat:3, Licht: 0","194805","3","2","0","05","17","5","0","0","1","0","0","0"
"POINT (9.783981124000036 52.340649633000055)","Unfall 194807 (2020) Kat:2, Licht: 0","194807","2","3","5","05","08","5","0","0","0","1","0","0"
"POINT (9.714272959000027 52.371294981000062)","Unfall 194839 (2020) Kat:3, Licht: 2","194839","3","1","0","05","01","1","0","2","0","0","0","0"
"POINT (9.743854632000023 52.357135017000076)","Unfall 194848 (2020) Kat:3, Licht: 0","194848","3","2","5","06","10","2","0","0","1","1","0","0"
"POINT (9.735682543000053 52.384277688000054)","Unfall 194859 (2020) Kat:3, Licht: 0","194859","3","1","8","05","07","7","0","0","0","1","0","0"
"POINT (9.754270437000059 52.389486910000073)","Unfall 194860 (2020) Kat:3, Licht: 0","194860","3","4","6","05","18","4","0","0","1","0","1","0"
"POINT (9.754366554000058 52.368287842000029)","Unfall 194861 (2020) Kat:3, Licht: 0","194861","3","7","5","05","17","4","0","0","0","1","0","1"
"POINT (9.670886436000046 52.377139798000030)","Unfall 194865 (2020) Kat:3, Licht: 0","194865","3","3","5","05","13","4","0","0","1","1","0","0"
"POINT (9.767725308000024 52.336852314000055)","Unfall 194867 (2020) Kat:3, Licht: 0","194867","3","5","1","05","18","4","0","0","1","1","0","0"
"POINT (9.717632726000034 52.392207251000059)","Unfall 194868 (2020) Kat:3, Licht: 0","194868","3","7","1","05","13","4","0","0","1","1","0","0"
"POINT (9.742434045000039 52.378872106000074)","Unfall 194869 (2020) Kat:3, Licht: 0","194869","3","7","0","05","10","4","0","0","1","0","0","0"
"POINT (9.749207349000074 52.398636494000073)","Unfall 194872 (2020) Kat:2, Licht: 0","194872","2","1","0","05","20","4","0","0","1","0","0","0"
"POINT (9.687397336000061 52.392575958000066)","Unfall 194873 (2020) Kat:3, Licht: 0","194873","3","6","3","05","10","4","0","0","0","1","0","1"
"POINT (9.692390245000070 52.409546582000075)","Unfall 194892 (2020) Kat:3, Licht: 0","194892","3","6","2","05","16","6","0","0","0","1","0","0"
"POINT (9.741988456000058 52.359312063000061)","Unfall 194895 (2020) Kat:3, Licht: 0","194895","3","6","4","05","19","1","0","0","1","0","1","0"
"POINT (9.716534565000075 52.335506763000069)","Unfall 194899 (2020) Kat:3, Licht: 0","194899","3","6","2","05","15","6","0","0","1","1","0","0"
"POINT (9.785241483000050 52.344123153000055)","Unfall 194906 (2020) Kat:3, Licht: 0","194906","3","6","0","06","17","2","0","0","1","0","0","0"
"POINT (9.749345025000025 52.399604765000049)","Unfall 194912 (2020) Kat:3, Licht: 0","194912","3","7","4","05","18","6","0","0","1","1","0","0"
"POINT (9.801015308000046 52.429360089000056)","Unfall 194921 (2020) Kat:3, Licht: 0","194921","3","3","5","05","08","3","0","0","1","1","0","0"
"POINT (9.750839559000042 52.375997566000080)","Unfall 194922 (2020) Kat:3, Licht: 0","194922","3","6","2","05","12","3","0","0","0","1","0","0"
"POINT (9.714490390000037 52.371386995000080)","Unfall 194923 (2020) Kat:3, Licht: 0","194923","3","2","3","05","15","3","0","0","0","1","0","0"
"POINT (9.837270767000064 52.396932962000051)","Unfall 194924 (2020) Kat:3, Licht: 0","194924","3","3","5","05","14","3","0","0","1","1","0","0"
"POINT (9.834707910000077 52.384782401000052)","Unfall 194927 (2020) Kat:3, Licht: 0","194927","3","5","0","05","12","3","0","0","1","0","0","0"
"POINT (9.739434686000038 52.343919594000056)","Unfall 194932 (2020) Kat:3, Licht: 1","194932","3","7","0","05","21","3","0","1","1","0","0","0"
"POINT (9.700485381000021 52.424087947000032)","Unfall 194944 (2020) Kat:3, Licht: 0","194944","3","7","0","06","13","2","0","0","1","0","0","0"
"POINT (9.740786332000027 52.380487739000046)","Unfall 194957 (2020) Kat:3, Licht: 0","194957","3","6","2","06","15","2","0","0","0","1","0","0"
"POINT (9.614321654000037 52.419444488000067)","Unfall 194961 (2020) Kat:3, Licht: 0","194961","3","7","0","05","14","2","0","0","1","0","0","0"
"POINT (9.697566702000074 52.391979495000044)","Unfall 194962 (2020) Kat:3, Licht: 0","194962","3","2","2","05","17","1","0","0","1","0","0","0"
"POINT (9.712665506000064 52.343801223000071)","Unfall 194963 (2020) Kat:3, Licht: 0","194963","3","7","0","05","17","2","0","0","1","0","0","0"
"POINT (9.707416671000033 52.373868664000042)","Unfall 194964 (2020) Kat:3, Licht: 0","194964","3","5","1","05","16","2","0","0","1","1","0","0"
"POINT (9.723064089000047 52.337424464000037)","Unfall 194965 (2020) Kat:3, Licht: 0","194965","3","6","2","05","17","2","0","0","0","1","0","0"
"POINT (9.731345534000070 52.406801529000063)","Unfall 194967 (2020) Kat:2, Licht: 0","194967","2","5","1","05","14","7","0","0","0","1","0","0"
"POINT (9.786195435000025 52.398940526000047)","Unfall 194998 (2020) Kat:3, Licht: 0","194998","3","3","5","06","15","3","0","0","1","0","0","0"
"POINT (9.801831925000045 52.409708412000043)","Unfall 195000 (2020) Kat:2, Licht: 0","195000","2","7","0","06","11","5","0","0","1","0","0","0"
"POINT (9.713638813000046 52.354644535000034)","Unfall 195011 (2020) Kat:2, Licht: 0","195011","2","1","8","06","18","1","0","0","1","0","0","0"
"POINT (9.689051513000038 52.377141500000050)","Unfall 195019 (2020) Kat:3, Licht: 0","195019","3","3","0","06","16","5","1","0","1","0","0","0"
"POINT (9.740496599000039 52.374107517000027)","Unfall 195027 (2020) Kat:3, Licht: 0","195027","3","3","5","06","10","3","0","0","1","1","0","0"
"POINT (9.722600173000046 52.369803842000067)","Unfall 195032 (2020) Kat:3, Licht: 0","195032","3","6","6","06","16","2","0","0","0","1","1","0"
"POINT (9.673188982000056 52.368183880000061)","Unfall 195041 (2020) Kat:2, Licht: 0","195041","2","4","6","06","17","5","0","0","0","1","1","0"
"POINT (9.746505888000058 52.381163617000027)","Unfall 195050 (2020) Kat:3, Licht: 0","195050","3","5","1","06","16","7","0","0","1","1","0","0"
"POINT (9.827404802000046 52.329782577000060)","Unfall 195053 (2020) Kat:3, Licht: 0","195053","3","1","0","06","13","3","0","0","1","0","0","0"
"POINT (9.656685691000064 52.407297943000060)","Unfall 195060 (2020) Kat:3, Licht: 0","195060","3","2","3","06","13","5","1","0","0","1","0","0"
"POINT (9.710476969000069 52.367315627000039)","Unfall 195067 (2020) Kat:3, Licht: 0","195067","3","1","0","06","13","1","0","0","1","0","0","0"
"POINT (9.736508356000059 52.386867535000079)","Unfall 195071 (2020) Kat:3, Licht: 0","195071","3","7","2","06","10","5","1","0","1","1","0","0"
"POINT (9.768316156000026 52.335938190000036)","Unfall 195086 (2020) Kat:3, Licht: 0","195086","3","7","0","06","20","2","0","0","1","0","0","0"
"POINT (9.714642429000037 52.403784315000053)","Unfall 195088 (2020) Kat:3, Licht: 0","195088","3","2","3","06","17","4","0","0","1","0","0","0"
"POINT (9.788545389000035 52.332837603000030)","Unfall 195096 (2020) Kat:3, Licht: 0","195096","3","7","0","06","15","3","0","0","0","0","0","0"
"POINT (9.741621083000041 52.375612933000070)","Unfall 195099 (2020) Kat:3, Licht: 0","195099","3","3","5","06","11","5","0","0","1","1","0","0"
"POINT (9.693838415000073 52.400622352000028)","Unfall 195108 (2020) Kat:3, Licht: 0","195108","3","6","2","06","11","3","0","0","0","1","0","0"
"POINT (9.782955543000071 52.336005395000029)","Unfall 195111 (2020) Kat:3, Licht: 0","195111","3","1","0","06","17","3","1","0","0","0","0","1"
"POINT (9.728391057000067 52.389961562000053)","Unfall 195112 (2020) Kat:3, Licht: 1","195112","3","1","0","06","22","3","0","1","1","0","0","0"
"POINT (9.751814710000076 52.372355034000066)","Unfall 195113 (2020) Kat:3, Licht: 0","195113","3","3","5","06","13","5","0","0","1","1","0","0"
"POINT (9.725560956000038 52.397844075000080)","Unfall 195115 (2020) Kat:3, Licht: 0","195115","3","2","4","06","18","3","0","0","1","1","0","0"
"POINT (9.733850735000033 52.374351107000052)","Unfall 195122 (2020) Kat:3, Licht: 0","195122","3","6","0","06","15","3","0","0","1","1","0","0"
"POINT (9.842652068000064 52.410025106000035)","Unfall 195126 (2020) Kat:3, Licht: 0","195126","3","6","4","06","16","3","0","0","0","1","0","0"
"POINT (9.796409149000056 52.404830137000033)","Unfall 195129 (2020) Kat:3, Licht: 0","195129","3","7","0","06","13","3","0","0","0","0","0","0"
"POINT (9.811765356000024 52.410593286000051)","Unfall 195139 (2020) Kat:3, Licht: 0","195139","3","2","6","06","07","6","0","0","0","1","1","0"
"POINT (9.685304723000058 52.394177324000054)","Unfall 195140 (2020) Kat:3, Licht: 0","195140","3","5","2","06","14","3","0","0","0","1","0","0"
"POINT (9.728214361000028 52.374114252000027)","Unfall 195146 (2020) Kat:3, Licht: 0","195146","3","6","2","06","19","2","0","0","0","1","0","0"
"POINT (9.736497655000051 52.383428712000068)","Unfall 195152 (2020) Kat:2, Licht: 0","195152","2","1","9","06","21","3","0","0","0","0","0","1"
"POINT (9.740608970000039 52.383377710000048)","Unfall 195154 (2020) Kat:3, Licht: 0","195154","3","7","0","06","10","3","0","0","1","0","0","0"
"POINT (9.767704559000038 52.410329277000073)","Unfall 195157 (2020) Kat:3, Licht: 0","195157","3","3","5","06","08","3","0","0","1","1","0","0"
"POINT (9.686262537000062 52.361225799000067)","Unfall 195159 (2020) Kat:2, Licht: 0","195159","2","7","8","06","10","7","0","0","0","1","0","0"
"POINT (9.763470511000037 52.368830923000075)","Unfall 195164 (2020) Kat:3, Licht: 2","195164","3","1","0","06","00","7","1","2","1","0","0","0"
"POINT (9.674269010000046 52.412330337000071)","Unfall 195167 (2020) Kat:3, Licht: 0","195167","3","2","5","06","14","3","0","0","0","1","0","1"
"POINT (9.722438021000073 52.372940779000032)","Unfall 195169 (2020) Kat:3, Licht: 0","195169","3","1","0","06","08","5","0","0","1","0","0","0"
"POINT (9.668169834000025 52.415423605000058)","Unfall 195186 (2020) Kat:3, Licht: 0","195186","3","3","5","06","11","5","1","0","1","1","0","0"
"POINT (9.691200041000059 52.384269772000039)","Unfall 195189 (2020) Kat:3, Licht: 0","195189","3","1","8","06","16","4","0","0","1","0","0","0"
"POINT (9.694446726000024 52.353035132000059)","Unfall 195192 (2020) Kat:3, Licht: 0","195192","3","6","2","06","08","6","0","0","0","0","0","0"
"POINT (9.781591150000054 52.417647176000060)","Unfall 195193 (2020) Kat:3, Licht: 0","195193","3","2","2","06","11","4","0","0","0","1","0","0"
"POINT (9.752536046000046 52.392370472000039)","Unfall 195195 (2020) Kat:3, Licht: 0","195195","3","1","0","06","13","1","0","0","1","0","0","0"
"POINT (9.756072120000056 52.415625629000033)","Unfall 195199 (2020) Kat:3, Licht: 0","195199","3","7","0","06","15","2","0","0","1","0","0","0"
"POINT (9.747761957000023 52.395351453000046)","Unfall 195207 (2020) Kat:3, Licht: 0","195207","3","2","5","06","21","5","0","0","1","1","0","0"
"POINT (9.707864744000062 52.372122218000072)","Unfall 195209 (2020) Kat:3, Licht: 0","195209","3","1","0","06","14","3","0","0","1","0","0","0"