WKT,Name,OBJECTID,UKATEGORIE,UTYP1,UART,UMONAT,USTUNDE,UWOCHENTAG,STRZUSTAND,ULICHTVERH,ISTRAD,ISTPKW,ISTFUSS,ISTKRAD
"POINT (9.805173077000063 52.411955403000036)","Unfall 196346 (2020) Kat:3, Licht: 0","196346","3","7","0","07","13","5","0","0","1","0","1","0"
"POINT (9.632207705000042 52.411299357000075)","Unfall 196348 (2020) Kat:3, Licht: 0","196348","3","6","3","07","15","3","0","0","0","0","0","0"
"POINT (9.709200611000028 52.417869071000041)","Unfall 196349 (2020) Kat:3, Licht: 0","196349","3","6","4","07","17","5","0","0","1","0","0","0"
"POINT (9.705762707000076 52.369993805000036)","Unfall 196350 (2020) Kat:3, Licht: 0","196350","3","3","5","07","14","3","0","0","1","1","0","0"
"POINT (9.693197056000031 52.365350991000071)","Unfall 196352 (2020) Kat:3, Licht: 0","196352","3","2","5","07","09","5","0","0","1","0","0","0"
"POINT (9.671804291000058 52.375852861000055)","Unfall 196389 (2020) Kat:3, Licht: 0","196389","3","5","1","07","15","2","0","0","1","1","0","0"
"POINT (9.695487188000072 52.365547292000031)","Unfall 196397 (2020) Kat:2, Licht: 0","196397","2","3","5","07","13","5","0","0","1","1","0","0"
"POINT (9.717368661000023 52.354405150000048)","Unfall 196401 (2020) Kat:2, Licht: 0","196401","2","3","5","07","16","5","0","0","1","1","0","0"
"POINT (9.725286075000042 52.343093307000061)","Unfall 196429 (2020) Kat:2, Licht: 0","196429","2","3","5","07","19","1","0","0","1","0","0","0"
"POINT (9.748184064000043 52.420085498000049)","Unfall 196453 (2020) Kat:3, Licht: 0","196453","3","3","5","07","13","5","0","0","0","1","0","0"
"POINT (9.749069956000028 52.350693701000068)","Unfall 196466 (2020) Kat:3, Licht: 0","196466","3","7","0","07","20","7","0","0","1","0","0","0"
"POINT (9.717715902000066 52.379831522000075)","Unfall 196473 (2020) Kat:3, Licht: 0","196473","3","3","5","07","15","7","0","0","1","1","0","0"
"POINT (9.665666765000026 52.415460497000026)","Unfall 196509 (2020) Kat:3, Licht: 0","196509","3","6","3","07","14","4","0","0","0","1","0","0"
"POINT (9.717268747000048 52.332750986000065)","Unfall 196512 (2020) Kat:3, Licht: 0","196512","3","6","2","07","15","4","0","0","0","1","0","0"
"POINT (9.747797444000071 52.352371436000055)","Unfall 196516 (2020) Kat:3, Licht: 0","196516","3","1","0","07","08","4","1","0","1","0","0","0"
"POINT (9.754508033000036 52.368065455000078)","Unfall 196526 (2020) Kat:3, Licht: 0","196526","3","6","3","07","19","6","0","0","1","1","0","0"
"POINT (9.724338705000037 52.368472044000043)","Unfall 196527 (2020) Kat:3, Licht: 0","196527","3","7","1","07","08","6","0","0","0","1","0","0"
"POINT (9.684177685000066 52.366276222000067)","Unfall 196529 (2020) Kat:3, Licht: 0","196529","3","3","5","07","20","6","0","0","0","1","0","0"
"POINT (9.708371989000057 52.367066425000075)","Unfall 196530 (2020) Kat:3, Licht: 0","196530","3","6","2","07","13","6","0","0","0","1","0","0"
"POINT (9.834381613000062 52.337373707000040)","Unfall 196532 (2020) Kat:3, Licht: 0","196532","3","7","0","07","20","6","0","0","0","0","1","1"
"POINT (9.830424736000055 52.333496326000045)","Unfall 196534 (2020) Kat:3, Licht: 1","196534","3","5","1","07","21","6","0","1","1","1","0","0"
"POINT (9.726446925000062 52.397934280000072)","Unfall 196543 (2020) Kat:2, Licht: 0","196543","2","5","1","07","08","6","0","0","1","1","0","0"
"POINT (9.712716862000036 52.360739225000032)","Unfall 196546 (2020) Kat:3, Licht: 0","196546","3","3","5","07","07","6","0","0","1","1","0","0"
"POINT (9.700731431000065 52.391465930000038)","Unfall 196553 (2020) Kat:3, Licht: 0","196553","3","3","5","07","17","2","1","0","1","1","0","0"
"POINT (9.750830689000054 52.375425318000055)","Unfall 196564 (2020) Kat:3, Licht: 0","196564","3","2","5","07","10","4","0","0","1","1","0","0"
"POINT (9.793398820000050 52.332809553000061)","Unfall 196566 (2020) Kat:3, Licht: 0","196566","3","4","6","07","16","3","0","0","1","0","1","0"
"POINT (9.721337554000058 52.390131153000027)","Unfall 196572 (2020) Kat:3, Licht: 0","196572","3","2","7","07","17","6","0","0","1","1","0","0"
"POINT (9.832775197000046 52.386833508000052)","Unfall 196577 (2020) Kat:3, Licht: 0","196577","3","3","5","08","09","7","0","0","1","1","0","0"
"POINT (9.823655509000048 52.368345915000077)","Unfall 196582 (2020) Kat:3, Licht: 0","196582","3","6","4","07","18","1","0","0","1","0","0","0"
"POINT (9.731620946000021 52.375350889000060)","Unfall 196596 (2020) Kat:3, Licht: 0","196596","3","7","1","08","09","1","1","0","1","1","0","0"
"POINT (9.795852533000073 52.375332063000030)","Unfall 196619 (2020) Kat:3, Licht: 0","196619","3","5","1","07","13","4","0","0","1","1","0","0"
"POINT (9.728343814000027 52.377779160000046)","Unfall 196622 (2020) Kat:3, Licht: 0","196622","3","2","5","07","18","3","0","0","1","1","0","0"
"POINT (9.734133092000036 52.369246940000039)","Unfall 196624 (2020) Kat:3, Licht: 0","196624","3","1","0","07","16","6","0","0","1","0","0","0"
"POINT (9.767703577000077 52.410167482000077)","Unfall 196626 (2020) Kat:3, Licht: 0","196626","3","2","3","07","10","5","0","0","1","1","0","0"
"POINT (9.707031577000066 52.370316760000037)","Unfall 196631 (2020) Kat:3, Licht: 0","196631","3","1","0","07","17","4","0","0","1","0","0","0"
"POINT (9.750530807000075 52.375293117000069)","Unfall 196635 (2020) Kat:3, Licht: 0","196635","3","2","5","07","15","6","0","0","1","1","0","0"
"POINT (9.717066991000024 52.344901779000054)","Unfall 196642 (2020) Kat:3, Licht: 0","196642","3","1","0","07","18","7","0","0","1","0","0","0"
"POINT (9.742554503000065 52.386285186000066)","Unfall 196646 (2020) Kat:3, Licht: 2","196646","3","3","5","07","22","7","0","2","0","1","0","0"
"POINT (9.736617458000069 52.374930779000067)","Unfall 196664 (2020) Kat:3, Licht: 2","196664","3","1","0","08","04","1","1","2","0","0","0","0"
"POINT (9.780801844000052 52.398244839000029)","Unfall 196669 (2020) Kat:3, Licht: 0","196669","3","1","0","07","18","7","0","0","1","0","0","0"
"POINT (9.734322883000061 52.376758747000054)","Unfall 196671 (2020) Kat:3, Licht: 0","196671","3","1","0","08","13","2","0","0","1","0","0","0"
"POINT (9.713160021000022 52.371484496000051)","Unfall 196672 (2020) Kat:3, Licht: 0","196672","3","1","0","07","14","4","0","0","1","0","0","0"
"POINT (9.773654713000042 52.409072320000064)","Unfall 196674 (2020) Kat:3, Licht: 2","196674","3","7","0","08","23","7","0","2","0","1","1","0"
"POINT (9.767608529000029 52.400592959000051)","Unfall 196675 (2020) Kat:3, Licht: 0","196675","3","2","0","07","10","3","0","0","1","1","0","0"
"POINT (9.807943521000027 52.373082777000036)","Unfall 196684 (2020) Kat:3, Licht: 0","196684","3","1","0","07","15","4","0","0","1","0","0","0"
"POINT (9.732710876000056 52.379730839000047)","Unfall 196686 (2020) Kat:3, Licht: 0","196686","3","7","5","08","13","7","0","0","1","1","0","0"
"POINT (9.750200742000061 52.388998995000065)","Unfall 196689 (2020) Kat:3, Licht: 0","196689","3","6","2","07","08","6","0","0","0","1","0","0"
"POINT (9.742858897000076 52.379264936000027)","Unfall 196706 (2020) Kat:3, Licht: 0","196706","3","6","2","08","20","1","0","0","1","0","0","0"
"POINT (9.756590798000048 52.420394305000059)","Unfall 196724 (2020) Kat:3, Licht: 0","196724","3","3","5","08","07","2","0","0","1","1","0","0"
"POINT (9.694553083000074 52.331215459000077)","Unfall 196725 (2020) Kat:3, Licht: 0","196725","3","4","6","07","18","4","0","0","0","1","1","0"
"POINT (9.813235644000031 52.352124263000064)","Unfall 196726 (2020) Kat:3, Licht: 0","196726","3","3","5","07","18","2","1","0","1","1","0","0"
"POINT (9.724285908000070 52.385670770000047)","Unfall 196732 (2020) Kat:3, Licht: 0","196732","3","5","1","07","15","3","0","0","1","1","0","0"
"POINT (9.719303872000069 52.396821039000031)","Unfall 196734 (2020) Kat:3, Licht: 0","196734","3","7","0","07","19","6","0","0","0","0","1","0"
"POINT (9.719328504000032 52.345982172000049)","Unfall 196736 (2020) Kat:3, Licht: 0","196736","3","6","2","07","17","5","0","0","0","1","0","0"
"POINT (9.791164424000044 52.375173688000075)","Unfall 196739 (2020) Kat:3, Licht: 0","196739","3","1","1","08","00","7","0","0","1","1","0","0"
"POINT (9.741430403000038 52.371179259000030)","Unfall 196746 (2020) Kat:2, Licht: 0","196746","2","7","0","07","12","6","0","0","1","0","0","0"
"POINT (9.725959808000027 52.397884595000050)","Unfall 196777 (2020) Kat:3, Licht: 0","196777","3","7","0","07","09","6","0","0","1","0","0","0"
"POINT (9.670369775000040 52.367130802000077)","Unfall 196781 (2020) Kat:3, Licht: 0","196781","3","3","5","07","12","4","0","0","1","1","0","0"
"POINT (9.720729517000052 52.346597960000054)","Unfall 196782 (2020) Kat:3, Licht: 0","196782","3","3","5","08","12","7","0","0","1","1","0","0"
"POINT (9.730745983000077 52.378566426000077)","Unfall 196783 (2020) Kat:3, Licht: 0","196783","3","2","5","07","13","3","0","0","1","1","0","0"
"POINT (9.793376865000028 52.332801896000035)","Unfall 196785 (2020) Kat:3, Licht: 0","196785","3","5","1","07","08","6","0","0","1","1","0","0"
"POINT (9.798657482000067 52.405737135000038)","Unfall 196787 (2020) Kat:3, Licht: 0","196787","3","7","0","07","23","5","0","0","0","0","0","0"
"POINT (9.689946682000027 52.385545640000032)","Unfall 196791 (2020) Kat:3, Licht: 0","196791","3","1","0","07","15","4","0","0","1","0","0","0"
"POINT (9.700374642000043 52.368925111000067)","Unfall 196795 (2020) Kat:3, Licht: 0","196795","3","3","5","07","10","6","0","0","1","1","0","0"
"POINT (9.723746620000043 52.386608645000081)","Unfall 196806 (2020) Kat:3, Licht: 2","196806","3","1","0","07","23","6","0","2","0","0","0","0"
"POINT (9.698102107000068 52.326850966000052)","Unfall 196811 (2020) Kat:3, Licht: 0","196811","3","3","5","08","18","1","0","0","1","1","0","0"
"POINT (9.720010323000054 52.397037447000059)","Unfall 196815 (2020) Kat:3, Licht: 0","196815","3","3","5","07","09","6","0","0","1","1","0","0"
"POINT (9.747134183000071 52.385210276000066)","Unfall 196821 (2020) Kat:3, Licht: 0","196821","3","6","4","08","19","2","0","0","1","0","0","0"
"POINT (9.762799845000075 52.412976941000068)","Unfall 196822 (2020) Kat:3, Licht: 0","196822","3","2","5","08","15","2","0","0","0","1","0","0"
"POINT (9.748839044000022 52.389003538000054)","Unfall 196823 (2020) Kat:3, Licht: 0","196823","3","5","1","08","18","3","0","0","1","1","0","0"
"POINT (9.715006646000063 52.401224067000044)","Unfall 196843 (2020) Kat:3, Licht: 0","196843","3","7","0","08","18","1","0","0","1","0","0","0"
"POINT (9.740357767000035 52.361469888000045)","Unfall 196844 (2020) Kat:3, Licht: 0","196844","3","5","6","08","18","1","0","0","0","1","1","0"
"POINT (9.726526085000046 52.361782214000073)","Unfall 196845 (2020) Kat:3, Licht: 0","196845","3","1","0","08","09","1","0","0","1","0","0","0"
"POINT (9.771617543000048 52.372857209000074)","Unfall 196851 (2020) Kat:3, Licht: 0","196851","3","7","0","08","09","1","0","0","1","0","0","0"
"POINT (9.720308491000026 52.362033242000052)","Unfall 196866 (2020) Kat:2, Licht: 0","196866","2","1","9","08","18","3","0","0","1","0","0","0"
"POINT (9.705889150000076 52.390771191000056)","Unfall 196868 (2020) Kat:3, Licht: 0","196868","3","3","5","08","11","3","0","0","1","1","0","0"
"POINT (9.725000217000059 52.344149020000032)","Unfall 196872 (2020) Kat:2, Licht: 0","196872","2","1","0","08","10","3","0","0","1","0","0","0"
"POINT (9.827398789000029 52.329784431000064)","Unfall 196878 (2020) Kat:3, Licht: 0","196878","3","1","0","08","09","3","0","0","1","0","0","0"
"POINT (9.716897052000036 52.376909472000079)","Unfall 196879 (2020) Kat:3, Licht: 0","196879","3","3","5","08","16","3","0","0","1","1","0","0"
"POINT (9.721916608000072 52.373067252000055)","Unfall 196886 (2020) Kat:3, Licht: 0","196886","3","5","5","08","15","7","0","0","1","1","0","0"
"POINT (9.781068431000051 52.400414124000065)","Unfall 196888 (2020) Kat:3, Licht: 0","196888","3","6","2","08","15","7","0","0","0","1","0","0"
"POINT (9.740954114000033 52.404663890000052)","Unfall 196890 (2020) Kat:3, Licht: 0","196890","3","3","5","08","12","7","0","0","0","1","0","0"
"POINT (9.694587974000058 52.337672072000032)","Unfall 196893 (2020) Kat:3, Licht: 0","196893","3","7","0","08","11","7","0","0","1","0","0","0"
"POINT (9.753731371000072 52.381984372000034)","Unfall 196896 (2020) Kat:3, Licht: 0","196896","3","2","5","08","20","3","0","0","0","1","0","0"
"POINT (9.779823965000048 52.342029733000061)","Unfall 196905 (2020) Kat:3, Licht: 0","196905","3","3","5","08","17","3","0","0","1","0","0","0"
"POINT (9.668681678000041 52.386012784000059)","Unfall 196922 (2020) Kat:3, Licht: 0","196922","3","4","6","08","15","3","0","0","0","1","1","0"
"POINT (9.700710917000038 52.409622674000047)","Unfall 196927 (2020) Kat:3, Licht: 0","196927","3","7","0","08","16","6","0","0","1","0","0","0"
"POINT (9.724445676000073 52.385382852000077)","Unfall 196930 (2020) Kat:3, Licht: 1","196930","3","7","0","08","21","6","0","1","1","0","0","0"
"POINT (9.746562473000040 52.375266647000046)","Unfall 196932 (2020) Kat:3, Licht: 0","196932","3","7","2","08","14","6","0","0","0","1","0","1"
"POINT (9.733814868000025 52.361758722000047)","Unfall 196935 (2020) Kat:3, Licht: 2","196935","3","1","0","08","22","6","0","2","1","0","0","0"
"POINT (9.684912888000042 52.364947425000082)","Unfall 196937 (2020) Kat:3, Licht: 0","196937","3","3","5","08","15","6","0","0","1","1","0","0"
"POINT (9.843197823000025 52.413747361000048)","Unfall 196938 (2020) Kat:3, Licht: 0","196938","3","6","4","08","17","3","0","0","1","0","0","0"
"POINT (9.713206759000059 52.371469934000061)","Unfall 196940 (2020) Kat:3, Licht: 0","196940","3","1","0","08","15","6","0","0","1","0","0","0"
"POINT (9.708974714000021 52.365690620000066)","Unfall 196942 (2020) Kat:3, Licht: 0","196942","3","2","5","08","10","6","0","0","1","1","0","0"
"POINT (9.728611387000058 52.374237133000065)","Unfall 196946 (2020) Kat:2, Licht: 0","196946","2","1","0","08","11","6","0","0","1","0","0","0"
"POINT (9.729596695000055 52.374677438000049)","Unfall 196948 (2020) Kat:2, Licht: 2","196948","2","1","0","08","21","6","0","2","1","0","0","0"
"POINT (9.746151706000035 52.386327952000045)","Unfall 196949 (2020) Kat:2, Licht: 0","196949","2","7","0","08","10","6","0","0","1","0","0","0"
"POINT (9.685358355000062 52.344298042000048)","Unfall 196968 (2020) Kat:3, Licht: 0","196968","3","7","0","08","20","3","0","0","1","0","0","0"
"POINT (9.743996620000075 52.371384476000060)","Unfall 196978 (2020) Kat:3, Licht: 0","196978","3","1","0","08","19","2","0","0","0","0","0","0"
"POINT (9.738910611000051 52.377010124000037)","Unfall 196990 (2020) Kat:3, Licht: 0","196990","3","1","8","08","17","2","0","0","1","0","0","0"
"POINT (9.782548568000038 52.373287255000037)","Unfall 196994 (2020) Kat:2, Licht: 0","196994","2","2","5","08","14","3","0","0","1","0","0","0"
"POINT (9.725331672000039 52.343091357000048)","Unfall 197008 (2020) Kat:3, Licht: 0","197008","3","3","5","08","11","5","0","0","1","0","0","0"
"POINT (9.796430254000029 52.412282181000080)","Unfall 197010 (2020) Kat:3, Licht: 0","197010","3","3","5","08","16","5","0","0","0","1","0","0"
"POINT (9.771535064000034 52.400513482000065)","Unfall 197012 (2020) Kat:3, Licht: 0","197012","3","3","0","08","12","5","0","0","1","1","0","0"
"POINT (9.722908219000033 52.375789633000068)","Unfall 197018 (2020) Kat:2, Licht: 0","197018","2","3","5","08","16","5","0","0","1","0","0","0"
"POINT (9.794155004000061 52.375149102000080)","Unfall 197020 (2020) Kat:3, Licht: 0","197020","3","2","4","08","10","5","0","0","1","1","0","0"
"POINT (9.719651454000029 52.367321208000078)","Unfall 197021 (2020) Kat:3, Licht: 0","197021","3","2","6","08","10","5","0","0","0","1","1","0"
"POINT (9.733674998000026 52.379847066000082)","Unfall 197022 (2020) Kat:3, Licht: 0","197022","3","3","5","08","07","5","0","0","1","0","0","0"
"POINT (9.751242109000032 52.372427029000050)","Unfall 197034 (2020) Kat:3, Licht: 0","197034","3","2","5","08","16","2","0","0","1","1","0","0"
"POINT (9.741442695000046 52.371435394000059)","Unfall 197040 (2020) Kat:3, Licht: 0","197040","3","1","0","08","07","3","0","0","1","0","0","0"
"POINT (9.732578401000069 52.378643957000065)","Unfall 197050 (2020) Kat:3, Licht: 0","197050","3","1","0","08","07","3","0","0","1","0","0","0"
"POINT (9.806439025000032 52.389160259000050)","Unfall 197060 (2020) Kat:3, Licht: 2","197060","3","6","2","08","21","2","0","2","0","1","0","0"
"POINT (9.803148005000026 52.380521149000060)","Unfall 197071 (2020) Kat:3, Licht: 0","197071","3","3","5","08","06","4","0","0","1","0","0","0"
"POINT (9.721787568000025 52.400635589000046)","Unfall 197073 (2020) Kat:3, Licht: 0","197073","3","3","5","08","15","4","0","0","1","0","0","0"
"POINT (9.750475312000049 52.375687107000033)","Unfall 197074 (2020) Kat:3, Licht: 0","197074","3","6","2","08","21","4","0","0","0","1","0","0"
"POINT (9.752795076000041 52.377503074000060)","Unfall 197075 (2020) Kat:3, Licht: 0","197075","3","6","2","08","19","4","0","0","0","1","0","0"
"POINT (9.779111791000048 52.414192545000049)","Unfall 197076 (2020) Kat:2, Licht: 0","197076","2","7","6","08","11","2","0","0","1","0","1","0"
"POINT (9.708853011000031 52.366030681000041)","Unfall 197079 (2020) Kat:3, Licht: 0","197079","3","2","5","08","10","4","0","0","1","1","0","0"
"POINT (9.780998324000052 52.398298531000080)","Unfall 197081 (2020) Kat:3, Licht: 0","197081","3","3","5","08","14","4","0","0","1","1","0","0"
"POINT (9.730094967000071 52.398303000000055)","Unfall 197082 (2020) Kat:3, Licht: 0","197082","3","2","2","08","14","4","0","0","0","1","0","1"
"POINT (9.681492473000048 52.416080580000028)","Unfall 197083 (2020) Kat:3, Licht: 0","197083","3","2","5","08","08","4","0","0","1","0","0","0"
"POINT (9.695032416000061 52.406539843000076)","Unfall 197088 (2020) Kat:3, Licht: 0","197088","3","6","4","08","20","2","0","0","1","0","0","0"
"POINT (9.713636810000025 52.357324696000035)","Unfall 197098 (2020) Kat:3, Licht: 0","197098","3","1","0","08","15","2","0","0","0","0","0","1"
"POINT (9.706643860000042 52.423586194000052)","Unfall 197101 (2020) Kat:3, Licht: 0","197101","3","7","8","08","07","6","0","0","1","0","0","0"
"POINT (9.752428326000029 52.362927136000053)","Unfall 197102 (2020) Kat:3, Licht: 0","197102","3","1","0","08","12","3","0","0","1","0","0","0"
"POINT (9.764036051000062 52.368499146000033)","Unfall 197103 (2020) Kat:3, Licht: 0","197103","3","6","2","08","17","1","1","0","0","1","0","0"
"POINT (9.766290358000049 52.382099719000053)","Unfall 197104 (2020) Kat:3, Licht: 0","197104","3","6","2","08","15","2","0","0","0","1","0","1"
"POINT (9.707283754000059 52.375762329000054)","Unfall 197108 (2020) Kat:3, Licht: 0","197108","3","5","2","08","15","1","0","0","1","1","0","0"
"POINT (9.761737853000057 52.394885488000057)","Unfall 197110 (2020) Kat:3, Licht: 2","197110","3","5","1","08","04","1","0","2","1","1","0","0"
"POINT (9.725418268000055 52.343087655000033)","Unfall 197125 (2020) Kat:3, Licht: 0","197125","3","6","3","08","16","5","0","0","1","0","0","0"
"POINT (9.736227712000073 52.384009442000036)","Unfall 197128 (2020) Kat:3, Licht: 2","197128","3","1","8","08","03","1","0","2","0","1","0","0"
"POINT (9.751039116000072 52.387618733000068)","Unfall 197129 (2020) Kat:3, Licht: 0","197129","3","4","6","08","11","2","0","0","1","1","1","0"
"POINT (9.725089949000051 52.384188012000038)","Unfall 197130 (2020) Kat:3, Licht: 0","197130","3","5","1","08","15","5","0","0","1","1","0","0"
"POINT (9.739966466000055 52.372822192000058)","Unfall 197139 (2020) Kat:3, Licht: 0","197139","3","7","4","08","15","5","0","0","1","0","0","0"
"POINT (9.761778209000056 52.341999990000033)","Unfall 197144 (2020) Kat:3, Licht: 0","197144","3","3","5","08","17","5","0","0","1","1","0","0"
"POINT (9.775549421000051 52.396611647000043)","Unfall 197158 (2020) Kat:3, Licht: 0","197158","3","3","5","08","14","5","0","0","1","1","0","0"
"POINT (9.821414533000052 52.388401017000035)","Unfall 197171 (2020) Kat:3, Licht: 0","197171","3","1","0","08","10","5","0","0","1","0","0","0"
"POINT (9.714444452000066 52.342756319000046)","Unfall 197181 (2020) Kat:3, Licht: 0","197181","3","5","1","08","20","4","0","0","1","1","0","0"
"POINT (9.705130658000030 52.409869151000066)","Unfall 197192 (2020) Kat:3, Licht: 0","197192","3","3","5","08","12","4","0","0","0","1","0","0"
"POINT (9.683594995000021 52.394626204000076)","Unfall 197193 (2020) Kat:3, Licht: 0","197193","3","3","0","08","19","6","1","0","1","1","0","0"
"POINT (9.727206538000075 52.373908833000030)","Unfall 197206 (2020) Kat:3, Licht: 0","197206","3","5","3","08","17","6","0","0","1","1","0","0"
"POINT (9.761948986000050 52.374702670000033)","Unfall 197207 (2020) Kat:3, Licht: 0","197207","3","1","0","08","16","3","0","0","1","0","0","0"
"POINT (9.804595367000047 52.330537197000069)","Unfall 197217 (2020) Kat:3, Licht: 0","197217","3","2","5","08","13","5","0","0","1","1","0","0"
"POINT (9.726142512000024 52.354038565000053)","Unfall 197232 (2020) Kat:3, Licht: 0","197232","3","5","1","08","19","7","0","0","0","1","0","0"
"POINT (9.813297122000051 52.422472398000082)","Unfall 197235 (2020) Kat:3, Licht: 0","197235","3","2","0","08","17","7","0","0","0","1","0","1"
"POINT (9.747705475000032 52.375704726000038)","Unfall 197255 (2020) Kat:2, Licht: 0","197255","2","3","5","08","13","7","0","0","1","1","0","0"
"POINT (9.747888299000067 52.388121497000043)","Unfall 197259 (2020) Kat:3, Licht: 0","197259","3","4","6","08","12","5","0","0","1","0","1","0"
"POINT (9.670554718000062 52.382494780000059)","Unfall 197265 (2020) Kat:3, Licht: 0","197265","3","5","1","08","12","6","0","0","0","1","1","0"
"POINT (9.705255920000070 52.374211635000052)","Unfall 197266 (2020) Kat:3, Licht: 2","197266","3","1","0","08","22","3","0","2","1","0","0","0"
"POINT (9.712891026000023 52.371573802000057)","Unfall 197267 (2020) Kat:3, Licht: 2","197267","3","7","0","08","00","7","1","2","0","0","0","0"
"POINT (9.720727439000029 52.373357318000046)","Unfall 197282 (2020) Kat:3, Licht: 0","197282","3","1","0","08","10","3","0","0","1","0","0","0"
"POINT (9.785069423000039 52.391942349000033)","Unfall 197284 (2020) Kat:3, Licht: 0","197284","3","5","1","08","13","6","0","0","0","1","1","0"
"POINT (9.733304231000034 52.375553441000079)","Unfall 197306 (2020) Kat:3, Licht: 0","197306","3","2","4","08","13","2","1","0","1","1","0","0"
"POINT (9.771894114000077 52.417467577000082)","Unfall 197307 (2020) Kat:3, Licht: 2","197307","3","6","2","08","21","4","0","2","0","1","0","0"
"POINT (9.712307522000060 52.366959698000073)","Unfall 197318 (2020) Kat:3, Licht: 2","197318","3","1","0","08","22","6","1","2","1","0","0","0"
"POINT (9.721967947000053 52.376775337000026)","Unfall 197319 (2020) Kat:3, Licht: 0","197319","3","6","4","08","18","3","0","0","1","0","0","0"
"POINT (9.679692218000071 52.394970156000056)","Unfall 197328 (2020) Kat:3, Licht: 1","197328","3","2","5","08","21","5","0","1","1","1","0","0"
"POINT (9.726443156000073 52.381535901000063)","Unfall 197357 (2020) Kat:3, Licht: 0","197357","3","5","0","08","10","4","0","0","1","1","0","0"
"POINT (9.727714648000074 52.369000152000069)","Unfall 197359 (2020) Kat:3, Licht: 0","197359","3","3","5","08","12","4","0","0","1","1","0","0"
"POINT (9.740511720000029 52.377569245000075)","Unfall 197360 (2020) Kat:3, Licht: 0","197360","3","1","0","08","18","4","0","0","1","0","0","0"
"POINT (9.728330591000031 52.377840944000070)","Unfall 197366 (2020) Kat:3, Licht: 0","197366","3","3","5","08","13","2","1","0","0","1","0","0"
"POINT (9.756869819000031 52.395998137000049)","Unfall 197367 (2020) Kat:3, Licht: 0","197367","3","1","0","08","14","5","1","0","0","0","0","1"
"POINT (9.821094623000022 52.347951957000078)","Unfall 197369 (2020) Kat:3, Licht: 0","197369","3","1","0","08","16","2","1","0","0","0","0","1"
"POINT (9.813762794000070 52.347329081000055)","Unfall 197371 (2020) Kat:3, Licht: 0","197371","3","6","4","08","12","6","0","0","0","1","0","0"
"POINT (9.740078607000044 52.366997536000042)","Unfall 197372 (2020) Kat:3, Licht: 0","197372","3","2","5","08","14","3","0","0","1","0","0","0"
"POINT (9.754654931000061 52.360733949000064)","Unfall 197373 (2020) Kat:3, Licht: 0","197373","3","4","6","08","15","6","0","0","1","0","1","0"
"POINT (9.714532793000046 52.403382484000076)","Unfall 197374 (2020) Kat:3, Licht: 1","197374","3","5","1","08","20","6","0","1","0","1","0","1"
"POINT (9.689238793000072 52.332457407000049)","Unfall 197384 (2020) Kat:3, Licht: 0","197384","3","5","1","08","18","4","1","0","0","1","0","0"
"POINT (9.724397850000059 52.345922688000030)","Unfall 197387 (2020) Kat:3, Licht: 2","197387","3","1","0","08","21","3","1","2","0","0","0","1"
"POINT (9.757598786000074 52.363772760000074)","Unfall 197389 (2020) Kat:3, Licht: 0","197389","3","7","0","08","09","6","0","0","1","0","0","0"
"POINT (9.859292427000071 52.392663988000038)","Unfall 197391 (2020) Kat:3, Licht: 0","197391","3","5","1","08","07","2","0","0","1","1","0","0"
"POINT (9.766357515000038 52.382128506000072)","Unfall 197392 (2020) Kat:3, Licht: 0","197392","3","2","5","08","14","5","0","0","1","1","0","0"
"POINT (9.642243086000065 52.414662210000074)","Unfall 197429 (2020) Kat:3, Licht: 0","197429","3","1","0","08","14","1","0","0","1","0","0","0"
"POINT (9.821315730000038 52.350976993000074)","Unfall 197433 (2020) Kat:3, Licht: 0","197433","3","6","4","08","15","1","0","0","1","0","1","0"
"POINT (9.800713133000045 52.405663263000065)","Unfall 197438 (2020) Kat:3, Licht: 1","197438","3","7","0","08","20","3","1","1","1","0","0","0"
"POINT (9.735144859000059 52.376101447000053)","Unfall 197439 (2020) Kat:3, Licht: 0","197439","3","7","0","08","14","1","0","0","1","0","0","0"
"POINT (9.762221818000057 52.392741255000033)","Unfall 197446 (2020) Kat:2, Licht: 0","197446","2","3","5","08","16","5","0","0","1","1","0","0"
"POINT (9.704081559000031 52.371796205000066)","Unfall 197450 (2020) Kat:3, Licht: 2","197450","3","1","8","08","01","7","0","2","1","1","0","0"
"POINT (9.848236826000061 52.393452221000075)","Unfall 197451 (2020) Kat:3, Licht: 0","197451","3","5","1","08","16","3","0","0","1","1","0","0"
"POINT (9.719937177000077 52.367895690000068)","Unfall 197469 (2020) Kat:3, Licht: 2","197469","3","1","0","08","23","2","1","2","1","0","0","0"
"POINT (9.805134201000044 52.411075408000045)","Unfall 197473 (2020) Kat:3, Licht: 0","197473","3","3","5","08","18","2","0","0","1","1","0","0"
"POINT (9.741727724000043 52.398598960000072)","Unfall 197483 (2020) Kat:3, Licht: 0","197483","3","3","5","08","13","2","0","0","1","1","0","0"
"POINT (9.781567777000021 52.414128526000070)","Unfall 197484 (2020) Kat:3, Licht: 0","197484","3","3","5","08","17","6","0","0","0","0","0","0"