WKT,Name,OBJECTID,UKATEGORIE,UTYP1,UART,UMONAT,USTUNDE,UWOCHENTAG,STRZUSTAND,ULICHTVERH,ISTRAD,ISTPKW,ISTFUSS,ISTKRAD
"POINT (9.677414920000047 52.371987644000058)","Unfall 197486 (2020) Kat:3, Licht: 0","197486","3","6","2","08","13","5","0","0","0","1","0","0"
"POINT (9.857452585000033 52.392767218000074)","Unfall 197500 (2020) Kat:3, Licht: 0","197500","3","6","3","08","18","2","0","0","0","1","0","1"
"POINT (9.763393894000046 52.374960272000067)","Unfall 197505 (2020) Kat:3, Licht: 0","197505","3","3","5","08","13","4","0","0","0","1","0","0"
"POINT (9.759076331000074 52.329205931000047)","Unfall 197508 (2020) Kat:3, Licht: 0","197508","3","3","5","08","13","3","0","0","1","0","0","0"
"POINT (9.736772664000057 52.371298461000038)","Unfall 197513 (2020) Kat:3, Licht: 0","197513","3","6","3","08","16","2","0","0","1","1","0","0"
"POINT (9.723642102000042 52.348106994000034)","Unfall 197529 (2020) Kat:2, Licht: 2","197529","2","4","6","08","22","2","1","2","0","1","1","0"
"POINT (9.694593191000024 52.382026191000080)","Unfall 197542 (2020) Kat:3, Licht: 0","197542","3","7","0","08","12","2","0","0","1","0","0","0"
"POINT (9.683311235000076 52.393694680000067)","Unfall 197545 (2020) Kat:3, Licht: 0","197545","3","7","0","08","18","7","0","0","1","0","0","0"
"POINT (9.683131660000072 52.413480086000050)","Unfall 197548 (2020) Kat:3, Licht: 0","197548","3","7","0","08","17","7","0","0","1","0","0","0"
"POINT (9.857757050000032 52.392843121000055)","Unfall 197550 (2020) Kat:2, Licht: 0","197550","2","1","0","08","10","3","0","0","1","0","0","0"
"POINT (9.717119115000060 52.343349320000073)","Unfall 197551 (2020) Kat:3, Licht: 0","197551","3","2","3","08","11","7","0","0","1","1","0","0"
"POINT (9.732252828000071 52.391644730000053)","Unfall 197555 (2020) Kat:3, Licht: 0","197555","3","7","0","08","19","7","0","0","1","1","0","0"
"POINT (9.722695276000025 52.383534020000070)","Unfall 197560 (2020) Kat:3, Licht: 0","197560","3","7","6","08","16","7","0","0","0","1","1","0"
"POINT (9.748858616000064 52.365554503000055)","Unfall 197561 (2020) Kat:3, Licht: 2","197561","3","5","1","08","05","7","0","2","0","1","0","0"
"POINT (9.757327570000030 52.364286176000064)","Unfall 197562 (2020) Kat:2, Licht: 1","197562","2","3","5","08","19","3","1","1","1","1","0","0"
"POINT (9.734953893000068 52.380279290000033)","Unfall 197563 (2020) Kat:3, Licht: 0","197563","3","2","5","08","17","7","0","0","1","1","0","0"
"POINT (9.740686496000024 52.377699608000057)","Unfall 197568 (2020) Kat:2, Licht: 0","197568","2","7","0","08","06","7","0","0","0","0","0","0"
"POINT (9.721224453000048 52.390294498000060)","Unfall 197583 (2020) Kat:3, Licht: 0","197583","3","7","0","08","12","2","0","0","1","0","0","0"
"POINT (9.772013936000064 52.364919316000055)","Unfall 197591 (2020) Kat:3, Licht: 0","197591","3","2","5","08","13","1","0","0","1","1","0","0"
"POINT (9.758359330000076 52.372854445000030)","Unfall 197596 (2020) Kat:3, Licht: 0","197596","3","1","0","08","17","6","0","0","1","0","0","0"
"POINT (9.655230266000046 52.419729564000079)","Unfall 197599 (2020) Kat:3, Licht: 0","197599","3","3","5","08","13","4","0","0","1","0","0","0"
"POINT (9.675815273000069 52.365495679000048)","Unfall 197609 (2020) Kat:2, Licht: 2","197609","2","3","5","08","21","6","0","2","1","1","0","0"
"POINT (9.691643699000053 52.329911776000074)","Unfall 197610 (2020) Kat:3, Licht: 0","197610","3","2","5","08","07","5","0","0","0","1","0","1"
"POINT (9.763440260000039 52.400811261000058)","Unfall 197615 (2020) Kat:3, Licht: 0","197615","3","3","5","08","12","3","0","0","0","1","0","1"
"POINT (9.822222668000052 52.316433169000049)","Unfall 197619 (2020) Kat:3, Licht: 0","197619","3","1","0","08","09","3","0","0","1","0","0","0"
"POINT (9.750267095000027 52.389134434000027)","Unfall 197623 (2020) Kat:3, Licht: 0","197623","3","7","9","08","15","2","0","0","1","1","1","0"
"POINT (9.757475949000025 52.392393393000077)","Unfall 197648 (2020) Kat:3, Licht: 0","197648","3","5","1","08","08","6","0","0","1","1","0","0"
"POINT (9.766135538000071 52.382033353000054)","Unfall 197653 (2020) Kat:3, Licht: 0","197653","3","7","0","09","10","3","0","0","0","1","0","0"
"POINT (9.834637663000024 52.339643775000070)","Unfall 197654 (2020) Kat:3, Licht: 0","197654","3","2","5","09","12","2","0","0","1","1","0","0"
"POINT (9.776911475000077 52.404175185000042)","Unfall 197657 (2020) Kat:3, Licht: 1","197657","3","1","8","09","19","2","0","1","0","1","0","0"
"POINT (9.692561103000060 52.398585682000032)","Unfall 197659 (2020) Kat:3, Licht: 0","197659","3","6","2","09","18","2","0","0","1","0","0","0"
"POINT (9.761094889000049 52.365886275000037)","Unfall 197660 (2020) Kat:2, Licht: 0","197660","2","3","5","09","17","2","0","0","1","1","0","0"
"POINT (9.817556005000029 52.399791048000054)","Unfall 197662 (2020) Kat:3, Licht: 0","197662","3","3","5","09","08","2","0","0","0","1","0","0"
"POINT (9.712321351000071 52.366956603000062)","Unfall 197663 (2020) Kat:3, Licht: 2","197663","3","1","0","09","01","2","1","2","1","1","0","0"
"POINT (9.734313955000062 52.374252038000066)","Unfall 197669 (2020) Kat:3, Licht: 0","197669","3","6","2","09","18","4","0","0","1","1","0","0"
"POINT (9.689466005000043 52.364208953000059)","Unfall 197673 (2020) Kat:3, Licht: 0","197673","3","2","2","09","10","4","0","0","0","1","0","0"
"POINT (9.762926993000065 52.407951151000077)","Unfall 197678 (2020) Kat:3, Licht: 0","197678","3","3","5","09","15","4","0","0","1","0","0","0"
"POINT (9.753296565000028 52.359720598000081)","Unfall 197680 (2020) Kat:3, Licht: 2","197680","3","7","0","09","19","4","0","2","1","0","0","0"
"POINT (9.754330255000070 52.410322907000079)","Unfall 197684 (2020) Kat:3, Licht: 0","197684","3","2","2","09","16","4","0","0","0","1","0","1"
"POINT (9.737721900000054 52.394510941000078)","Unfall 197694 (2020) Kat:3, Licht: 0","197694","3","3","5","09","14","1","0","0","1","0","0","0"
"POINT (9.850868620000028 52.412954826000032)","Unfall 197696 (2020) Kat:3, Licht: 0","197696","3","1","0","09","13","1","0","0","0","0","0","1"
"POINT (9.770892614000047 52.400570539000057)","Unfall 197697 (2020) Kat:3, Licht: 0","197697","3","6","6","09","11","1","0","0","1","0","1","0"
"POINT (9.719780204000074 52.359466872000041)","Unfall 197731 (2020) Kat:3, Licht: 0","197731","3","1","1","09","10","7","1","0","1","1","0","0"
"POINT (9.739425418000053 52.380797250000057)","Unfall 197732 (2020) Kat:3, Licht: 0","197732","3","1","0","09","14","7","1","0","0","0","0","1"
"POINT (9.739812778000044 52.372997757000064)","Unfall 197737 (2020) Kat:3, Licht: 0","197737","3","5","1","09","18","7","1","0","1","1","0","0"
"POINT (9.736861993000048 52.376716230000056)","Unfall 197741 (2020) Kat:3, Licht: 0","197741","3","6","3","09","14","7","0","0","0","1","0","0"
"POINT (9.722128948000034 52.376868985000044)","Unfall 197787 (2020) Kat:3, Licht: 2","197787","3","3","5","09","21","6","0","2","0","1","0","1"
"POINT (9.756413945000077 52.390669470000034)","Unfall 197788 (2020) Kat:3, Licht: 0","197788","3","3","5","09","11","6","1","0","0","0","0","1"
"POINT (9.740189562000069 52.375841247000039)","Unfall 197798 (2020) Kat:3, Licht: 0","197798","3","7","0","09","13","6","0","0","1","0","0","0"
"POINT (9.693087900000023 52.366262402000075)","Unfall 197803 (2020) Kat:3, Licht: 1","197803","3","1","0","09","18","3","0","1","1","0","0","0"
"POINT (9.760235619000071 52.356361021000055)","Unfall 197822 (2020) Kat:3, Licht: 0","197822","3","2","3","09","08","3","0","0","1","1","0","0"
"POINT (9.773308062000069 52.365418243000079)","Unfall 197826 (2020) Kat:3, Licht: 0","197826","3","2","3","09","09","3","0","0","1","1","0","0"
"POINT (9.729798240000037 52.392530288000046)","Unfall 197829 (2020) Kat:3, Licht: 0","197829","3","2","2","09","17","3","0","0","0","1","0","0"
"POINT (9.730484394000030 52.391251550000050)","Unfall 197833 (2020) Kat:3, Licht: 0","197833","3","6","2","09","13","3","0","0","0","1","0","0"
"POINT (9.859650575000046 52.396290210000075)","Unfall 197838 (2020) Kat:3, Licht: 2","197838","3","3","5","09","05","3","1","2","1","1","0","0"
"POINT (9.822492600000032 52.400345802000061)","Unfall 197847 (2020) Kat:3, Licht: 1","197847","3","2","4","09","19","5","1","1","1","1","0","0"
"POINT (9.723445096000035 52.371396721000053)","Unfall 197848 (2020) Kat:3, Licht: 0","197848","3","3","5","09","16","5","1","0","1","1","0","0"
"POINT (9.741271606000055 52.395746204000034)","Unfall 197849 (2020) Kat:3, Licht: 1","197849","3","5","1","09","05","5","0","1","1","1","0","0"
"POINT (9.788926879000030 52.359013650000065)","Unfall 197850 (2020) Kat:3, Licht: 0","197850","3","6","2","09","07","3","0","0","0","1","0","1"
"POINT (9.704654357000038 52.376924308000071)","Unfall 197853 (2020) Kat:3, Licht: 0","197853","3","7","6","09","16","5","1","0","0","1","1","0"
"POINT (9.740696609000054 52.404633871000044)","Unfall 197854 (2020) Kat:3, Licht: 0","197854","3","3","5","09","16","5","1","0","1","1","0","0"
"POINT (9.820507768000027 52.351787032000061)","Unfall 197856 (2020) Kat:3, Licht: 0","197856","3","2","5","09","10","5","0","0","1","1","0","0"
"POINT (9.762784977000024 52.363529284000037)","Unfall 197859 (2020) Kat:3, Licht: 1","197859","3","1","1","09","20","3","0","1","1","1","0","0"
"POINT (9.750848263000023 52.375594937000074)","Unfall 197862 (2020) Kat:3, Licht: 0","197862","3","2","5","09","17","3","0","0","1","1","0","0"
"POINT (9.746271520000050 52.354291443000079)","Unfall 197866 (2020) Kat:3, Licht: 0","197866","3","2","5","09","16","3","0","0","1","0","0","0"
"POINT (9.813370509000038 52.389675179000051)","Unfall 197898 (2020) Kat:3, Licht: 0","197898","3","4","6","09","13","3","0","0","0","1","1","0"
"POINT (9.749865793000026 52.372492753000074)","Unfall 197900 (2020) Kat:3, Licht: 0","197900","3","7","0","09","16","5","0","0","1","0","0","0"
"POINT (9.680994136000038 52.349685115000057)","Unfall 197905 (2020) Kat:3, Licht: 0","197905","3","5","1","09","11","7","0","0","1","1","0","0"
"POINT (9.765807606000067 52.382693327000027)","Unfall 197915 (2020) Kat:3, Licht: 0","197915","3","5","1","09","13","5","0","0","0","1","0","0"
"POINT (9.747241020000047 52.387464139000031)","Unfall 197923 (2020) Kat:3, Licht: 0","197923","3","5","1","09","08","5","0","0","1","1","0","0"
"POINT (9.770240647000037 52.383816675000048)","Unfall 197926 (2020) Kat:2, Licht: 0","197926","2","7","3","09","19","2","0","0","1","0","0","0"
"POINT (9.756464748000042 52.341364633000069)","Unfall 197930 (2020) Kat:3, Licht: 2","197930","3","3","5","09","05","6","0","2","1","1","0","0"
"POINT (9.749631335000061 52.385692921000043)","Unfall 197945 (2020) Kat:3, Licht: 0","197945","3","2","5","09","12","3","0","0","0","1","0","1"
"POINT (9.764414102000046 52.333910046000028)","Unfall 197955 (2020) Kat:3, Licht: 0","197955","3","7","0","09","15","7","0","0","1","0","0","0"
"POINT (9.751126171000067 52.379262650000044)","Unfall 197979 (2020) Kat:3, Licht: 0","197979","3","1","0","09","13","6","0","0","1","0","0","0"
"POINT (9.812819848000061 52.380153683000060)","Unfall 197983 (2020) Kat:3, Licht: 2","197983","3","2","5","09","21","3","0","2","0","1","0","1"
"POINT (9.724402599000030 52.385461701000054)","Unfall 197994 (2020) Kat:3, Licht: 0","197994","3","7","1","09","15","6","0","0","1","1","0","0"
"POINT (9.820572333000030 52.402109555000038)","Unfall 197995 (2020) Kat:3, Licht: 0","197995","3","3","5","09","19","2","0","0","1","1","0","0"
"POINT (9.705643718000033 52.402124998000033)","Unfall 198010 (2020) Kat:3, Licht: 0","198010","3","4","6","09","12","7","0","0","1","0","1","0"
"POINT (9.791173583000045 52.396893829000078)","Unfall 198020 (2020) Kat:3, Licht: 0","198020","3","6","2","09","18","6","0","0","0","1","0","0"
"POINT (9.778523768000071 52.401786634000075)","Unfall 198033 (2020) Kat:3, Licht: 2","198033","3","7","0","09","05","6","0","2","0","1","1","0"
"POINT (9.739596238000047 52.381181402000038)","Unfall 198037 (2020) Kat:3, Licht: 0","198037","3","3","5","09","14","3","0","0","1","1","0","0"
"POINT (9.747427040000048 52.352859766000051)","Unfall 198048 (2020) Kat:3, Licht: 0","198048","3","7","0","09","08","6","0","0","1","0","0","0"
"POINT (9.785962069000050 52.397980683000071)","Unfall 198049 (2020) Kat:3, Licht: 0","198049","3","1","0","09","14","2","0","0","1","0","0","0"
"POINT (9.693289592000042 52.392359150000061)","Unfall 198062 (2020) Kat:3, Licht: 0","198062","3","2","5","09","16","4","0","0","1","1","0","0"
"POINT (9.712234646000070 52.381643638000071)","Unfall 198063 (2020) Kat:3, Licht: 0","198063","3","6","3","09","15","7","0","0","1","0","0","0"
"POINT (9.731164619000026 52.407204022000030)","Unfall 198064 (2020) Kat:3, Licht: 0","198064","3","3","5","09","18","4","0","0","1","0","0","0"
"POINT (9.724298300000044 52.385648568000079)","Unfall 198067 (2020) Kat:3, Licht: 0","198067","3","7","5","09","08","4","0","0","1","1","0","0"
"POINT (9.750550991000068 52.375301667000031)","Unfall 198071 (2020) Kat:3, Licht: 0","198071","3","6","2","09","12","4","0","0","0","1","0","0"
"POINT (9.656992558000070 52.415538766000054)","Unfall 198081 (2020) Kat:2, Licht: 2","198081","2","1","9","09","22","1","0","2","0","0","0","1"
"POINT (9.743428463000043 52.389653936000059)","Unfall 198087 (2020) Kat:3, Licht: 0","198087","3","3","5","09","14","4","0","0","1","1","0","0"
"POINT (9.733810386000073 52.384690844000033)","Unfall 198088 (2020) Kat:3, Licht: 0","198088","3","3","5","09","08","6","0","0","0","1","0","0"
"POINT (9.787067368000066 52.410129347000066)","Unfall 198089 (2020) Kat:3, Licht: 0","198089","3","2","4","09","18","2","0","0","1","1","0","0"
"POINT (9.719707144000040 52.368282897000029)","Unfall 198090 (2020) Kat:3, Licht: 0","198090","3","2","5","09","10","4","0","0","1","1","0","0"
"POINT (9.713823361000038 52.371126238000045)","Unfall 198102 (2020) Kat:2, Licht: 2","198102","2","7","0","09","23","6","0","2","1","0","0","0"
"POINT (9.694345696000028 52.403838372000052)","Unfall 198103 (2020) Kat:2, Licht: 2","198103","2","5","1","09","22","2","0","2","0","1","0","0"
"POINT (9.771395068000061 52.354096654000045)","Unfall 198116 (2020) Kat:3, Licht: 0","198116","3","6","4","09","18","7","0","0","1","0","0","0"
"POINT (9.719799953000063 52.375116968000043)","Unfall 198125 (2020) Kat:3, Licht: 0","198125","3","2","5","09","16","6","0","0","1","1","0","0"
"POINT (9.746118362000061 52.383454918000041)","Unfall 198136 (2020) Kat:3, Licht: 0","198136","3","1","0","09","10","6","0","0","1","0","0","0"
"POINT (9.724574241000028 52.369854754000073)","Unfall 198140 (2020) Kat:3, Licht: 0","198140","3","7","0","09","10","3","0","0","1","0","0","0"
"POINT (9.755820583000059 52.371567797000068)","Unfall 198150 (2020) Kat:3, Licht: 0","198150","3","5","1","09","12","6","0","0","1","1","0","0"
"POINT (9.809666440000058 52.404902676000063)","Unfall 198153 (2020) Kat:3, Licht: 1","198153","3","6","6","09","19","1","0","1","1","0","1","0"
"POINT (9.693725317000030 52.392327842000043)","Unfall 198162 (2020) Kat:3, Licht: 0","198162","3","4","6","09","17","5","0","0","0","1","1","0"
"POINT (9.739911069000073 52.366597275000061)","Unfall 198166 (2020) Kat:2, Licht: 0","198166","2","2","5","09","14","5","0","0","0","1","0","1"
"POINT (9.616007684000067 52.418862126000079)","Unfall 198168 (2020) Kat:3, Licht: 0","198168","3","2","5","09","13","5","0","0","1","1","0","0"
"POINT (9.753336816000058 52.376615957000070)","Unfall 198170 (2020) Kat:3, Licht: 0","198170","3","3","0","09","11","3","0","0","0","1","0","0"
"POINT (9.753408224000054 52.382282432000068)","Unfall 198171 (2020) Kat:3, Licht: 1","198171","3","6","2","09","19","2","0","1","0","1","0","1"
"POINT (9.729272554000033 52.393060044000038)","Unfall 198172 (2020) Kat:3, Licht: 0","198172","3","3","0","09","14","5","0","0","0","1","0","1"
"POINT (9.690682256000059 52.346085743000060)","Unfall 198175 (2020) Kat:3, Licht: 0","198175","3","2","6","09","13","2","0","0","0","1","1","0"
"POINT (9.726581368000041 52.352882155000032)","Unfall 198192 (2020) Kat:3, Licht: 0","198192","3","3","5","09","14","3","0","0","0","1","0","0"
"POINT (9.695588275000034 52.408367150000061)","Unfall 198212 (2020) Kat:3, Licht: 0","198212","3","3","0","09","13","1","0","0","1","1","0","0"
"POINT (9.737647779000042 52.381784197000059)","Unfall 198213 (2020) Kat:3, Licht: 2","198213","3","6","2","09","20","1","0","2","0","1","0","1"
"POINT (9.750966402000074 52.348367216000042)","Unfall 198215 (2020) Kat:3, Licht: 0","198215","3","6","2","09","14","1","0","0","1","0","0","0"
"POINT (9.739305751000075 52.376840192000031)","Unfall 198217 (2020) Kat:3, Licht: 0","198217","3","7","0","09","18","1","0","0","1","0","0","0"
"POINT (9.784525731000031 52.389805419000027)","Unfall 198219 (2020) Kat:2, Licht: 0","198219","2","1","7","09","13","1","0","0","0","0","0","1"
"POINT (9.710921623000047 52.374561946000028)","Unfall 198223 (2020) Kat:3, Licht: 0","198223","3","3","5","09","08","3","0","0","0","1","0","0"
"POINT (9.760397733000048 52.410556141000029)","Unfall 198230 (2020) Kat:3, Licht: 0","198230","3","3","5","09","07","3","0","0","1","1","0","0"
"POINT (9.651900210000065 52.417121451000071)","Unfall 198261 (2020) Kat:3, Licht: 2","198261","3","3","5","09","21","3","0","2","1","1","0","0"
"POINT (9.717546765000066 52.351115701000026)","Unfall 198262 (2020) Kat:3, Licht: 0","198262","3","2","5","09","16","7","0","0","1","1","0","0"
"POINT (9.749645445000056 52.364087869000059)","Unfall 198267 (2020) Kat:3, Licht: 2","198267","3","7","0","09","20","7","0","2","1","0","0","0"
"POINT (9.749457957000061 52.341768783000077)","Unfall 198273 (2020) Kat:3, Licht: 0","198273","3","1","7","09","17","3","0","0","1","0","0","0"
"POINT (9.743614435000040 52.374791146000064)","Unfall 198313 (2020) Kat:3, Licht: 0","198313","3","1","0","09","13","3","0","0","0","0","0","0"
"POINT (9.799000519000060 52.376527094000039)","Unfall 198322 (2020) Kat:3, Licht: 0","198322","3","2","3","09","15","4","0","0","1","1","0","0"
"POINT (9.721229909000044 52.383359263000045)","Unfall 198324 (2020) Kat:3, Licht: 0","198324","3","3","0","09","15","4","0","0","1","1","0","0"
"POINT (9.855124857000021 52.365472002000047)","Unfall 198328 (2020) Kat:3, Licht: 0","198328","3","5","1","09","08","4","0","0","0","1","0","0"
"POINT (9.765344342000049 52.373596570000075)","Unfall 198331 (2020) Kat:3, Licht: 1","198331","3","7","9","09","19","4","0","1","1","1","0","0"
"POINT (9.720776173000047 52.390100178000068)","Unfall 198332 (2020) Kat:3, Licht: 0","198332","3","5","0","09","09","6","0","0","1","1","0","0"
"POINT (9.726119358000062 52.377209467000057)","Unfall 198333 (2020) Kat:3, Licht: 0","198333","3","3","5","09","12","6","0","0","1","1","0","0"
"POINT (9.770133986000076 52.372767878000047)","Unfall 198334 (2020) Kat:3, Licht: 0","198334","3","7","7","09","08","4","0","0","1","0","0","0"
"POINT (9.719573295000032 52.368516413000066)","Unfall 198335 (2020) Kat:3, Licht: 0","198335","3","4","6","09","14","6","0","0","1","0","1","0"
"POINT (9.617041642000061 52.417763397000044)","Unfall 198336 (2020) Kat:2, Licht: 0","198336","2","1","0","09","17","3","0","0","1","0","0","0"
"POINT (9.734793380000042 52.399280932000067)","Unfall 198341 (2020) Kat:3, Licht: 0","198341","3","2","2","09","17","6","0","0","0","1","0","1"
"POINT (9.670731976000070 52.368347456000038)","Unfall 198342 (2020) Kat:3, Licht: 0","198342","3","6","2","09","13","6","0","0","0","1","0","0"
"POINT (9.732455849000075 52.379154523000068)","Unfall 198343 (2020) Kat:3, Licht: 0","198343","3","3","5","09","18","4","0","0","1","1","0","0"
"POINT (9.765976619000071 52.359415277000039)","Unfall 198344 (2020) Kat:3, Licht: 0","198344","3","3","5","09","14","6","0","0","1","1","0","0"
"POINT (9.834631767000076 52.339645665000035)","Unfall 198378 (2020) Kat:3, Licht: 0","198378","3","2","5","09","13","3","0","0","1","1","0","0"
"POINT (9.715024416000063 52.412378037000053)","Unfall 198385 (2020) Kat:3, Licht: 0","198385","3","3","5","09","16","3","0","0","1","1","0","0"
"POINT (9.704911308000021 52.374337610000055)","Unfall 198409 (2020) Kat:3, Licht: 0","198409","3","1","0","09","17","5","0","0","1","0","0","0"
"POINT (9.783761181000045 52.326589127000034)","Unfall 198411 (2020) Kat:3, Licht: 0","198411","3","3","5","09","09","5","0","0","0","1","0","1"
"POINT (9.733810386000073 52.384690844000033)","Unfall 198413 (2020) Kat:3, Licht: 0","198413","3","3","5","09","13","5","0","0","1","1","0","0"
"POINT (9.726184406000073 52.388281196000037)","Unfall 198415 (2020) Kat:3, Licht: 0","198415","3","6","2","09","14","3","0","0","0","1","0","0"
"POINT (9.855501807000053 52.392472817000055)","Unfall 198422 (2020) Kat:2, Licht: 2","198422","2","6","2","09","21","7","1","2","0","1","0","0"
"POINT (9.791863205000027 52.375472106000075)","Unfall 198435 (2020) Kat:3, Licht: 0","198435","3","3","5","09","15","2","0","0","1","1","0","0"
"POINT (9.734319115000062 52.376751140000067)","Unfall 198439 (2020) Kat:3, Licht: 1","198439","3","1","0","09","19","2","0","1","1","0","0","0"
"POINT (9.733418182000037 52.384414847000073)","Unfall 198444 (2020) Kat:3, Licht: 2","198444","3","2","5","09","04","3","0","2","0","1","0","0"
"POINT (9.733892501000071 52.378172468000059)","Unfall 198446 (2020) Kat:3, Licht: 1","198446","3","3","5","09","18","5","0","1","1","1","0","0"
"POINT (9.750597299000049 52.369703509000033)","Unfall 198450 (2020) Kat:3, Licht: 0","198450","3","6","0","09","13","7","1","0","1","1","0","0"
"POINT (9.838664890000075 52.341982684000072)","Unfall 198462 (2020) Kat:3, Licht: 0","198462","3","3","5","09","10","7","0","0","0","1","0","0"
"POINT (9.746647122000070 52.381191865000062)","Unfall 198467 (2020) Kat:3, Licht: 0","198467","3","1","0","09","12","6","0","0","1","0","0","0"
"POINT (9.705895321000071 52.372083268000040)","Unfall 198468 (2020) Kat:3, Licht: 2","198468","3","4","6","09","20","4","0","2","0","1","1","0"
"POINT (9.795092974000056 52.375361139000063)","Unfall 198471 (2020) Kat:3, Licht: 0","198471","3","1","9","09","14","4","0","0","1","0","0","0"
"POINT (9.678021078000029 52.395762581000042)","Unfall 198475 (2020) Kat:3, Licht: 0","198475","3","2","4","09","14","4","0","0","0","1","0","1"
"POINT (9.747332575000030 52.378010100000040)","Unfall 198478 (2020) Kat:3, Licht: 1","198478","3","7","0","09","19","4","0","1","0","0","0","1"
"POINT (9.732654520000040 52.375440013000059)","Unfall 198482 (2020) Kat:3, Licht: 0","198482","3","7","0","09","12","1","0","0","1","1","0","0"
"POINT (9.794011852000040 52.403876242000081)","Unfall 198486 (2020) Kat:3, Licht: 1","198486","3","7","0","09","18","3","0","1","1","0","0","0"
"POINT (9.778646333000040 52.400498248000076)","Unfall 198494 (2020) Kat:3, Licht: 0","198494","3","5","1","09","17","3","0","0","1","1","0","0"
"POINT (9.763101668000047 52.405152180000073)","Unfall 198497 (2020) Kat:3, Licht: 0","198497","3","4","6","09","17","5","0","0","1","0","1","0"
"POINT (9.859875108000040 52.391480820000027)","Unfall 198503 (2020) Kat:3, Licht: 1","198503","3","7","0","09","07","2","0","1","1","0","0","0"
"POINT (9.754755670000066 52.360273932000041)","Unfall 198504 (2020) Kat:3, Licht: 2","198504","3","7","1","09","04","4","0","2","0","1","0","0"
"POINT (9.722422506000044 52.372944542000027)","Unfall 198506 (2020) Kat:3, Licht: 2","198506","3","7","0","09","00","4","0","2","1","0","0","0"
"POINT (9.720774643000027 52.390937694000058)","Unfall 198508 (2020) Kat:3, Licht: 2","198508","3","7","0","09","05","4","1","2","1","0","0","0"
"POINT (9.747454046000030 52.378836248000027)","Unfall 198511 (2020) Kat:3, Licht: 2","198511","3","1","9","09","22","4","0","2","1","0","0","0"
"POINT (9.693838161000031 52.400620774000060)","Unfall 198514 (2020) Kat:2, Licht: 0","198514","2","2","6","09","11","4","0","0","0","1","1","0"
"POINT (9.690529355000024 52.335055311000076)","Unfall 198516 (2020) Kat:3, Licht: 2","198516","3","7","6","09","20","7","1","2","0","1","1","0"
"POINT (9.699334928000042 52.391653030000043)","Unfall 198517 (2020) Kat:2, Licht: 0","198517","2","4","6","09","11","6","0","0","0","1","1","0"
"POINT (9.803848513000048 52.391413465000028)","Unfall 198518 (2020) Kat:3, Licht: 0","198518","3","6","2","09","09","5","1","0","0","1","0","0"
"POINT (9.752313582000056 52.377716611000039)","Unfall 198519 (2020) Kat:3, Licht: 0","198519","3","6","3","09","10","4","0","0","1","0","0","0"
"POINT (9.700294206000024 52.375583230000075)","Unfall 198522 (2020) Kat:3, Licht: 0","198522","3","7","0","09","07","4","0","0","1","0","0","0"
"POINT (9.773717858000055 52.400382035000064)","Unfall 198527 (2020) Kat:3, Licht: 0","198527","3","6","2","09","10","7","0","0","1","0","0","0"
"POINT (9.693609484000035 52.391807010000036)","Unfall 198531 (2020) Kat:3, Licht: 0","198531","3","7","0","09","17","4","0","0","1","0","0","0"
"POINT (9.683125713000038 52.393693444000064)","Unfall 198539 (2020) Kat:3, Licht: 2","198539","3","7","5","09","06","3","0","2","1","0","0","1"
"POINT (9.670449222000059 52.358981914000026)","Unfall 198542 (2020) Kat:3, Licht: 0","198542","3","4","6","09","15","2","0","0","1","0","1","0"
"POINT (9.717225224000060 52.345841992000032)","Unfall 198546 (2020) Kat:3, Licht: 0","198546","3","1","0","09","16","2","0","0","0","0","0","0"
"POINT (9.774478350000038 52.371145098000056)","Unfall 198551 (2020) Kat:3, Licht: 0","198551","3","3","5","09","09","3","0","0","0","1","0","0"
"POINT (9.768682596000076 52.356596010000032)","Unfall 198554 (2020) Kat:3, Licht: 2","198554","3","1","0","09","21","5","0","2","1","0","0","0"
"POINT (9.724786603000041 52.396424491000062)","Unfall 198560 (2020) Kat:3, Licht: 0","198560","3","7","0","09","17","6","0","0","1","0","0","0"
"POINT (9.762926993000065 52.407951151000077)","Unfall 198569 (2020) Kat:3, Licht: 2","198569","3","1","7","09","21","7","1","2","0","1","0","0"
"POINT (9.731263780000063 52.376026541000044)","Unfall 198576 (2020) Kat:3, Licht: 0","198576","3","3","5","09","11","4","0","0","1","0","0","0"
"POINT (9.719486044000064 52.362425625000071)","Unfall 198581 (2020) Kat:2, Licht: 2","198581","2","1","0","09","00","7","0","2","1","0","0","0"
"POINT (9.762534426000059 52.340825917000075)","Unfall 198599 (2020) Kat:3, Licht: 0","198599","3","3","5","09","18","2","0","0","0","1","0","0"
"POINT (9.708684299000026 52.370451458000048)","Unfall 198604 (2020) Kat:3, Licht: 0","198604","3","3","5","09","07","3","0","0","0","1","0","1"
"POINT (9.744459754000047 52.374439374000076)","Unfall 198606 (2020) Kat:3, Licht: 0","198606","3","2","4","09","09","5","0","0","0","1","0","0"
"POINT (9.792603811000049 52.413082871000029)","Unfall 198611 (2020) Kat:3, Licht: 0","198611","3","6","4","09","11","2","0","0","1","1","0","0"
"POINT (9.658658427000034 52.429498996000063)","Unfall 198617 (2020) Kat:3, Licht: 2","198617","3","6","2","09","06","4","1","2","0","1","0","1"