WKT,Name,OBJECTID,UKATEGORIE,UTYP1,UART,UMONAT,USTUNDE,UWOCHENTAG,STRZUSTAND,ULICHTVERH,ISTRAD,ISTPKW,ISTFUSS,ISTKRAD
"POINT (9.773280192000073 52.375792591000049)","Unfall 198622 (2020) Kat:3, Licht: 1","198622","3","6","4","09","18","7","1","1","0","1","0","1"
"POINT (9.711771197000076 52.360796641000036)","Unfall 198624 (2020) Kat:3, Licht: 2","198624","3","2","5","09","21","7","1","2","1","0","0","0"
"POINT (9.790691093000021 52.349367865000033)","Unfall 198626 (2020) Kat:3, Licht: 0","198626","3","6","2","09","16","4","0","0","0","1","0","0"
"POINT (9.726887295000040 52.352053413000078)","Unfall 198634 (2020) Kat:3, Licht: 0","198634","3","6","4","09","16","2","0","0","1","0","0","0"
"POINT (9.728567911000027 52.394601465000051)","Unfall 198638 (2020) Kat:3, Licht: 2","198638","3","3","5","09","23","4","0","2","0","1","0","0"
"POINT (9.735797829000035 52.362568287000045)","Unfall 198645 (2020) Kat:2, Licht: 0","198645","2","7","0","09","09","3","0","0","0","1","0","1"
"POINT (9.726312126000039 52.388376897000057)","Unfall 198660 (2020) Kat:3, Licht: 2","198660","3","2","5","09","04","2","1","2","1","1","0","0"
"POINT (9.783347291000041 52.323219561000030)","Unfall 198664 (2020) Kat:3, Licht: 0","198664","3","7","0","09","12","6","0","0","1","0","1","0"
"POINT (9.733849435000025 52.369348010000067)","Unfall 198665 (2020) Kat:3, Licht: 0","198665","3","6","2","09","19","4","0","0","0","1","0","0"
"POINT (9.722143986000049 52.376847195000039)","Unfall 198674 (2020) Kat:3, Licht: 0","198674","3","3","5","09","12","7","0","0","1","1","0","0"
"POINT (9.751993536000043 52.372921605000045)","Unfall 198683 (2020) Kat:3, Licht: 0","198683","3","2","5","10","08","4","1","0","1","1","0","0"
"POINT (9.713715828000034 52.385457550000069)","Unfall 198685 (2020) Kat:3, Licht: 0","198685","3","7","0","10","16","4","1","0","1","0","0","0"
"POINT (9.743975009000053 52.390469728000028)","Unfall 198686 (2020) Kat:3, Licht: 0","198686","3","2","5","10","10","4","1","0","1","1","0","0"
"POINT (9.743753220000031 52.357032025000080)","Unfall 198688 (2020) Kat:3, Licht: 2","198688","3","3","5","10","06","4","1","2","1","1","0","0"
"POINT (9.744402818000026 52.370734147000064)","Unfall 198707 (2020) Kat:3, Licht: 0","198707","3","3","5","10","11","5","1","0","1","1","0","0"
"POINT (9.720017356000028 52.397031807000076)","Unfall 198715 (2020) Kat:3, Licht: 0","198715","3","3","5","10","08","4","1","0","1","1","0","0"
"POINT (9.744348167000055 52.374456381000073)","Unfall 198727 (2020) Kat:3, Licht: 2","198727","3","2","5","10","19","4","1","2","1","1","0","0"
"POINT (9.705393384000047 52.367057918000057)","Unfall 198738 (2020) Kat:3, Licht: 0","198738","3","1","0","10","15","4","1","0","0","0","0","1"
"POINT (9.753555232000053 52.369412127000032)","Unfall 198751 (2020) Kat:3, Licht: 0","198751","3","3","5","10","07","3","1","0","0","1","0","0"
"POINT (9.716153495000071 52.399570491000077)","Unfall 198752 (2020) Kat:3, Licht: 0","198752","3","3","5","10","08","3","1","0","0","1","0","0"
"POINT (9.673689733000060 52.365305012000078)","Unfall 198754 (2020) Kat:3, Licht: 0","198754","3","2","0","10","08","3","1","0","1","0","0","0"
"POINT (9.740954114000033 52.404663890000052)","Unfall 198755 (2020) Kat:3, Licht: 0","198755","3","2","0","10","10","3","1","0","1","1","0","0"
"POINT (9.727894533000040 52.389588157000048)","Unfall 198757 (2020) Kat:2, Licht: 0","198757","2","1","8","10","10","3","1","0","1","0","0","0"
"POINT (9.782591496000066 52.398526172000061)","Unfall 198778 (2020) Kat:3, Licht: 0","198778","3","6","2","10","09","4","1","0","0","1","0","0"
"POINT (9.758764052000061 52.341313648000039)","Unfall 198781 (2020) Kat:3, Licht: 1","198781","3","3","5","10","18","4","1","1","0","1","0","0"
"POINT (9.741727724000043 52.398598960000072)","Unfall 198789 (2020) Kat:3, Licht: 0","198789","3","6","2","10","14","4","1","0","0","1","0","0"
"POINT (9.701459093000040 52.408710437000082)","Unfall 198798 (2020) Kat:3, Licht: 2","198798","3","3","5","10","05","5","0","2","0","1","0","0"
"POINT (9.736056546000043 52.368485157000066)","Unfall 198800 (2020) Kat:3, Licht: 0","198800","3","1","0","10","16","5","0","0","0","0","0","0"
"POINT (9.688789674000077 52.363580980000052)","Unfall 198802 (2020) Kat:3, Licht: 0","198802","3","3","5","10","17","5","0","0","1","1","0","0"
"POINT (9.679698195000071 52.416137290000052)","Unfall 198810 (2020) Kat:3, Licht: 0","198810","3","2","0","10","11","5","0","0","0","1","0","1"
"POINT (9.739963265000029 52.369098468000061)","Unfall 198812 (2020) Kat:3, Licht: 0","198812","3","3","0","10","11","2","0","0","1","1","0","0"
"POINT (9.744236705000049 52.373334870000065)","Unfall 198814 (2020) Kat:3, Licht: 0","198814","3","1","0","10","10","2","1","0","1","0","0","0"
"POINT (9.862816312000064 52.370391920000031)","Unfall 198816 (2020) Kat:3, Licht: 0","198816","3","2","4","10","07","2","0","0","0","0","0","1"
"POINT (9.719627953000043 52.366476138000053)","Unfall 198817 (2020) Kat:3, Licht: 2","198817","3","1","0","10","21","2","0","2","1","0","0","0"
"POINT (9.740876733000050 52.410718324000072)","Unfall 198819 (2020) Kat:3, Licht: 0","198819","3","6","2","10","09","2","1","0","0","1","0","1"
"POINT (9.749833308000063 52.389378482000041)","Unfall 198821 (2020) Kat:3, Licht: 0","198821","3","6","4","10","17","2","0","0","1","0","0","0"
"POINT (9.753928072000065 52.386217900000076)","Unfall 198824 (2020) Kat:3, Licht: 2","198824","3","7","0","10","07","4","1","2","1","0","0","0"
"POINT (9.663768834000052 52.379950278000081)","Unfall 198831 (2020) Kat:2, Licht: 0","198831","2","4","6","10","07","2","0","0","0","1","1","0"
"POINT (9.759558892000030 52.364385869000046)","Unfall 198832 (2020) Kat:3, Licht: 0","198832","3","5","1","10","12","2","0","0","1","0","0","0"
"POINT (9.752963502000057 52.388640282000040)","Unfall 198848 (2020) Kat:3, Licht: 0","198848","3","2","5","10","18","1","0","0","1","1","0","0"
"POINT (9.740817027000048 52.376336127000059)","Unfall 198852 (2020) Kat:3, Licht: 2","198852","3","7","6","10","00","1","0","2","0","0","1","0"
"POINT (9.744234225000071 52.373318496000081)","Unfall 198885 (2020) Kat:3, Licht: 1","198885","3","1","0","10","18","7","1","1","1","1","0","0"
"POINT (9.823897936000037 52.383464712000034)","Unfall 198886 (2020) Kat:3, Licht: 0","198886","3","3","5","10","14","4","1","0","0","1","0","0"
"POINT (9.757954386000051 52.373629712000081)","Unfall 198888 (2020) Kat:2, Licht: 0","198888","2","4","6","10","17","7","0","0","0","1","1","0"
"POINT (9.706664254000032 52.390973697000049)","Unfall 198891 (2020) Kat:3, Licht: 2","198891","3","1","8","10","00","7","0","2","1","0","0","0"
"POINT (9.723449362000054 52.342456395000056)","Unfall 198900 (2020) Kat:3, Licht: 2","198900","3","6","3","10","18","4","1","2","1","0","0","0"
"POINT (9.734148028000050 52.381285623000053)","Unfall 198935 (2020) Kat:3, Licht: 1","198935","3","3","5","10","20","6","0","1","0","1","0","1"
"POINT (9.750830689000054 52.375425318000055)","Unfall 198936 (2020) Kat:3, Licht: 0","198936","3","2","3","10","18","6","0","0","1","1","0","0"
"POINT (9.720130846000075 52.354778526000075)","Unfall 198938 (2020) Kat:3, Licht: 0","198938","3","6","4","10","06","6","0","0","1","0","0","0"
"POINT (9.800146255000072 52.406073092000042)","Unfall 198942 (2020) Kat:3, Licht: 0","198942","3","6","2","10","16","4","1","0","0","1","0","0"
"POINT (9.652352303000043 52.415364364000027)","Unfall 198944 (2020) Kat:3, Licht: 0","198944","3","2","4","10","18","4","1","0","1","1","0","0"
"POINT (9.656543814000031 52.407361124000033)","Unfall 198947 (2020) Kat:3, Licht: 0","198947","3","2","2","10","14","4","1","0","0","1","0","0"
"POINT (9.741911827000024 52.382326713000054)","Unfall 198952 (2020) Kat:3, Licht: 0","198952","3","1","4","10","13","6","0","0","0","1","0","0"
"POINT (9.738799284000038 52.381636345000061)","Unfall 198954 (2020) Kat:3, Licht: 2","198954","3","6","2","10","21","6","0","2","0","1","0","0"
"POINT (9.692278560000034 52.398137499000029)","Unfall 198959 (2020) Kat:3, Licht: 0","198959","3","2","5","10","14","6","0","0","1","1","0","0"
"POINT (9.749325354000064 52.390300911000054)","Unfall 198960 (2020) Kat:3, Licht: 0","198960","3","7","0","10","16","2","0","0","1","0","0","0"
"POINT (9.692420726000023 52.396654517000059)","Unfall 198961 (2020) Kat:3, Licht: 0","198961","3","3","5","10","09","6","0","0","1","1","0","0"
"POINT (9.823856189000026 52.383452767000051)","Unfall 198964 (2020) Kat:3, Licht: 0","198964","3","1","0","10","10","6","1","0","0","0","0","1"
"POINT (9.787066431000028 52.410120388000053)","Unfall 198966 (2020) Kat:3, Licht: 0","198966","3","3","5","10","12","7","0","0","1","1","0","0"
"POINT (9.756093208000038 52.377516862000050)","Unfall 198971 (2020) Kat:3, Licht: 0","198971","3","3","5","10","07","6","1","0","1","1","0","0"
"POINT (9.750957792000065 52.388976818000060)","Unfall 198988 (2020) Kat:3, Licht: 2","198988","3","6","2","10","23","7","1","2","0","1","0","0"
"POINT (9.717350915000054 52.349024190000080)","Unfall 198998 (2020) Kat:3, Licht: 0","198998","3","2","5","10","11","1","0","0","0","1","0","0"
"POINT (9.743917031000024 52.386868594000077)","Unfall 199002 (2020) Kat:3, Licht: 2","199002","3","7","7","10","20","6","0","2","1","0","0","0"
"POINT (9.752872172000025 52.366929826000046)","Unfall 199004 (2020) Kat:3, Licht: 0","199004","3","5","1","10","11","6","0","0","1","1","0","0"
"POINT (9.709459887000037 52.372764615000051)","Unfall 199008 (2020) Kat:3, Licht: 0","199008","3","1","0","10","13","4","0","0","1","0","0","0"
"POINT (9.772263605000035 52.395540810000057)","Unfall 199014 (2020) Kat:3, Licht: 2","199014","3","3","0","10","05","5","1","2","0","1","0","1"
"POINT (9.784119641000075 52.375614310000060)","Unfall 199024 (2020) Kat:3, Licht: 2","199024","3","3","5","10","18","3","0","2","1","0","0","0"
"POINT (9.784541296000043 52.372533010000041)","Unfall 199047 (2020) Kat:3, Licht: 0","199047","3","1","0","10","12","6","0","0","1","0","0","0"
"POINT (9.745407152000041 52.378747336000060)","Unfall 199048 (2020) Kat:3, Licht: 2","199048","3","3","5","10","00","1","1","2","0","1","0","0"
"POINT (9.813892401000032 52.398966740000049)","Unfall 199050 (2020) Kat:3, Licht: 0","199050","3","2","4","10","07","6","1","0","0","1","0","0"
"POINT (9.753321447000076 52.390230338000038)","Unfall 199053 (2020) Kat:3, Licht: 2","199053","3","3","5","10","23","1","1","2","1","1","0","0"
"POINT (9.774653104000038 52.403866906000076)","Unfall 199056 (2020) Kat:3, Licht: 0","199056","3","4","0","10","14","6","0","0","1","1","1","0"
"POINT (9.791667462000021 52.375308765000057)","Unfall 199061 (2020) Kat:3, Licht: 0","199061","3","1","0","10","08","6","1","0","1","0","0","0"
"POINT (9.710815863000050 52.373174350000056)","Unfall 199079 (2020) Kat:3, Licht: 2","199079","3","3","5","10","05","3","0","2","1","1","0","0"
"POINT (9.721186869000064 52.390348476000042)","Unfall 199092 (2020) Kat:3, Licht: 2","199092","3","1","0","10","19","1","1","2","1","0","0","0"
"POINT (9.758327564000069 52.359282345000054)","Unfall 199094 (2020) Kat:3, Licht: 0","199094","3","1","0","10","12","6","1","0","0","0","0","1"
"POINT (9.718708174000028 52.365325460000065)","Unfall 199101 (2020) Kat:3, Licht: 0","199101","3","6","2","10","13","7","0","0","0","1","0","0"
"POINT (9.732767812000077 52.380058775000066)","Unfall 199109 (2020) Kat:3, Licht: 0","199109","3","2","3","10","13","6","0","0","1","0","0","0"
"POINT (9.686424242000044 52.340612515000032)","Unfall 199112 (2020) Kat:3, Licht: 0","199112","3","1","1","10","17","1","1","0","0","1","0","1"
"POINT (9.832018514000026 52.423341029000028)","Unfall 199115 (2020) Kat:3, Licht: 1","199115","3","6","2","10","16","2","1","1","1","1","0","0"
"POINT (9.739633335000065 52.381203451000033)","Unfall 199118 (2020) Kat:3, Licht: 0","199118","3","3","5","10","12","6","0","0","1","1","0","0"
"POINT (9.749186931000054 52.398494001000074)","Unfall 199121 (2020) Kat:3, Licht: 0","199121","3","6","4","10","13","6","1","0","1","0","0","0"
"POINT (9.743730308000068 52.384833418000028)","Unfall 199133 (2020) Kat:2, Licht: 0","199133","2","7","0","10","11","7","0","0","1","0","0","0"
"POINT (9.710578440000063 52.367320995000057)","Unfall 199147 (2020) Kat:3, Licht: 0","199147","3","3","0","10","15","1","1","0","1","1","0","0"
"POINT (9.750588642000025 52.357830081000031)","Unfall 199154 (2020) Kat:2, Licht: 0","199154","2","1","0","10","08","5","0","0","1","0","0","0"
"POINT (9.698904025000047 52.391711063000059)","Unfall 199161 (2020) Kat:3, Licht: 1","199161","3","4","6","10","18","5","1","1","0","1","1","0"
"POINT (9.720747100000040 52.390469810000070)","Unfall 199168 (2020) Kat:3, Licht: 1","199168","3","6","4","10","18","1","0","1","1","1","0","0"
"POINT (9.741907662000074 52.375709240000049)","Unfall 199170 (2020) Kat:3, Licht: 1","199170","3","3","5","10","18","6","0","1","1","1","0","0"
"POINT (9.618271207000021 52.405760630000032)","Unfall 199174 (2020) Kat:3, Licht: 2","199174","3","3","5","10","05","5","0","2","1","1","0","0"
"POINT (9.694504081000048 52.340628280000033)","Unfall 199180 (2020) Kat:3, Licht: 2","199180","3","3","5","10","18","5","1","2","0","1","0","0"
"POINT (9.736796144000039 52.376888189000056)","Unfall 199182 (2020) Kat:3, Licht: 1","199182","3","3","5","10","20","5","1","1","1","1","0","0"
"POINT (9.835526498000036 52.392498394000029)","Unfall 199184 (2020) Kat:3, Licht: 1","199184","3","3","5","10","18","5","1","1","1","1","0","0"
"POINT (9.659318690000021 52.384539483000026)","Unfall 199187 (2020) Kat:3, Licht: 0","199187","3","2","5","10","15","5","0","0","1","1","0","0"
"POINT (9.808800749000056 52.370456438000076)","Unfall 199190 (2020) Kat:3, Licht: 0","199190","3","2","3","10","14","3","0","0","1","1","0","0"
"POINT (9.748923943000023 52.377429767000081)","Unfall 199192 (2020) Kat:3, Licht: 0","199192","3","1","0","10","17","5","1","0","0","0","0","1"
"POINT (9.748800595000034 52.376023444000054)","Unfall 199195 (2020) Kat:3, Licht: 0","199195","3","2","4","10","17","5","1","0","1","1","0","0"
"POINT (9.745505561000073 52.385723606000056)","Unfall 199200 (2020) Kat:3, Licht: 0","199200","3","5","1","10","13","5","1","0","1","1","0","0"
"POINT (9.752641489000041 52.395078617000081)","Unfall 199205 (2020) Kat:3, Licht: 0","199205","3","6","2","10","11","5","1","0","0","1","0","0"
"POINT (9.746695649000060 52.392630250000082)","Unfall 199208 (2020) Kat:3, Licht: 0","199208","3","2","2","10","09","5","1","0","0","1","0","0"
"POINT (9.757799616000057 52.359609001000081)","Unfall 199256 (2020) Kat:3, Licht: 1","199256","3","5","1","10","07","4","1","1","1","0","0","0"
"POINT (9.655332983000051 52.419703039000069)","Unfall 199261 (2020) Kat:3, Licht: 2","199261","3","3","5","10","07","4","1","2","0","1","0","0"
"POINT (9.727534416000026 52.382366004000062)","Unfall 199263 (2020) Kat:3, Licht: 0","199263","3","3","5","10","15","4","0","0","0","1","0","0"
"POINT (9.713253496000050 52.371455372000071)","Unfall 199265 (2020) Kat:2, Licht: 0","199265","2","1","0","10","14","4","0","0","1","0","0","0"
"POINT (9.732571205000056 52.378492927000082)","Unfall 199267 (2020) Kat:3, Licht: 0","199267","3","3","0","10","16","4","0","0","1","1","0","0"
"POINT (9.652047055000026 52.413151473000028)","Unfall 199268 (2020) Kat:3, Licht: 0","199268","3","3","5","10","16","2","0","0","1","1","0","0"
"POINT (9.715803916000027 52.344888574000038)","Unfall 199269 (2020) Kat:3, Licht: 0","199269","3","2","4","10","14","2","1","0","0","1","0","0"
"POINT (9.731130323000059 52.378687901000035)","Unfall 199271 (2020) Kat:3, Licht: 0","199271","3","2","5","10","08","2","0","0","1","1","0","0"
"POINT (9.716351184000075 52.372486624000032)","Unfall 199272 (2020) Kat:3, Licht: 0","199272","3","6","2","10","10","4","1","0","0","1","0","0"
"POINT (9.744402252000043 52.370734137000056)","Unfall 199273 (2020) Kat:3, Licht: 0","199273","3","3","5","10","16","3","0","0","1","1","0","0"
"POINT (9.781165969000028 52.399859462000052)","Unfall 199274 (2020) Kat:3, Licht: 0","199274","3","6","2","10","15","2","1","0","0","1","0","0"
"POINT (9.739818136000054 52.382943149000027)","Unfall 199276 (2020) Kat:3, Licht: 0","199276","3","4","6","10","15","2","0","0","1","0","1","0"
"POINT (9.739744764000022 52.381034308000039)","Unfall 199277 (2020) Kat:3, Licht: 0","199277","3","6","2","10","15","4","1","0","0","1","0","0"
"POINT (9.737041073000057 52.404574700000069)","Unfall 199278 (2020) Kat:3, Licht: 0","199278","3","3","5","10","09","2","0","0","1","1","0","0"
"POINT (9.744621637000023 52.395166225000082)","Unfall 199280 (2020) Kat:3, Licht: 2","199280","3","7","5","10","17","2","0","2","0","1","0","0"
"POINT (9.759205056000042 52.339070659000072)","Unfall 199282 (2020) Kat:3, Licht: 0","199282","3","1","0","10","08","2","0","0","1","0","0","0"
"POINT (9.741727724000043 52.398598960000072)","Unfall 199283 (2020) Kat:3, Licht: 0","199283","3","7","5","10","07","4","1","0","1","1","0","0"
"POINT (9.730620291000037 52.374880886000028)","Unfall 199284 (2020) Kat:3, Licht: 0","199284","3","7","5","10","13","3","0","0","0","1","0","0"
"POINT (9.811706263000076 52.348053904000039)","Unfall 199285 (2020) Kat:3, Licht: 1","199285","3","1","0","10","06","2","1","1","0","0","0","1"
"POINT (9.772163992000060 52.395508881000069)","Unfall 199288 (2020) Kat:3, Licht: 0","199288","3","1","0","10","16","4","1","0","0","0","0","1"
"POINT (9.690350120000062 52.374689325000077)","Unfall 199290 (2020) Kat:3, Licht: 0","199290","3","7","0","10","15","4","1","0","1","0","0","0"
"POINT (9.769539900000041 52.383510359000070)","Unfall 199294 (2020) Kat:3, Licht: 2","199294","3","7","4","10","06","4","1","2","0","1","0","0"
"POINT (9.689860262000025 52.391763827000034)","Unfall 199306 (2020) Kat:3, Licht: 0","199306","3","7","0","10","11","1","1","0","1","0","0","0"
"POINT (9.738740101000076 52.369316740000045)","Unfall 199307 (2020) Kat:3, Licht: 0","199307","3","6","3","10","12","4","0","0","1","1","0","0"
"POINT (9.706935246000057 52.402303145000076)","Unfall 199317 (2020) Kat:3, Licht: 2","199317","3","3","5","10","17","4","0","2","1","1","0","0"
"POINT (9.714018937000049 52.361105600000030)","Unfall 199325 (2020) Kat:3, Licht: 0","199325","3","6","2","10","08","3","0","0","0","1","0","0"
"POINT (9.819320833000063 52.403829201000065)","Unfall 199344 (2020) Kat:3, Licht: 2","199344","3","7","0","10","23","7","0","2","1","0","0","0"
"POINT (9.731090031000065 52.361938644000077)","Unfall 199347 (2020) Kat:3, Licht: 0","199347","3","6","6","10","12","7","0","0","1","0","1","0"
"POINT (9.728404099000045 52.374058786000035)","Unfall 199349 (2020) Kat:3, Licht: 0","199349","3","2","3","10","14","7","0","0","1","1","0","0"
"POINT (9.781018472000028 52.398303935000058)","Unfall 199351 (2020) Kat:3, Licht: 0","199351","3","5","1","10","11","7","1","0","0","1","0","1"
"POINT (9.741535735000070 52.371132831000068)","Unfall 199357 (2020) Kat:3, Licht: 2","199357","3","1","0","10","23","7","0","2","0","0","0","0"
"POINT (9.730667922000066 52.374896558000046)","Unfall 199358 (2020) Kat:3, Licht: 2","199358","3","7","3","10","19","7","0","2","0","1","0","0"
"POINT (9.738370601000042 52.376990499000044)","Unfall 199360 (2020) Kat:2, Licht: 0","199360","2","5","0","10","16","7","0","0","1","0","0","0"
"POINT (9.747250404000056 52.373738164000031)","Unfall 199362 (2020) Kat:3, Licht: 2","199362","3","2","5","10","21","3","1","2","0","1","0","0"
"POINT (9.695684700000072 52.408682046000081)","Unfall 199405 (2020) Kat:3, Licht: 1","199405","3","6","2","10","17","6","1","1","0","1","0","0"
"POINT (9.690055448000067 52.392637259000026)","Unfall 199407 (2020) Kat:3, Licht: 0","199407","3","3","5","10","15","6","1","0","1","1","0","0"
"POINT (9.709252470000024 52.341218658000059)","Unfall 199409 (2020) Kat:3, Licht: 0","199409","3","7","0","10","16","6","1","0","1","1","0","0"
"POINT (9.731319749000022 52.375106488000029)","Unfall 199411 (2020) Kat:2, Licht: 0","199411","2","7","0","10","13","6","1","0","0","0","0","0"
"POINT (9.694085269000027 52.365333517000067)","Unfall 199413 (2020) Kat:3, Licht: 0","199413","3","6","2","10","11","6","1","0","0","1","0","0"
"POINT (9.830346367000061 52.424880712000061)","Unfall 199415 (2020) Kat:3, Licht: 0","199415","3","3","5","10","13","6","1","0","1","1","0","0"
"POINT (9.764543858000025 52.395558480000034)","Unfall 199425 (2020) Kat:3, Licht: 0","199425","3","4","6","10","11","6","1","0","1","0","1","0"
"POINT (9.621417241000074 52.406232850000038)","Unfall 199426 (2020) Kat:3, Licht: 0","199426","3","1","0","10","09","6","1","0","1","0","0","0"
"POINT (9.791342763000046 52.404271657000038)","Unfall 199428 (2020) Kat:3, Licht: 0","199428","3","2","5","10","10","6","0","0","1","1","0","0"
"POINT (9.701189237000051 52.375280067000062)","Unfall 199432 (2020) Kat:3, Licht: 2","199432","3","4","6","10","19","4","0","2","0","1","1","0"
"POINT (9.732784454000068 52.374508731000049)","Unfall 199436 (2020) Kat:3, Licht: 0","199436","3","4","0","10","12","3","0","0","0","1","1","0"
"POINT (9.836228796000057 52.338502404000053)","Unfall 199474 (2020) Kat:3, Licht: 0","199474","3","3","5","10","16","4","0","0","1","1","0","0"
"POINT (9.751223331000062 52.368342747000042)","Unfall 199486 (2020) Kat:3, Licht: 0","199486","3","3","5","10","11","5","0","0","1","0","0","0"
"POINT (9.748546545000068 52.411003324000035)","Unfall 199487 (2020) Kat:3, Licht: 0","199487","3","6","3","10","15","4","0","0","1","0","0","0"
"POINT (9.663842231000047 52.385415305000038)","Unfall 199488 (2020) Kat:3, Licht: 0","199488","3","2","5","10","11","5","0","0","1","1","0","0"
"POINT (9.795021941000073 52.411703710000040)","Unfall 199490 (2020) Kat:3, Licht: 0","199490","3","3","5","10","15","5","0","0","1","1","0","0"
"POINT (9.739448155000048 52.394392944000060)","Unfall 199491 (2020) Kat:3, Licht: 0","199491","3","7","0","10","15","5","0","0","1","0","0","0"
"POINT (9.768952927000044 52.362905025000032)","Unfall 199492 (2020) Kat:3, Licht: 2","199492","3","7","0","10","05","5","1","2","1","0","0","0"
"POINT (9.790314253000076 52.395880061000071)","Unfall 199499 (2020) Kat:3, Licht: 2","199499","3","2","4","10","18","3","0","2","1","1","0","0"
"POINT (9.746563764000030 52.386935791000042)","Unfall 199501 (2020) Kat:3, Licht: 0","199501","3","2","6","10","11","3","0","0","0","1","1","0"
"POINT (9.754299083000035 52.368614246000050)","Unfall 199510 (2020) Kat:3, Licht: 0","199510","3","3","5","10","14","6","1","0","1","1","0","0"
"POINT (9.787411288000044 52.332822294000039)","Unfall 199512 (2020) Kat:3, Licht: 0","199512","3","1","8","11","14","3","0","0","0","0","0","1"
"POINT (9.707208250000065 52.404811169000027)","Unfall 199513 (2020) Kat:3, Licht: 0","199513","3","7","2","10","14","6","1","0","0","1","0","1"
"POINT (9.744103816000063 52.372532061000072)","Unfall 199520 (2020) Kat:3, Licht: 0","199520","3","3","5","10","15","6","1","0","1","1","0","0"
"POINT (9.759859995000056 52.341795297000033)","Unfall 199532 (2020) Kat:3, Licht: 1","199532","3","1","0","10","17","6","1","1","0","0","0","1"
"POINT (9.715368247000072 52.345018860000039)","Unfall 199548 (2020) Kat:3, Licht: 2","199548","3","4","6","11","18","7","0","2","0","1","1","0"
"POINT (9.773940361000030 52.415690277000067)","Unfall 199550 (2020) Kat:3, Licht: 0","199550","3","7","2","11","10","5","0","0","0","1","0","0"
"POINT (9.683689075000075 52.345192660000066)","Unfall 199551 (2020) Kat:3, Licht: 0","199551","3","5","1","11","14","4","0","0","1","1","0","0"
"POINT (9.758919308000031 52.338563324000063)","Unfall 199552 (2020) Kat:3, Licht: 2","199552","3","1","0","10","18","6","1","2","1","0","0","0"
"POINT (9.735838227000045 52.420938816000046)","Unfall 199555 (2020) Kat:3, Licht: 2","199555","3","6","2","10","17","6","1","2","0","1","0","0"
"POINT (9.663291915000059 52.403167681000070)","Unfall 199560 (2020) Kat:3, Licht: 0","199560","3","1","0","11","14","5","0","0","1","0","0","0"
"POINT (9.800996059000056 52.404839165000055)","Unfall 199563 (2020) Kat:3, Licht: 0","199563","3","2","5","10","15","6","1","0","1","1","0","0"
"POINT (9.669279366000069 52.356701986000076)","Unfall 199583 (2020) Kat:2, Licht: 0","199583","2","1","0","11","08","6","1","0","1","0","0","0"
"POINT (9.755011541000044 52.367279565000047)","Unfall 199597 (2020) Kat:3, Licht: 0","199597","3","3","5","11","14","2","0","0","1","0","0","0"
"POINT (9.739250917000049 52.374392845000045)","Unfall 199601 (2020) Kat:3, Licht: 0","199601","3","7","0","11","13","2","0","0","0","0","1","0"
"POINT (9.756202429000041 52.390634976000058)","Unfall 199602 (2020) Kat:3, Licht: 0","199602","3","3","5","11","09","5","0","0","1","1","0","0"
"POINT (9.768140009000035 52.400034009000080)","Unfall 199603 (2020) Kat:3, Licht: 0","199603","3","2","2","11","08","4","0","0","0","1","0","0"
"POINT (9.720495486000061 52.368671844000062)","Unfall 199605 (2020) Kat:3, Licht: 0","199605","3","5","0","11","10","2","1","0","1","1","0","0"
"POINT (9.745554782000056 52.393619314000034)","Unfall 199609 (2020) Kat:3, Licht: 0","199609","3","1","0","11","16","2","1","0","1","0","0","0"
"POINT (9.719772909000028 52.366126025000028)","Unfall 199616 (2020) Kat:3, Licht: 0","199616","3","1","0","11","16","4","0","0","1","0","0","0"
"POINT (9.751891785000055 52.385944200000040)","Unfall 199622 (2020) Kat:3, Licht: 0","199622","3","6","2","11","08","6","0","0","0","1","0","0"
"POINT (9.720015103000037 52.364701611000044)","Unfall 199635 (2020) Kat:2, Licht: 2","199635","2","1","0","11","21","2","1","2","1","0","0","0"
"POINT (9.721283387000028 52.354724055000077)","Unfall 199636 (2020) Kat:3, Licht: 1","199636","3","2","5","11","07","6","1","1","1","1","0","0"
"POINT (9.741619230000026 52.378429520000054)","Unfall 199641 (2020) Kat:3, Licht: 0","199641","3","4","6","11","15","2","0","0","0","1","1","0"
"POINT (9.746444460000021 52.354101480000054)","Unfall 199645 (2020) Kat:3, Licht: 0","199645","3","6","4","11","11","2","0","0","1","0","0","0"
"POINT (9.711119999000061 52.367225518000055)","Unfall 199663 (2020) Kat:3, Licht: 2","199663","3","1","0","11","17","5","0","2","1","0","0","0"
"POINT (9.699609538000061 52.355976760000033)","Unfall 199677 (2020) Kat:3, Licht: 2","199677","3","6","2","10","18","7","0","2","0","1","0","0"
"POINT (9.677777928000069 52.416009766000059)","Unfall 199697 (2020) Kat:3, Licht: 0","199697","3","3","5","10","14","5","0","0","0","1","0","0"
"POINT (9.746460858000035 52.395308409000052)","Unfall 199704 (2020) Kat:3, Licht: 2","199704","3","3","5","10","19","5","1","2","0","1","0","1"
"POINT (9.820593621000057 52.359428478000041)","Unfall 199716 (2020) Kat:3, Licht: 0","199716","3","1","0","11","11","7","0","0","1","0","0","0"