WKT,Name,OBJECTID,UKATEGORIE,UTYP1,UART,UMONAT,USTUNDE,UWOCHENTAG,STRZUSTAND,ULICHTVERH,ISTRAD,ISTPKW,ISTFUSS,ISTKRAD
"POINT (9.816929243000061 52.356669017000058)","Unfall 199719 (2020) Kat:3, Licht: 0","199719","3","7","2","11","12","5","0","0","1","1","0","0"
"POINT (9.707163250000065 52.401818778000063)","Unfall 199720 (2020) Kat:3, Licht: 2","199720","3","5","1","11","19","4","0","2","0","1","0","0"
"POINT (9.717399770000043 52.350805798000067)","Unfall 199724 (2020) Kat:2, Licht: 2","199724","2","3","5","10","22","5","1","2","1","1","0","0"
"POINT (9.703047724000044 52.341274945000066)","Unfall 199731 (2020) Kat:2, Licht: 0","199731","2","2","5","11","10","4","0","0","1","1","0","0"
"POINT (9.713382374000048 52.371415219000028)","Unfall 199733 (2020) Kat:3, Licht: 0","199733","3","1","0","11","14","1","0","0","1","0","0","0"
"POINT (9.692351784000039 52.397182132000069)","Unfall 199745 (2020) Kat:3, Licht: 0","199745","3","6","0","11","15","1","0","0","1","1","0","0"
"POINT (9.777543897000044 52.336592669000026)","Unfall 199749 (2020) Kat:3, Licht: 0","199749","3","1","0","11","10","1","1","0","1","0","0","0"
"POINT (9.739979341000037 52.369046498000046)","Unfall 199751 (2020) Kat:3, Licht: 0","199751","3","2","6","11","13","6","0","0","0","0","1","0"
"POINT (9.699172385000054 52.355701332000081)","Unfall 199755 (2020) Kat:2, Licht: 0","199755","2","6","0","11","11","1","0","0","1","0","0","0"
"POINT (9.740478011000050 52.374121856000045)","Unfall 199774 (2020) Kat:3, Licht: 0","199774","3","2","0","11","08","5","0","0","1","0","1","0"
"POINT (9.743566355000041 52.357261044000040)","Unfall 199781 (2020) Kat:3, Licht: 0","199781","3","2","5","11","13","3","0","0","1","0","0","0"
"POINT (9.729845120000050 52.398189175000027)","Unfall 199782 (2020) Kat:3, Licht: 0","199782","3","2","4","11","13","3","0","0","1","1","0","0"
"POINT (9.713317701000051 52.371435368000050)","Unfall 199795 (2020) Kat:3, Licht: 0","199795","3","1","0","11","09","3","1","0","1","0","0","0"
"POINT (9.652276392000033 52.415351503000068)","Unfall 199796 (2020) Kat:3, Licht: 0","199796","3","2","2","11","08","4","0","0","0","1","0","0"
"POINT (9.771760325000059 52.406619627000055)","Unfall 199818 (2020) Kat:3, Licht: 1","199818","3","6","4","11","16","4","0","1","1","1","0","0"
"POINT (9.809449506000021 52.369228012000065)","Unfall 199820 (2020) Kat:3, Licht: 0","199820","3","3","5","11","12","6","0","0","0","1","0","1"
"POINT (9.772909125000069 52.361309012000049)","Unfall 199835 (2020) Kat:3, Licht: 0","199835","3","3","5","11","11","6","0","0","0","1","0","0"
"POINT (9.819210620000035 52.400025395000057)","Unfall 199840 (2020) Kat:3, Licht: 0","199840","3","6","2","11","08","5","0","0","0","1","0","0"
"POINT (9.669710465000037 52.399839263000047)","Unfall 199841 (2020) Kat:3, Licht: 1","199841","3","6","3","11","16","2","0","1","0","1","0","0"
"POINT (9.717196433000026 52.345006547000082)","Unfall 199857 (2020) Kat:3, Licht: 0","199857","3","3","5","11","07","3","0","0","1","1","0","0"
"POINT (9.782389960000046 52.372891172000038)","Unfall 199887 (2020) Kat:3, Licht: 0","199887","3","7","0","11","14","7","1","0","1","0","0","0"
"POINT (9.799019701000077 52.376385837000043)","Unfall 199889 (2020) Kat:3, Licht: 0","199889","3","6","2","11","07","4","0","0","0","1","0","0"
"POINT (9.669467830000031 52.354832593000026)","Unfall 199890 (2020) Kat:3, Licht: 0","199890","3","5","1","11","10","6","0","0","1","1","0","0"
"POINT (9.855628961000036 52.392330544000060)","Unfall 199892 (2020) Kat:3, Licht: 0","199892","3","2","6","11","10","5","0","0","0","1","1","0"
"POINT (9.716866351000022 52.386186248000058)","Unfall 199893 (2020) Kat:3, Licht: 2","199893","3","1","0","11","21","5","0","2","1","0","0","0"
"POINT (9.701362065000069 52.396061823000082)","Unfall 199894 (2020) Kat:3, Licht: 2","199894","3","7","0","11","05","2","1","2","1","0","0","0"
"POINT (9.769269896000026 52.353328773000044)","Unfall 199906 (2020) Kat:3, Licht: 0","199906","3","1","0","11","13","3","1","0","1","0","0","0"
"POINT (9.783146630000033 52.398438456000065)","Unfall 199916 (2020) Kat:3, Licht: 0","199916","3","3","5","11","11","1","0","0","1","1","0","0"
"POINT (9.729989304000071 52.378390897000031)","Unfall 199932 (2020) Kat:3, Licht: 0","199932","3","3","5","11","12","4","0","0","0","1","0","0"
"POINT (9.712072548000037 52.399858744000028)","Unfall 199947 (2020) Kat:3, Licht: 0","199947","3","7","0","11","15","4","0","0","1","0","0","0"
"POINT (9.717575641000053 52.369995331000041)","Unfall 199949 (2020) Kat:3, Licht: 2","199949","3","1","1","11","19","6","1","2","0","1","0","1"
"POINT (9.748932439000043 52.390292900000077)","Unfall 199950 (2020) Kat:3, Licht: 0","199950","3","5","1","11","14","3","1","0","0","1","1","0"
"POINT (9.815506109000069 52.380435047000049)","Unfall 199954 (2020) Kat:3, Licht: 0","199954","3","7","6","11","16","2","0","0","0","1","1","0"
"POINT (9.747609372000056 52.395112025000060)","Unfall 199961 (2020) Kat:2, Licht: 2","199961","2","2","6","11","06","3","1","2","0","0","1","0"
"POINT (9.669387796000024 52.356333602000063)","Unfall 199985 (2020) Kat:2, Licht: 0","199985","2","1","9","11","19","7","1","0","1","0","0","0"
"POINT (9.680389695000031 52.395759229000078)","Unfall 199989 (2020) Kat:3, Licht: 0","199989","3","3","5","11","10","7","1","0","1","1","0","0"
"POINT (9.717447925000045 52.373053723000055)","Unfall 200005 (2020) Kat:3, Licht: 0","200005","3","6","2","11","11","6","0","0","0","1","0","0"
"POINT (9.747121720000052 52.373764144000063)","Unfall 200007 (2020) Kat:3, Licht: 0","200007","3","2","2","11","08","5","0","0","0","1","0","0"
"POINT (9.814715813000021 52.361969478000049)","Unfall 200008 (2020) Kat:3, Licht: 0","200008","3","3","0","11","12","2","0","0","1","0","1","0"
"POINT (9.852726068000038 52.366727361000073)","Unfall 200027 (2020) Kat:3, Licht: 0","200027","3","1","0","11","12","1","0","0","1","0","0","0"
"POINT (9.723463504000051 52.349698449000073)","Unfall 200043 (2020) Kat:3, Licht: 0","200043","3","7","0","11","16","4","0","0","1","0","0","0"
"POINT (9.813058846000047 52.359579434000068)","Unfall 200053 (2020) Kat:3, Licht: 0","200053","3","3","5","11","11","7","0","0","1","1","0","0"
"POINT (9.771877311000026 52.344556897000075)","Unfall 200054 (2020) Kat:3, Licht: 1","200054","3","7","0","11","16","4","0","1","1","0","0","0"
"POINT (9.741231448000065 52.411356048000073)","Unfall 200055 (2020) Kat:3, Licht: 2","200055","3","6","2","11","16","4","0","2","0","1","0","0"
"POINT (9.775552626000035 52.329091841000036)","Unfall 200057 (2020) Kat:3, Licht: 0","200057","3","3","5","11","07","6","1","0","1","0","0","0"
"POINT (9.744437663000042 52.377830377000066)","Unfall 200058 (2020) Kat:3, Licht: 0","200058","3","7","2","11","13","3","0","0","0","1","0","0"
"POINT (9.813947446000043 52.363298053000051)","Unfall 200074 (2020) Kat:3, Licht: 0","200074","3","2","5","11","13","1","0","0","0","1","0","0"
"POINT (9.794406979000030 52.346732172000031)","Unfall 200076 (2020) Kat:3, Licht: 2","200076","3","1","0","11","18","1","0","2","1","0","0","0"
"POINT (9.735733115000073 52.384258817000045)","Unfall 200079 (2020) Kat:3, Licht: 2","200079","3","6","2","11","18","6","0","2","0","1","0","1"
"POINT (9.615797992000069 52.418766297000047)","Unfall 200081 (2020) Kat:3, Licht: 2","200081","3","2","5","11","22","6","0","2","0","1","0","0"
"POINT (9.806825046000029 52.412127249000036)","Unfall 200087 (2020) Kat:3, Licht: 0","200087","3","3","5","11","14","7","0","0","1","1","0","0"
"POINT (9.741231400000061 52.393652727000074)","Unfall 200099 (2020) Kat:3, Licht: 2","200099","3","2","5","11","20","2","1","2","0","1","0","1"
"POINT (9.709421724000038 52.343903111000031)","Unfall 200103 (2020) Kat:3, Licht: 0","200103","3","3","5","11","12","7","0","0","1","1","0","0"
"POINT (9.775323815000036 52.400342331000047)","Unfall 200108 (2020) Kat:3, Licht: 0","200108","3","2","5","11","12","7","0","0","1","0","0","0"
"POINT (9.730630868000048 52.391375092000033)","Unfall 200113 (2020) Kat:3, Licht: 1","200113","3","2","6","11","17","5","0","1","0","1","1","0"
"POINT (9.700724959000070 52.375463943000057)","Unfall 200115 (2020) Kat:3, Licht: 0","200115","3","5","1","11","11","7","0","0","0","1","0","0"
"POINT (9.696952522000061 52.341679002000035)","Unfall 200133 (2020) Kat:3, Licht: 0","200133","3","6","2","11","10","6","1","0","0","1","0","0"
"POINT (9.756702498000038 52.353990406000037)","Unfall 200138 (2020) Kat:3, Licht: 0","200138","3","7","0","11","10","2","0","0","0","1","0","1"
"POINT (9.712703337000050 52.375208953000026)","Unfall 200139 (2020) Kat:2, Licht: 0","200139","2","1","7","11","10","7","0","0","1","0","0","0"
"POINT (9.685374553000031 52.411207242000046)","Unfall 200154 (2020) Kat:3, Licht: 0","200154","3","3","5","11","12","3","0","0","1","1","0","0"
"POINT (9.691939585000057 52.340238369000076)","Unfall 200159 (2020) Kat:2, Licht: 2","200159","2","6","6","11","18","5","1","2","1","0","1","0"
"POINT (9.708326987000021 52.373153820000027)","Unfall 200167 (2020) Kat:3, Licht: 2","200167","3","1","0","11","17","5","1","2","1","0","0","0"
"POINT (9.741015873000038 52.398752806000061)","Unfall 200170 (2020) Kat:2, Licht: 0","200170","2","3","5","11","12","5","1","0","1","1","0","0"
"POINT (9.692425536000030 52.398129877000031)","Unfall 200172 (2020) Kat:3, Licht: 2","200172","3","2","5","11","06","6","0","2","1","1","0","0"
"POINT (9.729658117000042 52.396888401000069)","Unfall 200175 (2020) Kat:3, Licht: 0","200175","3","1","0","11","12","6","1","0","1","0","0","0"
"POINT (9.756250353000041 52.390601983000067)","Unfall 200181 (2020) Kat:3, Licht: 2","200181","3","6","2","11","17","6","0","2","0","1","0","0"
"POINT (9.741676640000037 52.380239255000049)","Unfall 200202 (2020) Kat:3, Licht: 2","200202","3","3","5","11","19","2","1","2","1","1","0","0"
"POINT (9.710851051000077 52.359438971000031)","Unfall 200228 (2020) Kat:3, Licht: 1","200228","3","2","5","11","15","2","0","1","0","1","0","0"
"POINT (9.710812173000022 52.382707775000029)","Unfall 200235 (2020) Kat:3, Licht: 1","200235","3","7","0","11","16","2","0","1","1","0","0","0"
"POINT (9.690861921000021 52.346130764000065)","Unfall 200237 (2020) Kat:3, Licht: 0","200237","3","6","2","11","10","6","1","0","0","1","0","0"
"POINT (9.734035747000064 52.415714942000079)","Unfall 200240 (2020) Kat:3, Licht: 0","200240","3","3","5","11","14","2","0","0","0","1","0","0"
"POINT (9.757285800000034 52.354292269000041)","Unfall 200242 (2020) Kat:3, Licht: 0","200242","3","2","5","11","15","2","0","0","1","1","0","0"
"POINT (9.758764052000061 52.341313648000039)","Unfall 200250 (2020) Kat:3, Licht: 0","200250","3","3","5","11","08","2","0","0","1","1","0","0"
"POINT (9.746389145000023 52.392961269000068)","Unfall 200252 (2020) Kat:2, Licht: 0","200252","2","4","6","11","09","2","0","0","0","1","1","0"
"POINT (9.809063399000024 52.388805841000078)","Unfall 200262 (2020) Kat:3, Licht: 2","200262","3","2","4","11","21","4","0","2","0","1","0","0"
"POINT (9.750782093000055 52.376681861000066)","Unfall 200263 (2020) Kat:3, Licht: 2","200263","3","6","3","11","16","2","0","2","1","0","0","0"
"POINT (9.733617664000065 52.375595550000071)","Unfall 200267 (2020) Kat:3, Licht: 1","200267","3","2","5","11","16","5","1","1","1","1","0","0"
"POINT (9.746192647000044 52.386298040000042)","Unfall 200268 (2020) Kat:3, Licht: 0","200268","3","1","0","11","12","2","0","0","0","0","0","0"
"POINT (9.740898026000025 52.374940351000077)","Unfall 200271 (2020) Kat:3, Licht: 0","200271","3","4","6","11","14","4","0","0","1","0","1","0"
"POINT (9.782626585000060 52.335421084000075)","Unfall 200286 (2020) Kat:3, Licht: 0","200286","3","1","9","11","08","6","1","0","0","1","0","0"
"POINT (9.774722297000039 52.371422025000072)","Unfall 200288 (2020) Kat:3, Licht: 1","200288","3","2","2","11","07","5","1","1","0","1","1","0"
"POINT (9.749477196000044 52.376804900000081)","Unfall 200293 (2020) Kat:3, Licht: 0","200293","3","6","2","11","14","5","1","0","0","1","0","0"
"POINT (9.723613527000055 52.387286250000045)","Unfall 200298 (2020) Kat:3, Licht: 0","200298","3","2","5","11","15","5","0","0","1","1","0","0"
"POINT (9.751371158000040 52.398143593000043)","Unfall 200307 (2020) Kat:3, Licht: 0","200307","3","3","5","11","13","3","0","0","1","0","0","0"
"POINT (9.756384347000051 52.390652961000058)","Unfall 200308 (2020) Kat:3, Licht: 2","200308","3","1","0","11","07","5","1","2","0","0","0","1"
"POINT (9.688960225000074 52.377145397000049)","Unfall 200319 (2020) Kat:2, Licht: 0","200319","2","1","0","11","14","5","1","0","1","0","0","0"
"POINT (9.836938027000031 52.421195072000046)","Unfall 200333 (2020) Kat:3, Licht: 2","200333","3","2","5","12","15","5","1","2","0","1","0","0"
"POINT (9.735095738000041 52.391481067000029)","Unfall 200346 (2020) Kat:3, Licht: 0","200346","3","7","1","12","11","2","1","0","0","0","0","1"
"POINT (9.713434398000061 52.369904146000067)","Unfall 200357 (2020) Kat:3, Licht: 0","200357","3","4","6","12","12","6","0","0","1","0","1","0"
"POINT (9.770760887000051 52.375894697000035)","Unfall 200359 (2020) Kat:3, Licht: 2","200359","3","1","0","12","07","2","1","2","1","0","0","0"
"POINT (9.733566663000033 52.392884132000063)","Unfall 200382 (2020) Kat:3, Licht: 2","200382","3","3","5","12","20","4","0","2","1","0","0","0"
"POINT (9.835852313000032 52.335831760000076)","Unfall 200394 (2020) Kat:3, Licht: 2","200394","3","3","5","12","20","6","0","2","0","1","0","1"
"POINT (9.752606539000055 52.394451015000072)","Unfall 200396 (2020) Kat:3, Licht: 0","200396","3","4","6","12","12","6","0","0","0","1","1","0"
"POINT (9.819330724000054 52.383770217000063)","Unfall 200401 (2020) Kat:3, Licht: 0","200401","3","1","0","12","12","4","1","0","1","0","0","0"
"POINT (9.790330089000065 52.395888230000082)","Unfall 200403 (2020) Kat:3, Licht: 0","200403","3","7","0","12","13","4","1","0","1","0","0","0"
"POINT (9.805272690000038 52.411193846000060)","Unfall 200407 (2020) Kat:2, Licht: 2","200407","2","2","6","12","20","3","1","2","0","1","1","0"
"POINT (9.741009480000059 52.398796466000078)","Unfall 200409 (2020) Kat:3, Licht: 2","200409","3","3","5","12","06","4","0","2","1","1","0","0"
"POINT (9.754302612000060 52.368614457000035)","Unfall 200422 (2020) Kat:3, Licht: 2","200422","3","3","5","12","19","5","0","2","1","1","0","0"
"POINT (9.733336139000073 52.392238864000035)","Unfall 200423 (2020) Kat:3, Licht: 1","200423","3","3","5","12","08","5","1","1","0","1","0","0"
"POINT (9.729715511000052 52.392556178000063)","Unfall 200437 (2020) Kat:3, Licht: 2","200437","3","5","0","12","17","5","0","2","1","1","0","0"
"POINT (9.776636315000076 52.332859066000026)","Unfall 200452 (2020) Kat:3, Licht: 2","200452","3","4","6","12","07","2","1","2","0","1","1","0"
"POINT (9.736787351000032 52.376911237000058)","Unfall 200454 (2020) Kat:3, Licht: 0","200454","3","2","2","12","10","5","1","0","1","0","0","0"
"POINT (9.843264193000039 52.413725814000031)","Unfall 200466 (2020) Kat:2, Licht: 2","200466","2","1","0","12","17","2","1","2","1","0","0","0"
"POINT (9.741671633000067 52.375621410000065)","Unfall 200468 (2020) Kat:3, Licht: 0","200468","3","3","5","12","09","5","1","0","1","1","0","0"
"POINT (9.764775498000063 52.418709808000074)","Unfall 200478 (2020) Kat:3, Licht: 0","200478","3","6","2","12","11","5","0","0","0","1","0","0"
"POINT (9.723776813000029 52.342501014000050)","Unfall 200482 (2020) Kat:3, Licht: 0","200482","3","6","6","12","15","4","0","0","1","0","1","0"
"POINT (9.719246805000068 52.374438535000081)","Unfall 200488 (2020) Kat:2, Licht: 0","200488","2","4","6","12","15","6","0","0","1","0","1","0"
"POINT (9.819043613000076 52.390562808000027)","Unfall 200489 (2020) Kat:3, Licht: 0","200489","3","3","5","12","13","5","1","0","1","1","0","0"
"POINT (9.761335755000062 52.379964564000034)","Unfall 200494 (2020) Kat:3, Licht: 0","200494","3","3","5","12","08","5","1","0","1","1","0","0"
"POINT (9.669698802000028 52.413653192000027)","Unfall 200503 (2020) Kat:3, Licht: 0","200503","3","5","1","12","15","6","0","0","0","1","0","0"
"POINT (9.709312420000060 52.375952049000034)","Unfall 200514 (2020) Kat:3, Licht: 2","200514","3","3","5","12","07","6","1","2","1","1","0","0"
"POINT (9.781392158000074 52.408944662000067)","Unfall 200519 (2020) Kat:3, Licht: 1","200519","3","2","6","12","07","5","1","1","0","1","1","0"
"POINT (9.740175514000043 52.401774364000062)","Unfall 200522 (2020) Kat:3, Licht: 1","200522","3","3","5","12","07","5","1","1","1","1","0","0"
"POINT (9.689133651000077 52.377151030000050)","Unfall 200530 (2020) Kat:3, Licht: 2","200530","3","3","5","12","18","5","0","2","1","1","0","0"
"POINT (9.782297236000034 52.372667005000039)","Unfall 200531 (2020) Kat:3, Licht: 1","200531","3","3","5","12","07","5","1","1","1","1","0","0"
"POINT (9.750633092000044 52.375509985000065)","Unfall 200535 (2020) Kat:3, Licht: 0","200535","3","6","2","12","12","3","1","0","0","1","0","0"
"POINT (9.722184881000032 52.417270076000079)","Unfall 200541 (2020) Kat:2, Licht: 2","200541","2","3","5","12","06","3","1","2","1","0","0","0"
"POINT (9.713288433000059 52.371444487000076)","Unfall 200542 (2020) Kat:2, Licht: 0","200542","2","1","0","12","13","5","1","0","1","0","0","0"
"POINT (9.723655520000023 52.386763502000065)","Unfall 200546 (2020) Kat:3, Licht: 2","200546","3","7","0","12","00","3","1","2","1","0","0","0"
"POINT (9.762658875000057 52.415880967000078)","Unfall 200548 (2020) Kat:3, Licht: 0","200548","3","3","5","12","14","3","1","0","1","1","0","0"
"POINT (9.833649959000070 52.347069265000073)","Unfall 200551 (2020) Kat:3, Licht: 1","200551","3","6","4","12","16","1","1","1","0","1","0","0"
"POINT (9.775418957000056 52.363372295000033)","Unfall 200557 (2020) Kat:3, Licht: 2","200557","3","2","5","12","07","2","1","2","1","1","0","0"
"POINT (9.736937288000036 52.404601200000059)","Unfall 200565 (2020) Kat:3, Licht: 2","200565","3","2","4","12","17","6","0","2","0","1","0","0"
"POINT (9.713271119000069 52.371449882000036)","Unfall 200578 (2020) Kat:3, Licht: 0","200578","3","1","0","12","13","5","1","0","1","0","0","0"
"POINT (9.718318286000056 52.331534263000037)","Unfall 200585 (2020) Kat:3, Licht: 0","200585","3","2","4","12","10","2","0","0","1","1","0","0"
"POINT (9.825316336000071 52.353020116000039)","Unfall 200588 (2020) Kat:3, Licht: 0","200588","3","1","0","12","14","2","1","0","1","0","0","0"
"POINT (9.792339105000053 52.379974790000063)","Unfall 200592 (2020) Kat:3, Licht: 0","200592","3","7","0","12","16","7","1","0","1","0","0","0"
"POINT (9.669958298000040 52.361889568000038)","Unfall 200597 (2020) Kat:3, Licht: 2","200597","3","1","0","12","17","7","0","2","1","0","0","0"
"POINT (9.720498460000044 52.373414354000033)","Unfall 200603 (2020) Kat:3, Licht: 0","200603","3","1","0","12","12","3","1","0","1","0","0","0"
"POINT (9.804865479000057 52.409470204000058)","Unfall 200609 (2020) Kat:2, Licht: 2","200609","2","2","5","12","18","2","1","2","0","1","0","1"
"POINT (9.735691617000043 52.384974394000039)","Unfall 200644 (2020) Kat:3, Licht: 0","200644","3","3","5","12","11","6","0","0","0","1","0","0"
"POINT (9.794111874000066 52.393800985000041)","Unfall 200658 (2020) Kat:3, Licht: 2","200658","3","6","2","12","16","3","1","2","0","1","0","0"
"POINT (9.808633732000033 52.385733533000064)","Unfall 200671 (2020) Kat:3, Licht: 1","200671","3","3","5","12","07","5","1","1","1","1","0","0"
"POINT (9.822923739000032 52.383185982000043)","Unfall 200674 (2020) Kat:3, Licht: 1","200674","3","2","4","12","15","5","0","1","1","1","0","0"
"POINT (9.685071356000037 52.358257989000037)","Unfall 200675 (2020) Kat:3, Licht: 2","200675","3","7","0","12","07","5","0","2","1","0","1","0"
"POINT (9.741727724000043 52.398598960000072)","Unfall 200676 (2020) Kat:3, Licht: 0","200676","3","3","0","12","15","5","1","0","1","1","0","0"
"POINT (9.745228789000066 52.382443675000047)","Unfall 200679 (2020) Kat:3, Licht: 0","200679","3","4","6","12","14","5","1","0","0","1","1","0"
"POINT (9.731201677000058 52.398442341000077)","Unfall 200682 (2020) Kat:3, Licht: 0","200682","3","7","0","12","14","1","1","0","1","0","0","0"
"POINT (9.702796665000051 52.369328014000075)","Unfall 200683 (2020) Kat:3, Licht: 2","200683","3","3","0","12","21","5","0","2","0","1","0","0"
"POINT (9.727526269000066 52.382375186000047)","Unfall 200691 (2020) Kat:3, Licht: 0","200691","3","3","5","12","14","1","1","0","1","1","0","0"
"POINT (9.763543713000047 52.368942513000036)","Unfall 200704 (2020) Kat:3, Licht: 0","200704","3","2","5","12","14","4","1","0","1","1","0","0"
"POINT (9.688967202000072 52.363745447000042)","Unfall 200706 (2020) Kat:3, Licht: 0","200706","3","1","0","12","13","4","0","0","1","0","0","0"
"POINT (9.710360721000029 52.367306517000031)","Unfall 200709 (2020) Kat:2, Licht: 0","200709","2","1","0","12","13","4","1","0","1","0","0","0"
"POINT (9.691939585000057 52.340238369000076)","Unfall 200710 (2020) Kat:3, Licht: 0","200710","3","7","0","12","14","2","1","0","1","0","1","0"
"POINT (9.680303469000023 52.396004334000054)","Unfall 200711 (2020) Kat:3, Licht: 0","200711","3","3","5","12","09","3","1","0","1","1","0","0"
"POINT (9.693722014000059 52.365278122000063)","Unfall 200715 (2020) Kat:3, Licht: 0","200715","3","4","6","12","12","1","0","0","0","1","1","0"
"POINT (9.743610002000025 52.389951171000064)","Unfall 200721 (2020) Kat:2, Licht: 1","200721","2","5","1","12","16","7","0","1","1","1","0","0"
"POINT (9.725761024000065 52.369461581000053)","Unfall 200730 (2020) Kat:3, Licht: 0","200730","3","4","6","12","12","2","0","0","0","1","1","0"
"POINT (9.792922060000024 52.432341631000043)","Unfall 200732 (2020) Kat:3, Licht: 0","200732","3","3","5","12","12","2","0","0","1","1","0","0"
"POINT (9.654628277000029 52.410003987000039)","Unfall 200758 (2020) Kat:3, Licht: 2","200758","3","4","6","12","16","3","1","2","0","1","1","0"
"POINT (9.750374440000030 52.375226882000049)","Unfall 200760 (2020) Kat:3, Licht: 2","200760","3","1","0","12","20","3","1","2","0","0","0","1"
"POINT (9.740153632000045 52.375812373000031)","Unfall 200761 (2020) Kat:3, Licht: 0","200761","3","1","0","12","12","3","0","0","1","0","0","0"
"POINT (9.747914917000060 52.352216560000045)","Unfall 200763 (2020) Kat:3, Licht: 2","200763","3","1","4","12","16","3","1","2","0","1","0","0"
"POINT (9.728567911000027 52.394601465000051)","Unfall 200770 (2020) Kat:3, Licht: 2","200770","3","2","6","12","18","3","1","2","0","1","1","0"
"POINT (9.804245999000045 52.391227772000036)","Unfall 200772 (2020) Kat:3, Licht: 2","200772","3","2","6","12","16","3","1","2","0","1","1","0"
"POINT (9.813452170000062 52.389695079000035)","Unfall 200773 (2020) Kat:3, Licht: 2","200773","3","4","6","12","16","3","1","2","0","1","1","0"
"POINT (9.765415298000050 52.418198155000027)","Unfall 200776 (2020) Kat:3, Licht: 0","200776","3","4","6","12","13","3","1","0","0","1","1","0"
"POINT (9.763845838000066 52.360323532000052)","Unfall 200815 (2020) Kat:3, Licht: 2","200815","3","5","1","12","17","3","1","2","0","1","0","0"
"POINT (9.760398354000074 52.410421304000067)","Unfall 200832 (2020) Kat:3, Licht: 2","200832","3","2","6","12","21","2","1","2","0","1","1","0"
"POINT (9.690651363000029 52.375540339000054)","Unfall 200834 (2020) Kat:3, Licht: 2","200834","3","7","6","12","18","2","1","2","0","1","1","0"
"POINT (9.714258812000026 52.371772007000061)","Unfall 200865 (2020) Kat:3, Licht: 2","200865","3","6","2","12","18","2","1","2","0","1","0","0"
"POINT (9.702122068000051 52.328900230000045)","Unfall 200938 (2020) Kat:3, Licht: 0","200938","3","3","5","12","11","6","0","0","0","1","0","0"
"POINT (9.774268299000028 52.372905568000078)","Unfall 200951 (2020) Kat:3, Licht: 0","200951","3","3","5","12","13","6","0","0","1","1","0","0"
"POINT (9.749173983000048 52.370648906000042)","Unfall 200953 (2020) Kat:3, Licht: 2","200953","3","6","6","12","20","4","0","2","1","0","1","0"
"POINT (9.686884391000035 52.326607401000047)","Unfall 200964 (2020) Kat:3, Licht: 0","200964","3","5","4","12","13","4","0","0","1","1","0","0"
"POINT (9.843938683000033 52.357107154000062)","Unfall 200969 (2020) Kat:3, Licht: 0","200969","3","1","0","12","08","3","2","0","1","0","0","0"
"POINT (9.763273616000049 52.395198123000057)","Unfall 200971 (2020) Kat:3, Licht: 0","200971","3","7","0","12","11","5","1","0","0","1","0","0"
"POINT (9.797808383000074 52.344235508000054)","Unfall 200982 (2020) Kat:3, Licht: 0","200982","3","7","0","12","08","3","2","0","1","0","0","0"
"POINT (9.854633853000053 52.358980371000030)","Unfall 200984 (2020) Kat:3, Licht: 2","200984","3","2","2","12","17","4","0","2","1","1","0","0"
"POINT (9.684337341000060 52.364791565000075)","Unfall 200987 (2020) Kat:3, Licht: 0","200987","3","6","3","12","14","4","0","0","1","1","0","0"
"POINT (9.746571308000057 52.383230987000047)","Unfall 200994 (2020) Kat:3, Licht: 0","200994","3","1","0","12","10","3","1","0","1","0","0","0"
"POINT (9.829073608000044 52.320823949000044)","Unfall 201004 (2020) Kat:3, Licht: 0","201004","3","7","7","12","14","4","0","0","1","0","0","0"
"POINT (9.652288221000049 52.417048852000050)","Unfall 201043 (2020) Kat:3, Licht: 0","201043","3","6","2","12","13","4","1","0","0","1","0","0"
"POINT (9.827107866000063 52.343379910000067)","Unfall 7553 (2021) Kat:3, Licht: 0","7553","3","4","6","02","12","1","","0","0","1","1","0"
"POINT (9.754259057000070 52.355435336000028)","Unfall 7569 (2021) Kat:3, Licht: 0","7569","3","2","4","02","15","2","","0","0","1","0","0"
"POINT (9.752978941000038 52.369950048000078)","Unfall 7606 (2021) Kat:3, Licht: 0","7606","3","3","5","01","13","3","","0","0","1","0","0"
"POINT (9.643233990000056 52.422852620000072)","Unfall 7616 (2021) Kat:3, Licht: 0","7616","3","6","9","02","12","4","","0","0","1","0","0"
"POINT (9.728283278000049 52.374197817000038)","Unfall 7622 (2021) Kat:3, Licht: 0","7622","3","6","2","01","16","5","","0","0","1","0","0"
"POINT (9.827288053000075 52.355671970000060)","Unfall 7637 (2021) Kat:3, Licht: 2","7637","3","3","5","02","06","5","","2","1","1","0","0"
"POINT (9.757307213000047 52.370222740000031)","Unfall 7676 (2021) Kat:3, Licht: 0","7676","3","2","2","01","11","7","","0","0","1","0","0"
"POINT (9.760262146000059 52.347225429000048)","Unfall 7678 (2021) Kat:3, Licht: 0","7678","3","1","0","01","15","4","","0","1","0","0","0"
"POINT (9.829886855000041 52.339476739000077)","Unfall 7680 (2021) Kat:3, Licht: 0","7680","3","2","2","01","13","3","","0","0","1","0","0"
"POINT (9.714989127000024 52.366630810000061)","Unfall 7744 (2021) Kat:3, Licht: 0","7744","3","4","6","01","10","3","","0","0","1","1","0"
"POINT (9.740975099000025 52.427520833000074)","Unfall 7770 (2021) Kat:3, Licht: 2","7770","3","1","8","01","01","6","","2","0","0","0","0"