WKT,Name,OBJECTID,UKATEGORIE,UTYP1,UART,UMONAT,USTUNDE,UWOCHENTAG,STRZUSTAND,ULICHTVERH,ISTRAD,ISTPKW,ISTFUSS,ISTKRAD
"POINT (9.718286729000056 52.354741693000051)","Unfall 7773 (2021) Kat:3, Licht: 0","7773","3","7","6","02","11","7","","0","0","1","1","0"
"POINT (9.734715211000037 52.368742947000044)","Unfall 7780 (2021) Kat:3, Licht: 0","7780","3","1","0","01","14","4","","0","1","0","0","0"
"POINT (9.688329661000068 52.388815344000079)","Unfall 7799 (2021) Kat:3, Licht: 0","7799","3","6","2","01","13","2","","0","0","1","0","0"
"POINT (9.771781291000025 52.342960258000062)","Unfall 7812 (2021) Kat:3, Licht: 1","7812","3","6","2","01","16","2","","1","0","1","0","0"
"POINT (9.734074653000050 52.387426508000033)","Unfall 7816 (2021) Kat:3, Licht: 2","7816","3","4","6","01","04","4","","2","0","1","1","0"
"POINT (9.722572044000060 52.362549609000041)","Unfall 7822 (2021) Kat:3, Licht: 2","7822","3","1","8","01","21","3","","2","0","1","0","0"
"POINT (9.700118271000065 52.416162760000077)","Unfall 7905 (2021) Kat:3, Licht: 0","7905","3","6","2","02","15","4","","0","0","1","0","0"
"POINT (9.735594640000045 52.403304392000052)","Unfall 7912 (2021) Kat:3, Licht: 2","7912","3","6","2","01","00","6","","2","0","1","0","0"
"POINT (9.882967891000021 52.359219098000040)","Unfall 7921 (2021) Kat:3, Licht: 0","7921","3","1","9","02","08","3","","0","0","1","0","0"
"POINT (9.648279955000021 52.412767923000047)","Unfall 7952 (2021) Kat:3, Licht: 0","7952","3","3","5","01","15","7","","0","0","1","0","0"
"POINT (9.655902092000076 52.406380739000042)","Unfall 8078 (2021) Kat:3, Licht: 0","8078","3","6","2","02","13","5","","0","0","1","0","0"
"POINT (9.868264197000030 52.309725609000054)","Unfall 8079 (2021) Kat:3, Licht: 2","8079","3","2","5","01","01","6","","2","0","0","0","0"
"POINT (9.727167974000054 52.366997018000063)","Unfall 8080 (2021) Kat:3, Licht: 0","8080","3","2","2","02","08","3","","0","0","1","0","0"
"POINT (9.807835318000059 52.374388564000071)","Unfall 8093 (2021) Kat:2, Licht: 2","8093","2","4","6","01","06","5","","2","0","0","1","0"
"POINT (9.719438321000041 52.367366006000054)","Unfall 8119 (2021) Kat:3, Licht: 2","8119","3","2","2","02","19","4","","2","0","1","0","0"
"POINT (9.751253362000057 52.359151807000046)","Unfall 8176 (2021) Kat:3, Licht: 0","8176","3","2","6","01","10","5","","0","0","1","1","0"
"POINT (9.831823075000045 52.399032731000034)","Unfall 8190 (2021) Kat:3, Licht: 1","8190","3","3","5","01","06","7","","1","1","1","0","0"
"POINT (9.719518161000053 52.336586797000052)","Unfall 8239 (2021) Kat:3, Licht: 0","8239","3","6","3","01","14","6","","0","0","1","0","0"
"POINT (9.697324462000040 52.341652182000075)","Unfall 8251 (2021) Kat:3, Licht: 2","8251","3","2","5","01","17","3","","2","0","1","0","1"
"POINT (9.855472440000028 52.389557567000054)","Unfall 8300 (2021) Kat:3, Licht: 0","8300","3","5","1","02","13","6","","0","0","1","0","0"
"POINT (9.697322672000041 52.341647200000068)","Unfall 8320 (2021) Kat:2, Licht: 2","8320","2","2","4","01","05","6","","2","0","1","0","0"
"POINT (9.783329373000072 52.381251537000026)","Unfall 8349 (2021) Kat:3, Licht: 2","8349","3","6","2","02","06","2","","2","0","1","0","0"
"POINT (9.733739632000038 52.368942596000068)","Unfall 8424 (2021) Kat:3, Licht: 1","8424","3","7","0","02","17","2","","1","1","0","0","0"
"POINT (9.744993072000057 52.369034153000030)","Unfall 8434 (2021) Kat:3, Licht: 0","8434","3","4","6","01","14","7","","0","1","0","1","0"
"POINT (9.751618491000045 52.369531052000070)","Unfall 8442 (2021) Kat:3, Licht: 2","8442","3","7","6","02","19","4","","2","1","0","1","0"
"POINT (9.869297259000064 52.360486792000074)","Unfall 8450 (2021) Kat:3, Licht: 1","8450","3","2","5","01","16","6","","1","1","0","0","0"
"POINT (9.691149555000038 52.332175372000052)","Unfall 8473 (2021) Kat:2, Licht: 0","8473","2","2","5","02","10","1","","0","1","1","0","0"
"POINT (9.734178483000051 52.427379803000065)","Unfall 8509 (2021) Kat:3, Licht: 0","8509","3","1","9","01","08","7","","0","0","1","0","0"
"POINT (9.752121364000061 52.427207519000035)","Unfall 8531 (2021) Kat:3, Licht: 2","8531","3","6","2","01","17","3","","2","0","1","0","0"
"POINT (9.732563636000066 52.427542357000050)","Unfall 8560 (2021) Kat:3, Licht: 2","8560","3","1","8","01","05","3","","2","0","1","0","0"
"POINT (9.624575429000060 52.420820150000054)","Unfall 8574 (2021) Kat:3, Licht: 0","8574","3","6","8","02","11","3","","0","0","1","0","0"
"POINT (9.733974796000041 52.385375142000044)","Unfall 8585 (2021) Kat:3, Licht: 0","8585","3","3","5","01","11","6","","0","1","1","0","0"
"POINT (9.713341071000059 52.366732684000056)","Unfall 8620 (2021) Kat:3, Licht: 0","8620","3","5","0","01","16","2","","0","1","1","0","0"
"POINT (9.776534246000040 52.332827675000033)","Unfall 8637 (2021) Kat:2, Licht: 2","8637","2","7","0","01","05","3","","2","1","0","0","0"
"POINT (9.850312626000061 52.391658559000064)","Unfall 8650 (2021) Kat:2, Licht: 2","8650","2","1","0","02","18","5","","2","1","0","0","0"
"POINT (9.680371026000046 52.371925774000033)","Unfall 8693 (2021) Kat:3, Licht: 2","8693","3","1","0","01","21","2","","2","1","0","0","0"
"POINT (9.743289999000069 52.368193609000059)","Unfall 8716 (2021) Kat:3, Licht: 2","8716","3","2","5","02","18","4","","2","1","1","0","0"
"POINT (9.826449057000048 52.341551121000066)","Unfall 8750 (2021) Kat:3, Licht: 2","8750","3","3","5","01","18","3","","2","0","1","0","0"
"POINT (9.647432759000026 52.413440176000051)","Unfall 8752 (2021) Kat:3, Licht: 0","8752","3","6","2","02","08","3","","0","0","1","0","0"
"POINT (9.734972957000025 52.391919035000058)","Unfall 8753 (2021) Kat:3, Licht: 2","8753","3","7","5","01","18","4","","2","1","1","0","0"
"POINT (9.748827159000029 52.362300474000051)","Unfall 8757 (2021) Kat:3, Licht: 0","8757","3","6","2","01","12","6","","0","0","1","0","0"
"POINT (9.797039795000046 52.347289235000062)","Unfall 8768 (2021) Kat:2, Licht: 1","8768","2","6","2","01","07","3","","1","0","1","0","0"
"POINT (9.695808778000071 52.380029910000076)","Unfall 8864 (2021) Kat:3, Licht: 2","8864","3","6","2","01","18","1","","2","0","1","0","0"
"POINT (9.842008749000058 52.416119604000073)","Unfall 8893 (2021) Kat:3, Licht: 0","8893","3","3","0","02","12","5","","0","0","1","0","0"
"POINT (9.725339649000034 52.380371388000071)","Unfall 8937 (2021) Kat:3, Licht: 0","8937","3","4","6","01","13","3","","0","0","1","1","0"
"POINT (9.732977722000044 52.420756894000078)","Unfall 8952 (2021) Kat:3, Licht: 1","8952","3","3","5","01","15","2","","1","0","1","0","0"
"POINT (9.689214480000032 52.387676813000041)","Unfall 8970 (2021) Kat:3, Licht: 2","8970","3","6","3","01","17","2","","2","0","1","0","0"
"POINT (9.740532188000032 52.368279570000027)","Unfall 8983 (2021) Kat:3, Licht: 2","8983","3","6","9","01","18","2","","2","0","1","0","0"
"POINT (9.728448432000050 52.368009432000065)","Unfall 8986 (2021) Kat:3, Licht: 0","8986","3","3","5","02","10","4","","0","1","1","0","0"
"POINT (9.630660211000077 52.420819864000066)","Unfall 9035 (2021) Kat:3, Licht: 0","9035","3","6","2","01","07","4","","0","0","1","0","0"
"POINT (9.733118503000071 52.427385287000050)","Unfall 9051 (2021) Kat:3, Licht: 0","9051","3","6","2","01","08","3","","0","0","1","0","0"
"POINT (9.797134327000038 52.395457220000026)","Unfall 9103 (2021) Kat:3, Licht: 2","9103","3","1","8","02","18","3","","2","0","1","0","0"
"POINT (9.799308320000023 52.409949897000047)","Unfall 9125 (2021) Kat:2, Licht: 2","9125","2","1","7","01","17","7","","2","1","0","0","0"
"POINT (9.697715170000038 52.376369219000026)","Unfall 9157 (2021) Kat:3, Licht: 0","9157","3","6","2","01","07","4","","0","0","1","0","0"
"POINT (9.695056142000055 52.375147415000072)","Unfall 9162 (2021) Kat:3, Licht: 1","9162","3","7","0","01","07","3","","1","0","0","0","0"
"POINT (9.663620824000077 52.376973447000069)","Unfall 9164 (2021) Kat:3, Licht: 2","9164","3","2","4","02","18","2","","2","1","1","0","0"
"POINT (9.694458718000021 52.419723182000041)","Unfall 9205 (2021) Kat:2, Licht: 0","9205","2","3","5","03","16","1","","0","1","1","0","0"
"POINT (9.648411135000060 52.412831733000075)","Unfall 9239 (2021) Kat:3, Licht: 0","9239","3","6","2","03","13","1","","0","0","1","0","0"
"POINT (9.685534651000069 52.329172027000027)","Unfall 9285 (2021) Kat:3, Licht: 0","9285","3","6","2","03","14","4","","0","0","1","0","0"
"POINT (9.799676279000039 52.408476090000079)","Unfall 9333 (2021) Kat:2, Licht: 0","9333","2","1","0","03","09","5","","0","1","0","0","0"
"POINT (9.787121123000077 52.347696687000052)","Unfall 9346 (2021) Kat:3, Licht: 0","9346","3","6","2","03","14","2","","0","0","1","0","0"
"POINT (9.728036117000045 52.374475972000027)","Unfall 9374 (2021) Kat:2, Licht: 0","9374","2","1","8","02","13","1","","0","1","1","0","0"
"POINT (9.693205744000068 52.420440751000058)","Unfall 9386 (2021) Kat:3, Licht: 0","9386","3","4","6","03","13","6","","0","0","1","1","0"
"POINT (9.726925841000025 52.366468364000070)","Unfall 9400 (2021) Kat:3, Licht: 0","9400","3","6","6","04","12","4","","0","1","0","1","0"
"POINT (9.734022728000070 52.387093113000049)","Unfall 9402 (2021) Kat:2, Licht: 1","9402","2","2","5","02","18","4","","1","1","1","0","0"
"POINT (9.728316424000070 52.374161672000071)","Unfall 9414 (2021) Kat:3, Licht: 0","9414","3","3","5","02","08","5","","0","0","1","0","0"
"POINT (9.734245435000048 52.386984526000049)","Unfall 9420 (2021) Kat:3, Licht: 2","9420","3","6","2","03","20","3","","2","0","1","0","0"
"POINT (9.733614294000063 52.415962484000033)","Unfall 9464 (2021) Kat:3, Licht: 0","9464","3","6","2","04","10","4","","0","0","0","0","0"
"POINT (9.733784720000074 52.385732373000053)","Unfall 9490 (2021) Kat:3, Licht: 0","9490","3","6","3","03","06","3","","0","1","0","0","0"
"POINT (9.812451422000038 52.366330210000058)","Unfall 9499 (2021) Kat:3, Licht: 0","9499","3","5","1","03","13","6","","0","0","1","0","0"
"POINT (9.799665378000043 52.408519684000055)","Unfall 9508 (2021) Kat:3, Licht: 0","9508","3","7","6","04","12","5","","0","0","1","1","0"
"POINT (9.718938130000026 52.333527329000049)","Unfall 9509 (2021) Kat:3, Licht: 0","9509","3","3","5","02","09","7","","0","0","1","0","0"
"POINT (9.733534244000055 52.369173647000082)","Unfall 9533 (2021) Kat:3, Licht: 2","9533","3","3","5","03","20","6","","2","0","1","0","0"
"POINT (9.780191640000055 52.324357132000046)","Unfall 9540 (2021) Kat:2, Licht: 0","9540","2","6","6","03","11","7","","0","1","0","1","0"
"POINT (9.697547803000077 52.377371049000033)","Unfall 9545 (2021) Kat:3, Licht: 0","9545","3","6","2","03","12","5","","0","0","1","0","0"
"POINT (9.717002529000069 52.346194748000073)","Unfall 9576 (2021) Kat:3, Licht: 0","9576","3","6","2","03","13","3","","0","0","1","0","0"
"POINT (9.657989616000066 52.388260169000034)","Unfall 9602 (2021) Kat:3, Licht: 0","9602","3","6","2","03","12","4","","0","0","1","0","1"
"POINT (9.641298928000026 52.414886260000060)","Unfall 9648 (2021) Kat:3, Licht: 0","9648","3","6","3","03","14","4","","0","0","1","0","0"
"POINT (9.867095652000046 52.341926098000044)","Unfall 9654 (2021) Kat:3, Licht: 0","9654","3","6","2","03","09","7","","0","0","1","0","0"
"POINT (9.654269952000050 52.425282208000056)","Unfall 9680 (2021) Kat:3, Licht: 0","9680","3","6","3","02","17","2","","0","0","1","0","0"
"POINT (9.733562878000043 52.384828480000067)","Unfall 9694 (2021) Kat:3, Licht: 0","9694","3","3","5","03","12","4","","0","1","1","0","0"
"POINT (9.659526669000059 52.376942953000082)","Unfall 9726 (2021) Kat:3, Licht: 2","9726","3","3","5","02","20","2","","2","0","1","0","0"
"POINT (9.735589926000046 52.403334833000031)","Unfall 9730 (2021) Kat:3, Licht: 2","9730","3","6","2","04","21","2","","2","0","1","0","0"
"POINT (9.720309751000059 52.337519107000048)","Unfall 9734 (2021) Kat:3, Licht: 0","9734","3","6","2","03","08","4","","0","0","1","0","0"
"POINT (9.723427888000060 52.377721135000058)","Unfall 9745 (2021) Kat:3, Licht: 2","9745","3","3","5","03","21","6","","2","1","1","0","0"
"POINT (9.793898633000026 52.393923900000061)","Unfall 9762 (2021) Kat:3, Licht: 0","9762","3","7","2","03","14","2","","0","0","1","0","0"
"POINT (9.793217930000026 52.393669161000048)","Unfall 9774 (2021) Kat:3, Licht: 0","9774","3","2","3","04","11","6","","0","0","1","0","0"
"POINT (9.654596516000026 52.407966081000041)","Unfall 9794 (2021) Kat:3, Licht: 0","9794","3","6","2","02","12","4","","0","0","1","0","1"
"POINT (9.742444250000062 52.368290584000079)","Unfall 9795 (2021) Kat:3, Licht: 0","9795","3","6","2","03","16","4","","0","0","1","0","0"
"POINT (9.697192034000068 52.378242603000047)","Unfall 9804 (2021) Kat:3, Licht: 2","9804","3","6","2","03","05","3","","2","0","1","0","0"
"POINT (9.731945870000061 52.369093639000027)","Unfall 9812 (2021) Kat:3, Licht: 0","9812","3","3","5","03","10","6","","0","1","1","0","0"
"POINT (9.714267572000040 52.362155834000077)","Unfall 9861 (2021) Kat:3, Licht: 0","9861","3","2","3","02","14","1","","0","0","0","0","1"
"POINT (9.723108836000051 52.377890267000055)","Unfall 9862 (2021) Kat:3, Licht: 0","9862","3","3","5","03","12","4","","0","1","1","0","0"
"POINT (9.759131083000057 52.349033205000069)","Unfall 9892 (2021) Kat:3, Licht: 0","9892","3","7","0","03","19","3","","0","1","0","0","0"
"POINT (9.831426549000071 52.422378181000056)","Unfall 9919 (2021) Kat:3, Licht: 0","9919","3","6","3","03","16","5","","0","0","1","0","0"
"POINT (9.658212330000026 52.388159211000072)","Unfall 9979 (2021) Kat:3, Licht: 2","9979","3","7","4","04","05","3","","2","0","1","0","0"
"POINT (9.656971274000057 52.425801412000055)","Unfall 9995 (2021) Kat:3, Licht: 0","9995","3","6","2","03","14","4","","0","0","1","0","0"
"POINT (9.860893215000033 52.383620946000065)","Unfall 9998 (2021) Kat:3, Licht: 0","9998","3","1","0","02","11","5","","0","1","0","0","0"
"POINT (9.735156079000035 52.403709819000028)","Unfall 10080 (2021) Kat:3, Licht: 0","10080","3","6","2","04","15","2","","0","0","1","0","0"
"POINT (9.649668979000069 52.424242854000056)","Unfall 10082 (2021) Kat:3, Licht: 0","10082","3","6","2","03","16","4","","0","0","1","0","0"
"POINT (9.786389182000050 52.422725332000027)","Unfall 10087 (2021) Kat:3, Licht: 0","10087","3","6","2","02","14","5","","0","0","1","0","0"
"POINT (9.689319422000040 52.423394518000066)","Unfall 10096 (2021) Kat:3, Licht: 2","10096","3","1","0","03","21","2","","2","1","0","0","0"
"POINT (9.863892188000023 52.375206849000051)","Unfall 10127 (2021) Kat:3, Licht: 0","10127","3","2","2","03","11","5","","0","0","1","0","0"
"POINT (9.740266930000075 52.368039539000051)","Unfall 10151 (2021) Kat:3, Licht: 1","10151","3","2","0","03","18","5","","1","1","1","0","0"
"POINT (9.864026325000054 52.375531259000070)","Unfall 10158 (2021) Kat:3, Licht: 2","10158","3","6","4","03","20","7","","2","0","1","0","0"
"POINT (9.722745441000029 52.378333805000068)","Unfall 10164 (2021) Kat:3, Licht: 0","10164","3","6","2","03","16","2","","0","0","1","0","0"
"POINT (9.697731006000026 52.377154513000050)","Unfall 10177 (2021) Kat:3, Licht: 0","10177","3","6","2","03","08","4","","0","0","1","0","1"
"POINT (9.728708619000031 52.381734239000082)","Unfall 10179 (2021) Kat:3, Licht: 0","10179","3","6","2","02","15","2","","0","0","1","0","0"
"POINT (9.717317294000054 52.428711670000041)","Unfall 10210 (2021) Kat:3, Licht: 0","10210","3","6","2","03","14","4","","0","0","1","0","0"
"POINT (9.766751725000063 52.337604806000058)","Unfall 10217 (2021) Kat:3, Licht: 2","10217","3","4","6","03","20","5","","2","1","0","1","0"
"POINT (9.839066475000038 52.361709170000040)","Unfall 10238 (2021) Kat:3, Licht: 0","10238","3","1","9","04","15","5","","0","1","0","0","0"
"POINT (9.676443961000075 52.355699748000063)","Unfall 10249 (2021) Kat:3, Licht: 0","10249","3","2","5","03","16","6","","0","1","1","0","0"
"POINT (9.799765823000030 52.408088121000048)","Unfall 10250 (2021) Kat:3, Licht: 0","10250","3","3","5","03","14","6","","0","1","1","0","0"
"POINT (9.833368110000038 52.386397542000054)","Unfall 10296 (2021) Kat:2, Licht: 0","10296","2","3","5","03","10","2","","0","1","1","0","0"
"POINT (9.730199425000023 52.368714332000081)","Unfall 10329 (2021) Kat:3, Licht: 0","10329","3","3","5","04","15","4","","0","1","1","0","0"
"POINT (9.723009282000021 52.358084978000079)","Unfall 10330 (2021) Kat:3, Licht: 0","10330","3","4","6","03","17","4","","0","0","1","1","0"
"POINT (9.740273048000063 52.368260462000080)","Unfall 10334 (2021) Kat:3, Licht: 0","10334","3","2","4","03","14","7","","0","1","0","0","0"
"POINT (9.749361665000038 52.361611171000050)","Unfall 10344 (2021) Kat:3, Licht: 0","10344","3","7","2","02","07","4","","0","0","1","0","1"
"POINT (9.842258738000055 52.388070186000050)","Unfall 10353 (2021) Kat:3, Licht: 2","10353","3","2","0","02","18","7","","2","0","1","0","1"
"POINT (9.790159227000061 52.429943554000033)","Unfall 10400 (2021) Kat:3, Licht: 2","10400","3","6","9","02","18","3","","2","0","1","0","0"
"POINT (9.734091530000057 52.412216017000048)","Unfall 10402 (2021) Kat:3, Licht: 0","10402","3","2","5","03","07","2","","0","1","1","0","0"
"POINT (9.795479717000035 52.394716621000043)","Unfall 10432 (2021) Kat:3, Licht: 0","10432","3","6","2","03","18","5","","0","0","1","0","0"
"POINT (9.799092354000038 52.410771412000031)","Unfall 10442 (2021) Kat:3, Licht: 0","10442","3","7","0","03","11","3","","0","0","0","0","0"
"POINT (9.714115888000038 52.361160462000043)","Unfall 10446 (2021) Kat:3, Licht: 0","10446","3","6","2","03","15","2","","0","0","1","0","0"
"POINT (9.734972991000063 52.391919238000071)","Unfall 10457 (2021) Kat:3, Licht: 2","10457","3","5","1","03","19","3","","2","0","1","0","0"
"POINT (9.801774293000051 52.432053502000031)","Unfall 10486 (2021) Kat:3, Licht: 0","10486","3","3","5","03","10","6","","0","1","1","0","0"
"POINT (9.725184824000053 52.389716766000049)","Unfall 10500 (2021) Kat:3, Licht: 0","10500","3","5","1","03","11","4","","0","0","1","0","0"
"POINT (9.718119635000050 52.354930139000032)","Unfall 10519 (2021) Kat:2, Licht: 0","10519","2","3","5","03","15","7","","0","0","1","0","0"
"POINT (9.766982315000064 52.342961370000069)","Unfall 10525 (2021) Kat:3, Licht: 0","10525","3","6","3","03","17","3","","0","0","1","0","0"
"POINT (9.667346324000050 52.377070328000059)","Unfall 10561 (2021) Kat:3, Licht: 0","10561","3","2","5","03","12","4","","0","0","1","0","1"
"POINT (9.736225570000045 52.397364571000026)","Unfall 10569 (2021) Kat:3, Licht: 0","10569","3","2","5","04","10","4","","0","1","0","0","0"
"POINT (9.805238892000034 52.397550279000029)","Unfall 10571 (2021) Kat:3, Licht: 2","10571","3","6","2","02","19","4","","2","0","1","0","0"
"POINT (9.765080631000046 52.342442414000061)","Unfall 10623 (2021) Kat:3, Licht: 0","10623","3","6","6","06","08","6","","0","1","0","1","0"
"POINT (9.746991462000040 52.339066830000036)","Unfall 10631 (2021) Kat:3, Licht: 0","10631","3","6","2","06","16","4","","0","0","1","0","0"
"POINT (9.655902092000076 52.406380739000042)","Unfall 10669 (2021) Kat:3, Licht: 0","10669","3","6","2","05","09","2","","0","0","1","0","0"
"POINT (9.827062016000070 52.342915626000035)","Unfall 10674 (2021) Kat:3, Licht: 0","10674","3","3","5","04","09","6","","0","1","1","0","0"
"POINT (9.836762161000024 52.421106315000031)","Unfall 10697 (2021) Kat:3, Licht: 0","10697","3","3","5","04","14","5","","0","0","1","0","0"
"POINT (9.782462248000058 52.325115599000071)","Unfall 10703 (2021) Kat:3, Licht: 0","10703","3","2","5","05","16","5","","0","0","1","0","0"
"POINT (9.698550748000059 52.420969931000059)","Unfall 10709 (2021) Kat:3, Licht: 0","10709","3","3","5","04","17","5","","0","0","1","0","0"
"POINT (9.717268851000028 52.346362408000061)","Unfall 10716 (2021) Kat:3, Licht: 0","10716","3","6","2","05","09","7","","0","0","1","0","0"
"POINT (9.674939123000058 52.381552097000053)","Unfall 10718 (2021) Kat:3, Licht: 0","10718","3","1","0","05","17","7","","0","1","0","0","0"
"POINT (9.735539500000073 52.403597785000045)","Unfall 10746 (2021) Kat:3, Licht: 0","10746","3","2","5","06","06","6","","0","1","1","0","0"
"POINT (9.879275038000060 52.399490606000029)","Unfall 10750 (2021) Kat:3, Licht: 2","10750","3","6","8","05","03","6","","2","0","1","0","0"
"POINT (9.752122301000043 52.358027970000080)","Unfall 10759 (2021) Kat:3, Licht: 0","10759","3","6","2","05","12","4","","0","0","1","0","0"
"POINT (9.748296531000051 52.427292511000076)","Unfall 10769 (2021) Kat:3, Licht: 0","10769","3","6","2","04","14","4","","0","0","1","0","0"
"POINT (9.813653623000050 52.318345211000064)","Unfall 10789 (2021) Kat:3, Licht: 2","10789","3","1","3","04","20","7","","2","0","1","0","0"
"POINT (9.714499369000066 52.361024024000073)","Unfall 10808 (2021) Kat:3, Licht: 0","10808","3","2","3","04","15","6","","0","0","0","0","1"
"POINT (9.722379861000036 52.378530096000077)","Unfall 10814 (2021) Kat:3, Licht: 0","10814","3","2","3","06","15","7","","0","0","1","0","1"
"POINT (9.798539256000026 52.416790320000075)","Unfall 10818 (2021) Kat:3, Licht: 0","10818","3","6","4","05","11","1","","0","0","1","0","1"
"POINT (9.733953940000049 52.368894735000026)","Unfall 10820 (2021) Kat:2, Licht: 0","10820","2","2","5","06","15","2","","0","1","1","0","0"
"POINT (9.760350171000027 52.370419335000065)","Unfall 10832 (2021) Kat:3, Licht: 0","10832","3","6","3","04","14","7","","0","0","1","0","0"
"POINT (9.766992180000045 52.370620408000036)","Unfall 10851 (2021) Kat:3, Licht: 0","10851","3","3","5","05","19","5","","0","1","1","0","0"
"POINT (9.770897581000042 52.335361448000072)","Unfall 10861 (2021) Kat:3, Licht: 0","10861","3","6","2","05","07","2","","0","0","1","0","0"
"POINT (9.784792624000033 52.428825751000034)","Unfall 10874 (2021) Kat:3, Licht: 0","10874","3","6","2","05","06","3","","0","0","1","0","0"
"POINT (9.716229148000025 52.366856247000044)","Unfall 10880 (2021) Kat:3, Licht: 0","10880","3","5","3","04","18","3","","0","0","1","0","1"
"POINT (9.674907313000062 52.381911766000030)","Unfall 10890 (2021) Kat:3, Licht: 0","10890","3","7","0","05","13","1","","0","1","0","0","0"
"POINT (9.778940384000066 52.427978319000033)","Unfall 10891 (2021) Kat:3, Licht: 0","10891","3","6","2","05","13","6","","0","0","1","0","0"
"POINT (9.733456353000065 52.369187597000064)","Unfall 10907 (2021) Kat:3, Licht: 0","10907","3","3","5","05","10","3","","0","1","1","0","0"
"POINT (9.852095732000066 52.415241703000049)","Unfall 10944 (2021) Kat:3, Licht: 0","10944","3","7","1","04","15","2","","0","0","1","0","0"
"POINT (9.648601159000066 52.412691808000034)","Unfall 10993 (2021) Kat:3, Licht: 0","10993","3","6","3","04","15","7","","0","0","1","0","0"
"POINT (9.817798691000064 52.408867579000059)","Unfall 11005 (2021) Kat:3, Licht: 0","11005","3","3","5","05","15","1","","0","1","1","0","0"
"POINT (9.807212682000056 52.336068582000053)","Unfall 11020 (2021) Kat:3, Licht: 0","11020","3","3","3","05","13","7","","0","0","1","0","1"
"POINT (9.751169800000071 52.359259387000066)","Unfall 11021 (2021) Kat:3, Licht: 0","11021","3","2","0","04","12","5","","0","1","0","0","0"
"POINT (9.847981541000024 52.329900854000073)","Unfall 11023 (2021) Kat:2, Licht: 0","11023","2","6","0","06","19","7","","0","1","1","0","0"
"POINT (9.714732795000032 52.366582029000028)","Unfall 11030 (2021) Kat:3, Licht: 0","11030","3","5","0","06","08","2","","0","1","1","0","0"
"POINT (9.727050135000070 52.366889608000065)","Unfall 11054 (2021) Kat:3, Licht: 0","11054","3","6","3","04","12","6","","0","0","1","0","0"
"POINT (9.708764350000024 52.408577861000026)","Unfall 11077 (2021) Kat:3, Licht: 0","11077","3","6","3","04","12","7","","0","0","1","0","0"
"POINT (9.792724598000063 52.393900960000053)","Unfall 11104 (2021) Kat:3, Licht: 0","11104","3","6","2","06","16","5","","0","0","1","0","0"
"POINT (9.728035465000062 52.336140245000081)","Unfall 11109 (2021) Kat:3, Licht: 0","11109","3","6","2","06","17","1","","0","0","1","0","0"
"POINT (9.810427127000025 52.382502507000027)","Unfall 11139 (2021) Kat:3, Licht: 0","11139","3","1","8","04","08","5","","0","0","0","0","1"
"POINT (9.735137367000050 52.393955715000061)","Unfall 11146 (2021) Kat:3, Licht: 0","11146","3","6","2","05","10","7","","0","0","1","0","0"
"POINT (9.726339342000074 52.380814793000070)","Unfall 11150 (2021) Kat:3, Licht: 0","11150","3","3","5","06","08","4","","0","1","1","0","0"
"POINT (9.691155171000048 52.332179699000051)","Unfall 11167 (2021) Kat:3, Licht: 0","11167","3","2","0","05","12","6","","0","0","0","0","0"
"POINT (9.822919011000067 52.362417451000056)","Unfall 11176 (2021) Kat:3, Licht: 0","11176","3","1","8","05","16","2","","0","0","0","0","1"
"POINT (9.740352534000067 52.368268621000027)","Unfall 11196 (2021) Kat:3, Licht: 0","11196","3","6","3","04","14","5","","0","0","1","0","0"
"POINT (9.781976031000056 52.362996845000055)","Unfall 11212 (2021) Kat:3, Licht: 0","11212","3","6","2","04","16","2","","0","0","1","0","1"
"POINT (9.827825046000044 52.354461045000050)","Unfall 11215 (2021) Kat:3, Licht: 0","11215","3","6","2","04","18","3","","0","0","1","0","0"
"POINT (9.771781291000025 52.342960258000062)","Unfall 11237 (2021) Kat:3, Licht: 0","11237","3","6","3","06","12","6","","0","0","1","0","0"
"POINT (9.694988596000030 52.374542395000049)","Unfall 11267 (2021) Kat:3, Licht: 0","11267","3","6","2","05","17","5","","0","0","1","0","0"
"POINT (9.701909573000023 52.347403264000036)","Unfall 11284 (2021) Kat:3, Licht: 0","11284","3","6","2","04","13","3","","0","0","1","0","0"
"POINT (9.722307037000064 52.378306170000030)","Unfall 11304 (2021) Kat:3, Licht: 0","11304","3","2","5","06","16","5","","0","1","1","0","0"
"POINT (9.694293669000047 52.374454450000030)","Unfall 11337 (2021) Kat:3, Licht: 0","11337","3","5","1","05","08","6","","0","0","1","0","0"
"POINT (9.746392438000044 52.365444990000071)","Unfall 11366 (2021) Kat:2, Licht: 2","11366","2","7","0","05","03","7","","2","0","0","0","0"
"POINT (9.791812898000046 52.335040009000068)","Unfall 11375 (2021) Kat:3, Licht: 0","11375","3","2","5","04","16","2","","0","1","1","0","0"
"POINT (9.799345938000044 52.409799075000080)","Unfall 11385 (2021) Kat:3, Licht: 0","11385","3","3","5","05","17","5","","0","1","1","0","0"
"POINT (9.736172737000061 52.399422211000058)","Unfall 11395 (2021) Kat:3, Licht: 0","11395","3","2","5","06","16","6","","0","1","1","0","0"
"POINT (9.773275127000034 52.323320005000028)","Unfall 11404 (2021) Kat:3, Licht: 0","11404","3","4","0","04","12","6","","0","0","1","1","0"
"POINT (9.719613497000068 52.367521902000078)","Unfall 11407 (2021) Kat:3, Licht: 0","11407","3","6","2","05","17","3","","0","0","1","0","1"