WKT,Name,OBJECTID,UKATEGORIE,UTYP1,UART,UMONAT,USTUNDE,UWOCHENTAG,STRZUSTAND,ULICHTVERH,ISTRAD,ISTPKW,ISTFUSS,ISTKRAD
"POINT (9.728380571000059 52.381627443000070)","Unfall 11419 (2021) Kat:3, Licht: 0","11419","3","3","0","04","10","6","","0","1","0","0","0"
"POINT (9.697775275000026 52.377112688000068)","Unfall 11444 (2021) Kat:3, Licht: 0","11444","3","6","2","04","17","5","","0","0","1","0","0"
"POINT (9.642553882000072 52.414649864000069)","Unfall 11446 (2021) Kat:3, Licht: 0","11446","3","6","2","04","12","7","","0","0","1","0","0"
"POINT (9.700877626000022 52.371246307000035)","Unfall 11449 (2021) Kat:3, Licht: 2","11449","3","6","0","05","21","4","","2","0","1","0","0"
"POINT (9.734848273000068 52.392618729000048)","Unfall 11454 (2021) Kat:3, Licht: 0","11454","3","5","2","06","15","7","","0","0","1","0","0"
"POINT (9.817602748000070 52.408920632000047)","Unfall 11455 (2021) Kat:3, Licht: 0","11455","3","6","2","04","19","7","","0","0","1","0","0"
"POINT (9.723003697000024 52.358107815000039)","Unfall 11456 (2021) Kat:3, Licht: 0","11456","3","1","8","05","19","7","","0","1","0","0","0"
"POINT (9.804452439000045 52.370546944000068)","Unfall 11474 (2021) Kat:3, Licht: 0","11474","3","1","0","05","12","5","","0","1","0","0","0"
"POINT (9.665771760000041 52.357708899000045)","Unfall 11495 (2021) Kat:2, Licht: 0","11495","2","2","5","04","17","6","","0","1","1","0","0"
"POINT (9.736266788000023 52.397666949000040)","Unfall 11498 (2021) Kat:3, Licht: 0","11498","3","2","5","05","16","1","","0","1","1","0","0"
"POINT (9.685653407000075 52.374822161000054)","Unfall 11519 (2021) Kat:3, Licht: 0","11519","3","6","2","06","14","6","","0","0","1","0","1"
"POINT (9.723896070000023 52.379551116000073)","Unfall 11540 (2021) Kat:2, Licht: 2","11540","2","6","3","05","21","1","","2","1","0","0","0"
"POINT (9.717292038000039 52.396472744000050)","Unfall 11546 (2021) Kat:3, Licht: 2","11546","3","7","6","06","00","4","","2","0","1","1","0"
"POINT (9.735782472000039 52.399932315000058)","Unfall 11600 (2021) Kat:3, Licht: 0","11600","3","6","3","04","15","3","","0","0","1","0","0"
"POINT (9.740913934000048 52.427364570000066)","Unfall 11606 (2021) Kat:2, Licht: 0","11606","2","6","2","06","09","6","","0","0","1","0","0"
"POINT (9.751208176000034 52.359209800000031)","Unfall 11653 (2021) Kat:3, Licht: 0","11653","3","2","5","05","09","5","","0","1","1","0","0"
"POINT (9.774600114000066 52.371041537000053)","Unfall 11658 (2021) Kat:3, Licht: 0","11658","3","2","5","05","17","6","","0","1","1","0","0"
"POINT (9.623920197000075 52.425398375000043)","Unfall 11662 (2021) Kat:3, Licht: 0","11662","3","6","2","05","08","3","","0","0","1","0","0"
"POINT (9.779820543000028 52.425550130000033)","Unfall 11672 (2021) Kat:2, Licht: 0","11672","2","1","0","06","19","7","","0","1","0","0","0"
"POINT (9.825579712000035 52.340752303000045)","Unfall 11676 (2021) Kat:3, Licht: 0","11676","3","7","5","05","12","7","","0","0","1","0","0"
"POINT (9.768267867000077 52.338401734000058)","Unfall 11681 (2021) Kat:3, Licht: 0","11681","3","6","0","06","17","4","","0","1","1","0","0"
"POINT (9.723455370000067 52.363277718000063)","Unfall 11691 (2021) Kat:3, Licht: 2","11691","3","1","0","05","22","6","","2","0","0","0","0"
"POINT (9.734279538000067 52.413536495000074)","Unfall 11697 (2021) Kat:3, Licht: 0","11697","3","2","5","05","15","2","","0","1","1","0","0"
"POINT (9.728621724000050 52.381705951000072)","Unfall 11760 (2021) Kat:3, Licht: 0","11760","3","5","1","04","14","4","","0","0","1","0","0"
"POINT (9.734579862000032 52.391377261000059)","Unfall 11768 (2021) Kat:3, Licht: 0","11768","3","5","1","06","18","7","","0","0","1","0","0"
"POINT (9.720428707000053 52.337965239000027)","Unfall 11802 (2021) Kat:3, Licht: 0","11802","3","1","0","06","15","5","","0","0","0","0","1"
"POINT (9.729534766000029 52.384408823000058)","Unfall 11812 (2021) Kat:3, Licht: 0","11812","3","6","0","05","11","2","","0","0","1","0","1"
"POINT (9.722529775000055 52.378449603000035)","Unfall 11818 (2021) Kat:3, Licht: 0","11818","3","2","2","04","13","7","","0","0","1","0","0"
"POINT (9.777676367000026 52.328067310000051)","Unfall 11822 (2021) Kat:3, Licht: 0","11822","3","6","2","05","14","2","","0","0","1","0","0"
"POINT (9.725676031000035 52.427405762000035)","Unfall 11839 (2021) Kat:3, Licht: 0","11839","3","6","3","05","15","4","","0","0","1","0","0"
"POINT (9.734473159000061 52.412118054000075)","Unfall 11845 (2021) Kat:3, Licht: 0","11845","3","6","2","05","14","3","","0","0","1","0","0"
"POINT (9.713415170000076 52.361929455000052)","Unfall 11911 (2021) Kat:3, Licht: 0","11911","3","6","2","05","19","1","","0","0","1","0","0"
"POINT (9.718869043000041 52.333463279000057)","Unfall 11955 (2021) Kat:3, Licht: 0","11955","3","3","5","05","10","7","","0","0","1","0","0"
"POINT (9.654054682000037 52.425081409000029)","Unfall 11961 (2021) Kat:3, Licht: 0","11961","3","6","3","04","11","7","","0","0","1","0","0"
"POINT (9.797320153000044 52.414019160000066)","Unfall 11968 (2021) Kat:3, Licht: 0","11968","3","7","2","05","18","3","","0","0","1","0","0"
"POINT (9.747514991000060 52.363994693000052)","Unfall 12010 (2021) Kat:2, Licht: 0","12010","2","1","8","05","17","5","","0","0","1","0","1"
"POINT (9.661167753000029 52.386491462000038)","Unfall 12020 (2021) Kat:2, Licht: 0","12020","2","3","5","06","12","6","","0","1","1","0","0"
"POINT (9.734471778000056 52.412126955000076)","Unfall 12101 (2021) Kat:3, Licht: 0","12101","3","6","2","04","15","3","","0","0","1","0","0"
"POINT (9.848271317000069 52.355262823000032)","Unfall 12105 (2021) Kat:3, Licht: 0","12105","3","6","0","04","11","6","","0","0","1","0","1"
"POINT (9.806459870000026 52.372106304000056)","Unfall 12115 (2021) Kat:3, Licht: 0","12115","3","6","2","04","14","5","","0","0","1","0","0"
"POINT (9.727238959000033 52.366798702000040)","Unfall 12119 (2021) Kat:3, Licht: 0","12119","3","6","2","04","12","6","","0","0","1","0","0"
"POINT (9.731613727000024 52.383520930000032)","Unfall 12159 (2021) Kat:3, Licht: 0","12159","3","6","3","05","18","1","","0","0","1","0","1"
"POINT (9.679321525000034 52.359464028000048)","Unfall 12186 (2021) Kat:3, Licht: 0","12186","3","1","0","06","18","4","","0","1","0","0","0"
"POINT (9.756475121000051 52.370170266000059)","Unfall 12190 (2021) Kat:3, Licht: 0","12190","3","2","3","05","07","3","","0","1","1","0","0"
"POINT (9.659609383000031 52.356704145000037)","Unfall 12225 (2021) Kat:3, Licht: 0","12225","3","2","5","06","16","4","","0","1","1","0","0"
"POINT (9.721469431000060 52.361394920000066)","Unfall 12254 (2021) Kat:2, Licht: 0","12254","2","4","6","05","12","6","","0","0","1","1","0"
"POINT (9.686991043000035 52.426230630000077)","Unfall 12270 (2021) Kat:3, Licht: 0","12270","3","6","2","06","15","3","","0","0","1","0","0"
"POINT (9.702919425000061 52.415138503000037)","Unfall 12272 (2021) Kat:3, Licht: 0","12272","3","2","4","05","10","5","","0","0","1","0","0"
"POINT (9.746698315000060 52.365206222000040)","Unfall 12279 (2021) Kat:3, Licht: 0","12279","3","7","0","05","12","6","","0","1","0","0","0"
"POINT (9.726395157000070 52.380839112000046)","Unfall 12289 (2021) Kat:3, Licht: 0","12289","3","3","5","04","11","2","","0","1","1","0","0"
"POINT (9.771603808000066 52.370878574000074)","Unfall 12302 (2021) Kat:3, Licht: 0","12302","3","6","2","04","14","4","","0","0","1","0","0"
"POINT (9.796552496000061 52.371211148000043)","Unfall 12304 (2021) Kat:3, Licht: 1","12304","3","2","6","04","20","4","","1","0","1","1","0"
"POINT (9.685516732000053 52.374763033000079)","Unfall 12312 (2021) Kat:3, Licht: 0","12312","3","6","2","06","07","5","","0","0","1","0","0"
"POINT (9.878527108000071 52.399646795000081)","Unfall 12314 (2021) Kat:3, Licht: 2","12314","3","6","2","05","03","6","","2","0","1","0","0"
"POINT (9.725476107000077 52.380432076000034)","Unfall 12315 (2021) Kat:3, Licht: 0","12315","3","6","2","05","10","5","","0","0","1","0","0"
"POINT (9.835911485000054 52.409750207000059)","Unfall 12324 (2021) Kat:2, Licht: 0","12324","2","6","2","05","14","2","","0","0","1","0","1"
"POINT (9.783870693000040 52.346011255000064)","Unfall 12346 (2021) Kat:3, Licht: 0","12346","3","6","3","05","18","3","","0","0","1","0","0"
"POINT (9.740263871000025 52.368259520000038)","Unfall 12350 (2021) Kat:3, Licht: 0","12350","3","2","5","06","14","7","","0","1","1","0","0"
"POINT (9.769734853000045 52.336698737000063)","Unfall 12384 (2021) Kat:3, Licht: 0","12384","3","6","4","06","18","4","","0","1","0","0","0"
"POINT (9.697773123000047 52.377114721000055)","Unfall 12388 (2021) Kat:3, Licht: 0","12388","3","6","2","05","15","5","","0","0","1","0","0"
"POINT (9.711528549000036 52.421732018000057)","Unfall 12397 (2021) Kat:3, Licht: 0","12397","3","3","5","05","16","2","","0","0","1","0","0"
"POINT (9.847643264000055 52.392769567000073)","Unfall 12399 (2021) Kat:3, Licht: 2","12399","3","7","0","06","23","3","","2","1","0","0","0"
"POINT (9.866377331000024 52.340184557000043)","Unfall 12417 (2021) Kat:2, Licht: 0","12417","2","6","2","04","07","5","","0","0","0","0","0"
"POINT (9.758587257000045 52.427063037000039)","Unfall 12426 (2021) Kat:3, Licht: 0","12426","3","6","2","04","17","4","","0","0","1","0","0"
"POINT (9.733634912000070 52.369154803000072)","Unfall 12434 (2021) Kat:3, Licht: 0","12434","3","3","5","06","19","6","","0","1","1","0","0"
"POINT (9.722436182000024 52.378499856000076)","Unfall 12436 (2021) Kat:3, Licht: 0","12436","3","2","5","06","12","5","","0","1","1","0","0"
"POINT (9.620147432000067 52.406364604000032)","Unfall 12502 (2021) Kat:3, Licht: 0","12502","3","3","5","05","09","5","","0","1","1","0","0"
"POINT (9.774985848000028 52.343278017000046)","Unfall 12513 (2021) Kat:3, Licht: 0","12513","3","6","2","04","13","4","","0","0","1","0","1"
"POINT (9.862140930000066 52.380863458000078)","Unfall 12524 (2021) Kat:3, Licht: 0","12524","3","2","3","05","16","5","","0","1","1","0","0"
"POINT (9.709486237000021 52.408066955000038)","Unfall 12537 (2021) Kat:3, Licht: 0","12537","3","6","2","06","16","6","","0","0","1","0","0"
"POINT (9.735035022000034 52.404618413000037)","Unfall 12542 (2021) Kat:3, Licht: 0","12542","3","6","2","04","14","5","","0","0","1","0","0"
"POINT (9.809921795000037 52.333582086000035)","Unfall 12549 (2021) Kat:3, Licht: 1","12549","3","1","8","05","19","6","","1","0","1","0","0"
"POINT (9.651241171000038 52.420272059000069)","Unfall 12601 (2021) Kat:3, Licht: 0","12601","3","7","0","06","17","4","","0","1","0","0","0"
"POINT (9.856015536000029 52.388840684000058)","Unfall 12618 (2021) Kat:3, Licht: 0","12618","3","3","5","05","05","2","","0","1","0","0","0"
"POINT (9.677516403000027 52.369577597000045)","Unfall 12645 (2021) Kat:2, Licht: 0","12645","2","3","5","06","18","1","","0","1","1","0","0"
"POINT (9.719479895000063 52.345942659000059)","Unfall 12662 (2021) Kat:3, Licht: 0","12662","3","6","2","04","10","2","","0","0","1","0","0"
"POINT (9.826800791000039 52.341878954000038)","Unfall 12686 (2021) Kat:3, Licht: 0","12686","3","3","5","05","19","5","","0","0","1","0","0"
"POINT (9.834491659000037 52.386712097000043)","Unfall 12703 (2021) Kat:3, Licht: 0","12703","3","3","5","04","15","4","","0","1","1","0","0"
"POINT (9.836157585000024 52.387141502000077)","Unfall 12742 (2021) Kat:3, Licht: 0","12742","3","6","0","04","11","3","","0","1","0","0","0"
"POINT (9.804641103000051 52.338131371000031)","Unfall 12744 (2021) Kat:3, Licht: 0","12744","3","6","2","04","08","3","","0","0","1","0","0"
"POINT (9.821147940000060 52.408284344000037)","Unfall 12748 (2021) Kat:3, Licht: 0","12748","3","6","2","04","18","6","","0","0","1","0","0"
"POINT (9.800160633000075 52.406394122000052)","Unfall 12750 (2021) Kat:3, Licht: 0","12750","3","6","3","06","13","6","","0","1","0","0","0"
"POINT (9.750738333000072 52.359822702000031)","Unfall 12765 (2021) Kat:3, Licht: 0","12765","3","6","9","06","12","6","","0","1","0","0","0"
"POINT (9.695518392000054 52.361352873000044)","Unfall 12791 (2021) Kat:3, Licht: 0","12791","3","3","5","05","14","4","","0","1","1","0","0"
"POINT (9.659661410000069 52.356711962000077)","Unfall 12795 (2021) Kat:3, Licht: 0","12795","3","2","5","04","15","1","","0","1","1","0","0"
"POINT (9.733982615000059 52.386863787000038)","Unfall 12811 (2021) Kat:2, Licht: 0","12811","2","6","3","06","15","5","","0","1","0","0","0"
"POINT (9.802599491000024 52.340409056000055)","Unfall 12859 (2021) Kat:3, Licht: 0","12859","3","6","3","05","15","4","","0","0","1","0","0"
"POINT (9.723327157000028 52.377775002000078)","Unfall 12870 (2021) Kat:3, Licht: 0","12870","3","2","5","05","18","6","","0","1","1","0","0"
"POINT (9.827228938000076 52.346931653000070)","Unfall 12876 (2021) Kat:3, Licht: 0","12876","3","3","0","05","17","2","","0","1","0","0","0"
"POINT (9.697677132000024 52.376391634000072)","Unfall 12916 (2021) Kat:3, Licht: 0","12916","3","6","2","05","13","7","","0","0","1","0","0"
"POINT (9.751535859000057 52.369513109000081)","Unfall 12923 (2021) Kat:3, Licht: 0","12923","3","1","0","05","15","6","","0","1","0","0","0"
"POINT (9.641369661000056 52.414280242000075)","Unfall 12943 (2021) Kat:3, Licht: 0","12943","3","6","2","04","12","7","","0","0","1","0","0"
"POINT (9.697252801000047 52.378094360000034)","Unfall 12971 (2021) Kat:3, Licht: 0","12971","3","6","2","06","15","6","","0","0","1","0","0"
"POINT (9.827478110000072 52.361321967000038)","Unfall 13004 (2021) Kat:3, Licht: 0","13004","3","2","0","04","12","7","","0","1","1","0","0"
"POINT (9.790025660000026 52.349261785000067)","Unfall 13009 (2021) Kat:3, Licht: 0","13009","3","6","2","04","16","4","","0","0","1","0","0"
"POINT (9.670150871000033 52.347496485000079)","Unfall 13032 (2021) Kat:2, Licht: 0","13032","2","2","5","04","17","2","","0","0","1","0","0"
"POINT (9.635668083000041 52.421154467000065)","Unfall 13042 (2021) Kat:3, Licht: 0","13042","3","1","8","05","18","5","","0","0","1","0","0"
"POINT (9.709642849000033 52.346838520000063)","Unfall 13084 (2021) Kat:2, Licht: 0","13084","2","3","5","05","16","6","","0","1","1","0","0"
"POINT (9.627015805000042 52.423289806000071)","Unfall 13086 (2021) Kat:3, Licht: 0","13086","3","7","0","04","16","5","","0","0","0","0","1"
"POINT (9.855169386000057 52.417127541000070)","Unfall 13100 (2021) Kat:3, Licht: 0","13100","3","6","2","05","10","4","","0","0","1","0","0"
"POINT (9.795437153000023 52.395028510000031)","Unfall 13104 (2021) Kat:3, Licht: 0","13104","3","6","2","06","08","4","","0","0","1","0","0"
"POINT (9.819380191000050 52.338848478000045)","Unfall 13125 (2021) Kat:2, Licht: 0","13125","2","4","6","04","13","4","","0","0","0","1","0"
"POINT (9.647094045000074 52.413602256000047)","Unfall 13217 (2021) Kat:3, Licht: 0","13217","3","3","5","09","14","1","","0","0","1","0","0"
"POINT (9.818791587000021 52.384695162000071)","Unfall 13250 (2021) Kat:3, Licht: 0","13250","3","2","2","08","17","2","","0","0","1","0","0"
"POINT (9.775889167000059 52.427610172000072)","Unfall 13258 (2021) Kat:3, Licht: 0","13258","3","6","2","06","09","3","","0","0","1","0","0"
"POINT (9.690327209000031 52.374769939000032)","Unfall 13287 (2021) Kat:3, Licht: 2","13287","3","3","5","07","22","6","","2","0","1","0","0"
"POINT (9.786346656000035 52.389101430000039)","Unfall 13310 (2021) Kat:3, Licht: 2","13310","3","6","3","09","21","5","","2","0","1","0","0"
"POINT (9.724566683000035 52.379987656000026)","Unfall 13336 (2021) Kat:2, Licht: 2","13336","2","4","6","09","06","6","","2","0","1","1","0"
"POINT (9.635918170000025 52.417591063000032)","Unfall 13338 (2021) Kat:2, Licht: 0","13338","2","6","4","09","18","6","","0","1","0","0","0"
"POINT (9.735025004000022 52.393413989000067)","Unfall 13340 (2021) Kat:3, Licht: 0","13340","3","3","5","07","14","7","","0","1","0","0","0"
"POINT (9.735833426000056 52.399539565000055)","Unfall 13343 (2021) Kat:3, Licht: 0","13343","3","6","2","06","07","4","","0","0","1","0","0"
"POINT (9.722502754000061 52.358463212000061)","Unfall 13366 (2021) Kat:3, Licht: 1","13366","3","6","2","08","21","7","","1","0","1","0","0"
"POINT (9.732305999000062 52.383376502000033)","Unfall 13390 (2021) Kat:3, Licht: 0","13390","3","2","5","08","15","3","","0","1","1","0","0"
"POINT (9.785665527000049 52.387666090000039)","Unfall 13403 (2021) Kat:3, Licht: 0","13403","3","6","0","08","17","7","","0","0","1","0","0"
"POINT (9.733679278000068 52.384825350000028)","Unfall 13469 (2021) Kat:3, Licht: 2","13469","3","6","2","09","23","5","","2","0","1","0","0"
"POINT (9.735827308000069 52.399586723000027)","Unfall 13471 (2021) Kat:3, Licht: 0","13471","3","6","2","09","15","5","","0","0","1","0","0"
"POINT (9.799701923000043 52.336071297000046)","Unfall 13472 (2021) Kat:3, Licht: 0","13472","3","2","5","06","19","3","","0","0","0","1","0"
"POINT (9.864910346000045 52.333648157000027)","Unfall 13487 (2021) Kat:3, Licht: 2","13487","3","7","0","07","23","6","","2","0","1","1","0"
"POINT (9.720131445000050 52.367891505000046)","Unfall 13495 (2021) Kat:3, Licht: 2","13495","3","3","0","08","23","7","","2","1","0","0","0"
"POINT (9.733946645000060 52.384815054000057)","Unfall 13519 (2021) Kat:2, Licht: 0","13519","2","3","5","07","17","6","","0","1","1","0","0"
"POINT (9.848846110000068 52.329478335000033)","Unfall 13532 (2021) Kat:3, Licht: 0","13532","3","3","5","07","10","7","","0","0","1","0","0"
"POINT (9.651993715000060 52.424844190000044)","Unfall 13537 (2021) Kat:3, Licht: 1","13537","3","6","2","09","18","6","","1","0","1","0","0"
"POINT (9.619431387000077 52.421312969000041)","Unfall 13539 (2021) Kat:2, Licht: 0","13539","2","6","2","09","19","6","","0","0","1","0","0"
"POINT (9.749708660000067 52.427418481000075)","Unfall 13573 (2021) Kat:2, Licht: 0","13573","2","6","2","07","12","4","","0","0","0","0","0"
"POINT (9.740053895000074 52.368006980000075)","Unfall 13592 (2021) Kat:3, Licht: 0","13592","3","2","5","07","14","5","","0","1","1","0","0"
"POINT (9.782550175000040 52.324474139000074)","Unfall 13597 (2021) Kat:3, Licht: 0","13597","3","3","5","08","16","1","","0","1","1","0","0"
"POINT (9.698795452000070 52.347750218000044)","Unfall 13616 (2021) Kat:3, Licht: 0","13616","3","2","3","06","12","3","","0","0","1","0","0"
"POINT (9.833524364000027 52.398532212000077)","Unfall 13618 (2021) Kat:3, Licht: 0","13618","3","2","2","09","11","5","","0","0","1","0","0"
"POINT (9.735752362000028 52.400164394000058)","Unfall 13644 (2021) Kat:3, Licht: 0","13644","3","6","2","06","15","7","","0","0","1","0","0"
"POINT (9.827470025000025 52.359908799000038)","Unfall 13662 (2021) Kat:3, Licht: 0","13662","3","3","5","06","13","2","","0","1","1","0","0"
"POINT (9.758874231000050 52.370315305000076)","Unfall 13666 (2021) Kat:3, Licht: 0","13666","3","3","5","07","19","6","","0","1","1","0","0"
"POINT (9.723435083000027 52.377717287000053)","Unfall 13670 (2021) Kat:3, Licht: 0","13670","3","2","5","07","16","5","","0","0","1","0","0"
"POINT (9.788898713000037 52.421553042000028)","Unfall 13681 (2021) Kat:3, Licht: 0","13681","3","6","2","07","17","7","","0","0","1","0","0"
"POINT (9.719336330000033 52.346664214000043)","Unfall 13696 (2021) Kat:3, Licht: 0","13696","3","2","5","07","19","3","","0","0","1","0","0"
"POINT (9.734895908000055 52.391461706000030)","Unfall 13714 (2021) Kat:3, Licht: 0","13714","3","6","2","08","16","6","","0","0","1","0","0"
"POINT (9.816171180000026 52.384098212000026)","Unfall 13730 (2021) Kat:3, Licht: 0","13730","3","6","2","09","11","2","","0","0","1","0","0"
"POINT (9.861256376000028 52.358370048000040)","Unfall 13738 (2021) Kat:3, Licht: 0","13738","3","6","4","08","14","7","","0","1","1","0","0"
"POINT (9.727496017000021 52.381291758000032)","Unfall 13739 (2021) Kat:3, Licht: 0","13739","3","6","2","07","18","7","","0","0","1","0","0"
"POINT (9.730400995000025 52.382304900000065)","Unfall 13769 (2021) Kat:3, Licht: 0","13769","3","3","5","07","17","5","","0","1","1","0","0"
"POINT (9.718805237000026 52.345922903000030)","Unfall 13772 (2021) Kat:3, Licht: 1","13772","3","6","0","08","21","1","","1","0","1","0","0"
"POINT (9.837649896000073 52.387367295000047)","Unfall 13805 (2021) Kat:3, Licht: 0","13805","3","6","4","08","16","5","","0","1","0","0","0"
"POINT (9.862748079000028 52.379968666000082)","Unfall 13814 (2021) Kat:3, Licht: 0","13814","3","2","3","06","07","3","","0","1","1","0","0"
"POINT (9.773900830000059 52.331864932000030)","Unfall 13826 (2021) Kat:2, Licht: 0","13826","2","3","5","09","13","5","","0","1","1","0","0"
"POINT (9.698746383000071 52.347684897000079)","Unfall 13845 (2021) Kat:2, Licht: 0","13845","2","2","5","08","14","1","","0","0","1","0","1"
"POINT (9.714923132000024 52.361176309000030)","Unfall 13882 (2021) Kat:3, Licht: 0","13882","3","1","0","07","13","5","","0","0","0","0","1"
"POINT (9.710978972000021 52.405998972000077)","Unfall 13899 (2021) Kat:3, Licht: 0","13899","3","6","2","09","15","6","","0","0","1","0","0"
"POINT (9.725389094000036 52.376842406000037)","Unfall 13923 (2021) Kat:3, Licht: 2","13923","3","2","5","08","21","7","","2","1","1","0","0"
"POINT (9.852660092000065 52.410134089000053)","Unfall 13934 (2021) Kat:1, Licht: 0","13934","1","6","2","06","09","3","","0","0","1","0","0"
"POINT (9.774600114000066 52.371041537000053)","Unfall 13974 (2021) Kat:3, Licht: 2","13974","3","7","0","08","22","2","","2","1","0","0","0"
"POINT (9.697060324000063 52.341403826000032)","Unfall 13983 (2021) Kat:3, Licht: 0","13983","3","6","2","09","13","4","","0","0","1","0","0"
"POINT (9.758092353000052 52.334732861000077)","Unfall 13993 (2021) Kat:3, Licht: 0","13993","3","6","2","06","17","6","","0","1","0","0","0"
"POINT (9.630068855000047 52.421548187000042)","Unfall 14011 (2021) Kat:3, Licht: 0","14011","3","1","9","08","14","2","","0","0","0","0","1"
"POINT (9.889011112000048 52.361459752000030)","Unfall 14013 (2021) Kat:3, Licht: 1","14013","3","6","3","07","19","6","","1","0","1","0","0"
"POINT (9.678166892000036 52.365625320000049)","Unfall 14017 (2021) Kat:3, Licht: 0","14017","3","6","2","07","17","6","","0","0","1","0","0"
"POINT (9.731596013000058 52.420758084000056)","Unfall 14021 (2021) Kat:3, Licht: 2","14021","3","7","9","09","03","7","","2","0","1","0","0"
"POINT (9.745766668000044 52.427325734000078)","Unfall 14023 (2021) Kat:3, Licht: 0","14023","3","6","2","09","07","4","","0","0","1","0","0"
"POINT (9.733953157000030 52.368894910000051)","Unfall 14081 (2021) Kat:3, Licht: 0","14081","3","2","3","06","10","2","","0","1","1","0","0"
"POINT (9.714545000000044 52.361074477000045)","Unfall 14085 (2021) Kat:3, Licht: 1","14085","3","2","3","08","20","3","","1","0","1","0","0"
"POINT (9.822153287000049 52.406365894000032)","Unfall 14086 (2021) Kat:3, Licht: 0","14086","3","6","2","07","08","3","","0","0","1","0","0"
"POINT (9.743441234000045 52.368462237000074)","Unfall 14093 (2021) Kat:3, Licht: 0","14093","3","1","8","09","10","1","","0","0","1","0","0"
"POINT (9.697736968000072 52.376356375000057)","Unfall 14103 (2021) Kat:3, Licht: 0","14103","3","6","2","07","07","5","","0","0","1","0","0"
"POINT (9.740435447000038 52.368057879000048)","Unfall 14116 (2021) Kat:2, Licht: 0","14116","2","2","5","07","10","3","","0","1","1","0","0"
"POINT (9.799701923000043 52.336071297000046)","Unfall 14134 (2021) Kat:2, Licht: 0","14134","2","2","6","06","15","3","","0","0","1","1","0"
"POINT (9.826071268000021 52.362375768000049)","Unfall 14185 (2021) Kat:3, Licht: 2","14185","3","1","0","09","23","2","","2","1","0","0","0"
"POINT (9.677218383000024 52.359213467000075)","Unfall 14196 (2021) Kat:3, Licht: 0","14196","3","3","5","07","10","6","","0","1","1","0","0"
"POINT (9.726451090000069 52.388345810000033)","Unfall 14205 (2021) Kat:3, Licht: 1","14205","3","2","5","08","20","1","","1","1","1","0","0"
"POINT (9.779283227000064 52.377235833000043)","Unfall 14211 (2021) Kat:3, Licht: 0","14211","3","6","3","08","15","4","","0","0","1","0","0"
"POINT (9.722505922000039 52.368313569000065)","Unfall 14214 (2021) Kat:3, Licht: 0","14214","3","6","2","09","13","6","","0","1","1","0","0"
"POINT (9.693266837000067 52.376319042000034)","Unfall 14216 (2021) Kat:3, Licht: 0","14216","3","5","1","09","14","6","","0","1","1","1","0"
"POINT (9.845927860000074 52.413654358000031)","Unfall 14217 (2021) Kat:3, Licht: 0","14217","3","3","5","06","14","4","","0","0","1","0","0"
"POINT (9.740600581000024 52.368282735000037)","Unfall 14223 (2021) Kat:3, Licht: 0","14223","3","6","2","06","07","4","","0","0","1","0","0"
"POINT (9.707399154000029 52.429988670000057)","Unfall 14235 (2021) Kat:3, Licht: 0","14235","3","6","2","08","14","6","","0","0","1","0","0"
"POINT (9.702357382000059 52.414711603000057)","Unfall 14244 (2021) Kat:3, Licht: 0","14244","3","1","9","07","14","3","","0","0","1","0","0"
"POINT (9.735152165000045 52.406304732000081)","Unfall 14251 (2021) Kat:3, Licht: 0","14251","3","3","5","09","15","5","","0","1","1","0","0"
"POINT (9.832504128000039 52.409529363000047)","Unfall 14345 (2021) Kat:3, Licht: 0","14345","3","6","0","09","07","4","","0","0","1","0","0"
"POINT (9.654612352000072 52.407936404000054)","Unfall 14359 (2021) Kat:3, Licht: 0","14359","3","7","5","06","14","3","","0","0","1","0","0"
"POINT (9.719195589000037 52.348167248000038)","Unfall 14377 (2021) Kat:3, Licht: 0","14377","3","6","2","07","16","1","","0","0","1","0","0"
"POINT (9.736282388000063 52.398372195000036)","Unfall 14387 (2021) Kat:3, Licht: 0","14387","3","6","3","08","16","3","","0","0","1","0","1"
"POINT (9.735309602000029 52.394801725000036)","Unfall 14395 (2021) Kat:3, Licht: 0","14395","3","3","5","06","14","5","","0","1","1","0","0"
"POINT (9.716451520000021 52.421962234000034)","Unfall 14404 (2021) Kat:3, Licht: 0","14404","3","6","2","07","15","6","","0","0","1","0","0"
"POINT (9.685534651000069 52.329172027000027)","Unfall 14426 (2021) Kat:2, Licht: 0","14426","2","6","3","09","17","3","","0","0","1","0","0"
"POINT (9.772189798000056 52.323304883000048)","Unfall 14449 (2021) Kat:3, Licht: 0","14449","3","1","0","07","15","5","","0","1","1","0","0"
"POINT (9.698708895000038 52.347424467000053)","Unfall 14474 (2021) Kat:3, Licht: 0","14474","3","2","3","07","19","1","","0","0","1","0","0"
"POINT (9.689884591000066 52.377609962000065)","Unfall 14477 (2021) Kat:2, Licht: 0","14477","2","3","0","08","11","5","","0","1","0","0","0"
"POINT (9.722379861000036 52.378530096000077)","Unfall 14487 (2021) Kat:3, Licht: 0","14487","3","3","5","07","12","2","","0","0","1","0","0"
"POINT (9.742836995000062 52.368401186000028)","Unfall 14496 (2021) Kat:3, Licht: 1","14496","3","6","2","08","19","7","","1","0","1","0","0"
"POINT (9.727998704000072 52.374215245000073)","Unfall 14504 (2021) Kat:3, Licht: 0","14504","3","2","3","06","15","3","","0","1","1","0","0"
"POINT (9.719395883000061 52.392622848000030)","Unfall 14514 (2021) Kat:3, Licht: 0","14514","3","4","0","07","11","5","","0","1","0","1","0"