WKT,Name,OBJECTID,UKATEGORIE,UTYP1,UART,UMONAT,USTUNDE,UWOCHENTAG,STRZUSTAND,ULICHTVERH,ISTRAD,ISTPKW,ISTFUSS,ISTKRAD
"POINT (9.837977337000041 52.387409715000047)","Unfall 14574 (2021) Kat:3, Licht: 0","14574","3","6","4","07","11","2","","0","1","0","0","0"
"POINT (9.863898616000029 52.337935321000032)","Unfall 14583 (2021) Kat:3, Licht: 2","14583","3","7","8","07","22","6","","2","0","1","0","0"
"POINT (9.750080829000069 52.369281613000055)","Unfall 14588 (2021) Kat:3, Licht: 0","14588","3","2","4","07","12","4","","0","0","1","0","0"
"POINT (9.720817493000027 52.355109386000038)","Unfall 14672 (2021) Kat:3, Licht: 0","14672","3","4","6","07","19","4","","0","1","0","1","0"
"POINT (9.700998472000038 52.371144256000036)","Unfall 14673 (2021) Kat:3, Licht: 0","14673","3","6","2","07","06","5","","0","0","1","0","0"
"POINT (9.698829518000025 52.347740614000031)","Unfall 14683 (2021) Kat:3, Licht: 0","14683","3","2","3","07","14","7","","0","0","1","0","1"
"POINT (9.723443485000075 52.377712794000047)","Unfall 14716 (2021) Kat:3, Licht: 0","14716","3","2","5","06","06","3","","0","1","1","0","0"
"POINT (9.670830758000022 52.382672523000053)","Unfall 14718 (2021) Kat:2, Licht: 0","14718","2","2","5","09","12","5","","0","1","1","0","0"
"POINT (9.719940959000041 52.392055971000048)","Unfall 14721 (2021) Kat:3, Licht: 0","14721","3","2","5","09","11","5","","0","1","0","0","0"
"POINT (9.697339200000044 52.341699511000058)","Unfall 14762 (2021) Kat:3, Licht: 0","14762","3","2","5","08","07","3","","0","0","1","0","0"
"POINT (9.835192237000058 52.289171440000075)","Unfall 14763 (2021) Kat:3, Licht: 0","14763","3","6","0","07","12","2","","0","0","1","0","0"
"POINT (9.697589667000045 52.375288196000042)","Unfall 14766 (2021) Kat:3, Licht: 0","14766","3","7","3","06","12","1","","0","1","0","0","0"
"POINT (9.814061915000025 52.383526678000067)","Unfall 14775 (2021) Kat:3, Licht: 0","14775","3","5","1","09","10","5","","0","0","1","0","1"
"POINT (9.831979380000064 52.385992450000060)","Unfall 14790 (2021) Kat:3, Licht: 0","14790","3","3","5","07","16","4","","0","0","1","0","1"
"POINT (9.774937954000052 52.371275923000042)","Unfall 14820 (2021) Kat:3, Licht: 0","14820","3","6","3","08","08","4","","0","0","1","0","0"
"POINT (9.792286464000028 52.393940933000067)","Unfall 14834 (2021) Kat:3, Licht: 0","14834","3","6","8","08","17","1","","0","0","1","0","0"
"POINT (9.743069055000035 52.368278673000077)","Unfall 14846 (2021) Kat:3, Licht: 0","14846","3","3","5","09","09","3","","0","1","1","0","0"
"POINT (9.856738370000073 52.356600205000063)","Unfall 14852 (2021) Kat:2, Licht: 0","14852","2","7","0","06","12","4","","0","0","1","0","0"
"POINT (9.733999686000061 52.385562220000054)","Unfall 14853 (2021) Kat:3, Licht: 0","14853","3","6","3","06","17","2","","0","1","0","0","0"
"POINT (9.763449172000037 52.343832843000030)","Unfall 14861 (2021) Kat:3, Licht: 0","14861","3","2","5","06","11","7","","0","1","1","0","0"
"POINT (9.719187190000071 52.347978553000075)","Unfall 14886 (2021) Kat:3, Licht: 0","14886","3","6","2","08","15","5","","0","0","1","0","0"
"POINT (9.729698580000047 52.384154168000066)","Unfall 14892 (2021) Kat:3, Licht: 0","14892","3","5","1","07","10","7","","0","0","1","0","0"
"POINT (9.778063380000049 52.371247407000055)","Unfall 14910 (2021) Kat:3, Licht: 0","14910","3","2","5","07","11","4","","0","0","1","0","0"
"POINT (9.735920911000051 52.401197238000066)","Unfall 14935 (2021) Kat:2, Licht: 2","14935","2","7","0","07","22","6","","2","1","0","0","0"
"POINT (9.750080829000069 52.369281613000055)","Unfall 14948 (2021) Kat:3, Licht: 0","14948","3","6","3","07","17","5","","0","0","1","0","0"
"POINT (9.700953570000024 52.371182174000069)","Unfall 14976 (2021) Kat:3, Licht: 0","14976","3","6","2","07","17","3","","0","0","1","0","0"
"POINT (9.627260578000062 52.423265183000069)","Unfall 14982 (2021) Kat:3, Licht: 2","14982","3","6","2","09","20","1","","2","0","1","0","0"
"POINT (9.779375262000030 52.377197707000050)","Unfall 14996 (2021) Kat:3, Licht: 0","14996","3","1","3","09","09","6","","0","0","1","0","0"
"POINT (9.750196982000034 52.339666295000029)","Unfall 15000 (2021) Kat:3, Licht: 0","15000","3","6","2","07","16","3","","0","0","1","0","0"
"POINT (9.770450277000066 52.371016876000056)","Unfall 15002 (2021) Kat:3, Licht: 0","15002","3","2","4","07","07","2","","0","1","1","0","0"
"POINT (9.785095059000071 52.372384918000080)","Unfall 15086 (2021) Kat:3, Licht: 0","15086","3","7","2","06","13","6","","0","0","1","0","1"
"POINT (9.755337702000077 52.370108166000080)","Unfall 15122 (2021) Kat:3, Licht: 0","15122","3","3","5","07","10","3","","0","1","1","0","0"
"POINT (9.697407566000038 52.361616572000059)","Unfall 15129 (2021) Kat:3, Licht: 0","15129","3","7","0","09","11","5","","0","1","0","0","0"
"POINT (9.669195210000055 52.428149109000060)","Unfall 15135 (2021) Kat:2, Licht: 0","15135","2","7","2","07","17","6","","0","0","1","0","0"
"POINT (9.733543718000021 52.419282080000073)","Unfall 15147 (2021) Kat:3, Licht: 0","15147","3","7","5","07","15","6","","0","1","0","0","0"
"POINT (9.733425210000064 52.417457679000051)","Unfall 15159 (2021) Kat:2, Licht: 0","15159","2","3","0","07","11","3","","0","1","1","0","0"
"POINT (9.710292818000028 52.379084786000078)","Unfall 15176 (2021) Kat:3, Licht: 0","15176","3","7","2","08","06","2","","0","0","1","0","0"
"POINT (9.798251096000058 52.412631561000069)","Unfall 15214 (2021) Kat:3, Licht: 0","15214","3","2","5","08","13","5","","0","1","1","0","0"
"POINT (9.770355792000032 52.342883846000063)","Unfall 15272 (2021) Kat:3, Licht: 0","15272","3","6","2","06","15","2","","0","0","1","0","0"
"POINT (9.864093710000077 52.333851740000057)","Unfall 15279 (2021) Kat:3, Licht: 1","15279","3","6","8","09","18","4","","1","0","1","0","0"
"POINT (9.721849590000033 52.378444217000037)","Unfall 15292 (2021) Kat:3, Licht: 0","15292","3","3","5","06","14","4","","0","1","1","0","0"
"POINT (9.719029411000065 52.333379813000079)","Unfall 15312 (2021) Kat:3, Licht: 0","15312","3","6","3","08","10","3","","0","0","1","0","1"
"POINT (9.822199634000071 52.309149625000032)","Unfall 15319 (2021) Kat:3, Licht: 2","15319","3","7","0","07","21","6","","2","0","1","0","1"
"POINT (9.762201975000039 52.370533080000030)","Unfall 15334 (2021) Kat:3, Licht: 0","15334","3","2","0","06","14","2","","0","1","1","0","0"
"POINT (9.661371718000055 52.386251481000045)","Unfall 15338 (2021) Kat:3, Licht: 2","15338","3","1","8","06","23","6","","2","0","1","0","0"
"POINT (9.637327960000050 52.416886099000067)","Unfall 15355 (2021) Kat:3, Licht: 2","15355","3","7","8","08","19","2","","2","0","1","0","0"
"POINT (9.739302633000023 52.368200823000052)","Unfall 15362 (2021) Kat:3, Licht: 0","15362","3","2","5","08","09","4","","0","1","1","0","0"
"POINT (9.743318935000048 52.368218868000042)","Unfall 15410 (2021) Kat:3, Licht: 0","15410","3","3","5","07","16","3","","0","0","1","0","0"
"POINT (9.697074841000074 52.375143340000079)","Unfall 15418 (2021) Kat:3, Licht: 0","15418","3","1","0","09","14","7","","0","0","0","0","1"
"POINT (9.724098508000054 52.363763651000056)","Unfall 15419 (2021) Kat:3, Licht: 0","15419","3","3","5","06","13","5","","0","1","0","0","0"
"POINT (9.725173752000046 52.380295424000053)","Unfall 15420 (2021) Kat:3, Licht: 2","15420","3","7","0","07","22","5","","2","1","0","0","0"
"POINT (9.720412190000047 52.391496987000039)","Unfall 15424 (2021) Kat:3, Licht: 0","15424","3","1","0","08","18","5","","0","1","0","0","0"
"POINT (9.735847219000050 52.399313009000082)","Unfall 15480 (2021) Kat:3, Licht: 0","15480","3","2","5","08","19","5","","0","0","1","0","0"
"POINT (9.796612394000022 52.395296043000030)","Unfall 15496 (2021) Kat:3, Licht: 2","15496","3","7","8","07","00","6","","2","0","1","0","0"
"POINT (9.732246189000023 52.383078429000079)","Unfall 15522 (2021) Kat:3, Licht: 0","15522","3","7","1","07","18","7","","0","0","1","0","0"
"POINT (9.717829960000074 52.395442424000066)","Unfall 15555 (2021) Kat:3, Licht: 0","15555","3","1","0","07","15","4","","0","1","0","0","0"
"POINT (9.635610767000060 52.417778848000069)","Unfall 15579 (2021) Kat:3, Licht: 0","15579","3","6","2","08","16","4","","0","0","1","0","0"
"POINT (9.738841696000065 52.368033158000060)","Unfall 15581 (2021) Kat:2, Licht: 2","15581","2","3","5","06","22","4","","2","1","1","0","0"
"POINT (9.752509939000049 52.357525772000031)","Unfall 15597 (2021) Kat:3, Licht: 0","15597","3","6","2","07","09","6","","0","0","1","0","0"
"POINT (9.814387079000028 52.383615522000071)","Unfall 15600 (2021) Kat:3, Licht: 0","15600","3","1","1","06","16","2","","0","1","1","0","0"
"POINT (9.734972957000025 52.391919035000058)","Unfall 15602 (2021) Kat:3, Licht: 0","15602","3","6","2","09","16","1","","0","0","1","0","0"
"POINT (9.694013693000045 52.361178068000072)","Unfall 15625 (2021) Kat:3, Licht: 0","15625","3","2","5","07","10","2","","0","1","0","0","0"
"POINT (9.807966535000048 52.374375508000071)","Unfall 15634 (2021) Kat:3, Licht: 0","15634","3","6","2","08","17","5","","0","0","1","0","0"
"POINT (9.832765369000072 52.338425299000050)","Unfall 15644 (2021) Kat:3, Licht: 0","15644","3","1","0","09","18","4","","0","1","0","0","0"
"POINT (9.715615503000038 52.397857389000080)","Unfall 15665 (2021) Kat:2, Licht: 0","15665","2","3","5","07","13","6","","0","0","1","0","0"
"POINT (9.727411677000021 52.381259443000033)","Unfall 15701 (2021) Kat:3, Licht: 0","15701","3","3","5","08","14","3","","0","1","1","0","0"
"POINT (9.733452265000039 52.384449932000052)","Unfall 15725 (2021) Kat:3, Licht: 0","15725","3","6","4","08","07","5","","0","0","0","0","0"
"POINT (9.731660962000035 52.369072071000062)","Unfall 15727 (2021) Kat:3, Licht: 0","15727","3","7","6","09","08","3","","0","1","0","1","0"
"POINT (9.735905839000054 52.398775007000040)","Unfall 15728 (2021) Kat:2, Licht: 0","15728","2","7","6","09","18","6","","0","0","0","1","0"
"POINT (9.729354944000022 52.385410755000066)","Unfall 15753 (2021) Kat:3, Licht: 0","15753","3","1","0","08","16","7","","0","0","0","0","1"
"POINT (9.774600114000066 52.371041537000053)","Unfall 15762 (2021) Kat:3, Licht: 0","15762","3","7","0","06","16","6","","0","1","0","0","0"
"POINT (9.783919213000047 52.372300537000058)","Unfall 15768 (2021) Kat:3, Licht: 0","15768","3","6","2","07","13","7","","0","0","1","0","0"
"POINT (9.799409192000041 52.409545471000058)","Unfall 15775 (2021) Kat:3, Licht: 0","15775","3","3","5","09","08","3","","0","0","1","0","0"
"POINT (9.833510820000072 52.419328738000047)","Unfall 15918 (2021) Kat:3, Licht: 0","15918","3","6","2","07","16","7","","0","0","1","0","0"
"POINT (9.775522873000057 52.329926286000045)","Unfall 15932 (2021) Kat:3, Licht: 0","15932","3","6","6","06","16","7","","0","1","0","1","0"
"POINT (9.830362594000064 52.361072216000082)","Unfall 15960 (2021) Kat:3, Licht: 0","15960","3","5","1","06","17","3","","0","1","1","0","0"
"POINT (9.783974282000031 52.359468839000044)","Unfall 15968 (2021) Kat:3, Licht: 0","15968","3","1","3","07","19","5","","0","0","1","0","0"
"POINT (9.697808404000057 52.377081388000079)","Unfall 15980 (2021) Kat:3, Licht: 0","15980","3","6","2","07","16","2","","0","0","1","0","0"
"POINT (9.763997109000059 52.426933481000049)","Unfall 15995 (2021) Kat:3, Licht: 0","15995","3","6","2","07","07","4","","0","0","1","0","0"
"POINT (9.734591560000069 52.391445070000032)","Unfall 16013 (2021) Kat:3, Licht: 0","16013","3","6","0","09","19","5","","0","1","0","1","0"
"POINT (9.757771258000048 52.370253507000029)","Unfall 16043 (2021) Kat:3, Licht: 1","16043","3","1","0","07","05","7","","1","1","0","0","0"
"POINT (9.802882719000024 52.340046641000072)","Unfall 16058 (2021) Kat:3, Licht: 0","16058","3","6","3","08","20","6","","0","0","1","0","0"
"POINT (9.750212034000072 52.369291059000034)","Unfall 16102 (2021) Kat:3, Licht: 0","16102","3","6","2","07","17","7","","0","0","1","0","0"
"POINT (9.885494861000041 52.360093402000075)","Unfall 16105 (2021) Kat:3, Licht: 1","16105","3","1","9","06","19","4","","1","0","1","0","0"
"POINT (9.774600114000066 52.371041537000053)","Unfall 16125 (2021) Kat:3, Licht: 0","16125","3","6","2","06","14","4","","0","0","1","0","0"
"POINT (9.696385850000070 52.379804833000037)","Unfall 16152 (2021) Kat:3, Licht: 0","16152","3","2","5","06","18","7","","0","0","1","0","0"
"POINT (9.776970539000047 52.328324214000077)","Unfall 16170 (2021) Kat:3, Licht: 0","16170","3","7","0","07","20","4","","0","1","0","0","0"
"POINT (9.675396292000073 52.377400429000033)","Unfall 16171 (2021) Kat:3, Licht: 0","16171","3","3","5","08","15","2","","0","0","1","0","0"
"POINT (9.733546231000048 52.384375135000028)","Unfall 16177 (2021) Kat:3, Licht: 0","16177","3","6","4","09","16","5","","0","1","0","0","0"
"POINT (9.786017489000074 52.347071546000052)","Unfall 16193 (2021) Kat:3, Licht: 0","16193","3","6","2","08","15","2","","0","0","1","0","0"
"POINT (9.842273136000074 52.388075637000043)","Unfall 16201 (2021) Kat:3, Licht: 0","16201","3","3","5","07","17","4","","0","0","1","0","0"
"POINT (9.799277731000075 52.410072533000061)","Unfall 16231 (2021) Kat:3, Licht: 2","16231","3","3","5","09","20","2","","2","0","1","0","1"
"POINT (9.733940148000045 52.368897815000082)","Unfall 16298 (2021) Kat:2, Licht: 0","16298","2","2","5","08","11","5","","0","1","0","0","0"
"POINT (9.774429132000023 52.371030747000077)","Unfall 16344 (2021) Kat:3, Licht: 0","16344","3","2","2","07","08","4","","0","0","1","0","0"
"POINT (9.829895210000075 52.399672972000076)","Unfall 16384 (2021) Kat:3, Licht: 0","16384","3","4","6","07","12","5","","0","0","1","1","0"
"POINT (9.826126147000025 52.425085298000056)","Unfall 16413 (2021) Kat:2, Licht: 2","16413","2","7","9","08","03","7","","2","0","1","0","0"
"POINT (9.754612460000033 52.330939333000060)","Unfall 16420 (2021) Kat:2, Licht: 2","16420","2","6","3","08","23","5","","2","1","0","0","0"
"POINT (9.718606685000054 52.428544432000081)","Unfall 16425 (2021) Kat:3, Licht: 0","16425","3","6","2","08","15","6","","0","0","1","0","0"
"POINT (9.710842242000069 52.366444753000053)","Unfall 16449 (2021) Kat:3, Licht: 0","16449","3","2","3","08","14","7","","0","0","1","0","1"
"POINT (9.640766957000039 52.414027785000030)","Unfall 16486 (2021) Kat:3, Licht: 0","16486","3","3","5","09","17","4","","0","1","1","0","0"
"POINT (9.735682790000055 52.400700634000032)","Unfall 16491 (2021) Kat:3, Licht: 0","16491","3","1","0","08","16","6","","0","0","0","0","1"
"POINT (9.739203939000049 52.368206366000038)","Unfall 16502 (2021) Kat:3, Licht: 0","16502","3","2","3","07","17","3","","0","1","1","0","0"
"POINT (9.700991542000054 52.371150108000052)","Unfall 16511 (2021) Kat:3, Licht: 0","16511","3","6","2","07","13","5","","0","0","1","0","0"
"POINT (9.702389357000072 52.414690713000027)","Unfall 16569 (2021) Kat:3, Licht: 1","16569","3","2","5","08","05","3","","1","1","1","0","0"
"POINT (9.685031946000038 52.374554421000028)","Unfall 16644 (2021) Kat:3, Licht: 0","16644","3","2","5","07","17","6","","0","1","1","0","0"
"POINT (9.813043415000038 52.400596336000035)","Unfall 16648 (2021) Kat:3, Licht: 0","16648","3","6","2","07","08","5","","0","0","1","0","0"
"POINT (9.750080829000069 52.369281613000055)","Unfall 16661 (2021) Kat:3, Licht: 0","16661","3","6","2","07","08","5","","0","0","1","0","0"
"POINT (9.805692598000064 52.371419858000081)","Unfall 16666 (2021) Kat:2, Licht: 0","16666","2","7","0","09","15","3","","0","0","0","0","0"
"POINT (9.726366238000026 52.380826722000052)","Unfall 16704 (2021) Kat:3, Licht: 0","16704","3","4","0","06","08","6","","0","0","1","1","0"
"POINT (9.697160467000060 52.341737368000054)","Unfall 16715 (2021) Kat:3, Licht: 2","16715","3","3","5","08","22","5","","2","0","1","0","0"
"POINT (9.798125875000039 52.412869371000056)","Unfall 16719 (2021) Kat:2, Licht: 0","16719","2","4","6","06","20","5","","0","0","1","1","0"
"POINT (9.861100304000047 52.357745867000062)","Unfall 16724 (2021) Kat:3, Licht: 0","16724","3","6","2","07","08","6","","0","0","1","0","0"
"POINT (9.690626987000030 52.376962790000050)","Unfall 16735 (2021) Kat:3, Licht: 0","16735","3","2","5","09","12","4","","0","0","1","0","0"
"POINT (9.722418262000076 52.378509477000080)","Unfall 16751 (2021) Kat:3, Licht: 0","16751","3","2","5","08","18","4","","0","1","1","0","0"
"POINT (9.761394327000062 52.346424443000046)","Unfall 16765 (2021) Kat:3, Licht: 0","16765","3","2","5","08","07","2","","0","1","1","0","0"
"POINT (9.718084188000034 52.378407091000042)","Unfall 16773 (2021) Kat:2, Licht: 0","16773","2","6","2","08","09","4","","0","0","1","0","1"
"POINT (9.762072657000033 52.345625773000052)","Unfall 16774 (2021) Kat:3, Licht: 0","16774","3","6","6","06","20","7","","0","0","1","1","0"
"POINT (9.717861870000036 52.395354051000027)","Unfall 16785 (2021) Kat:3, Licht: 0","16785","3","1","0","06","11","2","","0","1","0","0","0"
"POINT (9.734050437000064 52.415446375000045)","Unfall 16796 (2021) Kat:3, Licht: 0","16796","3","3","5","08","17","2","","0","1","1","0","0"
"POINT (9.847420235000072 52.360120393000045)","Unfall 16798 (2021) Kat:3, Licht: 0","16798","3","2","5","06","12","1","","0","0","1","0","0"
"POINT (9.827268833000062 52.339976246000049)","Unfall 16800 (2021) Kat:3, Licht: 0","16800","3","3","5","07","17","5","","0","0","1","0","0"
"POINT (9.655902092000076 52.406380739000042)","Unfall 16831 (2021) Kat:3, Licht: 0","16831","3","6","2","06","13","7","","0","0","1","0","0"
"POINT (9.762818979000031 52.344438585000034)","Unfall 16850 (2021) Kat:3, Licht: 0","16850","3","3","5","07","17","4","","0","1","1","0","0"
"POINT (9.782590650000031 52.361628188000054)","Unfall 16851 (2021) Kat:3, Licht: 0","16851","3","1","9","07","12","5","","0","0","1","0","0"
"POINT (9.739017825000076 52.337588091000043)","Unfall 16857 (2021) Kat:3, Licht: 0","16857","3","6","2","06","07","3","","0","0","1","0","1"
"POINT (9.847949798000059 52.410883125000055)","Unfall 16866 (2021) Kat:2, Licht: 1","16866","2","1","9","09","19","7","","1","0","0","0","1"
"POINT (9.647970040000075 52.426946441000041)","Unfall 16869 (2021) Kat:3, Licht: 0","16869","3","2","5","08","10","3","","0","1","1","0","0"
"POINT (9.665197424000041 52.384341516000063)","Unfall 16893 (2021) Kat:3, Licht: 0","16893","3","6","2","09","16","2","","0","0","1","0","1"
"POINT (9.855332320000059 52.389758227000073)","Unfall 16954 (2021) Kat:3, Licht: 0","16954","3","2","2","07","14","2","","0","0","1","0","1"
"POINT (9.863845030000050 52.337794488000043)","Unfall 16991 (2021) Kat:3, Licht: 0","16991","3","7","0","06","15","6","","0","0","1","0","0"
"POINT (9.735425272000043 52.393874178000033)","Unfall 17005 (2021) Kat:3, Licht: 2","17005","3","1","8","06","01","4","","2","0","0","0","0"
"POINT (9.720514799000057 52.428136620000032)","Unfall 17006 (2021) Kat:3, Licht: 0","17006","3","6","2","07","17","4","","0","0","1","0","0"
"POINT (9.745927480000034 52.366464006000058)","Unfall 17015 (2021) Kat:3, Licht: 0","17015","3","3","5","08","10","3","","0","1","1","0","0"
"POINT (9.775483144000077 52.332504405000066)","Unfall 17036 (2021) Kat:2, Licht: 0","17036","2","3","6","08","10","5","","0","0","0","1","0"
"POINT (9.730164349000063 52.368702581000036)","Unfall 17041 (2021) Kat:3, Licht: 0","17041","3","3","5","07","10","5","","0","0","1","0","1"
"POINT (9.809079608000047 52.379594888000042)","Unfall 17067 (2021) Kat:2, Licht: 0","17067","2","3","5","07","10","2","","0","1","0","0","0"
"POINT (9.781370248000030 52.344989663000035)","Unfall 17070 (2021) Kat:3, Licht: 0","17070","3","6","2","09","16","7","","0","0","1","0","0"
"POINT (9.781646154000043 52.424852090000059)","Unfall 17088 (2021) Kat:3, Licht: 0","17088","3","6","2","08","08","3","","0","0","1","0","0"
"POINT (9.723870804000057 52.379534250000063)","Unfall 17101 (2021) Kat:3, Licht: 0","17101","3","6","4","09","15","4","","0","1","0","0","0"
"POINT (9.732167540000034 52.369108661000041)","Unfall 17106 (2021) Kat:3, Licht: 0","17106","3","3","5","07","18","6","","0","1","1","0","0"
"POINT (9.719143441000028 52.392890447000070)","Unfall 17130 (2021) Kat:3, Licht: 0","17130","3","3","5","06","16","4","","0","1","1","0","0"
"POINT (9.707518619000041 52.424265311000056)","Unfall 17132 (2021) Kat:2, Licht: 0","17132","2","3","5","08","08","4","","0","1","1","0","0"
"POINT (9.883184086000028 52.358861987000068)","Unfall 17143 (2021) Kat:3, Licht: 0","17143","3","1","8","07","20","1","","0","0","1","0","1"
"POINT (9.756033660000071 52.370145990000026)","Unfall 17164 (2021) Kat:3, Licht: 0","17164","3","6","2","07","15","5","","0","0","1","0","0"
"POINT (9.695388128000047 52.374702377000062)","Unfall 17187 (2021) Kat:3, Licht: 0","17187","3","3","5","08","13","6","","0","0","1","0","0"
"POINT (9.649518603000047 52.411866090000046)","Unfall 17189 (2021) Kat:3, Licht: 0","17189","3","6","2","09","16","3","","0","0","1","0","0"
"POINT (9.700176676000069 52.372266488000037)","Unfall 17197 (2021) Kat:3, Licht: 0","17197","3","6","2","06","16","4","","0","0","1","0","0"
"POINT (9.702182529000027 52.369257460000028)","Unfall 17213 (2021) Kat:3, Licht: 0","17213","3","6","2","07","16","7","","0","0","1","0","0"
"POINT (9.718993613000066 52.333739924000042)","Unfall 17242 (2021) Kat:3, Licht: 0","17242","3","7","2","09","19","7","","0","0","1","0","0"
"POINT (9.778119508000032 52.371253091000028)","Unfall 17244 (2021) Kat:3, Licht: 0","17244","3","2","5","07","17","5","","0","0","1","0","0"
"POINT (9.833644110000023 52.420960811000043)","Unfall 17245 (2021) Kat:3, Licht: 0","17245","3","1","8","08","14","3","","0","0","1","0","0"
"POINT (9.784592883000073 52.383911281000053)","Unfall 17271 (2021) Kat:3, Licht: 0","17271","3","1","9","09","17","2","","0","0","1","0","0"
"POINT (9.747995597000056 52.363376228000050)","Unfall 17290 (2021) Kat:3, Licht: 0","17290","3","6","2","08","20","4","","0","0","1","0","0"
"POINT (9.707831574000068 52.423682720000045)","Unfall 17309 (2021) Kat:3, Licht: 0","17309","3","7","0","08","14","6","","0","1","0","1","0"
"POINT (9.858063742000070 52.387543754000035)","Unfall 17313 (2021) Kat:3, Licht: 0","17313","3","5","0","06","18","6","","0","1","0","0","0"
"POINT (9.728366246000064 52.373711508000042)","Unfall 17362 (2021) Kat:3, Licht: 0","17362","3","6","2","07","07","3","","0","0","1","0","1"
"POINT (9.833117113000071 52.338311766000061)","Unfall 17380 (2021) Kat:3, Licht: 0","17380","3","1","0","07","07","5","","0","1","0","0","0"
"POINT (9.843717828000024 52.415051536000078)","Unfall 17412 (2021) Kat:2, Licht: 0","17412","2","6","2","06","09","3","","0","0","1","0","0"
"POINT (9.899736102000077 52.400612439000042)","Unfall 17417 (2021) Kat:3, Licht: 0","17417","3","3","5","07","18","4","","0","0","1","0","0"
"POINT (9.858588754000039 52.407420802000047)","Unfall 17441 (2021) Kat:3, Licht: 0","17441","3","6","3","08","09","5","","0","0","1","0","0"
"POINT (9.698742591000041 52.347392481000043)","Unfall 17447 (2021) Kat:3, Licht: 0","17447","3","3","5","07","14","7","","0","0","1","0","0"
"POINT (9.714293760000032 52.362155017000077)","Unfall 17448 (2021) Kat:3, Licht: 0","17448","3","2","5","07","06","1","","0","0","1","0","0"
"POINT (9.677653734000046 52.371498765000069)","Unfall 17451 (2021) Kat:3, Licht: 2","17451","3","1","9","07","23","2","","2","0","1","0","1"
"POINT (9.779074139000045 52.367457265000041)","Unfall 17471 (2021) Kat:3, Licht: 0","17471","3","6","3","08","17","6","","0","0","1","0","0"
"POINT (9.758648334000043 52.427216294000061)","Unfall 17475 (2021) Kat:3, Licht: 0","17475","3","6","2","08","07","2","","0","0","1","0","0"
"POINT (9.723442278000050 52.377713440000036)","Unfall 17478 (2021) Kat:3, Licht: 0","17478","3","2","5","07","16","3","","0","1","1","0","0"
"POINT (9.631593876000068 52.420115483000075)","Unfall 17503 (2021) Kat:3, Licht: 0","17503","3","6","2","07","16","1","","0","0","1","0","0"
"POINT (9.734268370000052 52.387119197000061)","Unfall 17512 (2021) Kat:3, Licht: 0","17512","3","2","5","08","16","3","","0","1","1","0","0"
"POINT (9.700076605000049 52.430395878000070)","Unfall 17514 (2021) Kat:3, Licht: 0","17514","3","6","3","08","20","1","","0","0","1","0","0"
"POINT (9.853952521000053 52.359127115000035)","Unfall 17526 (2021) Kat:3, Licht: 0","17526","3","5","5","08","08","4","","0","0","1","0","0"
"POINT (9.816912660000071 52.363010953000071)","Unfall 17537 (2021) Kat:3, Licht: 0","17537","3","1","0","08","14","1","","0","0","0","0","1"
"POINT (9.762818979000031 52.344438585000034)","Unfall 17554 (2021) Kat:3, Licht: 0","17554","3","2","5","09","13","6","","0","1","0","0","0"
"POINT (9.715955120000046 52.397594244000061)","Unfall 17556 (2021) Kat:2, Licht: 0","17556","2","3","5","08","19","4","","0","0","1","0","1"
"POINT (9.628300394000064 52.422227275000068)","Unfall 17558 (2021) Kat:3, Licht: 0","17558","3","1","0","06","09","4","","0","0","0","0","1"
"POINT (9.734406928000055 52.389498156000059)","Unfall 17572 (2021) Kat:3, Licht: 0","17572","3","5","1","07","19","2","","0","1","1","0","0"
"POINT (9.748052096000038 52.363303140000028)","Unfall 17576 (2021) Kat:2, Licht: 0","17576","2","2","5","06","07","2","","0","1","1","0","0"
"POINT (9.811872919000052 52.331634372000053)","Unfall 17587 (2021) Kat:3, Licht: 0","17587","3","6","2","07","15","4","","0","0","1","0","0"
"POINT (9.727238959000033 52.366798702000040)","Unfall 17609 (2021) Kat:3, Licht: 0","17609","3","6","2","08","16","4","","0","0","1","0","0"
"POINT (9.679046299000049 52.359370226000067)","Unfall 17623 (2021) Kat:3, Licht: 0","17623","3","6","2","08","07","2","","0","0","1","0","0"
"POINT (9.734119105000048 52.369071241000029)","Unfall 17634 (2021) Kat:3, Licht: 0","17634","3","3","5","08","07","4","","0","1","1","0","0"
"POINT (9.846273694000047 52.413429943000040)","Unfall 17662 (2021) Kat:2, Licht: 0","17662","2","6","3","07","08","3","","0","0","0","0","0"
"POINT (9.755979484000022 52.352745282000058)","Unfall 17675 (2021) Kat:3, Licht: 0","17675","3","3","5","07","16","1","","0","1","0","0","0"
"POINT (9.743407585000057 52.368365593000078)","Unfall 17690 (2021) Kat:3, Licht: 0","17690","3","6","6","08","12","3","","0","0","0","1","0"
"POINT (9.707473277000076 52.424388315000044)","Unfall 17713 (2021) Kat:3, Licht: 0","17713","3","2","5","09","14","4","","0","0","1","0","0"
"POINT (9.678617886000040 52.359439402000078)","Unfall 17721 (2021) Kat:3, Licht: 0","17721","3","3","5","10","13","6","","0","1","1","0","0"
"POINT (9.889659631000029 52.362397526000052)","Unfall 17730 (2021) Kat:3, Licht: 0","17730","3","1","9","09","11","7","","0","0","0","0","0"
"POINT (9.833310547000053 52.421170582000059)","Unfall 17731 (2021) Kat:3, Licht: 2","17731","3","2","3","10","00","7","","2","0","1","0","0"