WKT,Name,OBJECTID,UKATEGORIE,UTYP1,UART,UMONAT,USTUNDE,UWOCHENTAG,STRZUSTAND,ULICHTVERH,ISTRAD,ISTPKW,ISTFUSS,ISTKRAD
"POINT (9.648218677000045 52.412812964000068)","Unfall 17738 (2021) Kat:3, Licht: 2","17738","3","6","2","10","22","6","","2","0","1","0","0"
"POINT (9.805121004000057 52.397523831000058)","Unfall 17757 (2021) Kat:3, Licht: 0","17757","3","6","2","10","06","6","","0","0","1","0","0"
"POINT (9.730213768000056 52.368958507000059)","Unfall 17766 (2021) Kat:2, Licht: 2","17766","2","3","5","09","21","2","","2","1","1","0","0"
"POINT (9.639870496000071 52.422512845000028)","Unfall 17769 (2021) Kat:3, Licht: 0","17769","3","6","2","10","16","6","","0","0","1","0","0"
"POINT (9.713801450000062 52.361320775000081)","Unfall 17779 (2021) Kat:3, Licht: 0","17779","3","1","9","10","15","2","","0","0","1","0","0"
"POINT (9.750080829000069 52.369281613000055)","Unfall 17790 (2021) Kat:3, Licht: 0","17790","3","3","5","09","18","4","","0","1","0","0","0"
"POINT (9.733603660000028 52.384960923000051)","Unfall 17798 (2021) Kat:3, Licht: 0","17798","3","6","2","09","17","5","","0","0","1","0","0"
"POINT (9.723437497000077 52.377715996000063)","Unfall 17801 (2021) Kat:3, Licht: 0","17801","3","2","5","09","07","4","","0","0","1","0","1"
"POINT (9.745628868000040 52.366902040000070)","Unfall 17813 (2021) Kat:3, Licht: 0","17813","3","6","2","09","15","3","","0","0","1","0","0"
"POINT (9.674823990000050 52.381925330000058)","Unfall 17818 (2021) Kat:3, Licht: 0","17818","3","2","4","10","14","6","","0","1","1","0","0"
"POINT (9.727457011000070 52.381276813000056)","Unfall 17820 (2021) Kat:3, Licht: 2","17820","3","6","2","09","06","4","","2","0","1","0","0"
"POINT (9.813219289000074 52.383296442000074)","Unfall 17825 (2021) Kat:3, Licht: 0","17825","3","6","3","09","07","3","","0","1","0","0","0"
"POINT (9.805259299000056 52.370106555000064)","Unfall 17833 (2021) Kat:3, Licht: 0","17833","3","6","2","10","08","3","","0","0","1","0","0"
"POINT (9.716408892000061 52.357685391000075)","Unfall 17840 (2021) Kat:3, Licht: 0","17840","3","3","6","10","11","7","","0","0","1","1","0"
"POINT (9.869359984000027 52.360437335000029)","Unfall 17848 (2021) Kat:3, Licht: 2","17848","3","3","5","10","22","4","","2","0","1","0","0"
"POINT (9.747260260000076 52.364327528000047)","Unfall 17860 (2021) Kat:3, Licht: 0","17860","3","6","3","10","09","2","","0","0","1","0","0"
"POINT (9.791830263000065 52.430408404000048)","Unfall 17864 (2021) Kat:3, Licht: 2","17864","3","6","3","09","03","3","","2","0","1","0","0"
"POINT (9.802781744000072 52.370703341000080)","Unfall 17868 (2021) Kat:3, Licht: 0","17868","3","6","2","10","14","4","","0","0","1","0","0"
"POINT (9.828136301000029 52.384794319000036)","Unfall 17951 (2021) Kat:3, Licht: 0","17951","3","3","5","09","16","4","","0","1","0","0","0"
"POINT (9.724045060000037 52.377391087000035)","Unfall 17964 (2021) Kat:3, Licht: 0","17964","3","6","2","09","16","4","","0","0","1","0","0"
"POINT (9.720370878000040 52.391500939000082)","Unfall 17965 (2021) Kat:3, Licht: 2","17965","3","1","7","09","21","5","","2","1","0","0","0"
"POINT (9.728006513000025 52.374206196000046)","Unfall 17976 (2021) Kat:3, Licht: 0","17976","3","2","5","09","07","2","","0","1","1","0","0"
"POINT (9.682598112000051 52.326484569000058)","Unfall 17992 (2021) Kat:3, Licht: 0","17992","3","3","5","09","08","6","","0","0","1","0","0"
"POINT (9.893161980000059 52.367434253000056)","Unfall 17995 (2021) Kat:3, Licht: 0","17995","3","6","2","09","16","7","","0","0","1","0","0"
"POINT (9.812268528000061 52.330878282000072)","Unfall 17999 (2021) Kat:3, Licht: 0","17999","3","6","2","09","07","3","","0","0","1","0","1"
"POINT (9.853503823000040 52.409746731000041)","Unfall 18013 (2021) Kat:3, Licht: 0","18013","3","6","2","10","08","2","","0","0","0","0","0"
"POINT (9.714337677000060 52.362150019000069)","Unfall 18037 (2021) Kat:3, Licht: 0","18037","3","2","5","10","13","4","","0","0","1","0","0"
"POINT (9.806902874000059 52.335928089000049)","Unfall 18038 (2021) Kat:3, Licht: 0","18038","3","7","0","10","08","6","","0","0","0","0","1"
"POINT (9.743340838000051 52.369075014000032)","Unfall 18046 (2021) Kat:3, Licht: 0","18046","3","3","5","10","09","2","","0","1","1","0","0"
"POINT (9.792796860000067 52.352214635000053)","Unfall 18047 (2021) Kat:3, Licht: 0","18047","3","6","2","09","08","2","","0","0","1","0","0"
"POINT (9.734094351000067 52.387561819000041)","Unfall 18058 (2021) Kat:3, Licht: 0","18058","3","6","2","10","12","4","","0","0","1","0","1"
"POINT (9.799701923000043 52.336071297000046)","Unfall 18063 (2021) Kat:3, Licht: 0","18063","3","6","4","10","16","2","","0","1","0","0","0"
"POINT (9.704516983000076 52.430142501000034)","Unfall 18086 (2021) Kat:3, Licht: 0","18086","3","6","2","09","17","5","","0","0","1","0","0"
"POINT (9.813548196000056 52.365206728000032)","Unfall 18130 (2021) Kat:3, Licht: 0","18130","3","2","3","10","09","2","","0","0","1","0","0"
"POINT (9.740647899000066 52.427542845000062)","Unfall 18140 (2021) Kat:3, Licht: 0","18140","3","1","8","09","15","4","","0","0","0","0","0"
"POINT (9.764233468000043 52.343021906000047)","Unfall 18162 (2021) Kat:3, Licht: 0","18162","3","6","2","09","17","5","","0","1","1","0","0"
"POINT (9.754471116000047 52.340458307000063)","Unfall 18240 (2021) Kat:3, Licht: 1","18240","3","6","2","10","06","2","","1","0","1","0","0"
"POINT (9.768358031000048 52.338300253000057)","Unfall 18271 (2021) Kat:3, Licht: 0","18271","3","7","0","10","16","2","","0","1","0","0","0"
"POINT (9.734415854000076 52.412497993000045)","Unfall 18280 (2021) Kat:3, Licht: 0","18280","3","6","2","09","17","3","","0","0","1","0","0"
"POINT (9.716765857000041 52.421898291000048)","Unfall 18283 (2021) Kat:3, Licht: 0","18283","3","7","0","10","07","4","","0","1","0","0","0"
"POINT (9.845695677000037 52.390086303000032)","Unfall 18302 (2021) Kat:3, Licht: 0","18302","3","7","0","09","08","4","","0","1","0","0","0"
"POINT (9.827111136000042 52.343667102000040)","Unfall 18308 (2021) Kat:3, Licht: 2","18308","3","3","5","09","21","2","","2","0","1","0","0"
"POINT (9.822621030000050 52.409041885000079)","Unfall 18378 (2021) Kat:3, Licht: 2","18378","3","1","8","10","00","5","","2","0","0","0","1"
"POINT (9.634308546000057 52.418804119000072)","Unfall 18382 (2021) Kat:3, Licht: 0","18382","3","6","2","09","16","4","","0","0","1","0","0"
"POINT (9.763544698000032 52.343740063000041)","Unfall 18389 (2021) Kat:3, Licht: 0","18389","3","7","0","10","08","3","","0","1","0","0","0"
"POINT (9.697429325000030 52.375243814000044)","Unfall 18400 (2021) Kat:3, Licht: 0","18400","3","2","5","09","18","5","","0","0","1","0","0"
"POINT (9.733220716000062 52.384106521000035)","Unfall 18409 (2021) Kat:3, Licht: 0","18409","3","6","2","10","17","2","","0","0","1","0","0"
"POINT (9.734326693000071 52.388995001000069)","Unfall 18419 (2021) Kat:3, Licht: 2","18419","3","5","1","09","21","4","","2","1","1","0","0"
"POINT (9.856292804000077 52.358768253000051)","Unfall 18424 (2021) Kat:3, Licht: 0","18424","3","2","5","09","14","3","","0","0","1","0","0"
"POINT (9.805600207000055 52.408226364000029)","Unfall 18441 (2021) Kat:3, Licht: 0","18441","3","2","4","09","09","2","","0","1","1","0","0"
"POINT (9.791104504000032 52.430118607000054)","Unfall 18448 (2021) Kat:3, Licht: 0","18448","3","6","2","09","16","5","","0","0","1","0","0"
"POINT (9.726762634000067 52.375738249000051)","Unfall 18486 (2021) Kat:3, Licht: 0","18486","3","3","5","09","10","4","","0","1","1","0","0"
"POINT (9.726379791000056 52.380832529000031)","Unfall 18496 (2021) Kat:3, Licht: 0","18496","3","3","5","09","16","4","","0","1","1","0","0"
"POINT (9.782270399000026 52.362511569000048)","Unfall 18503 (2021) Kat:3, Licht: 0","18503","3","6","2","10","15","7","","0","0","1","0","0"
"POINT (9.755977237000025 52.352749341000049)","Unfall 18512 (2021) Kat:3, Licht: 0","18512","3","2","4","10","12","4","","0","1","1","0","0"
"POINT (9.757259266000062 52.351449252000066)","Unfall 18550 (2021) Kat:3, Licht: 0","18550","3","6","2","09","18","4","","0","1","0","0","0"
"POINT (9.844798843000035 52.413727825000080)","Unfall 18563 (2021) Kat:3, Licht: 0","18563","3","6","3","09","13","5","","0","0","1","0","0"
"POINT (9.755236399000069 52.427138201000048)","Unfall 18593 (2021) Kat:3, Licht: 2","18593","3","1","8","09","01","7","","2","0","1","0","0"
"POINT (9.703304861000049 52.416049485000030)","Unfall 18608 (2021) Kat:3, Licht: 0","18608","3","7","0","10","13","7","","0","1","0","0","0"
"POINT (9.834445373000051 52.420462178000037)","Unfall 18636 (2021) Kat:3, Licht: 0","18636","3","6","3","09","14","1","","0","0","1","0","0"
"POINT (9.733689446000028 52.418196898000076)","Unfall 18647 (2021) Kat:3, Licht: 0","18647","3","6","3","09","17","4","","0","0","1","0","0"
"POINT (9.697715170000038 52.376369219000026)","Unfall 18659 (2021) Kat:3, Licht: 0","18659","3","6","2","09","17","4","","0","0","1","0","0"
"POINT (9.715399023000032 52.346344996000028)","Unfall 18681 (2021) Kat:3, Licht: 0","18681","3","6","2","10","09","2","","0","0","1","0","0"
"POINT (9.852897076000033 52.410025290000078)","Unfall 18700 (2021) Kat:3, Licht: 0","18700","3","6","3","09","15","3","","0","0","1","0","0"
"POINT (9.626306671000066 52.423758555000063)","Unfall 18719 (2021) Kat:3, Licht: 0","18719","3","6","2","10","13","3","","0","0","1","0","0"
"POINT (9.715062595000063 52.422218578000070)","Unfall 18729 (2021) Kat:3, Licht: 2","18729","3","7","0","10","20","2","","2","0","1","0","1"
"POINT (9.766251158000046 52.343122806000054)","Unfall 18731 (2021) Kat:3, Licht: 0","18731","3","6","2","10","18","5","","0","0","1","0","0"
"POINT (9.734894978000057 52.391455961000077)","Unfall 18751 (2021) Kat:3, Licht: 0","18751","3","2","5","09","10","2","","0","1","1","0","0"
"POINT (9.861827338000069 52.381456743000058)","Unfall 18790 (2021) Kat:2, Licht: 0","18790","2","2","5","09","12","6","","0","0","1","0","1"
"POINT (9.769019097000069 52.337929200000076)","Unfall 18823 (2021) Kat:3, Licht: 1","18823","3","1","0","10","19","6","","1","1","0","0","0"
"POINT (9.761615814000038 52.345784025000057)","Unfall 18850 (2021) Kat:3, Licht: 0","18850","3","7","4","09","13","5","","0","0","1","0","1"
"POINT (9.753972821000048 52.355571533000045)","Unfall 18871 (2021) Kat:3, Licht: 2","18871","3","1","0","09","03","5","","2","0","0","0","1"
"POINT (9.719329700000060 52.421486042000026)","Unfall 18892 (2021) Kat:3, Licht: 0","18892","3","3","5","09","11","6","","0","1","1","0","0"
"POINT (9.797326208000072 52.346957305000046)","Unfall 18955 (2021) Kat:3, Licht: 0","18955","3","6","2","09","16","4","","0","0","1","0","0"
"POINT (9.732403373000068 52.383515696000075)","Unfall 18968 (2021) Kat:3, Licht: 0","18968","3","6","2","10","12","5","","0","0","1","0","0"
"POINT (9.727253882000070 52.375043694000055)","Unfall 18980 (2021) Kat:3, Licht: 0","18980","3","7","0","10","09","3","","0","0","0","0","1"
"POINT (9.700561879000077 52.363333966000027)","Unfall 18991 (2021) Kat:3, Licht: 0","18991","3","3","5","10","10","6","","0","0","1","0","0"
"POINT (9.717236520000029 52.346169756000052)","Unfall 18994 (2021) Kat:3, Licht: 2","18994","3","2","5","09","20","1","","2","0","1","0","0"
"POINT (9.738215216000071 52.368142101000046)","Unfall 19055 (2021) Kat:3, Licht: 0","19055","3","6","2","09","17","3","","0","0","1","0","0"
"POINT (9.734046590000048 52.415478972000074)","Unfall 19107 (2021) Kat:3, Licht: 1","19107","3","6","2","10","18","4","","1","0","1","0","0"
"POINT (9.723005071000046 52.358102198000040)","Unfall 19129 (2021) Kat:3, Licht: 0","19129","3","3","5","10","13","4","","0","1","1","0","0"
"POINT (9.627559143000042 52.421611849000044)","Unfall 19182 (2021) Kat:3, Licht: 0","19182","3","1","8","11","11","3","","0","0","1","0","0"
"POINT (9.783206235000023 52.323299095000039)","Unfall 19206 (2021) Kat:2, Licht: 2","19206","2","4","0","12","07","6","","2","0","0","1","0"
"POINT (9.730989886000032 52.382502431000034)","Unfall 19224 (2021) Kat:3, Licht: 2","19224","3","6","2","11","18","4","","2","0","1","0","0"
"POINT (9.759681565000051 52.335142700000063)","Unfall 19344 (2021) Kat:3, Licht: 2","19344","3","2","0","11","07","3","","2","1","1","0","0"
"POINT (9.756469360000040 52.427110742000082)","Unfall 19351 (2021) Kat:2, Licht: 2","19351","2","6","3","11","03","5","","2","0","1","0","0"
"POINT (9.763129880000065 52.344431945000053)","Unfall 19356 (2021) Kat:3, Licht: 0","19356","3","3","5","10","15","3","","0","1","1","0","0"
"POINT (9.735153516000025 52.406287318000068)","Unfall 19359 (2021) Kat:3, Licht: 2","19359","3","3","5","11","17","2","","2","1","1","0","0"
"POINT (9.732272302000069 52.369651548000036)","Unfall 19376 (2021) Kat:3, Licht: 0","19376","3","7","1","10","16","5","","0","1","0","0","0"
"POINT (9.728431393000051 52.374026392000076)","Unfall 19403 (2021) Kat:3, Licht: 0","19403","3","6","2","10","14","5","","0","0","1","0","0"
"POINT (9.697755292000068 52.377131567000049)","Unfall 19423 (2021) Kat:3, Licht: 1","19423","3","6","2","10","18","6","","1","0","1","0","0"
"POINT (9.863907241000049 52.334003913000060)","Unfall 19434 (2021) Kat:3, Licht: 2","19434","3","7","7","11","17","6","","2","0","1","0","0"
"POINT (9.636580923000054 52.417185463000067)","Unfall 19448 (2021) Kat:3, Licht: 0","19448","3","6","2","12","14","4","","0","0","1","0","0"
"POINT (9.733382500000062 52.417795403000071)","Unfall 19451 (2021) Kat:3, Licht: 1","19451","3","3","5","10","07","2","","1","1","1","0","0"
"POINT (9.670509389000074 52.382811342000082)","Unfall 19452 (2021) Kat:3, Licht: 2","19452","3","4","6","12","18","5","","2","1","0","1","0"
"POINT (9.762226111000075 52.370416054000032)","Unfall 19456 (2021) Kat:3, Licht: 2","19456","3","2","3","11","17","3","","2","1","1","0","0"
"POINT (9.885201543000051 52.429427459000067)","Unfall 19495 (2021) Kat:3, Licht: 0","19495","3","1","9","10","12","5","","0","0","1","0","0"
"POINT (9.803729725000039 52.336969165000028)","Unfall 19499 (2021) Kat:3, Licht: 1","19499","3","6","2","11","06","4","","1","0","1","0","0"
"POINT (9.753479427000059 52.370007446000045)","Unfall 19517 (2021) Kat:3, Licht: 0","19517","3","6","2","12","15","6","","0","1","0","0","0"
"POINT (9.866849769000055 52.403658851000046)","Unfall 19523 (2021) Kat:3, Licht: 0","19523","3","6","2","10","13","6","","0","0","1","0","0"
"POINT (9.764581489000022 52.343029545000036)","Unfall 19552 (2021) Kat:2, Licht: 0","19552","2","3","5","10","08","6","","0","1","1","0","0"
"POINT (9.647997095000051 52.426905023000074)","Unfall 19565 (2021) Kat:3, Licht: 1","19565","3","2","5","12","08","3","","1","1","1","0","0"
"POINT (9.766381427000056 52.340562653000063)","Unfall 19566 (2021) Kat:3, Licht: 0","19566","3","3","5","11","14","5","","0","1","1","0","0"
"POINT (9.652090107000049 52.415510280000035)","Unfall 19583 (2021) Kat:3, Licht: 0","19583","3","2","0","12","11","7","","0","0","1","0","1"
"POINT (9.859655764000024 52.385945992000075)","Unfall 19590 (2021) Kat:3, Licht: 0","19590","3","6","2","11","13","4","","0","0","1","0","0"
"POINT (9.799576716000047 52.448822319000044)","Unfall 19625 (2021) Kat:2, Licht: 1","19625","2","1","8","10","17","5","","1","0","1","0","0"
"POINT (9.785204843000031 52.386030342000026)","Unfall 19633 (2021) Kat:3, Licht: 0","19633","3","6","2","11","13","7","","0","0","1","0","0"
"POINT (9.745468199000072 52.369053299000029)","Unfall 19686 (2021) Kat:3, Licht: 0","19686","3","4","6","11","10","3","","0","1","0","1","0"
"POINT (9.669618026000023 52.347182522000026)","Unfall 19693 (2021) Kat:3, Licht: 2","19693","3","6","2","11","18","6","","2","0","1","0","0"
"POINT (9.805575870000041 52.430739946000074)","Unfall 19703 (2021) Kat:3, Licht: 0","19703","3","6","2","12","16","5","","0","0","1","0","0"
"POINT (9.796491631000038 52.395162914000082)","Unfall 19750 (2021) Kat:3, Licht: 2","19750","3","6","2","11","18","4","","2","0","1","0","0"
"POINT (9.669937656000059 52.347157693000042)","Unfall 19753 (2021) Kat:3, Licht: 2","19753","3","6","2","11","16","6","","2","0","1","0","0"
"POINT (9.717292038000039 52.396472744000050)","Unfall 19769 (2021) Kat:3, Licht: 2","19769","3","1","8","10","01","3","","2","0","0","0","0"
"POINT (9.733505057000059 52.369179146000079)","Unfall 19818 (2021) Kat:3, Licht: 0","19818","3","3","5","11","15","6","","0","1","0","0","0"
"POINT (9.642180440000061 52.414599481000039)","Unfall 19836 (2021) Kat:3, Licht: 0","19836","3","2","5","11","12","1","","0","0","1","0","1"
"POINT (9.724886491000063 52.421067201000028)","Unfall 19851 (2021) Kat:3, Licht: 0","19851","3","2","2","11","08","6","","0","0","1","0","0"
"POINT (9.703329902000064 52.416108668000049)","Unfall 19861 (2021) Kat:3, Licht: 0","19861","3","3","5","10","12","6","","0","0","1","0","1"
"POINT (9.805346220000047 52.408149333000040)","Unfall 19872 (2021) Kat:3, Licht: 2","19872","3","3","5","11","18","4","","2","0","1","0","0"
"POINT (9.682886517000043 52.373097746000042)","Unfall 19879 (2021) Kat:3, Licht: 2","19879","3","1","4","11","20","7","","2","0","1","0","0"
"POINT (9.670826932000068 52.382674013000042)","Unfall 19886 (2021) Kat:3, Licht: 0","19886","3","2","5","10","08","3","","0","1","1","0","0"
"POINT (9.730856660000029 52.382457744000078)","Unfall 19914 (2021) Kat:3, Licht: 0","19914","3","6","2","11","07","6","","0","0","1","0","0"
"POINT (9.719500119000031 52.346481817000040)","Unfall 19925 (2021) Kat:3, Licht: 1","19925","3","2","3","10","18","6","","1","0","1","0","0"
"POINT (9.833824262000064 52.419234125000060)","Unfall 19927 (2021) Kat:3, Licht: 0","19927","3","6","2","12","12","2","","0","0","1","0","0"
"POINT (9.702673929000071 52.347345940000082)","Unfall 19990 (2021) Kat:3, Licht: 0","19990","3","6","2","10","11","6","","0","0","1","0","0"
"POINT (9.678270518000033 52.363693639000076)","Unfall 19998 (2021) Kat:3, Licht: 2","19998","3","5","1","11","19","4","","2","0","1","0","0"
"POINT (9.787265858000069 52.390193743000054)","Unfall 20001 (2021) Kat:3, Licht: 2","20001","3","6","2","11","16","6","","2","0","1","0","0"
"POINT (9.729671029000031 52.384182785000064)","Unfall 20010 (2021) Kat:3, Licht: 0","20010","3","3","5","10","12","6","","0","0","1","0","0"
"POINT (9.762226111000075 52.370416054000032)","Unfall 20015 (2021) Kat:3, Licht: 0","20015","3","2","3","11","08","6","","0","1","1","0","0"
"POINT (9.774295195000036 52.371023157000081)","Unfall 20027 (2021) Kat:3, Licht: 2","20027","3","6","3","11","22","4","","2","0","1","0","0"
"POINT (9.769062603000066 52.427140391000080)","Unfall 20075 (2021) Kat:3, Licht: 2","20075","3","7","2","10","03","4","","2","0","0","0","0"
"POINT (9.778720331000045 52.368944093000039)","Unfall 20077 (2021) Kat:3, Licht: 1","20077","3","6","2","11","07","3","","1","0","1","0","0"
"POINT (9.679242290000047 52.359466688000055)","Unfall 20093 (2021) Kat:3, Licht: 0","20093","3","2","5","12","08","3","","0","1","1","0","0"
"POINT (9.697091657000044 52.375147886000036)","Unfall 20121 (2021) Kat:3, Licht: 0","20121","3","1","0","11","07","6","","0","1","0","0","0"
"POINT (9.744432656000072 52.367813004000027)","Unfall 20139 (2021) Kat:3, Licht: 0","20139","3","5","5","10","12","3","","0","1","0","0","0"
"POINT (9.717121377000069 52.346182054000053)","Unfall 20150 (2021) Kat:3, Licht: 2","20150","3","6","2","11","16","2","","2","0","1","0","0"
"POINT (9.694669382000029 52.419589905000066)","Unfall 20172 (2021) Kat:3, Licht: 2","20172","3","2","5","12","07","6","","2","0","1","0","0"
"POINT (9.724142302000075 52.379715490000081)","Unfall 20176 (2021) Kat:3, Licht: 2","20176","3","6","4","11","21","1","","2","1","0","0","0"
"POINT (9.774875393000059 52.330682836000051)","Unfall 20180 (2021) Kat:3, Licht: 2","20180","3","7","0","11","22","4","","2","0","0","0","0"
"POINT (9.755677879000075 52.370126644000038)","Unfall 20198 (2021) Kat:3, Licht: 2","20198","3","6","3","10","22","2","","2","0","1","0","0"
"POINT (9.648188288000028 52.412835301000030)","Unfall 20200 (2021) Kat:3, Licht: 1","20200","3","6","2","11","06","5","","1","0","1","0","0"
"POINT (9.707473277000076 52.424388315000044)","Unfall 20229 (2021) Kat:3, Licht: 0","20229","3","3","5","10","14","3","","0","0","1","0","0"
"POINT (9.632711276000066 52.411268430000064)","Unfall 20290 (2021) Kat:3, Licht: 0","20290","3","6","2","10","14","3","","0","0","1","0","0"
"POINT (9.854249496000023 52.409105151000063)","Unfall 20307 (2021) Kat:3, Licht: 2","20307","3","6","2","10","20","4","","2","0","0","0","0"
"POINT (9.786350688000027 52.356374277000043)","Unfall 20309 (2021) Kat:3, Licht: 0","20309","3","6","2","11","07","4","","0","0","1","0","0"
"POINT (9.736176271000033 52.427230698000074)","Unfall 20318 (2021) Kat:3, Licht: 2","20318","3","6","2","11","05","5","","2","0","1","0","0"
"POINT (9.743688670000040 52.369024511000077)","Unfall 20329 (2021) Kat:3, Licht: 0","20329","3","3","5","10","10","3","","0","1","1","0","0"
"POINT (9.743364411000073 52.368264608000061)","Unfall 20339 (2021) Kat:2, Licht: 2","20339","2","3","5","11","05","6","","2","0","1","0","0"
"POINT (9.690433966000057 52.374757213000066)","Unfall 20343 (2021) Kat:3, Licht: 0","20343","3","2","5","10","17","5","","0","0","1","0","0"
"POINT (9.726754264000022 52.375745352000081)","Unfall 20384 (2021) Kat:3, Licht: 0","20384","3","3","5","11","09","7","","0","1","1","0","0"
"POINT (9.731265645000065 52.370032266000067)","Unfall 20396 (2021) Kat:3, Licht: 0","20396","3","6","4","10","15","4","","0","1","0","0","0"
"POINT (9.776925639000069 52.343681017000051)","Unfall 20399 (2021) Kat:3, Licht: 2","20399","3","6","2","11","18","3","","2","0","1","0","0"
"POINT (9.698690383000041 52.347408985000072)","Unfall 20414 (2021) Kat:3, Licht: 2","20414","3","3","5","12","17","5","","2","0","1","0","0"
"POINT (9.719191439000042 52.346980814000062)","Unfall 20417 (2021) Kat:3, Licht: 2","20417","3","7","0","10","21","3","","2","0","1","0","0"
"POINT (9.722889487000032 52.378879148000067)","Unfall 20469 (2021) Kat:3, Licht: 0","20469","3","2","5","10","14","5","","0","1","1","0","0"
"POINT (9.863433663000023 52.374075631000039)","Unfall 20480 (2021) Kat:3, Licht: 2","20480","3","5","1","11","19","2","","2","0","1","0","0"
"POINT (9.727969553000037 52.336146258000042)","Unfall 20484 (2021) Kat:3, Licht: 0","20484","3","6","2","11","08","3","","0","0","1","0","0"
"POINT (9.678163162000033 52.365662351000026)","Unfall 20528 (2021) Kat:3, Licht: 1","20528","3","7","0","12","07","3","","1","0","0","0","0"
"POINT (9.724093610000068 52.379682985000045)","Unfall 20530 (2021) Kat:3, Licht: 2","20530","3","1","0","11","00","1","","2","1","0","0","0"
"POINT (9.720751946000064 52.391485151000040)","Unfall 20535 (2021) Kat:3, Licht: 2","20535","3","7","0","10","01","7","","2","0","0","0","0"
"POINT (9.722641771000042 52.368318824000028)","Unfall 20590 (2021) Kat:3, Licht: 0","20590","3","6","2","10","15","5","","0","0","1","0","0"
"POINT (9.809515778000048 52.408965921000060)","Unfall 20629 (2021) Kat:3, Licht: 0","20629","3","5","1","10","09","4","","0","1","1","0","0"
"POINT (9.690385364000065 52.360759223000059)","Unfall 20638 (2021) Kat:3, Licht: 1","20638","3","3","5","11","15","7","","1","1","1","0","0"
"POINT (9.721032353000055 52.342097935000027)","Unfall 20655 (2021) Kat:3, Licht: 1","20655","3","6","2","11","08","3","","1","0","1","0","1"
"POINT (9.672999103000052 52.348714683000026)","Unfall 20660 (2021) Kat:3, Licht: 2","20660","3","2","5","11","19","7","","2","1","1","0","0"
"POINT (9.733628752000072 52.415848159000063)","Unfall 20668 (2021) Kat:3, Licht: 1","20668","3","3","5","11","07","5","","1","0","1","0","0"
"POINT (9.765271901000062 52.370713464000062)","Unfall 20682 (2021) Kat:3, Licht: 0","20682","3","2","3","11","08","4","","0","1","0","0","0"
"POINT (9.827614268000048 52.424446536000062)","Unfall 20684 (2021) Kat:3, Licht: 2","20684","3","6","2","12","21","1","","2","0","1","0","0"
"POINT (9.689532674000077 52.386767558000031)","Unfall 20687 (2021) Kat:3, Licht: 2","20687","3","6","2","11","18","4","","2","0","1","0","0"
"POINT (9.796862644000043 52.347204578000060)","Unfall 20703 (2021) Kat:3, Licht: 2","20703","3","3","5","11","18","1","","2","0","1","0","0"
"POINT (9.696976309000036 52.378434883000068)","Unfall 20717 (2021) Kat:3, Licht: 0","20717","3","6","2","11","11","4","","0","0","1","0","0"
"POINT (9.725388873000043 52.376842540000041)","Unfall 20721 (2021) Kat:3, Licht: 2","20721","3","6","2","11","03","5","","2","0","1","0","0"
"POINT (9.698766021000040 52.347385176000046)","Unfall 20734 (2021) Kat:3, Licht: 2","20734","3","3","5","11","17","2","","2","0","1","0","0"
"POINT (9.732853209000041 52.421748270000080)","Unfall 20748 (2021) Kat:3, Licht: 0","20748","3","6","2","11","12","6","","0","0","1","0","0"
"POINT (9.678153511000062 52.365780609000069)","Unfall 20756 (2021) Kat:3, Licht: 0","20756","3","2","5","11","11","5","","0","0","1","0","0"
"POINT (9.776659820000077 52.332866921000061)","Unfall 20808 (2021) Kat:3, Licht: 0","20808","3","2","4","11","12","4","","0","0","1","0","0"
"POINT (9.724080304000040 52.363750381000045)","Unfall 20838 (2021) Kat:3, Licht: 0","20838","3","3","5","11","13","4","","0","1","1","0","0"
"POINT (9.638844349000067 52.415969097000072)","Unfall 20847 (2021) Kat:3, Licht: 2","20847","3","6","2","11","18","5","","2","0","1","0","0"
"POINT (9.720343505000073 52.391538769000078)","Unfall 20858 (2021) Kat:3, Licht: 1","20858","3","1","0","10","17","3","","1","1","0","0","0"
"POINT (9.647557794000022 52.423835472000064)","Unfall 20887 (2021) Kat:2, Licht: 2","20887","2","1","8","11","21","2","","2","0","1","0","0"
"POINT (9.796577199000069 52.347829945000058)","Unfall 20892 (2021) Kat:3, Licht: 0","20892","3","7","8","10","16","6","","0","0","1","0","0"
"POINT (9.776154342000041 52.329397621000055)","Unfall 20893 (2021) Kat:3, Licht: 0","20893","3","3","5","11","10","4","","0","1","1","0","0"
"POINT (9.723075576000042 52.362978451000060)","Unfall 20914 (2021) Kat:3, Licht: 2","20914","3","6","2","11","00","7","","2","0","1","0","0"
"POINT (9.677979730000061 52.360433402000069)","Unfall 20922 (2021) Kat:2, Licht: 0","20922","2","2","5","11","14","2","","0","1","1","0","0"
"POINT (9.724656220000043 52.380035659000043)","Unfall 20927 (2021) Kat:3, Licht: 2","20927","3","3","5","11","16","3","","2","0","1","0","1"
"POINT (9.707644664000043 52.420367337000073)","Unfall 20938 (2021) Kat:3, Licht: 0","20938","3","3","5","10","12","1","","0","1","1","0","0"
"POINT (9.686338838000040 52.429876128000046)","Unfall 20944 (2021) Kat:3, Licht: 0","20944","3","1","8","11","08","1","","0","0","1","0","0"
"POINT (9.861793701000067 52.368655590000060)","Unfall 20961 (2021) Kat:3, Licht: 2","20961","3","2","6","11","17","6","","2","0","1","1","0"