WKT,Name,OBJECTID,UKATEGORIE,UTYP1,UART,UMONAT,USTUNDE,UWOCHENTAG,STRZUSTAND,ULICHTVERH,ISTRAD,ISTPKW,ISTFUSS,ISTKRAD
"POINT (9.783304297000029 52.360807060000070)","Unfall 20986 (2021) Kat:3, Licht: 2","20986","3","6","2","11","16","5","","2","0","1","0","0"
"POINT (9.730889414000046 52.370741627000029)","Unfall 20998 (2021) Kat:3, Licht: 2","20998","3","2","5","11","17","5","","2","0","1","0","0"
"POINT (9.753456853000046 52.370006221000040)","Unfall 21034 (2021) Kat:2, Licht: 2","21034","2","3","5","11","03","7","","2","1","1","0","0"
"POINT (9.618429869000067 52.421406461000061)","Unfall 21037 (2021) Kat:1, Licht: 2","21037","1","6","2","11","01","3","","2","0","1","0","0"
"POINT (9.748899501000039 52.369217855000045)","Unfall 21066 (2021) Kat:3, Licht: 0","21066","3","6","2","12","12","4","","0","0","1","0","0"
"POINT (9.846026830000028 52.360329505000038)","Unfall 21072 (2021) Kat:3, Licht: 2","21072","3","6","2","11","18","2","","2","0","1","0","0"
"POINT (9.697425224000028 52.377671254000063)","Unfall 21116 (2021) Kat:3, Licht: 0","21116","3","6","2","11","10","4","","0","0","1","0","0"
"POINT (9.670511401000056 52.347407999000040)","Unfall 21118 (2021) Kat:3, Licht: 0","21118","3","6","2","11","13","6","","0","0","1","0","0"
"POINT (9.755986588000042 52.352732442000047)","Unfall 21133 (2021) Kat:3, Licht: 0","21133","3","3","5","12","14","6","","0","1","1","0","0"
"POINT (9.854592956000033 52.359031402000028)","Unfall 21160 (2021) Kat:3, Licht: 0","21160","3","2","2","11","07","5","","0","0","1","0","0"
"POINT (9.697700058000066 52.377183751000075)","Unfall 21177 (2021) Kat:3, Licht: 2","21177","3","6","2","11","17","3","","2","0","1","0","0"
"POINT (9.722628220000047 52.378396745000032)","Unfall 21200 (2021) Kat:3, Licht: 0","21200","3","6","2","11","10","1","","0","0","1","0","0"
"POINT (9.863499657000034 52.327978745000053)","Unfall 21237 (2021) Kat:2, Licht: 2","21237","2","6","2","10","19","4","","2","0","0","0","0"
"POINT (9.697310179000056 52.341609560000052)","Unfall 21243 (2021) Kat:3, Licht: 2","21243","3","3","5","12","06","4","","2","1","1","0","0"
"POINT (9.714359392000063 52.362147547000063)","Unfall 21244 (2021) Kat:3, Licht: 0","21244","3","2","3","11","14","5","","0","0","1","0","1"
"POINT (9.727740151000035 52.381385300000034)","Unfall 21246 (2021) Kat:3, Licht: 2","21246","3","7","1","11","03","7","","2","0","1","0","0"
"POINT (9.727113231000033 52.366947120000077)","Unfall 21255 (2021) Kat:3, Licht: 0","21255","3","6","2","12","07","4","","0","0","1","0","0"
"POINT (9.854223330000025 52.390411267000047)","Unfall 21266 (2021) Kat:3, Licht: 2","21266","3","2","6","10","05","5","","2","0","1","1","0"
"POINT (9.732345584000029 52.383184149000044)","Unfall 21307 (2021) Kat:3, Licht: 2","21307","3","3","5","11","16","7","","2","0","1","0","0"
"POINT (9.753201927000021 52.369989470000064)","Unfall 21308 (2021) Kat:3, Licht: 0","21308","3","1","0","10","13","7","","0","0","0","0","1"
"POINT (9.867103619000034 52.341512824000063)","Unfall 21311 (2021) Kat:3, Licht: 0","21311","3","6","2","10","12","5","","0","0","0","0","0"
"POINT (9.727251437000064 52.381198045000076)","Unfall 21327 (2021) Kat:3, Licht: 1","21327","3","3","5","10","17","7","","1","1","1","0","0"
"POINT (9.697051147000025 52.378589436000027)","Unfall 21328 (2021) Kat:3, Licht: 2","21328","3","6","2","11","18","4","","2","0","1","0","0"
"POINT (9.810254708000059 52.429962890000070)","Unfall 21355 (2021) Kat:3, Licht: 0","21355","3","6","2","11","07","3","","0","0","1","0","0"
"POINT (9.764543396000022 52.342675913000051)","Unfall 21367 (2021) Kat:3, Licht: 2","21367","3","3","5","11","18","6","","2","1","1","0","0"
"POINT (9.781563984000059 52.424994289000040)","Unfall 21394 (2021) Kat:3, Licht: 0","21394","3","4","6","11","12","6","","0","0","1","1","0"
"POINT (9.660319907000030 52.426285888000052)","Unfall 21398 (2021) Kat:3, Licht: 0","21398","3","1","8","10","14","5","","0","0","1","0","0"
"POINT (9.729335554000045 52.385464409000065)","Unfall 21402 (2021) Kat:3, Licht: 2","21402","3","3","5","11","18","5","","2","1","0","0","0"
"POINT (9.736068907000060 52.368514266000034)","Unfall 21409 (2021) Kat:3, Licht: 0","21409","3","2","5","11","09","3","","0","1","1","0","0"
"POINT (9.715155784000046 52.366661109000063)","Unfall 21411 (2021) Kat:3, Licht: 0","21411","3","7","0","10","11","6","","0","0","0","1","0"
"POINT (9.833204017000071 52.338282117000062)","Unfall 21426 (2021) Kat:3, Licht: 0","21426","3","2","5","11","09","6","","0","1","1","0","0"
"POINT (9.798223777000032 52.412689342000078)","Unfall 21490 (2021) Kat:3, Licht: 2","21490","3","2","6","12","16","3","","2","0","1","1","0"
"POINT (9.771440932000075 52.427093733000049)","Unfall 21502 (2021) Kat:3, Licht: 2","21502","3","6","2","12","16","5","","2","0","1","0","0"
"POINT (9.852240901000073 52.390877561000082)","Unfall 21536 (2021) Kat:2, Licht: 0","21536","2","2","5","11","11","3","","0","1","1","0","0"
"POINT (9.807714572000066 52.337225317000048)","Unfall 21541 (2021) Kat:3, Licht: 0","21541","3","6","2","12","08","2","","0","0","1","0","0"
"POINT (9.854810490000034 52.390230630000076)","Unfall 21547 (2021) Kat:3, Licht: 0","21547","3","3","5","11","13","4","","0","1","1","0","0"
"POINT (9.658706241000061 52.426134830000080)","Unfall 21562 (2021) Kat:3, Licht: 0","21562","3","6","3","10","16","4","","0","0","1","0","1"
"POINT (9.773693333000040 52.427403138000045)","Unfall 21569 (2021) Kat:3, Licht: 1","21569","3","6","2","11","17","2","","1","0","1","0","0"
"POINT (9.792650184000024 52.394054075000042)","Unfall 21576 (2021) Kat:3, Licht: 2","21576","3","6","2","12","07","2","","2","0","1","0","0"
"POINT (9.648264511000036 52.412779275000048)","Unfall 21585 (2021) Kat:3, Licht: 0","21585","3","3","5","10","13","5","","0","0","1","0","0"
"POINT (9.727286223000021 52.381211373000042)","Unfall 21589 (2021) Kat:3, Licht: 0","21589","3","3","0","11","08","6","","0","1","0","0","0"
"POINT (9.654585128000065 52.407679517000076)","Unfall 21599 (2021) Kat:2, Licht: 2","21599","2","3","5","10","20","4","","2","1","1","0","0"
"POINT (9.722051316000034 52.421542847000069)","Unfall 21603 (2021) Kat:3, Licht: 0","21603","3","6","2","10","14","6","","0","0","1","0","0"
"POINT (9.862228723000044 52.380701577000082)","Unfall 21613 (2021) Kat:3, Licht: 0","21613","3","3","5","11","15","3","","0","1","1","0","0"
"POINT (9.721083876000023 52.468242999000040)","Unfall 21615 (2021) Kat:3, Licht: 1","21615","3","6","2","11","07","6","","1","0","1","0","0"
"POINT (9.735848268000041 52.399372617000040)","Unfall 21617 (2021) Kat:3, Licht: 2","21617","3","2","6","11","17","5","","2","0","1","1","0"
"POINT (9.800583969000058 52.406258002000072)","Unfall 21652 (2021) Kat:3, Licht: 2","21652","3","2","4","12","07","4","","2","1","1","0","0"
"POINT (9.638089709000042 52.422018187000049)","Unfall 21669 (2021) Kat:3, Licht: 2","21669","3","6","3","12","01","7","","2","0","1","0","0"
"POINT (9.794827169000030 52.394608188000063)","Unfall 21691 (2021) Kat:3, Licht: 2","21691","3","6","3","11","21","3","","2","0","1","0","0"
"POINT (9.717404017000035 52.396145908000051)","Unfall 21705 (2021) Kat:3, Licht: 0","21705","3","6","3","11","08","3","","0","0","1","0","0"
"POINT (9.677641263000055 52.371532435000063)","Unfall 21706 (2021) Kat:3, Licht: 0","21706","3","7","9","11","08","5","","0","0","1","0","0"
"POINT (9.721897827000021 52.421538982000072)","Unfall 21719 (2021) Kat:3, Licht: 1","21719","3","1","0","12","16","4","","1","1","0","0","0"
"POINT (9.744434545000047 52.367812024000045)","Unfall 21721 (2021) Kat:3, Licht: 2","21721","3","6","2","10","18","7","","2","0","1","0","0"
"POINT (9.712554318000059 52.402753048000079)","Unfall 21727 (2021) Kat:3, Licht: 2","21727","3","3","5","11","17","3","","2","0","1","0","0"
"POINT (9.725022537000029 52.376704844000074)","Unfall 21746 (2021) Kat:3, Licht: 0","21746","3","7","5","11","11","7","","0","0","1","0","0"
"POINT (9.695371706000060 52.374709926000037)","Unfall 21747 (2021) Kat:3, Licht: 2","21747","3","3","5","10","21","7","","2","0","1","0","0"
"POINT (9.735837316000072 52.399509587000068)","Unfall 21756 (2021) Kat:3, Licht: 0","21756","3","6","2","12","09","4","","0","0","1","0","0"
"POINT (9.632294610000031 52.411293087000047)","Unfall 21772 (2021) Kat:2, Licht: 2","21772","2","2","5","11","17","6","","2","0","1","0","0"
"POINT (9.749667309000074 52.361218217000044)","Unfall 21781 (2021) Kat:3, Licht: 0","21781","3","6","3","11","13","6","","0","0","1","0","0"
"POINT (9.694582249000064 52.419645031000073)","Unfall 21788 (2021) Kat:2, Licht: 2","21788","2","4","6","12","07","6","","2","0","1","1","0"
"POINT (9.736276523000072 52.397774555000069)","Unfall 21794 (2021) Kat:3, Licht: 2","21794","3","3","5","11","17","4","","2","1","0","0","0"
"POINT (9.735073663000037 52.407316508000065)","Unfall 21825 (2021) Kat:3, Licht: 0","21825","3","2","5","11","16","2","","0","0","1","0","0"
"POINT (9.647530187000029 52.413388725000061)","Unfall 21841 (2021) Kat:3, Licht: 0","21841","3","6","2","10","09","5","","0","0","1","0","0"
"POINT (9.809254562000035 52.379314027000078)","Unfall 21844 (2021) Kat:3, Licht: 0","21844","3","3","5","10","14","3","","0","1","1","0","0"
"POINT (9.813517615000023 52.383377956000061)","Unfall 21864 (2021) Kat:3, Licht: 2","21864","3","5","1","11","19","4","","2","0","1","0","0"
"POINT (9.723492691000047 52.377686480000079)","Unfall 21871 (2021) Kat:3, Licht: 0","21871","3","2","5","10","12","4","","0","1","1","0","0"
"POINT (9.842522778000045 52.415938442000026)","Unfall 21881 (2021) Kat:3, Licht: 0","21881","3","3","5","12","14","2","","0","0","1","0","0"
"POINT (9.753731599000048 52.426951445000043)","Unfall 21940 (2021) Kat:3, Licht: 0","21940","3","1","9","12","10","5","","0","0","0","0","0"
"POINT (9.812029441000050 52.429547328000069)","Unfall 21967 (2021) Kat:3, Licht: 2","21967","3","1","2","12","06","2","","2","0","1","0","0"
"POINT (9.727306078000026 52.387862844000040)","Unfall 21969 (2021) Kat:3, Licht: 2","21969","3","2","6","12","20","2","","2","0","1","1","0"
"POINT (9.761402323000027 52.370480182000051)","Unfall 21997 (2021) Kat:3, Licht: 2","21997","3","2","5","12","20","4","","2","1","1","0","0"
"POINT (9.809299666000072 52.379522224000027)","Unfall 22002 (2021) Kat:3, Licht: 0","22002","3","3","5","12","10","3","","0","0","1","0","0"
"POINT (9.690841534000072 52.346660186000065)","Unfall 22033 (2021) Kat:3, Licht: 2","22033","3","6","2","12","17","2","","2","0","1","0","0"
"POINT (9.696067396000046 52.418754738000075)","Unfall 22162 (2021) Kat:3, Licht: 1","22162","3","3","5","12","15","4","","1","0","1","0","0"
"POINT (9.734005976000049 52.368883113000038)","Unfall 22196 (2021) Kat:3, Licht: 0","22196","3","2","5","12","09","2","","0","1","1","0","0"
"POINT (9.723062846000062 52.377914301000033)","Unfall 22218 (2021) Kat:3, Licht: 0","22218","3","2","0","12","12","3","","0","1","1","0","0"
"POINT (9.812370618000045 52.337736836000033)","Unfall 22252 (2021) Kat:3, Licht: 2","22252","3","2","4","12","17","1","","2","0","1","0","0"
"POINT (9.861798027000077 52.368763991000037)","Unfall 22315 (2021) Kat:3, Licht: 0","22315","3","4","0","12","11","3","","0","0","0","1","0"
"POINT (9.781069024000033 52.364492009000060)","Unfall 22333 (2021) Kat:3, Licht: 0","22333","3","6","2","12","07","2","","0","0","1","0","0"
"POINT (9.735254989000055 52.394522779000056)","Unfall 22418 (2021) Kat:3, Licht: 2","22418","3","2","6","12","17","1","","2","0","1","1","0"
"POINT (9.743593533000023 52.368930429000045)","Unfall 22449 (2021) Kat:3, Licht: 2","22449","3","2","1","12","17","5","","2","0","1","0","0"
"POINT (9.634122254000033 52.418827106000037)","Unfall 22479 (2021) Kat:3, Licht: 2","22479","3","1","8","12","06","4","","2","0","1","0","0"
"POINT (9.824691455000050 52.339823221000074)","Unfall 22551 (2021) Kat:3, Licht: 2","22551","3","3","5","12","16","4","","2","1","1","0","0"
"POINT (9.735201349000022 52.393102546000080)","Unfall 22619 (2021) Kat:3, Licht: 2","22619","3","6","2","12","16","5","","2","0","1","0","0"
"POINT (9.736236246000033 52.397421141000052)","Unfall 22848 (2021) Kat:3, Licht: 1","22848","3","6","3","12","16","4","","1","0","1","0","0"
"POINT (9.732969794000041 52.420815337000079)","Unfall 22912 (2021) Kat:2, Licht: 0","22912","2","3","5","12","09","3","","0","0","1","0","0"
"POINT (9.697025426000039 52.341284636000069)","Unfall 22925 (2021) Kat:3, Licht: 2","22925","3","6","2","12","21","6","","2","0","1","0","0"
"POINT (9.742942257000038 52.368459572000063)","Unfall 23191 (2021) Kat:3, Licht: 2","23191","3","6","4","12","16","3","","2","1","0","0","0"
"POINT (9.747765393000066 52.363673825000035)","Unfall 23200 (2021) Kat:3, Licht: 0","23200","3","2","5","12","10","5","","0","1","0","0","0"
"POINT (9.842156242000044 52.415630531000033)","Unfall 23209 (2021) Kat:3, Licht: 1","23209","3","6","2","12","16","5","","1","0","1","0","0"
"POINT (9.803965366000057 52.338791204000074)","Unfall 23276 (2021) Kat:3, Licht: 0","23276","3","6","2","12","14","2","","0","0","1","0","0"
"POINT (9.660306268000056 52.387137397000060)","Unfall 23332 (2021) Kat:3, Licht: 2","23332","3","1","8","12","21","4","","2","0","1","0","0"
"POINT (9.785039093000023 52.385427031000063)","Unfall 23487 (2021) Kat:3, Licht: 2","23487","3","6","2","12","17","5","","2","0","1","0","0"
"POINT (9.734013691000030 52.387041450000027)","Unfall 23541 (2021) Kat:2, Licht: 2","23541","2","2","5","12","07","6","","2","0","1","0","0"
"POINT (9.721371133000048 52.391603066000073)","Unfall 23607 (2021) Kat:2, Licht: 0","23607","2","4","6","12","14","5","","0","0","1","1","0"
"POINT (9.722558731000049 52.378434056000060)","Unfall 23730 (2021) Kat:3, Licht: 2","23730","3","6","2","12","18","1","","2","0","1","0","0"
"POINT (9.823638752000022 52.425883981000027)","Unfall 24191 (2021) Kat:2, Licht: 2","24191","2","6","2","12","03","3","","2","0","1","0","0"
"POINT (9.733677103000048 52.384941533000074)","Unfall 24341 (2021) Kat:3, Licht: 2","24341","3","7","0","12","17","5","","2","0","0","0","0"
"POINT (9.830526764000069 52.422850822000044)","Unfall 24471 (2021) Kat:3, Licht: 2","24471","3","6","2","12","20","5","","2","0","1","0","0"
"POINT (9.652797291000070 52.424841109000056)","Unfall 24544 (2021) Kat:3, Licht: 2","24544","3","6","2","12","18","4","","2","0","1","0","0"
"POINT (9.708491617000050 52.427338239000051)","Unfall 24658 (2021) Kat:3, Licht: 2","24658","3","3","5","12","06","4","","2","1","1","0","0"
"POINT (9.629928459000041 52.421287970000037)","Unfall 24688 (2021) Kat:3, Licht: 2","24688","3","6","3","12","19","6","","2","0","1","0","0"
"POINT (9.713080574000060 52.346511540000051)","Unfall 24825 (2021) Kat:3, Licht: 2","24825","3","6","2","12","16","4","","2","0","1","0","0"
"POINT (9.712538984000048 52.402849668000044)","Unfall 24900 (2021) Kat:2, Licht: 2","24900","2","1","8","12","01","7","","2","0","0","0","0"
"POINT (9.799701923000043 52.336071297000046)","Unfall 24911 (2021) Kat:3, Licht: 0","24911","3","6","2","12","10","4","","0","0","1","0","0"
"POINT (9.678419868000049 52.347705665000035)","Unfall 24958 (2021) Kat:2, Licht: 0","24958","2","6","4","12","15","5","","0","0","1","0","0"
"POINT (9.771825253000031 52.342959024000038)","Unfall 25002 (2021) Kat:3, Licht: 1","25002","3","6","2","12","17","2","","1","0","1","0","0"
"POINT (9.729804611000077 52.384064271000057)","Unfall 25003 (2021) Kat:3, Licht: 1","25003","3","2","4","12","16","4","","1","1","1","0","0"
"POINT (9.697739818000059 52.377146186000061)","Unfall 25037 (2021) Kat:3, Licht: 2","25037","3","6","2","12","18","1","","2","0","1","0","0"
"POINT (9.829671287000053 52.399775786000077)","Unfall 25146 (2021) Kat:3, Licht: 1","25146","3","2","5","12","16","2","","1","0","1","0","0"
"POINT (9.735231882000051 52.405531631000031)","Unfall 25385 (2021) Kat:3, Licht: 1","25385","3","3","5","12","15","5","","1","1","1","0","0"
"POINT (9.734789106000051 52.407235324000055)","Unfall 25495 (2021) Kat:3, Licht: 2","25495","3","7","4","12","05","1","","2","0","1","0","0"
"POINT (9.701843538000048 52.364075964000051)","Unfall 25549 (2021) Kat:3, Licht: 2","25549","3","3","5","12","05","2","","2","1","1","0","0"
"POINT (9.737690822000047 52.382146924000040)","Unfall 140579 (2021) Kat:3, Licht: 0","140579","3","6","2","02","15","3","","0","0","1","0","0"
"POINT (9.758177746000058 52.359360029000072)","Unfall 140602 (2021) Kat:3, Licht: 1","140602","3","3","5","01","17","5","","1","1","1","0","0"
"POINT (9.733129920000067 52.398878082000067)","Unfall 140613 (2021) Kat:3, Licht: 0","140613","3","5","1","02","13","7","","0","0","1","0","0"
"POINT (9.736099087000071 52.362654570000075)","Unfall 140620 (2021) Kat:2, Licht: 0","140620","2","7","9","01","12","5","","0","0","1","0","0"
"POINT (9.734353141000042 52.376755699000057)","Unfall 140622 (2021) Kat:3, Licht: 0","140622","3","1","0","01","12","6","","0","1","0","0","0"
"POINT (9.730654129000072 52.391289347000054)","Unfall 140645 (2021) Kat:3, Licht: 2","140645","3","3","5","01","18","1","","2","0","1","0","0"
"POINT (9.639136417000032 52.417053236000072)","Unfall 140650 (2021) Kat:3, Licht: 0","140650","3","3","5","02","14","3","","0","0","1","0","0"
"POINT (9.670663385000069 52.358356627000035)","Unfall 140674 (2021) Kat:3, Licht: 2","140674","3","2","4","01","18","3","","2","1","1","0","0"
"POINT (9.712865869000041 52.371582805000060)","Unfall 140686 (2021) Kat:3, Licht: 0","140686","3","7","0","01","14","7","","0","1","0","0","0"
"POINT (9.705905549000022 52.372060588000068)","Unfall 140701 (2021) Kat:3, Licht: 2","140701","3","3","5","01","21","7","","2","1","0","0","0"
"POINT (9.805144093000024 52.399541210000052)","Unfall 140706 (2021) Kat:3, Licht: 0","140706","3","1","0","01","07","4","","0","1","0","0","0"
"POINT (9.794146952000062 52.375159984000049)","Unfall 140735 (2021) Kat:3, Licht: 0","140735","3","3","5","02","11","2","","0","1","1","0","0"
"POINT (9.763024249000068 52.340041289000055)","Unfall 140741 (2021) Kat:3, Licht: 2","140741","3","3","5","01","07","5","","2","1","1","0","0"
"POINT (9.710872645000052 52.359395802000051)","Unfall 140745 (2021) Kat:3, Licht: 0","140745","3","2","5","01","14","5","","0","0","1","0","0"
"POINT (9.751793521000025 52.373066096000059)","Unfall 140746 (2021) Kat:3, Licht: 0","140746","3","4","6","01","09","6","","0","0","1","1","0"
"POINT (9.798052918000053 52.392266978000066)","Unfall 140759 (2021) Kat:2, Licht: 2","140759","2","2","6","01","17","6","","2","0","1","1","0"
"POINT (9.781652691000033 52.415605176000042)","Unfall 140764 (2021) Kat:3, Licht: 0","140764","3","2","4","01","14","4","","0","0","1","0","0"
"POINT (9.728264691000049 52.359052218000045)","Unfall 140783 (2021) Kat:3, Licht: 1","140783","3","3","5","02","17","4","","1","1","1","0","0"
"POINT (9.727494306000040 52.368359486000031)","Unfall 140787 (2021) Kat:3, Licht: 0","140787","3","6","0","01","15","4","","0","1","0","0","0"
"POINT (9.720884614000056 52.388688159000026)","Unfall 140791 (2021) Kat:3, Licht: 2","140791","3","3","5","02","18","6","","2","0","1","0","0"
"POINT (9.746213343000022 52.393151129000046)","Unfall 140806 (2021) Kat:3, Licht: 0","140806","3","2","2","02","10","5","","0","0","1","0","0"
"POINT (9.749115761000041 52.377815325000029)","Unfall 140811 (2021) Kat:3, Licht: 2","140811","3","3","5","01","19","1","","2","1","1","0","0"
"POINT (9.741009609000059 52.398795575000065)","Unfall 140819 (2021) Kat:2, Licht: 1","140819","2","3","5","01","16","5","","1","1","1","0","0"
"POINT (9.793544803000032 52.332860463000031)","Unfall 140840 (2021) Kat:2, Licht: 2","140840","2","4","6","01","07","4","","2","0","1","1","0"
"POINT (9.716373199000031 52.388617512000053)","Unfall 140856 (2021) Kat:3, Licht: 0","140856","3","1","0","01","10","1","","0","1","0","0","0"
"POINT (9.745669642000053 52.382196477000036)","Unfall 140868 (2021) Kat:3, Licht: 0","140868","3","3","5","01","12","6","","0","1","1","0","0"
"POINT (9.692914842000050 52.341895833000081)","Unfall 140881 (2021) Kat:3, Licht: 0","140881","3","1","0","02","09","2","","0","1","0","0","0"
"POINT (9.709995749000029 52.394034273000045)","Unfall 140895 (2021) Kat:3, Licht: 0","140895","3","6","4","01","14","3","","0","0","1","0","0"
"POINT (9.726233396000055 52.377245981000044)","Unfall 140898 (2021) Kat:3, Licht: 2","140898","3","3","5","02","19","3","","2","1","1","0","0"
"POINT (9.723867221000035 52.372943290000080)","Unfall 140916 (2021) Kat:3, Licht: 2","140916","3","3","5","02","21","7","","2","0","1","0","0"
"POINT (9.736446242000056 52.387012378000065)","Unfall 140923 (2021) Kat:3, Licht: 1","140923","3","3","5","01","08","2","","1","0","1","0","0"
"POINT (9.761520279000024 52.379799984000044)","Unfall 140927 (2021) Kat:3, Licht: 2","140927","3","3","5","01","07","5","","2","1","1","0","0"
"POINT (9.807791306000070 52.387157078000030)","Unfall 140931 (2021) Kat:3, Licht: 1","140931","3","6","2","01","07","3","","1","0","1","0","0"
"POINT (9.805688430000032 52.407698628000048)","Unfall 140963 (2021) Kat:2, Licht: 1","140963","2","1","0","01","16","6","","1","1","0","0","0"
"POINT (9.762754468000026 52.410333791000028)","Unfall 140967 (2021) Kat:3, Licht: 2","140967","3","2","5","01","05","6","","2","0","1","0","0"
"POINT (9.801419407000026 52.402894146000051)","Unfall 140968 (2021) Kat:3, Licht: 0","140968","3","3","5","01","15","4","","0","0","1","0","0"
"POINT (9.806984456000066 52.398556243000030)","Unfall 140997 (2021) Kat:3, Licht: 2","140997","3","7","0","01","07","4","","2","1","0","0","0"
"POINT (9.771594589000074 52.400484323000057)","Unfall 141012 (2021) Kat:2, Licht: 2","141012","2","1","0","01","05","4","","2","1","0","0","0"
"POINT (9.741011044000061 52.398785775000079)","Unfall 141021 (2021) Kat:3, Licht: 1","141021","3","3","5","02","08","5","","1","1","1","0","0"
"POINT (9.759234500000048 52.335589051000056)","Unfall 141029 (2021) Kat:3, Licht: 0","141029","3","6","0","01","14","2","","0","0","1","0","0"
"POINT (9.704710361000025 52.374405002000060)","Unfall 141031 (2021) Kat:3, Licht: 0","141031","3","1","0","01","10","2","","0","1","0","0","0"
"POINT (9.819416968000041 52.356099772000050)","Unfall 141032 (2021) Kat:2, Licht: 2","141032","2","2","5","01","07","6","","2","1","1","0","0"
"POINT (9.841482032000044 52.395055696000043)","Unfall 141039 (2021) Kat:3, Licht: 0","141039","3","2","6","02","15","2","","0","0","1","1","0"
"POINT (9.747888299000067 52.388121497000043)","Unfall 141041 (2021) Kat:3, Licht: 2","141041","3","2","4","01","18","7","","2","1","1","0","0"
"POINT (9.780979148000029 52.324891012000080)","Unfall 141054 (2021) Kat:3, Licht: 0","141054","3","7","0","02","12","3","","0","0","0","0","0"
"POINT (9.833406821000040 52.419253338000033)","Unfall 141065 (2021) Kat:3, Licht: 2","141065","3","3","5","01","17","3","","2","0","1","0","0"
"POINT (9.781062245000044 52.403912768000055)","Unfall 141068 (2021) Kat:3, Licht: 0","141068","3","3","5","01","14","3","","0","1","1","0","0"
"POINT (9.754770764000057 52.374928771000043)","Unfall 141071 (2021) Kat:3, Licht: 0","141071","3","3","5","01","15","2","","0","1","1","0","0"
"POINT (9.701463048000051 52.395902861000081)","Unfall 141078 (2021) Kat:3, Licht: 0","141078","3","6","2","01","14","6","","0","0","1","0","0"
"POINT (9.727255599000046 52.396352160000049)","Unfall 141083 (2021) Kat:3, Licht: 0","141083","3","3","5","01","09","4","","0","0","1","0","0"
"POINT (9.754316723000045 52.368366168000080)","Unfall 141089 (2021) Kat:3, Licht: 2","141089","3","2","3","01","07","5","","2","1","1","0","0"
"POINT (9.670158576000063 52.361250035000069)","Unfall 141103 (2021) Kat:3, Licht: 2","141103","3","4","6","02","17","4","","2","0","1","1","0"
"POINT (9.668173679000063 52.400626341000077)","Unfall 141112 (2021) Kat:3, Licht: 0","141112","3","4","6","02","16","4","","0","1","0","1","0"
"POINT (9.763056425000059 52.336857940000073)","Unfall 141143 (2021) Kat:3, Licht: 2","141143","3","4","6","01","18","5","","2","0","1","1","0"
"POINT (9.663248371000066 52.409804988000076)","Unfall 141154 (2021) Kat:3, Licht: 0","141154","3","1","8","01","15","3","","0","0","1","0","0"
"POINT (9.805405466000025 52.395563190000075)","Unfall 141165 (2021) Kat:3, Licht: 2","141165","3","6","0","01","19","1","","2","1","1","0","0"
"POINT (9.692484898000032 52.396660219000069)","Unfall 141177 (2021) Kat:3, Licht: 2","141177","3","2","4","01","17","7","","2","1","1","0","0"
"POINT (9.742494569000030 52.375341002000027)","Unfall 141199 (2021) Kat:3, Licht: 0","141199","3","1","0","01","11","3","","0","1","0","0","0"
"POINT (9.707285289000026 52.375783292000051)","Unfall 141212 (2021) Kat:3, Licht: 0","141212","3","1","0","01","11","1","","0","1","0","0","0"
"POINT (9.737340931000062 52.375244162000058)","Unfall 141226 (2021) Kat:3, Licht: 0","141226","3","7","6","01","14","2","","0","0","1","1","0"
"POINT (9.683772168000075 52.411468694000064)","Unfall 141245 (2021) Kat:3, Licht: 0","141245","3","3","5","02","15","2","","0","0","1","0","0"
"POINT (9.720805219000056 52.349380991000032)","Unfall 141257 (2021) Kat:3, Licht: 2","141257","3","3","5","01","17","5","","2","1","1","0","0"
"POINT (9.749271683000075 52.390229002000069)","Unfall 141271 (2021) Kat:3, Licht: 0","141271","3","1","0","01","12","6","","0","1","0","0","0"
"POINT (9.827670179000052 52.389097345000039)","Unfall 141273 (2021) Kat:3, Licht: 0","141273","3","3","5","01","10","3","","0","1","0","0","0"
"POINT (9.705985702000021 52.372282141000028)","Unfall 141275 (2021) Kat:3, Licht: 0","141275","3","2","3","01","12","2","","0","1","1","0","0"
"POINT (9.690825784000026 52.345926231000078)","Unfall 141287 (2021) Kat:3, Licht: 0","141287","3","1","0","01","13","7","","0","1","0","0","0"
"POINT (9.676925640000036 52.399567080000054)","Unfall 141303 (2021) Kat:3, Licht: 0","141303","3","7","1","02","12","4","","0","0","1","0","0"
"POINT (9.753428645000042 52.390353588000039)","Unfall 141307 (2021) Kat:3, Licht: 0","141307","3","2","5","01","12","6","","0","0","1","0","0"
"POINT (9.721757626000056 52.371554358000026)","Unfall 141313 (2021) Kat:3, Licht: 2","141313","3","7","0","01","20","1","","2","1","0","0","0"
"POINT (9.687736399000073 52.366322556000057)","Unfall 141315 (2021) Kat:3, Licht: 0","141315","3","5","4","01","08","5","","0","1","0","0","0"
"POINT (9.753958537000074 52.395500127000048)","Unfall 141348 (2021) Kat:3, Licht: 0","141348","3","2","3","01","15","4","","0","1","1","0","0"
"POINT (9.692293164000034 52.398136742000077)","Unfall 141365 (2021) Kat:3, Licht: 0","141365","3","3","5","01","08","5","","0","1","1","0","0"
"POINT (9.667588148000050 52.341089891000081)","Unfall 141366 (2021) Kat:3, Licht: 0","141366","3","6","2","02","14","5","","0","0","1","0","0"