WKT,Name,OBJECTID,UKATEGORIE,UTYP1,UART,UMONAT,USTUNDE,UWOCHENTAG,STRZUSTAND,ULICHTVERH,ISTRAD,ISTPKW,ISTFUSS,ISTKRAD
"POINT (9.705189808000057 52.374234530000081)","Unfall 141370 (2021) Kat:3, Licht: 0","141370","3","7","0","01","10","4","","0","1","0","0","0"
"POINT (9.797535188000040 52.399483295000039)","Unfall 141374 (2021) Kat:3, Licht: 0","141374","3","1","0","01","08","4","","0","1","0","0","0"
"POINT (9.747213455000065 52.363486536000039)","Unfall 141382 (2021) Kat:3, Licht: 1","141382","3","6","6","02","17","5","","1","0","1","1","0"
"POINT (9.756791578000048 52.364975554000068)","Unfall 141391 (2021) Kat:3, Licht: 2","141391","3","3","5","01","17","4","","2","1","1","0","0"
"POINT (9.791913298000054 52.403211177000060)","Unfall 141394 (2021) Kat:3, Licht: 0","141394","3","2","2","01","14","4","","0","0","1","0","0"
"POINT (9.766396493000059 52.355947956000080)","Unfall 141397 (2021) Kat:3, Licht: 0","141397","3","6","6","01","13","5","","0","0","1","1","0"
"POINT (9.747010648000071 52.379827857000066)","Unfall 141418 (2021) Kat:3, Licht: 0","141418","3","7","1","02","12","4","","0","0","1","0","0"
"POINT (9.750830689000054 52.375425318000055)","Unfall 141428 (2021) Kat:3, Licht: 0","141428","3","1","0","01","12","6","","0","1","0","0","0"
"POINT (9.708433385000035 52.420824176000053)","Unfall 141430 (2021) Kat:3, Licht: 2","141430","3","2","5","01","05","3","","2","0","1","0","0"
"POINT (9.707596155000033 52.370256328000039)","Unfall 141432 (2021) Kat:3, Licht: 1","141432","3","6","2","01","17","3","","1","0","1","0","0"
"POINT (9.709421724000038 52.343903111000031)","Unfall 141444 (2021) Kat:3, Licht: 0","141444","3","3","5","01","12","3","","0","0","1","0","0"
"POINT (9.708500390000040 52.366959525000027)","Unfall 141452 (2021) Kat:3, Licht: 0","141452","3","5","1","02","12","3","","0","0","0","0","0"
"POINT (9.720393999000066 52.397393557000044)","Unfall 141453 (2021) Kat:3, Licht: 2","141453","3","3","5","01","17","2","","2","0","1","0","0"
"POINT (9.711266475000059 52.372076783000068)","Unfall 141459 (2021) Kat:3, Licht: 2","141459","3","7","0","01","18","4","","2","1","0","0","0"
"POINT (9.747769208000022 52.361597959000051)","Unfall 141467 (2021) Kat:3, Licht: 0","141467","3","3","5","01","16","2","","0","1","0","0","0"
"POINT (9.855278335000037 52.392312171000071)","Unfall 141471 (2021) Kat:3, Licht: 2","141471","3","2","6","01","16","4","","2","0","1","1","0"
"POINT (9.733715550000056 52.399707486000068)","Unfall 141483 (2021) Kat:3, Licht: 2","141483","3","3","5","01","17","2","","2","1","1","0","0"
"POINT (9.750389603000031 52.375233305000052)","Unfall 141485 (2021) Kat:3, Licht: 0","141485","3","6","2","02","11","5","","0","0","1","0","0"
"POINT (9.786644528000068 52.375841811000043)","Unfall 141493 (2021) Kat:3, Licht: 0","141493","3","5","1","01","15","6","","0","1","1","0","0"
"POINT (9.696848690000024 52.341563845000053)","Unfall 141494 (2021) Kat:3, Licht: 2","141494","3","6","2","01","21","4","","2","0","1","0","0"
"POINT (9.720856680000054 52.346612924000056)","Unfall 141509 (2021) Kat:3, Licht: 0","141509","3","7","6","01","16","5","","0","0","1","1","0"
"POINT (9.743620378000060 52.369611802000065)","Unfall 141522 (2021) Kat:3, Licht: 1","141522","3","6","2","02","18","5","","1","0","1","0","0"
"POINT (9.763481486000046 52.368826067000043)","Unfall 141527 (2021) Kat:3, Licht: 0","141527","3","2","5","01","12","3","","0","1","0","0","0"
"POINT (9.705046665000054 52.373736031000078)","Unfall 141538 (2021) Kat:3, Licht: 2","141538","3","6","6","02","18","4","","2","0","1","1","0"
"POINT (9.741727724000043 52.398598960000072)","Unfall 141549 (2021) Kat:3, Licht: 0","141549","3","2","5","01","14","6","","0","1","1","0","0"
"POINT (9.810552710000024 52.359794556000054)","Unfall 141554 (2021) Kat:3, Licht: 0","141554","3","7","5","01","08","6","","0","0","1","0","0"
"POINT (9.730571314000031 52.378511524000032)","Unfall 141561 (2021) Kat:3, Licht: 0","141561","3","2","5","01","09","6","","0","1","1","0","0"
"POINT (9.706840753000051 52.407831929000054)","Unfall 141571 (2021) Kat:3, Licht: 1","141571","3","3","5","01","07","4","","1","0","1","0","0"
"POINT (9.781063028000062 52.400297954000052)","Unfall 141576 (2021) Kat:3, Licht: 2","141576","3","2","2","01","17","5","","2","0","1","0","0"
"POINT (9.730964853000046 52.378504561000057)","Unfall 141600 (2021) Kat:2, Licht: 0","141600","2","2","5","01","08","6","","0","1","1","0","0"
"POINT (9.725249061000056 52.376927256000045)","Unfall 141609 (2021) Kat:3, Licht: 0","141609","3","2","5","01","08","4","","0","1","1","0","0"
"POINT (9.716639662000034 52.422414054000058)","Unfall 141645 (2021) Kat:3, Licht: 0","141645","3","7","0","02","12","7","","0","0","0","0","0"
"POINT (9.710327276000044 52.367303255000081)","Unfall 141647 (2021) Kat:3, Licht: 0","141647","3","1","0","04","17","5","","0","1","0","0","0"
"POINT (9.756661997000037 52.338695801000028)","Unfall 141655 (2021) Kat:3, Licht: 0","141655","3","6","2","02","15","5","","0","1","1","0","0"
"POINT (9.740991802000053 52.360627012000066)","Unfall 141657 (2021) Kat:3, Licht: 0","141657","3","1","0","03","16","4","","0","0","0","0","0"
"POINT (9.725531796000041 52.397841166000035)","Unfall 141662 (2021) Kat:3, Licht: 0","141662","3","1","8","03","16","3","","0","1","0","0","0"
"POINT (9.715998021000075 52.378212065000071)","Unfall 141664 (2021) Kat:3, Licht: 2","141664","3","1","0","02","03","4","","2","0","0","0","0"
"POINT (9.711735773000044 52.360590347000027)","Unfall 141669 (2021) Kat:3, Licht: 1","141669","3","7","8","04","05","6","","1","0","1","0","0"
"POINT (9.821157169000060 52.346093833000054)","Unfall 141675 (2021) Kat:3, Licht: 1","141675","3","1","0","04","19","6","","1","1","0","0","0"
"POINT (9.733800601000041 52.399044639000067)","Unfall 141695 (2021) Kat:3, Licht: 0","141695","3","2","5","04","15","2","","0","0","1","0","0"
"POINT (9.745539656000062 52.382807920000062)","Unfall 141705 (2021) Kat:3, Licht: 0","141705","3","7","0","04","13","3","","0","1","0","0","0"
"POINT (9.766215402000057 52.367329038000037)","Unfall 141708 (2021) Kat:3, Licht: 0","141708","3","6","3","03","08","2","","0","0","1","0","1"
"POINT (9.763563937000072 52.399992766000082)","Unfall 141712 (2021) Kat:3, Licht: 0","141712","3","5","0","03","12","5","","0","1","1","0","0"
"POINT (9.705843396000034 52.390745309000067)","Unfall 141717 (2021) Kat:3, Licht: 0","141717","3","2","4","03","08","4","","0","1","1","0","0"
"POINT (9.663813049000055 52.377289214000029)","Unfall 141718 (2021) Kat:3, Licht: 2","141718","3","4","6","03","22","5","","2","0","1","1","0"
"POINT (9.751889730000073 52.392659530000060)","Unfall 141742 (2021) Kat:3, Licht: 0","141742","3","2","0","04","10","6","","0","1","1","0","0"
"POINT (9.815108391000024 52.399249031000068)","Unfall 141750 (2021) Kat:3, Licht: 0","141750","3","2","3","03","15","4","","0","1","1","0","0"
"POINT (9.727496303000066 52.377736509000044)","Unfall 141751 (2021) Kat:3, Licht: 1","141751","3","3","5","02","19","4","","1","1","1","0","0"
"POINT (9.743521094000073 52.357318888000066)","Unfall 141763 (2021) Kat:3, Licht: 1","141763","3","6","6","02","18","3","","1","1","0","1","0"
"POINT (9.702718028000049 52.339935825000055)","Unfall 141768 (2021) Kat:3, Licht: 0","141768","3","1","0","02","15","6","","0","1","0","0","0"
"POINT (9.763640449000036 52.399489543000072)","Unfall 141790 (2021) Kat:3, Licht: 0","141790","3","4","6","03","17","2","","0","0","1","1","0"
"POINT (9.759976991000030 52.365839396000069)","Unfall 141796 (2021) Kat:3, Licht: 0","141796","3","3","5","03","17","4","","0","1","1","0","0"
"POINT (9.746237116000032 52.361734987000034)","Unfall 141803 (2021) Kat:3, Licht: 0","141803","3","7","0","02","08","6","","0","0","0","0","1"
"POINT (9.749673969000071 52.349897296000051)","Unfall 141809 (2021) Kat:3, Licht: 0","141809","3","6","2","02","17","1","","0","0","1","0","1"
"POINT (9.799750566000057 52.336005371000056)","Unfall 141815 (2021) Kat:3, Licht: 0","141815","3","1","8","03","14","4","","0","1","0","0","0"
"POINT (9.731904719000056 52.375395952000076)","Unfall 141821 (2021) Kat:3, Licht: 0","141821","3","4","6","03","14","5","","0","0","1","1","0"
"POINT (9.750547644000051 52.375300249000077)","Unfall 141822 (2021) Kat:3, Licht: 2","141822","3","2","5","03","18","7","","2","1","1","0","0"
"POINT (9.707618219000040 52.368391357000064)","Unfall 141825 (2021) Kat:3, Licht: 0","141825","3","3","5","04","19","5","","0","1","0","0","0"
"POINT (9.721814755000025 52.353367120000030)","Unfall 141826 (2021) Kat:3, Licht: 0","141826","3","4","6","03","16","6","","0","0","1","1","0"
"POINT (9.757525933000068 52.392611356000032)","Unfall 141831 (2021) Kat:3, Licht: 0","141831","3","6","2","02","15","6","","0","0","1","0","1"
"POINT (9.694178743000066 52.403434570000059)","Unfall 141834 (2021) Kat:3, Licht: 0","141834","3","3","5","04","18","2","","0","0","1","0","0"
"POINT (9.724878707000073 52.387975067000070)","Unfall 141837 (2021) Kat:3, Licht: 0","141837","3","4","6","02","11","4","","0","0","1","1","0"
"POINT (9.695915660000026 52.409446164000030)","Unfall 141838 (2021) Kat:3, Licht: 0","141838","3","6","2","04","13","7","","0","0","1","0","0"
"POINT (9.792885777000038 52.376743304000058)","Unfall 141848 (2021) Kat:2, Licht: 0","141848","2","3","0","04","15","6","","0","1","1","0","0"
"POINT (9.731091610000021 52.373342889000071)","Unfall 141850 (2021) Kat:3, Licht: 0","141850","3","4","6","02","17","3","","0","1","0","1","0"
"POINT (9.705202310000061 52.409830648000082)","Unfall 141880 (2021) Kat:3, Licht: 0","141880","3","3","5","04","11","3","","0","1","0","0","0"
"POINT (9.723449081000069 52.371436468000070)","Unfall 141888 (2021) Kat:3, Licht: 0","141888","3","6","2","03","13","2","","0","0","1","0","0"
"POINT (9.741450092000036 52.398640628000066)","Unfall 141897 (2021) Kat:3, Licht: 0","141897","3","6","2","03","15","5","","0","0","1","0","0"
"POINT (9.722261809000031 52.346794394000028)","Unfall 141925 (2021) Kat:3, Licht: 0","141925","3","5","1","02","13","7","","0","1","1","0","0"
"POINT (9.747803968000028 52.385504272000048)","Unfall 141938 (2021) Kat:3, Licht: 0","141938","3","4","6","03","14","4","","0","1","0","1","0"
"POINT (9.740395473000035 52.374145839000050)","Unfall 141940 (2021) Kat:3, Licht: 2","141940","3","3","5","03","20","7","","2","1","0","0","0"
"POINT (9.661380464000047 52.377248812000062)","Unfall 141943 (2021) Kat:2, Licht: 0","141943","2","1","0","04","10","5","","0","1","0","0","0"
"POINT (9.691707621000035 52.331135086000074)","Unfall 141962 (2021) Kat:3, Licht: 0","141962","3","6","6","03","10","4","","0","0","1","1","0"
"POINT (9.781481872000029 52.424502073000042)","Unfall 141966 (2021) Kat:3, Licht: 0","141966","3","2","5","03","13","2","","0","0","1","0","0"
"POINT (9.707162522000033 52.373586608000039)","Unfall 141969 (2021) Kat:3, Licht: 2","141969","3","3","5","03","18","2","","2","1","0","0","0"
"POINT (9.709189703000050 52.341931551000073)","Unfall 141994 (2021) Kat:3, Licht: 2","141994","3","2","5","03","21","6","","2","0","1","0","0"
"POINT (9.760511414000064 52.394228522000049)","Unfall 142050 (2021) Kat:3, Licht: 0","142050","3","5","3","02","16","4","","0","1","1","0","0"
"POINT (9.852822858000025 52.362816129000066)","Unfall 142057 (2021) Kat:3, Licht: 0","142057","3","1","1","04","15","6","","0","0","1","0","0"
"POINT (9.673611128000061 52.421613552000053)","Unfall 142059 (2021) Kat:3, Licht: 0","142059","3","3","5","02","16","5","","0","0","1","0","0"
"POINT (9.678632982000067 52.365824608000082)","Unfall 142060 (2021) Kat:3, Licht: 2","142060","3","1","0","04","22","6","","2","1","0","0","0"
"POINT (9.753255307000074 52.391748337000081)","Unfall 142071 (2021) Kat:3, Licht: 0","142071","3","5","1","04","16","2","","0","1","1","0","0"
"POINT (9.809936351000033 52.386475532000077)","Unfall 142078 (2021) Kat:3, Licht: 0","142078","3","3","5","04","15","5","","0","0","1","0","1"
"POINT (9.718345773000067 52.374575692000064)","Unfall 142088 (2021) Kat:3, Licht: 0","142088","3","7","0","03","16","4","","0","1","0","0","0"
"POINT (9.758215471000028 52.361379653000029)","Unfall 142098 (2021) Kat:3, Licht: 0","142098","3","3","5","03","11","2","","0","1","1","0","0"
"POINT (9.825619238000058 52.360817183000052)","Unfall 142132 (2021) Kat:3, Licht: 0","142132","3","7","0","03","15","6","","0","1","0","0","0"
"POINT (9.720786102000034 52.335813307000080)","Unfall 142134 (2021) Kat:3, Licht: 0","142134","3","1","0","02","10","5","","0","1","0","0","0"
"POINT (9.701388351000048 52.396271126000045)","Unfall 142135 (2021) Kat:3, Licht: 0","142135","3","3","5","04","17","3","","0","1","1","0","0"
"POINT (9.768025288000047 52.382848249000062)","Unfall 142141 (2021) Kat:3, Licht: 0","142141","3","3","5","04","17","3","","0","1","1","0","0"
"POINT (9.766237751000062 52.359233740000036)","Unfall 142151 (2021) Kat:3, Licht: 0","142151","3","5","1","04","16","6","","0","0","1","0","1"
"POINT (9.759461618000046 52.359130040000082)","Unfall 142152 (2021) Kat:3, Licht: 0","142152","3","4","0","04","08","5","","0","1","0","1","0"
"POINT (9.756293362000065 52.390602212000033)","Unfall 142174 (2021) Kat:3, Licht: 1","142174","3","6","2","03","18","2","","1","0","1","0","0"
"POINT (9.740405787000043 52.401794535000079)","Unfall 142180 (2021) Kat:3, Licht: 0","142180","3","3","5","03","10","3","","0","1","1","0","0"
"POINT (9.725690253000039 52.349907415000075)","Unfall 142181 (2021) Kat:3, Licht: 0","142181","3","7","0","02","17","5","","0","1","0","0","0"
"POINT (9.748711518000050 52.374449108000078)","Unfall 142183 (2021) Kat:3, Licht: 0","142183","3","2","2","03","08","3","","0","0","1","0","0"
"POINT (9.726839792000021 52.352185669000050)","Unfall 142184 (2021) Kat:3, Licht: 1","142184","3","6","6","02","19","3","","1","1","0","1","0"
"POINT (9.741220035000026 52.375458347000063)","Unfall 142189 (2021) Kat:3, Licht: 2","142189","3","1","0","02","05","6","","2","1","0","0","0"
"POINT (9.758278469000061 52.396014309000066)","Unfall 142203 (2021) Kat:2, Licht: 2","142203","2","1","0","03","20","7","","2","1","0","0","0"
"POINT (9.747195411000064 52.353165133000061)","Unfall 142204 (2021) Kat:3, Licht: 0","142204","3","2","5","02","16","7","","0","0","1","0","1"
"POINT (9.741798984000070 52.398558945000048)","Unfall 142207 (2021) Kat:2, Licht: 0","142207","2","2","5","03","14","4","","0","1","1","0","0"
"POINT (9.781419902000039 52.409852600000079)","Unfall 142212 (2021) Kat:3, Licht: 0","142212","3","6","2","03","14","6","","0","0","1","0","0"
"POINT (9.745149028000071 52.372558125000069)","Unfall 142222 (2021) Kat:3, Licht: 0","142222","3","6","2","03","15","4","","0","0","1","0","0"
"POINT (9.790105833000041 52.410435877000054)","Unfall 142234 (2021) Kat:3, Licht: 2","142234","3","2","6","03","18","2","","2","0","1","1","0"
"POINT (9.706285489000038 52.371222943000078)","Unfall 142237 (2021) Kat:3, Licht: 0","142237","3","7","6","02","12","6","","0","0","1","1","0"
"POINT (9.714444948000050 52.369125485000040)","Unfall 142252 (2021) Kat:3, Licht: 0","142252","3","3","5","03","10","3","","0","1","1","0","0"
"POINT (9.746898491000024 52.387133497000036)","Unfall 142262 (2021) Kat:3, Licht: 0","142262","3","5","1","02","15","5","","0","1","1","0","0"
"POINT (9.729164570000023 52.374550017000047)","Unfall 142273 (2021) Kat:3, Licht: 0","142273","3","5","3","04","12","7","","0","1","1","0","0"
"POINT (9.774499399000035 52.398302519000026)","Unfall 142275 (2021) Kat:3, Licht: 1","142275","3","1","0","03","06","2","","1","1","0","0","0"
"POINT (9.791813623000053 52.403179332000036)","Unfall 142279 (2021) Kat:3, Licht: 0","142279","3","6","2","03","16","3","","0","0","1","0","0"
"POINT (9.663809994000076 52.377395111000055)","Unfall 142296 (2021) Kat:3, Licht: 1","142296","3","2","4","02","06","5","","1","1","1","0","0"
"POINT (9.690560870000070 52.399617639000041)","Unfall 142300 (2021) Kat:3, Licht: 0","142300","3","5","1","02","15","7","","0","1","1","0","0"
"POINT (9.681905593000067 52.357680193000078)","Unfall 142310 (2021) Kat:3, Licht: 0","142310","3","3","5","04","16","6","","0","1","1","0","0"
"POINT (9.717971583000065 52.361945068000068)","Unfall 142311 (2021) Kat:3, Licht: 0","142311","3","2","5","04","10","5","","0","1","0","0","0"
"POINT (9.747766513000045 52.359241593000036)","Unfall 142321 (2021) Kat:3, Licht: 0","142321","3","3","5","03","14","2","","0","0","1","0","1"
"POINT (9.671649510000066 52.355701704000069)","Unfall 142340 (2021) Kat:3, Licht: 0","142340","3","2","5","04","16","4","","0","1","1","0","0"
"POINT (9.689889535000077 52.392573207000055)","Unfall 142341 (2021) Kat:3, Licht: 0","142341","3","3","5","03","17","6","","0","1","1","0","0"
"POINT (9.782529257000022 52.373243278000075)","Unfall 142356 (2021) Kat:3, Licht: 0","142356","3","3","5","03","16","2","","0","1","1","0","0"
"POINT (9.792265503000067 52.326867196000080)","Unfall 142358 (2021) Kat:3, Licht: 0","142358","3","1","0","03","16","2","","0","1","0","0","0"
"POINT (9.705857750000064 52.390753429000029)","Unfall 142376 (2021) Kat:3, Licht: 0","142376","3","3","5","03","10","7","","0","1","1","0","0"
"POINT (9.726263316000029 52.377255561000027)","Unfall 142389 (2021) Kat:2, Licht: 0","142389","2","3","5","03","14","5","","0","1","1","0","0"
"POINT (9.736162231000037 52.386089914000081)","Unfall 142407 (2021) Kat:3, Licht: 0","142407","3","6","4","02","08","3","","0","1","1","0","0"
"POINT (9.703675999000041 52.362321118000068)","Unfall 142425 (2021) Kat:3, Licht: 2","142425","3","1","9","03","19","6","","2","0","1","0","0"
"POINT (9.751606203000051 52.421011666000027)","Unfall 142434 (2021) Kat:2, Licht: 0","142434","2","2","5","03","18","3","","0","1","1","0","0"
"POINT (9.857354981000071 52.358747228000027)","Unfall 142437 (2021) Kat:3, Licht: 2","142437","3","6","2","02","18","1","","2","0","1","0","0"
"POINT (9.857757050000032 52.392843121000055)","Unfall 142438 (2021) Kat:3, Licht: 0","142438","3","7","0","04","09","1","","0","0","0","0","0"
"POINT (9.714385074000063 52.393010622000077)","Unfall 142444 (2021) Kat:3, Licht: 0","142444","3","2","3","03","15","1","","0","1","1","0","0"
"POINT (9.736952898000027 52.404597510000031)","Unfall 142448 (2021) Kat:2, Licht: 0","142448","2","3","5","03","17","3","","0","1","1","0","0"
"POINT (9.792296646000068 52.396899236000081)","Unfall 142473 (2021) Kat:3, Licht: 0","142473","3","2","5","03","08","4","","0","1","1","0","0"
"POINT (9.800707577000026 52.405489296000042)","Unfall 142481 (2021) Kat:3, Licht: 1","142481","3","1","0","02","18","4","","1","0","0","0","1"
"POINT (9.678234502000066 52.416340013000081)","Unfall 142489 (2021) Kat:3, Licht: 1","142489","3","2","4","04","05","5","","1","1","1","0","0"
"POINT (9.711899100000039 52.374217651000038)","Unfall 142514 (2021) Kat:3, Licht: 0","142514","3","7","6","04","16","2","","0","0","1","1","0"
"POINT (9.714371683000024 52.361027248000028)","Unfall 142521 (2021) Kat:3, Licht: 2","142521","3","3","5","02","05","7","","2","1","1","0","0"
"POINT (9.765586589000065 52.418521390000080)","Unfall 142531 (2021) Kat:3, Licht: 0","142531","3","3","5","03","13","1","","0","0","1","0","0"
"POINT (9.728305512000077 52.358967384000039)","Unfall 142536 (2021) Kat:3, Licht: 0","142536","3","3","5","04","10","6","","0","1","1","0","0"
"POINT (9.716874265000058 52.337249352000072)","Unfall 142542 (2021) Kat:3, Licht: 0","142542","3","7","0","03","11","5","","0","1","0","0","0"
"POINT (9.775351394000040 52.397115254000028)","Unfall 142543 (2021) Kat:2, Licht: 0","142543","2","3","5","02","13","6","","0","1","1","0","0"
"POINT (9.743789632000073 52.411303602000032)","Unfall 142545 (2021) Kat:3, Licht: 0","142545","3","6","2","03","10","4","","0","0","1","0","0"
"POINT (9.743099895000057 52.379335501000071)","Unfall 142564 (2021) Kat:3, Licht: 0","142564","3","3","5","04","17","7","","0","1","1","0","0"
"POINT (9.725322248000055 52.376955193000072)","Unfall 142568 (2021) Kat:3, Licht: 0","142568","3","2","2","03","09","5","","0","0","1","0","0"
"POINT (9.738044194000054 52.387912979000077)","Unfall 142574 (2021) Kat:3, Licht: 0","142574","3","7","0","03","11","5","","0","1","0","0","0"
"POINT (9.832463861000065 52.337057202000040)","Unfall 142593 (2021) Kat:3, Licht: 1","142593","3","2","4","04","18","6","","1","0","1","0","0"
"POINT (9.681481526000027 52.416167089000055)","Unfall 142597 (2021) Kat:3, Licht: 0","142597","3","2","5","04","18","4","","0","0","1","0","1"
"POINT (9.687220820000050 52.343358677000026)","Unfall 142598 (2021) Kat:3, Licht: 0","142598","3","3","0","03","10","4","","0","0","1","0","1"
"POINT (9.752223991000051 52.355166255000029)","Unfall 142602 (2021) Kat:3, Licht: 0","142602","3","3","5","04","12","1","","0","1","1","0","0"
"POINT (9.806468494000057 52.385435981000057)","Unfall 142604 (2021) Kat:3, Licht: 0","142604","3","7","6","03","09","5","","0","0","1","1","0"
"POINT (9.686800251000022 52.392593722000072)","Unfall 142608 (2021) Kat:3, Licht: 0","142608","3","1","0","03","18","3","","0","0","0","0","1"
"POINT (9.708286459000021 52.367113276000055)","Unfall 142625 (2021) Kat:3, Licht: 0","142625","3","3","5","04","10","5","","0","1","1","0","0"
"POINT (9.744587319000061 52.385031612000034)","Unfall 142633 (2021) Kat:3, Licht: 0","142633","3","3","0","04","06","4","","0","1","1","0","0"
"POINT (9.748944637000022 52.389348948000077)","Unfall 142634 (2021) Kat:3, Licht: 0","142634","3","7","0","03","10","5","","0","1","1","0","0"
"POINT (9.717057651000061 52.336807058000034)","Unfall 142638 (2021) Kat:3, Licht: 0","142638","3","5","1","03","13","6","","0","0","0","0","0"
"POINT (9.717686108000066 52.391330267000058)","Unfall 142649 (2021) Kat:3, Licht: 0","142649","3","3","5","04","07","4","","0","1","1","0","0"
"POINT (9.730066912000041 52.398300211000048)","Unfall 142653 (2021) Kat:3, Licht: 0","142653","3","2","5","03","11","4","","0","1","0","0","0"
"POINT (9.754205318000061 52.376631528000075)","Unfall 142656 (2021) Kat:3, Licht: 2","142656","3","6","0","02","19","7","","2","1","1","0","0"
"POINT (9.736459019000051 52.416119203000051)","Unfall 142667 (2021) Kat:3, Licht: 0","142667","3","6","2","03","11","7","","0","0","1","0","0"
"POINT (9.831662369000071 52.336047426000050)","Unfall 142670 (2021) Kat:3, Licht: 0","142670","3","3","5","03","17","4","","0","0","1","0","0"
"POINT (9.663438847000066 52.410543687000029)","Unfall 142682 (2021) Kat:3, Licht: 0","142682","3","4","6","03","13","5","","0","0","1","1","0"
"POINT (9.685397105000050 52.394731362000073)","Unfall 142686 (2021) Kat:3, Licht: 0","142686","3","2","2","04","14","4","","0","1","1","0","0"
"POINT (9.669502567000052 52.349912234000044)","Unfall 142689 (2021) Kat:3, Licht: 0","142689","3","7","0","04","09","3","","0","0","1","0","0"
"POINT (9.698971198000038 52.368634606000057)","Unfall 142715 (2021) Kat:3, Licht: 2","142715","3","2","4","05","16","6","","2","1","1","0","0"
"POINT (9.804739998000059 52.410024555000064)","Unfall 142717 (2021) Kat:3, Licht: 1","142717","3","3","5","04","13","4","","1","1","1","0","0"
"POINT (9.714027201000022 52.372045782000043)","Unfall 142718 (2021) Kat:3, Licht: 0","142718","3","6","2","05","15","1","","0","0","1","0","0"
"POINT (9.781573880000053 52.418195259000072)","Unfall 142724 (2021) Kat:3, Licht: 0","142724","3","6","2","05","08","2","","0","0","1","0","0"
"POINT (9.771395068000061 52.354096654000045)","Unfall 142727 (2021) Kat:3, Licht: 0","142727","3","1","1","04","17","3","","0","1","1","0","0"
"POINT (9.840258634000065 52.394232642000077)","Unfall 142732 (2021) Kat:3, Licht: 0","142732","3","3","5","05","12","4","","0","1","0","0","0"
"POINT (9.819799788000068 52.357542387000080)","Unfall 142735 (2021) Kat:3, Licht: 0","142735","3","3","5","04","17","4","","0","1","1","0","0"
"POINT (9.694156409000072 52.352780238000037)","Unfall 142737 (2021) Kat:3, Licht: 0","142737","3","6","2","05","09","2","","0","0","1","0","0"
"POINT (9.755946036000068 52.355516887000078)","Unfall 142742 (2021) Kat:3, Licht: 0","142742","3","2","5","05","13","1","","0","1","1","0","0"
"POINT (9.733829091000075 52.384411966000073)","Unfall 142744 (2021) Kat:3, Licht: 0","142744","3","1","0","06","19","5","","0","0","0","0","0"
"POINT (9.758153474000039 52.362823215000049)","Unfall 142750 (2021) Kat:3, Licht: 0","142750","3","3","5","04","15","3","","0","1","1","0","0"
"POINT (9.769462051000062 52.376824251000073)","Unfall 142758 (2021) Kat:3, Licht: 0","142758","3","6","2","05","14","3","","0","0","1","0","0"
"POINT (9.719537192000075 52.368579399000055)","Unfall 142759 (2021) Kat:3, Licht: 0","142759","3","4","6","06","14","5","","0","1","0","1","0"
"POINT (9.770750065000072 52.415997196000035)","Unfall 142765 (2021) Kat:3, Licht: 0","142765","3","1","0","05","07","4","","0","0","1","0","0"
"POINT (9.746930687000031 52.380216836000045)","Unfall 142768 (2021) Kat:3, Licht: 0","142768","3","7","6","06","18","5","","0","0","1","1","0"
"POINT (9.741403119000040 52.404123054000081)","Unfall 142778 (2021) Kat:3, Licht: 0","142778","3","4","6","05","12","5","","0","0","1","1","0"
"POINT (9.652629547000060 52.416879944000073)","Unfall 142782 (2021) Kat:3, Licht: 0","142782","3","1","8","05","05","1","","0","0","0","0","0"
"POINT (9.718272213000034 52.359900547000052)","Unfall 142783 (2021) Kat:3, Licht: 0","142783","3","5","1","04","15","3","","0","0","1","0","0"
"POINT (9.719627249000041 52.366616008000051)","Unfall 142784 (2021) Kat:3, Licht: 0","142784","3","6","6","05","18","2","","0","0","0","1","0"
"POINT (9.814474807000067 52.331883115000039)","Unfall 142789 (2021) Kat:3, Licht: 0","142789","3","2","5","05","07","5","","0","1","1","0","0"
"POINT (9.775147530000027 52.411724839000044)","Unfall 142790 (2021) Kat:3, Licht: 0","142790","3","7","8","05","16","2","","0","0","0","0","0"
"POINT (9.734477368000057 52.371782398000050)","Unfall 142802 (2021) Kat:3, Licht: 0","142802","3","7","0","05","14","6","","0","1","0","0","0"
"POINT (9.724864551000053 52.344557988000076)","Unfall 142809 (2021) Kat:3, Licht: 0","142809","3","1","0","04","11","5","","0","1","0","0","0"
"POINT (9.814544326000032 52.362276380000026)","Unfall 142824 (2021) Kat:3, Licht: 0","142824","3","5","1","05","15","1","","0","1","1","0","0"
"POINT (9.735913918000051 52.378953906000049)","Unfall 142827 (2021) Kat:3, Licht: 0","142827","3","2","2","05","17","6","","0","0","1","0","0"
"POINT (9.718289510000034 52.359742988000050)","Unfall 142829 (2021) Kat:3, Licht: 0","142829","3","6","6","04","12","5","","0","0","1","1","0"
"POINT (9.789000497000075 52.378562570000042)","Unfall 142830 (2021) Kat:3, Licht: 0","142830","3","1","0","05","18","7","","0","0","1","1","0"
"POINT (9.656632219000073 52.407321755000055)","Unfall 142833 (2021) Kat:3, Licht: 0","142833","3","4","6","05","10","7","","0","0","0","1","0"