WKT,Name,OBJECTID,UKATEGORIE,UTYP1,UART,UMONAT,USTUNDE,UWOCHENTAG,STRZUSTAND,ULICHTVERH,ISTRAD,ISTPKW,ISTFUSS,ISTKRAD
"POINT (9.686056049000058 52.339361288000077)","Unfall 142836 (2021) Kat:3, Licht: 2","142836","3","1","9","05","21","1","","2","0","0","0","1"
"POINT (9.716323310000064 52.392519515000060)","Unfall 142842 (2021) Kat:3, Licht: 0","142842","3","5","1","05","16","6","","0","0","1","0","0"
"POINT (9.826415020000070 52.376522341000054)","Unfall 142855 (2021) Kat:3, Licht: 0","142855","3","7","0","05","11","3","","0","1","0","0","0"
"POINT (9.724053237000021 52.372936966000054)","Unfall 142860 (2021) Kat:3, Licht: 0","142860","3","3","5","04","18","1","","0","1","1","0","0"
"POINT (9.663611389000039 52.388388568000039)","Unfall 142867 (2021) Kat:3, Licht: 0","142867","3","5","1","05","15","2","","0","0","1","0","1"
"POINT (9.745534049000071 52.374175003000062)","Unfall 142868 (2021) Kat:2, Licht: 0","142868","2","2","6","06","18","5","","0","0","1","1","0"
"POINT (9.796660175000056 52.375780220000081)","Unfall 142873 (2021) Kat:3, Licht: 0","142873","3","5","2","04","13","3","","0","0","1","0","0"
"POINT (9.752428326000029 52.362927136000053)","Unfall 142892 (2021) Kat:3, Licht: 0","142892","3","2","3","05","17","6","","0","1","1","0","0"
"POINT (9.721596277000060 52.379010465000079)","Unfall 142898 (2021) Kat:3, Licht: 0","142898","3","6","2","05","15","1","","0","0","1","0","0"
"POINT (9.731994368000073 52.375857966000069)","Unfall 142900 (2021) Kat:3, Licht: 0","142900","3","4","6","05","09","4","","0","0","1","1","0"
"POINT (9.821265068000059 52.418712491000065)","Unfall 142908 (2021) Kat:3, Licht: 0","142908","3","3","5","05","15","4","","0","1","1","0","0"
"POINT (9.714423506000060 52.370421588000056)","Unfall 142913 (2021) Kat:3, Licht: 0","142913","3","7","6","04","17","4","","0","1","0","1","0"
"POINT (9.728642217000072 52.390146858000037)","Unfall 142918 (2021) Kat:3, Licht: 0","142918","3","5","1","05","10","1","","0","0","1","0","0"
"POINT (9.780404935000035 52.398133630000075)","Unfall 142928 (2021) Kat:3, Licht: 0","142928","3","6","2","05","11","6","","0","0","1","0","0"
"POINT (9.784505160000037 52.391162944000030)","Unfall 142938 (2021) Kat:3, Licht: 0","142938","3","6","2","05","17","2","","0","0","1","0","0"
"POINT (9.734037195000042 52.415715217000070)","Unfall 142949 (2021) Kat:3, Licht: 0","142949","3","1","0","04","12","3","","0","1","0","0","0"
"POINT (9.693826046000027 52.400545297000065)","Unfall 142950 (2021) Kat:3, Licht: 0","142950","3","7","0","05","08","2","","0","0","1","1","0"
"POINT (9.740488649000042 52.372229279000067)","Unfall 142958 (2021) Kat:3, Licht: 0","142958","3","2","0","05","15","1","","0","1","0","0","0"
"POINT (9.705119324000066 52.375139113000046)","Unfall 142971 (2021) Kat:3, Licht: 0","142971","3","1","0","04","11","3","","0","1","0","0","0"
"POINT (9.823341034000066 52.384397808000074)","Unfall 142972 (2021) Kat:3, Licht: 0","142972","3","6","2","05","12","2","","0","0","1","0","0"
"POINT (9.858022700000049 52.401298209000061)","Unfall 142973 (2021) Kat:2, Licht: 0","142973","2","7","9","06","12","6","","0","0","1","0","0"
"POINT (9.746212750000041 52.385385638000059)","Unfall 142978 (2021) Kat:3, Licht: 0","142978","3","7","0","05","11","3","","0","1","0","0","0"
"POINT (9.794997087000070 52.392922143000078)","Unfall 142980 (2021) Kat:3, Licht: 0","142980","3","6","2","04","15","3","","0","0","1","0","0"
"POINT (9.701042193000035 52.391662629000052)","Unfall 142983 (2021) Kat:3, Licht: 0","142983","3","5","4","06","12","5","","0","1","1","0","0"
"POINT (9.760398065000061 52.410484228000030)","Unfall 142989 (2021) Kat:3, Licht: 0","142989","3","6","2","05","10","4","","0","0","1","0","0"
"POINT (9.744234726000059 52.377430933000028)","Unfall 143005 (2021) Kat:3, Licht: 0","143005","3","2","5","06","16","4","","0","1","1","0","0"
"POINT (9.719487375000028 52.419516970000075)","Unfall 143010 (2021) Kat:3, Licht: 0","143010","3","3","5","04","15","2","","0","0","0","0","0"
"POINT (9.727534416000026 52.382366004000062)","Unfall 143012 (2021) Kat:3, Licht: 0","143012","3","3","5","05","14","7","","0","0","1","0","0"
"POINT (9.783722008000041 52.339583588000039)","Unfall 143015 (2021) Kat:3, Licht: 0","143015","3","7","4","06","11","3","","0","0","1","0","0"
"POINT (9.790518295000027 52.378002932000072)","Unfall 143018 (2021) Kat:3, Licht: 2","143018","3","7","6","05","21","1","","2","0","1","1","0"
"POINT (9.818352573000027 52.326008433000027)","Unfall 143019 (2021) Kat:2, Licht: 0","143019","2","1","0","04","15","3","","0","1","0","0","0"
"POINT (9.716048535000027 52.377483072000075)","Unfall 143034 (2021) Kat:3, Licht: 0","143034","3","6","4","04","18","3","","0","1","0","0","0"
"POINT (9.828107999000053 52.346174008000048)","Unfall 143035 (2021) Kat:3, Licht: 0","143035","3","7","0","05","17","6","","0","0","1","0","1"
"POINT (9.765792328000032 52.336370807000037)","Unfall 143037 (2021) Kat:3, Licht: 1","143037","3","6","6","04","20","7","","1","1","0","1","0"
"POINT (9.720267861000025 52.375583228000039)","Unfall 143047 (2021) Kat:3, Licht: 0","143047","3","7","0","05","15","2","","0","1","0","0","0"
"POINT (9.751239109000039 52.372416823000037)","Unfall 143055 (2021) Kat:3, Licht: 0","143055","3","6","2","04","08","4","","0","0","1","0","0"
"POINT (9.679037344000051 52.416210685000067)","Unfall 143056 (2021) Kat:3, Licht: 0","143056","3","3","5","05","14","2","","0","1","1","0","0"
"POINT (9.743906795000044 52.384906868000030)","Unfall 143060 (2021) Kat:3, Licht: 0","143060","3","2","5","06","10","4","","0","1","1","0","0"
"POINT (9.734947585000043 52.376703369000040)","Unfall 143062 (2021) Kat:3, Licht: 0","143062","3","2","3","05","09","1","","0","1","1","0","0"
"POINT (9.718973566000045 52.365576274000034)","Unfall 143070 (2021) Kat:3, Licht: 0","143070","3","6","2","06","15","3","","0","0","1","0","0"
"POINT (9.672520072000054 52.400444712000080)","Unfall 143078 (2021) Kat:3, Licht: 0","143078","3","7","8","05","13","5","","0","0","1","0","0"
"POINT (9.644165614000030 52.415094855000063)","Unfall 143079 (2021) Kat:3, Licht: 0","143079","3","6","2","05","15","4","","0","0","1","0","0"
"POINT (9.763955556000042 52.340271406000056)","Unfall 143083 (2021) Kat:3, Licht: 0","143083","3","2","5","04","17","5","","0","1","0","0","0"
"POINT (9.689968351000061 52.385507969000059)","Unfall 143110 (2021) Kat:3, Licht: 0","143110","3","7","5","06","19","4","","0","1","0","0","0"
"POINT (9.704889672000036 52.374345618000063)","Unfall 143120 (2021) Kat:3, Licht: 0","143120","3","7","0","06","11","3","","0","1","0","0","0"
"POINT (9.758532769000055 52.372629379000045)","Unfall 143121 (2021) Kat:3, Licht: 0","143121","3","6","0","05","18","5","","0","1","0","0","0"
"POINT (9.787197372000037 52.333391344000063)","Unfall 143134 (2021) Kat:3, Licht: 0","143134","3","3","5","05","14","1","","0","1","0","0","0"
"POINT (9.804575045000036 52.402186799000049)","Unfall 143138 (2021) Kat:3, Licht: 0","143138","3","2","2","04","17","4","","0","0","1","0","1"
"POINT (9.702649494000070 52.376064973000041)","Unfall 143142 (2021) Kat:3, Licht: 0","143142","3","1","0","06","07","6","","0","1","0","0","0"
"POINT (9.714179549000050 52.371760468000048)","Unfall 143143 (2021) Kat:3, Licht: 0","143143","3","1","0","05","19","7","","0","1","0","0","0"
"POINT (9.726409629000045 52.373661547000040)","Unfall 143146 (2021) Kat:3, Licht: 0","143146","3","1","0","05","13","6","","0","1","0","0","0"
"POINT (9.729118202000052 52.374389921000045)","Unfall 143149 (2021) Kat:3, Licht: 0","143149","3","2","3","04","18","3","","0","0","1","0","0"
"POINT (9.730596970000022 52.396121767000068)","Unfall 143154 (2021) Kat:3, Licht: 0","143154","3","3","5","05","14","5","","0","0","1","0","0"
"POINT (9.690054021000037 52.392633517000036)","Unfall 143159 (2021) Kat:3, Licht: 0","143159","3","2","0","06","07","5","","0","1","1","0","0"
"POINT (9.781018472000028 52.398303935000058)","Unfall 143160 (2021) Kat:3, Licht: 0","143160","3","2","4","05","13","2","","0","0","1","0","0"
"POINT (9.775723278000044 52.364914594000027)","Unfall 143163 (2021) Kat:3, Licht: 0","143163","3","1","9","04","17","2","","0","0","0","0","1"
"POINT (9.763499327000034 52.368831447000048)","Unfall 143166 (2021) Kat:3, Licht: 0","143166","3","1","0","05","12","5","","0","1","0","0","0"
"POINT (9.734687494000070 52.373526858000048)","Unfall 143167 (2021) Kat:3, Licht: 0","143167","3","3","5","05","11","2","","0","1","0","0","0"
"POINT (9.753336816000058 52.376615957000070)","Unfall 143177 (2021) Kat:3, Licht: 0","143177","3","3","5","05","20","1","","0","1","0","0","0"
"POINT (9.791253597000036 52.403010571000038)","Unfall 143178 (2021) Kat:3, Licht: 0","143178","3","3","5","04","16","4","","0","1","1","0","0"
"POINT (9.746741578000069 52.381210953000050)","Unfall 143186 (2021) Kat:3, Licht: 0","143186","3","5","1","04","08","3","","0","1","1","0","0"
"POINT (9.729094138000050 52.381291937000071)","Unfall 143188 (2021) Kat:3, Licht: 0","143188","3","1","0","06","15","6","","0","1","0","0","0"
"POINT (9.796540585000059 52.412153132000071)","Unfall 143198 (2021) Kat:3, Licht: 0","143198","3","4","6","05","13","4","","0","0","1","1","0"
"POINT (9.714657103000036 52.392904190000081)","Unfall 143212 (2021) Kat:2, Licht: 2","143212","2","1","0","05","00","2","","2","1","0","0","0"
"POINT (9.692311059000076 52.398135814000057)","Unfall 143214 (2021) Kat:3, Licht: 0","143214","3","3","5","04","12","3","","0","1","0","0","0"
"POINT (9.744145739000032 52.372823665000055)","Unfall 143216 (2021) Kat:3, Licht: 0","143216","3","5","1","06","10","6","","0","1","1","0","0"
"POINT (9.711636150000061 52.385790552000060)","Unfall 143220 (2021) Kat:3, Licht: 1","143220","3","3","5","06","20","4","","1","1","1","0","0"
"POINT (9.756272468000077 52.342697106000060)","Unfall 143225 (2021) Kat:3, Licht: 0","143225","3","3","5","05","08","5","","0","1","1","0","0"
"POINT (9.773843411000030 52.400373312000056)","Unfall 143228 (2021) Kat:3, Licht: 0","143228","3","3","5","05","15","2","","0","0","1","0","1"
"POINT (9.655335928000056 52.419702278000045)","Unfall 143237 (2021) Kat:3, Licht: 0","143237","3","2","5","05","13","4","","0","1","0","0","0"
"POINT (9.807612328000062 52.379651867000064)","Unfall 143246 (2021) Kat:3, Licht: 0","143246","3","3","5","05","11","5","","0","1","1","0","0"
"POINT (9.761560458000076 52.379762578000054)","Unfall 143257 (2021) Kat:3, Licht: 0","143257","3","3","5","04","09","4","","0","1","1","0","0"
"POINT (9.753321447000076 52.390230338000038)","Unfall 143262 (2021) Kat:3, Licht: 0","143262","3","2","5","04","18","6","","0","1","1","0","0"
"POINT (9.731089476000022 52.407372176000081)","Unfall 143276 (2021) Kat:3, Licht: 1","143276","3","3","5","05","20","6","","1","1","1","0","0"
"POINT (9.750527924000039 52.375291896000078)","Unfall 143281 (2021) Kat:3, Licht: 0","143281","3","2","2","06","16","5","","0","0","1","0","0"
"POINT (9.855033429000059 52.390354647000038)","Unfall 143282 (2021) Kat:3, Licht: 0","143282","3","5","1","05","13","4","","0","1","1","0","0"
"POINT (9.719747532000042 52.366902408000044)","Unfall 143283 (2021) Kat:3, Licht: 2","143283","3","5","1","05","03","7","","2","0","1","0","0"
"POINT (9.781836682000062 52.398588794000034)","Unfall 143287 (2021) Kat:3, Licht: 0","143287","3","6","2","05","15","2","","0","0","1","0","0"
"POINT (9.738916742000072 52.382628046000036)","Unfall 143301 (2021) Kat:3, Licht: 0","143301","3","2","5","05","07","5","","0","1","1","0","0"
"POINT (9.747180307000065 52.373752316000036)","Unfall 143305 (2021) Kat:3, Licht: 0","143305","3","2","5","05","13","7","","0","0","1","0","1"
"POINT (9.735415150000051 52.376739382000039)","Unfall 143326 (2021) Kat:3, Licht: 0","143326","3","5","1","05","10","6","","0","0","1","0","0"
"POINT (9.732735068000068 52.374495747000026)","Unfall 143328 (2021) Kat:3, Licht: 0","143328","3","5","1","04","10","4","","0","1","1","0","0"
"POINT (9.734115710000026 52.369525912000029)","Unfall 143331 (2021) Kat:3, Licht: 0","143331","3","2","5","06","07","5","","0","1","1","0","0"
"POINT (9.728599376000034 52.370462301000032)","Unfall 143332 (2021) Kat:3, Licht: 2","143332","3","6","2","05","20","6","","2","1","1","0","0"
"POINT (9.763047707000055 52.420516875000033)","Unfall 143342 (2021) Kat:2, Licht: 0","143342","2","3","5","05","12","5","","0","1","1","0","0"
"POINT (9.714024258000052 52.414773945000036)","Unfall 143349 (2021) Kat:2, Licht: 0","143349","2","1","8","05","18","1","","0","1","0","0","0"
"POINT (9.734919079000065 52.370120955000061)","Unfall 143364 (2021) Kat:3, Licht: 2","143364","3","3","5","05","23","1","","2","0","1","0","0"
"POINT (9.740537365000023 52.361465742000064)","Unfall 143373 (2021) Kat:3, Licht: 0","143373","3","1","0","05","09","4","","0","1","0","0","0"
"POINT (9.785812614000065 52.398053952000055)","Unfall 143382 (2021) Kat:3, Licht: 0","143382","3","3","5","04","14","6","","0","0","1","0","0"
"POINT (9.769468844000073 52.355503184000042)","Unfall 143386 (2021) Kat:3, Licht: 0","143386","3","1","0","05","06","3","","0","1","0","0","0"
"POINT (9.742190298000025 52.375489313000060)","Unfall 143390 (2021) Kat:2, Licht: 0","143390","2","1","0","05","19","2","","0","1","0","0","0"
"POINT (9.741927257000043 52.375725687000056)","Unfall 143395 (2021) Kat:3, Licht: 0","143395","3","6","2","06","10","6","","0","0","1","0","0"
"POINT (9.767937228000051 52.332222785000056)","Unfall 143409 (2021) Kat:3, Licht: 1","143409","3","5","1","04","20","3","","1","1","1","0","0"
"POINT (9.736215676000029 52.380895294000027)","Unfall 143410 (2021) Kat:3, Licht: 0","143410","3","6","2","05","18","6","","0","0","1","0","0"
"POINT (9.706231443000036 52.373873250000031)","Unfall 143427 (2021) Kat:3, Licht: 2","143427","3","1","0","05","22","6","","2","1","0","0","0"
"POINT (9.815602654000031 52.329068999000071)","Unfall 143432 (2021) Kat:3, Licht: 2","143432","3","7","7","04","21","4","","2","1","0","0","0"
"POINT (9.790430197000035 52.377690274000031)","Unfall 143440 (2021) Kat:3, Licht: 2","143440","3","5","1","04","21","6","","2","1","1","0","0"
"POINT (9.775443912000071 52.345409025000038)","Unfall 143441 (2021) Kat:3, Licht: 0","143441","3","1","0","05","14","2","","0","1","0","0","0"
"POINT (9.673304665000046 52.398755815000072)","Unfall 143445 (2021) Kat:3, Licht: 0","143445","3","3","5","05","18","2","","0","0","1","0","1"
"POINT (9.748198341000034 52.391295746000026)","Unfall 143447 (2021) Kat:2, Licht: 0","143447","2","1","8","05","16","1","","0","1","0","0","0"
"POINT (9.669891937000045 52.415595474000042)","Unfall 143449 (2021) Kat:3, Licht: 0","143449","3","3","5","06","15","4","","0","1","1","0","0"
"POINT (9.790276692000077 52.374063475000071)","Unfall 143455 (2021) Kat:3, Licht: 0","143455","3","2","4","06","14","5","","0","0","1","0","0"
"POINT (9.701964133000047 52.375136464000036)","Unfall 143464 (2021) Kat:3, Licht: 0","143464","3","1","0","05","19","6","","0","0","0","0","1"
"POINT (9.745041760000049 52.372485554000036)","Unfall 143467 (2021) Kat:3, Licht: 0","143467","3","7","0","05","10","5","","0","0","1","0","0"
"POINT (9.676274793000061 52.355673443000057)","Unfall 143475 (2021) Kat:3, Licht: 0","143475","3","3","5","05","16","3","","0","0","1","0","0"
"POINT (9.751365098000065 52.356251572000076)","Unfall 143484 (2021) Kat:3, Licht: 0","143484","3","2","5","06","11","6","","0","1","0","0","0"
"POINT (9.740363096000067 52.361462350000068)","Unfall 143489 (2021) Kat:3, Licht: 0","143489","3","4","6","04","17","4","","0","1","0","1","0"
"POINT (9.725104348000059 52.383924596000043)","Unfall 143502 (2021) Kat:3, Licht: 0","143502","3","3","5","06","06","6","","0","1","1","0","0"
"POINT (9.739320649000035 52.376802224000073)","Unfall 143504 (2021) Kat:3, Licht: 0","143504","3","1","0","05","12","6","","0","1","0","0","0"
"POINT (9.743093053000052 52.369357821000051)","Unfall 143505 (2021) Kat:3, Licht: 0","143505","3","6","2","06","17","4","","0","0","1","0","0"
"POINT (9.708733573000075 52.367167950000066)","Unfall 143506 (2021) Kat:3, Licht: 0","143506","3","2","0","05","11","4","","0","0","1","0","0"
"POINT (9.714546450000057 52.371415346000049)","Unfall 143515 (2021) Kat:3, Licht: 0","143515","3","7","0","06","20","3","","0","1","0","0","0"
"POINT (9.749942261000058 52.366672374000075)","Unfall 143527 (2021) Kat:3, Licht: 1","143527","3","1","8","05","20","5","","1","0","0","0","0"
"POINT (9.751867049000055 52.378219660000070)","Unfall 143547 (2021) Kat:3, Licht: 0","143547","3","4","6","05","10","7","","0","1","0","1","0"
"POINT (9.738846185000057 52.363477598000031)","Unfall 143554 (2021) Kat:3, Licht: 0","143554","3","3","5","05","18","6","","0","0","1","0","0"
"POINT (9.709361232000049 52.371610442000076)","Unfall 143559 (2021) Kat:3, Licht: 0","143559","3","3","5","06","19","5","","0","0","1","0","0"
"POINT (9.666427794000072 52.372798080000052)","Unfall 143563 (2021) Kat:2, Licht: 0","143563","2","1","0","06","19","3","","0","1","0","0","0"
"POINT (9.756358892000037 52.342317092000030)","Unfall 143570 (2021) Kat:3, Licht: 0","143570","3","6","4","05","17","5","","0","1","0","0","0"
"POINT (9.750982381000028 52.390916191000031)","Unfall 143596 (2021) Kat:3, Licht: 0","143596","3","7","0","05","15","6","","0","1","0","0","0"
"POINT (9.746547655000029 52.384146926000028)","Unfall 143598 (2021) Kat:3, Licht: 0","143598","3","5","2","05","15","2","","0","0","1","0","0"
"POINT (9.763300554000068 52.401838698000063)","Unfall 143601 (2021) Kat:2, Licht: 0","143601","2","7","9","05","09","3","","0","0","1","0","0"
"POINT (9.802507823000042 52.351742635000051)","Unfall 143602 (2021) Kat:3, Licht: 0","143602","3","6","4","06","13","5","","0","1","0","0","0"
"POINT (9.703963918000056 52.374612857000045)","Unfall 143605 (2021) Kat:3, Licht: 0","143605","3","5","1","05","14","5","","0","1","1","0","0"
"POINT (9.769296416000032 52.334433722000028)","Unfall 143607 (2021) Kat:2, Licht: 1","143607","2","3","5","04","19","6","","1","1","0","0","0"
"POINT (9.747186091000060 52.392132037000067)","Unfall 143625 (2021) Kat:3, Licht: 0","143625","3","5","0","05","11","2","","0","0","1","0","0"
"POINT (9.665898422000055 52.357276394000053)","Unfall 143630 (2021) Kat:3, Licht: 0","143630","3","3","5","05","10","1","","0","0","1","0","0"
"POINT (9.732850547000055 52.372790333000069)","Unfall 143640 (2021) Kat:3, Licht: 0","143640","3","1","0","04","19","3","","0","1","0","0","0"
"POINT (9.690844430000027 52.332523086000037)","Unfall 143643 (2021) Kat:3, Licht: 1","143643","3","1","0","06","04","5","","1","1","0","0","0"
"POINT (9.703784700000028 52.328957604000038)","Unfall 143657 (2021) Kat:3, Licht: 0","143657","3","2","5","05","13","4","","0","0","1","0","0"
"POINT (9.727306181000074 52.396360685000047)","Unfall 143659 (2021) Kat:3, Licht: 0","143659","3","3","5","05","08","2","","0","0","1","0","0"
"POINT (9.739420251000070 52.343951637000032)","Unfall 143663 (2021) Kat:3, Licht: 0","143663","3","7","0","06","21","6","","0","1","0","0","0"
"POINT (9.763328145000060 52.401578853000046)","Unfall 143674 (2021) Kat:3, Licht: 0","143674","3","2","2","05","12","6","","0","0","1","0","0"
"POINT (9.781623646000071 52.415607249000061)","Unfall 143681 (2021) Kat:3, Licht: 0","143681","3","3","5","05","09","6","","0","0","1","0","0"
"POINT (9.779041328000062 52.362118498000029)","Unfall 143684 (2021) Kat:3, Licht: 0","143684","3","7","0","05","14","2","","0","0","0","0","1"
"POINT (9.741810231000045 52.373046936000037)","Unfall 143685 (2021) Kat:3, Licht: 0","143685","3","3","5","04","17","5","","0","1","1","0","0"
"POINT (9.760673838000059 52.394164062000073)","Unfall 143695 (2021) Kat:3, Licht: 0","143695","3","6","0","04","17","3","","0","1","1","0","0"
"POINT (9.696564209000030 52.328291647000071)","Unfall 143699 (2021) Kat:3, Licht: 0","143699","3","1","0","05","14","6","","0","1","0","0","0"
"POINT (9.738372663000064 52.381915945000060)","Unfall 143708 (2021) Kat:3, Licht: 0","143708","3","6","2","05","15","3","","0","0","1","0","0"
"POINT (9.709511892000023 52.338232838000067)","Unfall 143721 (2021) Kat:3, Licht: 0","143721","3","3","5","05","10","6","","0","1","1","0","0"
"POINT (9.731154195000045 52.378696105000074)","Unfall 143723 (2021) Kat:3, Licht: 0","143723","3","2","5","05","14","2","","0","1","1","0","0"
"POINT (9.786210462000042 52.372984459000065)","Unfall 143726 (2021) Kat:3, Licht: 0","143726","3","6","2","04","17","2","","0","0","1","0","0"
"POINT (9.740662402000055 52.409913039000060)","Unfall 143729 (2021) Kat:3, Licht: 0","143729","3","3","5","05","18","7","","0","1","1","0","0"
"POINT (9.764516799000035 52.402142562000051)","Unfall 143730 (2021) Kat:3, Licht: 0","143730","3","3","5","05","14","5","","0","1","1","0","0"
"POINT (9.704984464000063 52.374060699000040)","Unfall 143731 (2021) Kat:3, Licht: 0","143731","3","5","3","06","16","3","","0","1","1","0","0"
"POINT (9.732888472000070 52.379319365000072)","Unfall 143737 (2021) Kat:3, Licht: 0","143737","3","6","2","05","09","6","","0","0","1","0","0"
"POINT (9.717004456000041 52.337274997000065)","Unfall 143753 (2021) Kat:3, Licht: 0","143753","3","3","5","04","12","7","","0","0","1","0","0"
"POINT (9.757352177000030 52.362564937000059)","Unfall 143760 (2021) Kat:3, Licht: 0","143760","3","3","0","05","09","3","","0","1","0","0","0"
"POINT (9.709226239000031 52.417849230000058)","Unfall 143763 (2021) Kat:3, Licht: 0","143763","3","7","0","05","13","3","","0","1","0","0","0"
"POINT (9.698881430000029 52.341547573000071)","Unfall 143766 (2021) Kat:3, Licht: 0","143766","3","3","5","05","15","2","","0","0","1","0","1"
"POINT (9.681484047000026 52.416167346000066)","Unfall 143769 (2021) Kat:3, Licht: 0","143769","3","2","5","04","08","4","","0","0","1","0","0"
"POINT (9.698691833000055 52.396404444000041)","Unfall 143774 (2021) Kat:3, Licht: 0","143774","3","1","1","06","15","4","","0","0","1","0","0"
"POINT (9.734357657000032 52.376676512000074)","Unfall 143775 (2021) Kat:3, Licht: 0","143775","3","1","0","05","11","6","","0","1","0","0","0"
"POINT (9.717378718000077 52.349959298000044)","Unfall 143778 (2021) Kat:3, Licht: 1","143778","3","5","1","04","05","4","","1","1","1","0","0"
"POINT (9.739957114000049 52.366862203000039)","Unfall 143779 (2021) Kat:3, Licht: 0","143779","3","4","6","05","19","1","","0","1","0","1","0"
"POINT (9.751586906000057 52.374517339000079)","Unfall 143785 (2021) Kat:3, Licht: 0","143785","3","6","2","06","16","3","","0","0","1","0","0"
"POINT (9.790347962000055 52.410775347000026)","Unfall 143812 (2021) Kat:3, Licht: 0","143812","3","6","4","04","16","3","","0","1","0","0","0"
"POINT (9.722592989000077 52.385120722000067)","Unfall 143821 (2021) Kat:3, Licht: 0","143821","3","4","6","06","19","7","","0","0","1","1","0"
"POINT (9.720762039000022 52.342148996000049)","Unfall 143824 (2021) Kat:3, Licht: 0","143824","3","7","0","06","12","2","","0","1","0","0","0"
"POINT (9.772098062000055 52.417345264000062)","Unfall 143828 (2021) Kat:2, Licht: 0","143828","2","7","0","06","14","5","","0","1","0","1","0"
"POINT (9.813497438000070 52.389709138000057)","Unfall 143829 (2021) Kat:3, Licht: 0","143829","3","4","6","06","17","4","","0","0","0","1","0"
"POINT (9.743850594000037 52.371108439000068)","Unfall 143831 (2021) Kat:3, Licht: 0","143831","3","2","5","06","13","1","","0","1","1","0","0"
"POINT (9.720017091000045 52.388595363000036)","Unfall 143835 (2021) Kat:3, Licht: 0","143835","3","5","1","06","19","5","","0","1","1","0","0"
"POINT (9.728255473000047 52.389861534000033)","Unfall 143838 (2021) Kat:3, Licht: 0","143838","3","6","0","06","06","6","","0","0","1","0","0"
"POINT (9.734180608000031 52.374713086000042)","Unfall 143839 (2021) Kat:3, Licht: 0","143839","3","2","6","07","13","5","","0","0","1","1","0"
"POINT (9.772212927000055 52.406359235000082)","Unfall 143847 (2021) Kat:3, Licht: 0","143847","3","1","0","06","12","3","","0","1","0","0","0"
"POINT (9.805263076000074 52.412316703000045)","Unfall 143861 (2021) Kat:3, Licht: 0","143861","3","2","5","06","10","7","","0","1","1","0","0"
"POINT (9.724177526000062 52.346556218000046)","Unfall 143874 (2021) Kat:3, Licht: 0","143874","3","7","6","06","13","3","","0","0","1","1","0"
"POINT (9.771314354000026 52.338718815000050)","Unfall 143875 (2021) Kat:3, Licht: 0","143875","3","7","0","06","13","4","","0","1","1","0","0"
"POINT (9.730477332000021 52.383338067000068)","Unfall 143879 (2021) Kat:3, Licht: 2","143879","3","1","1","06","02","1","","2","0","1","0","0"
"POINT (9.688899484000046 52.401439927000069)","Unfall 143881 (2021) Kat:3, Licht: 0","143881","3","7","1","06","10","2","","0","1","1","0","0"
"POINT (9.746555142000034 52.392556264000063)","Unfall 143891 (2021) Kat:3, Licht: 0","143891","3","2","5","07","17","5","","0","1","1","0","0"
"POINT (9.742305627000064 52.369013779000056)","Unfall 143892 (2021) Kat:3, Licht: 2","143892","3","1","0","06","03","1","","2","1","0","0","0"
"POINT (9.734988089000069 52.380366918000050)","Unfall 143894 (2021) Kat:3, Licht: 0","143894","3","6","2","06","17","7","","0","1","0","0","0"
"POINT (9.745201955000027 52.394288440000082)","Unfall 143896 (2021) Kat:3, Licht: 0","143896","3","3","5","06","15","3","","0","0","1","0","0"
"POINT (9.690289762000077 52.346843393000029)","Unfall 143906 (2021) Kat:3, Licht: 0","143906","3","3","5","06","19","2","","0","0","1","0","1"
"POINT (9.722566713000049 52.417243027000040)","Unfall 143921 (2021) Kat:3, Licht: 0","143921","3","1","0","06","14","2","","0","1","0","0","0"
"POINT (9.668916566000064 52.400477487000046)","Unfall 143929 (2021) Kat:3, Licht: 0","143929","3","6","6","06","18","2","","0","1","0","1","0"
"POINT (9.708723978000023 52.375439581000080)","Unfall 143931 (2021) Kat:3, Licht: 0","143931","3","6","4","06","20","6","","0","1","1","0","0"
"POINT (9.722578880000071 52.377290739000046)","Unfall 143933 (2021) Kat:3, Licht: 0","143933","3","6","4","06","16","3","","0","1","1","0","0"
"POINT (9.769938294000042 52.341712390000055)","Unfall 143937 (2021) Kat:3, Licht: 0","143937","3","5","1","06","12","7","","0","1","1","0","0"
"POINT (9.745262855000021 52.359200283000064)","Unfall 143940 (2021) Kat:3, Licht: 0","143940","3","1","0","06","20","4","","0","1","0","0","0"
"POINT (9.690837500000043 52.403511504000051)","Unfall 143947 (2021) Kat:3, Licht: 0","143947","3","2","6","06","17","3","","0","0","1","1","0"
"POINT (9.855797530000075 52.394577137000056)","Unfall 143966 (2021) Kat:3, Licht: 0","143966","3","2","5","06","07","3","","0","1","1","0","0"
"POINT (9.756490522000036 52.342747448000068)","Unfall 143997 (2021) Kat:3, Licht: 0","143997","3","3","5","06","18","4","","0","1","1","0","0"
"POINT (9.750783190000050 52.390163045000065)","Unfall 143998 (2021) Kat:3, Licht: 0","143998","3","6","4","06","18","1","","0","1","1","0","0"