WKT,Name,OBJECTID,UKATEGORIE,UTYP1,UART,UMONAT,USTUNDE,UWOCHENTAG,STRZUSTAND,ULICHTVERH,ISTRAD,ISTPKW,ISTFUSS,ISTKRAD
"POINT (9.730944512000065 52.395014422000031)","Unfall 143999 (2021) Kat:3, Licht: 0","143999","3","2","5","06","18","6","","0","1","1","0","0"
"POINT (9.781018472000028 52.398303935000058)","Unfall 144005 (2021) Kat:3, Licht: 0","144005","3","5","8","06","11","1","","0","1","1","0","0"
"POINT (9.699609540000040 52.355976758000054)","Unfall 144017 (2021) Kat:3, Licht: 0","144017","3","6","2","06","12","5","","0","0","1","0","0"
"POINT (9.731706398000028 52.375472853000076)","Unfall 144019 (2021) Kat:3, Licht: 0","144019","3","1","0","07","14","5","","0","1","0","0","0"
"POINT (9.744233091000069 52.373327130000064)","Unfall 144026 (2021) Kat:3, Licht: 0","144026","3","1","0","06","10","6","","0","1","0","0","0"
"POINT (9.704667314000062 52.351902322000058)","Unfall 144035 (2021) Kat:3, Licht: 0","144035","3","3","5","06","16","2","","0","1","1","0","0"
"POINT (9.704809378000050 52.374373455000068)","Unfall 144041 (2021) Kat:3, Licht: 0","144041","3","1","0","06","11","2","","0","1","0","0","0"
"POINT (9.803482532000032 52.401690773000041)","Unfall 144047 (2021) Kat:2, Licht: 0","144047","2","2","4","06","07","3","","0","1","1","0","0"
"POINT (9.692573647000074 52.396582235000039)","Unfall 144064 (2021) Kat:3, Licht: 0","144064","3","2","5","06","06","5","","0","0","1","0","0"
"POINT (9.763533611000071 52.420497781000051)","Unfall 144071 (2021) Kat:3, Licht: 0","144071","3","4","6","06","18","6","","0","0","1","1","0"
"POINT (9.666283831000044 52.415482299000075)","Unfall 144072 (2021) Kat:2, Licht: 0","144072","2","3","5","06","05","5","","0","0","1","0","1"
"POINT (9.739833846000067 52.383085360000052)","Unfall 144074 (2021) Kat:3, Licht: 1","144074","3","3","5","06","20","4","","1","1","1","0","0"
"POINT (9.717078438000044 52.337347069000032)","Unfall 144077 (2021) Kat:3, Licht: 0","144077","3","3","5","06","18","3","","0","1","1","0","0"
"POINT (9.781061994000027 52.403912769000044)","Unfall 144078 (2021) Kat:3, Licht: 0","144078","3","3","5","06","18","1","","0","1","1","0","0"
"POINT (9.727515565000033 52.350141228000041)","Unfall 144089 (2021) Kat:3, Licht: 0","144089","3","2","3","06","08","4","","0","1","0","0","0"
"POINT (9.812306124000031 52.348451427000043)","Unfall 144107 (2021) Kat:3, Licht: 0","144107","3","3","5","06","08","2","","0","0","1","1","0"
"POINT (9.737086589000057 52.375987687000077)","Unfall 144117 (2021) Kat:3, Licht: 0","144117","3","1","0","06","14","2","","0","1","1","0","0"
"POINT (9.757374692000042 52.364061859000060)","Unfall 144121 (2021) Kat:3, Licht: 0","144121","3","6","0","06","09","5","","0","1","0","0","0"
"POINT (9.680732171000045 52.416120208000052)","Unfall 144128 (2021) Kat:3, Licht: 0","144128","3","3","5","06","15","3","","0","1","1","0","0"
"POINT (9.683688198000027 52.408820703000060)","Unfall 144129 (2021) Kat:3, Licht: 0","144129","3","3","5","06","15","2","","0","0","1","0","0"
"POINT (9.793185791000042 52.326562679000062)","Unfall 144130 (2021) Kat:2, Licht: 0","144130","2","2","5","06","16","5","","0","1","1","0","0"
"POINT (9.745150007000063 52.380869727000061)","Unfall 144137 (2021) Kat:3, Licht: 2","144137","3","1","0","06","01","7","","2","1","0","0","0"
"POINT (9.684515624000028 52.395956310000031)","Unfall 144141 (2021) Kat:3, Licht: 0","144141","3","6","2","06","18","5","","0","0","1","0","0"
"POINT (9.728518464000047 52.342393154000035)","Unfall 144154 (2021) Kat:3, Licht: 0","144154","3","2","5","06","11","2","","0","1","1","0","0"
"POINT (9.731349054000077 52.375115919000052)","Unfall 144163 (2021) Kat:2, Licht: 0","144163","2","1","0","06","20","1","","0","0","0","0","0"
"POINT (9.740837632000023 52.360831189000066)","Unfall 144171 (2021) Kat:3, Licht: 0","144171","3","6","3","06","19","1","","0","0","1","0","0"
"POINT (9.718516153000053 52.357537699000034)","Unfall 144172 (2021) Kat:3, Licht: 2","144172","3","5","1","06","22","3","","2","1","1","0","0"
"POINT (9.663846855000031 52.415407469000058)","Unfall 144185 (2021) Kat:3, Licht: 0","144185","3","6","2","06","07","2","","0","0","1","0","0"
"POINT (9.705428476000066 52.374151875000052)","Unfall 144189 (2021) Kat:3, Licht: 0","144189","3","7","0","06","09","2","","0","1","0","0","0"
"POINT (9.781693187000030 52.415602286000080)","Unfall 144199 (2021) Kat:3, Licht: 0","144199","3","2","5","06","17","6","","0","0","1","0","1"
"POINT (9.823011506000057 52.400516820000064)","Unfall 144206 (2021) Kat:3, Licht: 0","144206","3","3","5","06","16","4","","0","1","1","0","0"
"POINT (9.732684236000068 52.388688458000047)","Unfall 144220 (2021) Kat:3, Licht: 0","144220","3","2","5","06","17","3","","0","1","1","0","0"
"POINT (9.732715837000057 52.379250361000061)","Unfall 144223 (2021) Kat:3, Licht: 0","144223","3","2","0","06","16","2","","0","1","1","0","0"
"POINT (9.687821121000070 52.344219717000044)","Unfall 144225 (2021) Kat:3, Licht: 2","144225","3","7","0","06","02","3","","2","0","1","0","0"
"POINT (9.706154620000063 52.375358887000061)","Unfall 144226 (2021) Kat:3, Licht: 0","144226","3","4","6","07","08","5","","0","1","0","1","0"
"POINT (9.775323815000036 52.400342331000047)","Unfall 144228 (2021) Kat:3, Licht: 0","144228","3","3","5","06","15","7","","0","1","1","0","0"
"POINT (9.736189934000038 52.384171390000063)","Unfall 144230 (2021) Kat:3, Licht: 0","144230","3","2","5","06","16","4","","0","1","0","0","0"
"POINT (9.753408224000054 52.382282432000068)","Unfall 144237 (2021) Kat:3, Licht: 0","144237","3","2","5","06","16","1","","0","1","1","0","0"
"POINT (9.725000536000039 52.373087924000060)","Unfall 144245 (2021) Kat:2, Licht: 0","144245","2","5","2","06","17","3","","0","1","1","0","0"
"POINT (9.669950726000025 52.370444723000048)","Unfall 144246 (2021) Kat:3, Licht: 0","144246","3","3","5","06","08","4","","0","1","1","0","0"
"POINT (9.666225515000065 52.355555359000050)","Unfall 144251 (2021) Kat:3, Licht: 0","144251","3","3","5","06","18","6","","0","1","1","0","0"
"POINT (9.767445290000069 52.358026845000040)","Unfall 144252 (2021) Kat:3, Licht: 0","144252","3","2","6","06","15","5","","0","0","1","1","0"
"POINT (9.784667838000075 52.353420091000032)","Unfall 144257 (2021) Kat:3, Licht: 0","144257","3","3","5","06","05","7","","0","1","1","0","0"
"POINT (9.716007327000057 52.378289705000043)","Unfall 144264 (2021) Kat:3, Licht: 0","144264","3","1","0","06","12","3","","0","1","0","0","0"
"POINT (9.734098336000045 52.376681678000068)","Unfall 144273 (2021) Kat:3, Licht: 0","144273","3","1","8","06","17","2","","0","1","0","0","0"
"POINT (9.768822535000027 52.377978615000075)","Unfall 144278 (2021) Kat:3, Licht: 0","144278","3","3","5","06","18","5","","0","1","1","0","0"
"POINT (9.740488394000067 52.374176506000026)","Unfall 144279 (2021) Kat:3, Licht: 0","144279","3","3","5","06","09","4","","0","1","1","0","0"
"POINT (9.810335268000074 52.365108201000055)","Unfall 144280 (2021) Kat:3, Licht: 0","144280","3","6","0","06","11","7","","0","1","1","0","0"
"POINT (9.834269348000021 52.351700175000076)","Unfall 144299 (2021) Kat:3, Licht: 0","144299","3","3","5","06","19","3","","0","0","1","0","1"
"POINT (9.744465059000049 52.388806139000053)","Unfall 144303 (2021) Kat:3, Licht: 0","144303","3","1","0","06","07","6","","0","1","0","0","0"
"POINT (9.808655130000034 52.385874974000046)","Unfall 144309 (2021) Kat:3, Licht: 0","144309","3","6","2","06","16","4","","0","0","1","0","0"
"POINT (9.819455381000068 52.429299666000077)","Unfall 144320 (2021) Kat:3, Licht: 0","144320","3","7","5","06","14","4","","0","1","1","0","0"
"POINT (9.656413874000066 52.407418110000037)","Unfall 144324 (2021) Kat:3, Licht: 0","144324","3","2","5","06","19","2","","0","1","1","0","0"
"POINT (9.714410864000058 52.370249791000049)","Unfall 144343 (2021) Kat:3, Licht: 0","144343","3","3","5","06","16","4","","0","1","0","0","0"
"POINT (9.811239741000065 52.359733138000081)","Unfall 144344 (2021) Kat:3, Licht: 0","144344","3","1","1","07","14","5","","0","0","1","0","0"
"POINT (9.800839321000069 52.328320696000048)","Unfall 144352 (2021) Kat:3, Licht: 2","144352","3","1","8","06","02","5","","2","0","1","0","0"
"POINT (9.748800595000034 52.376023444000054)","Unfall 144371 (2021) Kat:3, Licht: 0","144371","3","2","4","06","06","2","","0","1","1","0","0"
"POINT (9.763655465000056 52.374143111000080)","Unfall 144377 (2021) Kat:3, Licht: 0","144377","3","5","1","06","19","1","","0","1","1","0","0"
"POINT (9.728721136000047 52.394627767000031)","Unfall 144379 (2021) Kat:3, Licht: 0","144379","3","2","5","06","15","1","","0","1","1","0","0"
"POINT (9.781018472000028 52.398303935000058)","Unfall 144384 (2021) Kat:3, Licht: 0","144384","3","6","2","06","16","3","","0","0","1","0","0"
"POINT (9.643251230000033 52.415205775000061)","Unfall 144395 (2021) Kat:3, Licht: 0","144395","3","6","2","06","13","2","","0","0","1","0","0"
"POINT (9.714357752000069 52.342248247000043)","Unfall 144398 (2021) Kat:3, Licht: 0","144398","3","2","5","06","11","3","","0","0","1","0","0"
"POINT (9.703383453000072 52.379441438000072)","Unfall 144404 (2021) Kat:3, Licht: 0","144404","3","7","0","06","16","6","","0","1","0","0","0"
"POINT (9.741998596000030 52.359298801000079)","Unfall 144407 (2021) Kat:3, Licht: 0","144407","3","2","5","06","17","5","","0","0","1","0","1"
"POINT (9.762926993000065 52.407951151000077)","Unfall 144426 (2021) Kat:3, Licht: 0","144426","3","2","5","06","14","5","","0","1","1","0","0"
"POINT (9.680785459000049 52.415740912000047)","Unfall 144443 (2021) Kat:3, Licht: 0","144443","3","5","2","06","13","6","","0","0","1","0","0"
"POINT (9.741614445000039 52.411351033000074)","Unfall 144445 (2021) Kat:3, Licht: 0","144445","3","6","2","06","08","4","","0","0","1","0","0"
"POINT (9.765567760000067 52.367591629000060)","Unfall 144467 (2021) Kat:3, Licht: 0","144467","3","6","2","06","13","3","","0","0","1","0","0"
"POINT (9.716854809000040 52.336709675000066)","Unfall 144472 (2021) Kat:3, Licht: 0","144472","3","1","7","06","07","4","","0","0","0","0","0"
"POINT (9.821252423000033 52.418562037000072)","Unfall 144487 (2021) Kat:3, Licht: 0","144487","3","7","0","06","08","2","","0","1","0","0","0"
"POINT (9.728324482000062 52.377869490000080)","Unfall 144490 (2021) Kat:3, Licht: 0","144490","3","3","5","06","18","3","","0","1","1","0","0"
"POINT (9.748398792000046 52.373531143000037)","Unfall 144503 (2021) Kat:3, Licht: 0","144503","3","1","1","06","19","6","","0","1","1","0","0"
"POINT (9.833294863000049 52.387711596000031)","Unfall 144506 (2021) Kat:3, Licht: 2","144506","3","3","5","06","22","2","","2","1","1","0","0"
"POINT (9.782548568000038 52.373287255000037)","Unfall 144509 (2021) Kat:3, Licht: 0","144509","3","2","5","06","15","4","","0","1","0","0","0"
"POINT (9.651750601000060 52.417115362000061)","Unfall 144516 (2021) Kat:3, Licht: 0","144516","3","3","5","06","13","3","","0","0","1","0","1"
"POINT (9.819127336000065 52.399915593000060)","Unfall 144530 (2021) Kat:2, Licht: 0","144530","2","3","5","06","11","2","","0","1","1","0","0"
"POINT (9.756465578000075 52.341301649000059)","Unfall 144540 (2021) Kat:3, Licht: 0","144540","3","6","4","06","15","7","","0","1","0","0","0"
"POINT (9.781018472000028 52.398303935000058)","Unfall 144543 (2021) Kat:3, Licht: 0","144543","3","3","5","06","15","4","","0","0","1","0","0"
"POINT (9.693764688000044 52.400967331000061)","Unfall 144560 (2021) Kat:3, Licht: 0","144560","3","3","5","06","09","4","","0","1","1","0","0"
"POINT (9.749666863000073 52.376594595000029)","Unfall 144568 (2021) Kat:3, Licht: 0","144568","3","6","4","06","18","5","","0","1","0","0","0"
"POINT (9.720313218000058 52.391520829000058)","Unfall 144573 (2021) Kat:3, Licht: 0","144573","3","1","0","06","17","4","","0","1","0","0","0"
"POINT (9.708785514000056 52.370544404000043)","Unfall 144603 (2021) Kat:2, Licht: 0","144603","2","3","5","06","17","4","","0","1","1","0","0"
"POINT (9.805060808000064 52.409194364000030)","Unfall 144606 (2021) Kat:3, Licht: 0","144606","3","2","5","06","17","4","","0","1","1","0","0"
"POINT (9.859738707000076 52.361234734000050)","Unfall 144622 (2021) Kat:3, Licht: 0","144622","3","1","0","06","13","6","","0","1","0","0","0"
"POINT (9.705998366000074 52.340146931000049)","Unfall 144635 (2021) Kat:3, Licht: 0","144635","3","3","5","06","07","3","","0","0","1","0","0"
"POINT (9.734037195000042 52.415715217000070)","Unfall 144637 (2021) Kat:3, Licht: 0","144637","3","3","0","06","17","7","","0","1","0","0","0"
"POINT (9.815650488000074 52.395889504000081)","Unfall 144645 (2021) Kat:3, Licht: 0","144645","3","3","0","06","16","4","","0","1","1","0","0"
"POINT (9.711017959000060 52.371069757000043)","Unfall 144647 (2021) Kat:3, Licht: 2","144647","3","5","1","06","23","6","","2","1","1","0","0"
"POINT (9.700832362000028 52.333762038000032)","Unfall 144648 (2021) Kat:3, Licht: 0","144648","3","5","1","06","13","5","","0","1","1","0","0"
"POINT (9.693377170000076 52.391694868000059)","Unfall 144650 (2021) Kat:3, Licht: 0","144650","3","1","0","06","07","4","","0","1","0","0","0"
"POINT (9.750803582000060 52.375648197000032)","Unfall 144660 (2021) Kat:3, Licht: 0","144660","3","6","2","06","13","6","","0","0","1","0","0"
"POINT (9.823170393000055 52.415021249000063)","Unfall 144670 (2021) Kat:3, Licht: 2","144670","3","1","0","06","01","6","","2","1","0","0","0"
"POINT (9.784244854000065 52.375701555000035)","Unfall 144673 (2021) Kat:3, Licht: 0","144673","3","3","5","06","14","7","","0","1","1","0","0"
"POINT (9.856427601000064 52.398825415000033)","Unfall 144680 (2021) Kat:3, Licht: 0","144680","3","2","5","06","09","6","","0","0","1","0","0"
"POINT (9.762777123000035 52.356745651000040)","Unfall 144689 (2021) Kat:3, Licht: 0","144689","3","2","4","06","12","2","","0","1","1","0","0"
"POINT (9.744240516000048 52.373369920000073)","Unfall 144690 (2021) Kat:3, Licht: 0","144690","3","1","0","06","12","6","","0","1","0","0","0"
"POINT (9.731615919000035 52.402853424000057)","Unfall 144698 (2021) Kat:3, Licht: 0","144698","3","7","0","06","19","3","","0","1","0","0","0"
"POINT (9.660343714000021 52.406209617000059)","Unfall 144699 (2021) Kat:3, Licht: 0","144699","3","3","5","06","18","2","","0","0","1","0","1"
"POINT (9.732595573000026 52.379004369000029)","Unfall 144717 (2021) Kat:3, Licht: 2","144717","3","1","0","06","23","6","","2","0","0","0","1"
"POINT (9.822302771000068 52.347066387000041)","Unfall 144723 (2021) Kat:3, Licht: 0","144723","3","7","0","06","10","4","","0","1","1","0","0"
"POINT (9.694106349000037 52.402310584000077)","Unfall 144725 (2021) Kat:3, Licht: 0","144725","3","7","7","06","20","6","","0","0","1","0","0"
"POINT (9.738895356000057 52.363254052000059)","Unfall 144733 (2021) Kat:3, Licht: 0","144733","3","2","5","06","08","3","","0","1","1","0","0"
"POINT (9.773419693000051 52.410282836000079)","Unfall 144741 (2021) Kat:3, Licht: 0","144741","3","2","4","06","19","2","","0","0","1","0","0"
"POINT (9.804563691000055 52.330590598000072)","Unfall 144748 (2021) Kat:3, Licht: 0","144748","3","2","5","06","16","2","","0","0","1","0","0"
"POINT (9.751458995000064 52.375726448000080)","Unfall 144756 (2021) Kat:3, Licht: 0","144756","3","6","2","07","17","5","","0","0","1","0","0"
"POINT (9.732727438000040 52.376732344000061)","Unfall 144757 (2021) Kat:3, Licht: 0","144757","3","6","2","06","20","7","","0","0","1","0","0"
"POINT (9.771483626000077 52.370875160000026)","Unfall 144763 (2021) Kat:3, Licht: 0","144763","3","6","2","06","17","1","","0","0","1","0","0"
"POINT (9.744073323000066 52.365387605000080)","Unfall 144766 (2021) Kat:3, Licht: 0","144766","3","3","5","06","11","2","","0","1","0","0","0"
"POINT (9.615024552000023 52.419183546000056)","Unfall 144768 (2021) Kat:3, Licht: 0","144768","3","5","1","06","07","6","","0","0","1","0","0"
"POINT (9.719326311000032 52.341986620000057)","Unfall 144773 (2021) Kat:3, Licht: 0","144773","3","6","2","06","14","7","","0","0","1","0","0"
"POINT (9.725184508000041 52.343259830000079)","Unfall 144774 (2021) Kat:3, Licht: 0","144774","3","3","5","06","11","2","","0","0","1","0","0"
"POINT (9.750630384000033 52.375513025000032)","Unfall 144777 (2021) Kat:3, Licht: 0","144777","3","6","2","06","12","2","","0","0","1","0","0"
"POINT (9.756438647000039 52.341627141000060)","Unfall 144781 (2021) Kat:3, Licht: 0","144781","3","2","5","06","17","5","","0","1","1","0","0"
"POINT (9.763328145000060 52.401578853000046)","Unfall 144805 (2021) Kat:3, Licht: 0","144805","3","2","5","06","10","2","","0","1","0","0","0"
"POINT (9.791513774000066 52.412381050000079)","Unfall 144807 (2021) Kat:3, Licht: 0","144807","3","4","6","06","13","6","","0","0","1","1","0"
"POINT (9.748488443000042 52.411013821000040)","Unfall 144810 (2021) Kat:3, Licht: 0","144810","3","6","2","06","12","7","","0","0","1","0","0"
"POINT (9.771921125000063 52.417234183000062)","Unfall 144812 (2021) Kat:3, Licht: 0","144812","3","2","5","06","08","4","","0","0","1","0","0"
"POINT (9.735150998000051 52.370173414000078)","Unfall 144818 (2021) Kat:3, Licht: 0","144818","3","7","0","06","19","2","","0","1","0","0","0"
"POINT (9.684830779000038 52.395962483000062)","Unfall 144820 (2021) Kat:3, Licht: 0","144820","3","2","5","06","11","6","","0","0","1","0","0"
"POINT (9.693556442000045 52.363252575000047)","Unfall 144826 (2021) Kat:3, Licht: 0","144826","3","3","5","06","10","4","","0","0","1","0","0"
"POINT (9.715529222000043 52.386994055000059)","Unfall 144829 (2021) Kat:3, Licht: 1","144829","3","1","0","06","20","5","","1","1","0","0","0"
"POINT (9.804573675000029 52.330573768000079)","Unfall 144833 (2021) Kat:3, Licht: 0","144833","3","2","4","06","07","7","","0","0","1","0","0"
"POINT (9.790363339000066 52.411146013000064)","Unfall 144840 (2021) Kat:3, Licht: 0","144840","3","7","0","06","08","3","","0","0","1","0","1"
"POINT (9.825294812000038 52.400000099000067)","Unfall 144844 (2021) Kat:3, Licht: 0","144844","3","2","5","06","14","4","","0","1","1","0","0"
"POINT (9.708343465000041 52.384340822000070)","Unfall 144851 (2021) Kat:3, Licht: 2","144851","3","1","0","06","22","6","","2","0","0","0","0"
"POINT (9.615470852000044 52.418965506000063)","Unfall 144854 (2021) Kat:3, Licht: 0","144854","3","1","9","07","11","6","","0","0","1","0","0"
"POINT (9.772672932000035 52.350688505000051)","Unfall 144859 (2021) Kat:2, Licht: 0","144859","2","6","6","07","18","4","","0","1","0","1","0"
"POINT (9.790295423000032 52.383194240000080)","Unfall 144866 (2021) Kat:3, Licht: 0","144866","3","2","5","07","18","5","","0","1","1","0","0"
"POINT (9.796689063000031 52.362515090000045)","Unfall 144881 (2021) Kat:3, Licht: 2","144881","3","1","9","07","23","7","","2","1","0","0","0"
"POINT (9.740065223000045 52.421030311000038)","Unfall 144883 (2021) Kat:3, Licht: 0","144883","3","7","0","07","10","4","","0","1","0","0","0"
"POINT (9.744234748000054 52.373336677000054)","Unfall 144893 (2021) Kat:3, Licht: 0","144893","3","7","0","07","13","6","","0","1","0","0","0"
"POINT (9.763303533000055 52.395206421000069)","Unfall 144901 (2021) Kat:3, Licht: 0","144901","3","2","6","07","08","5","","0","0","1","1","0"
"POINT (9.755229203000056 52.391348403000052)","Unfall 144907 (2021) Kat:3, Licht: 0","144907","3","2","5","07","15","3","","0","0","1","0","0"
"POINT (9.832589068000061 52.382398956000031)","Unfall 144911 (2021) Kat:3, Licht: 0","144911","3","3","5","07","14","3","","0","1","0","0","0"
"POINT (9.770015281000042 52.341566852000028)","Unfall 144935 (2021) Kat:3, Licht: 0","144935","3","2","6","07","18","7","","0","0","1","1","0"
"POINT (9.743820610000057 52.379504784000062)","Unfall 144944 (2021) Kat:3, Licht: 0","144944","3","3","5","07","09","5","","0","1","1","0","0"
"POINT (9.714768696000021 52.363911533000078)","Unfall 144947 (2021) Kat:3, Licht: 0","144947","3","5","1","07","12","5","","0","1","1","0","0"
"POINT (9.615626543000076 52.418883186000073)","Unfall 144953 (2021) Kat:3, Licht: 0","144953","3","6","2","07","15","2","","0","0","1","0","0"
"POINT (9.747249786000054 52.373708680000050)","Unfall 144964 (2021) Kat:2, Licht: 0","144964","2","2","5","07","16","6","","0","1","1","0","0"
"POINT (9.744301197000027 52.373767329000032)","Unfall 144976 (2021) Kat:3, Licht: 0","144976","3","1","0","07","13","4","","0","1","0","0","0"
"POINT (9.762614145000043 52.372741108000071)","Unfall 144984 (2021) Kat:3, Licht: 0","144984","3","4","6","07","07","6","","0","1","0","1","0"
"POINT (9.769344364000062 52.397016179000047)","Unfall 144991 (2021) Kat:3, Licht: 2","144991","3","1","0","07","23","7","","2","1","0","0","0"
"POINT (9.729732969000054 52.369541953000066)","Unfall 144994 (2021) Kat:3, Licht: 0","144994","3","1","0","07","20","6","","0","1","0","0","0"
"POINT (9.763774900000044 52.397244760000035)","Unfall 145003 (2021) Kat:3, Licht: 0","145003","3","6","2","07","12","5","","0","0","1","0","0"
"POINT (9.664729681000040 52.381620267000073)","Unfall 145016 (2021) Kat:3, Licht: 0","145016","3","7","0","07","13","6","","0","1","0","0","0"
"POINT (9.702787576000048 52.399747378000029)","Unfall 145022 (2021) Kat:3, Licht: 0","145022","3","2","3","07","17","3","","0","1","1","0","0"
"POINT (9.695592573000056 52.408839276000037)","Unfall 145029 (2021) Kat:3, Licht: 2","145029","3","3","5","08","00","1","","2","1","1","0","0"
"POINT (9.673239443000057 52.356112948000032)","Unfall 145046 (2021) Kat:3, Licht: 0","145046","3","5","2","07","17","4","","0","0","1","0","0"
"POINT (9.695777382000074 52.365591545000029)","Unfall 145048 (2021) Kat:3, Licht: 0","145048","3","7","0","07","15","3","","0","1","0","0","0"
"POINT (9.710586358000057 52.372380486000054)","Unfall 145049 (2021) Kat:3, Licht: 0","145049","3","4","6","07","13","3","","0","1","0","1","0"
"POINT (9.717027951000034 52.342813601000046)","Unfall 145052 (2021) Kat:3, Licht: 0","145052","3","3","5","07","12","5","","0","1","1","0","0"
"POINT (9.783421948000068 52.374805787000071)","Unfall 145054 (2021) Kat:3, Licht: 0","145054","3","2","5","07","13","7","","0","1","1","0","0"
"POINT (9.740898480000055 52.380207364000057)","Unfall 145065 (2021) Kat:3, Licht: 0","145065","3","6","2","07","21","7","","0","0","1","0","0"
"POINT (9.747922976000041 52.378178192000064)","Unfall 145066 (2021) Kat:2, Licht: 1","145066","2","7","0","07","19","4","","1","1","0","0","0"
"POINT (9.750335767000024 52.358998337000060)","Unfall 145068 (2021) Kat:3, Licht: 2","145068","3","5","1","07","23","6","","2","1","1","0","0"
"POINT (9.743790377000039 52.411303586000031)","Unfall 145075 (2021) Kat:3, Licht: 0","145075","3","6","2","07","17","3","","0","0","1","0","0"
"POINT (9.857102704000056 52.361660697000048)","Unfall 145076 (2021) Kat:2, Licht: 0","145076","2","4","6","07","12","6","","0","0","1","1","0"
"POINT (9.748082923000027 52.390901099000075)","Unfall 145081 (2021) Kat:3, Licht: 0","145081","3","3","5","07","06","2","","0","1","1","0","0"
"POINT (9.726248638000072 52.381651947000080)","Unfall 145089 (2021) Kat:3, Licht: 1","145089","3","7","0","07","05","5","","1","0","0","0","1"
"POINT (9.818899335000026 52.359658915000068)","Unfall 145091 (2021) Kat:3, Licht: 0","145091","3","3","5","07","11","7","","0","1","1","0","0"
"POINT (9.704997396000067 52.374305746000061)","Unfall 145092 (2021) Kat:3, Licht: 0","145092","3","1","0","07","16","1","","0","1","0","0","0"
"POINT (9.655561323000029 52.420974578000028)","Unfall 145093 (2021) Kat:2, Licht: 2","145093","2","7","8","07","01","1","","2","0","1","0","0"
"POINT (9.735024705000058 52.380249216000038)","Unfall 145094 (2021) Kat:3, Licht: 0","145094","3","6","4","07","19","3","","0","1","0","0","0"
"POINT (9.728484775000027 52.345484843000065)","Unfall 145095 (2021) Kat:3, Licht: 2","145095","3","3","5","07","23","7","","2","1","1","0","0"
"POINT (9.689730200000042 52.364778068000078)","Unfall 145098 (2021) Kat:3, Licht: 0","145098","3","2","4","07","19","3","","0","0","1","0","0"
"POINT (9.765230124000027 52.342764555000031)","Unfall 145102 (2021) Kat:3, Licht: 0","145102","3","2","5","07","11","4","","0","0","1","0","1"
"POINT (9.710841414000072 52.367288253000027)","Unfall 145108 (2021) Kat:2, Licht: 0","145108","2","1","0","07","11","7","","0","1","0","0","0"
"POINT (9.712763654000071 52.360846950000052)","Unfall 145114 (2021) Kat:2, Licht: 2","145114","2","4","6","07","22","4","","2","0","1","1","0"
"POINT (9.744097111000031 52.372549730000060)","Unfall 145115 (2021) Kat:3, Licht: 0","145115","3","1","0","07","08","6","","0","1","0","0","0"
"POINT (9.720320329000060 52.400041218000069)","Unfall 145119 (2021) Kat:3, Licht: 0","145119","3","4","6","07","17","6","","0","0","1","1","0"
"POINT (9.695246501000042 52.407486512000048)","Unfall 145121 (2021) Kat:3, Licht: 0","145121","3","3","5","07","06","5","","0","0","1","0","0"
"POINT (9.734769885000048 52.369960105000075)","Unfall 145124 (2021) Kat:3, Licht: 2","145124","3","1","0","07","00","5","","2","1","0","0","0"
"POINT (9.767201754000041 52.342049687000042)","Unfall 145134 (2021) Kat:3, Licht: 0","145134","3","5","1","07","14","4","","0","1","1","0","0"
"POINT (9.731738132000032 52.375916882000070)","Unfall 145145 (2021) Kat:3, Licht: 0","145145","3","6","2","07","09","7","","0","0","1","0","0"
"POINT (9.693995067000060 52.395158741000046)","Unfall 145150 (2021) Kat:3, Licht: 2","145150","3","1","0","07","02","1","","2","1","0","0","0"
"POINT (9.738324285000033 52.375921159000029)","Unfall 145153 (2021) Kat:3, Licht: 0","145153","3","5","1","07","14","5","","0","1","1","0","0"
"POINT (9.695521612000050 52.408854519000045)","Unfall 145156 (2021) Kat:3, Licht: 0","145156","3","2","5","07","12","3","","0","1","1","0","0"
"POINT (9.734127693000062 52.376681093000059)","Unfall 145159 (2021) Kat:3, Licht: 0","145159","3","1","0","07","13","7","","0","1","0","0","0"
"POINT (9.752556241000036 52.362850238000078)","Unfall 145164 (2021) Kat:3, Licht: 2","145164","3","5","1","07","23","7","","2","1","1","0","0"
"POINT (9.766823589000069 52.345143814000039)","Unfall 145171 (2021) Kat:2, Licht: 1","145171","2","5","1","07","04","3","","1","1","1","0","0"
"POINT (9.732564100000047 52.362139937000052)","Unfall 145174 (2021) Kat:3, Licht: 2","145174","3","1","0","07","22","5","","2","0","0","0","1"
"POINT (9.820714722000048 52.398917456000049)","Unfall 145188 (2021) Kat:3, Licht: 0","145188","3","1","0","07","10","1","","0","1","0","0","0"
"POINT (9.738314496000044 52.382122620000075)","Unfall 145189 (2021) Kat:3, Licht: 0","145189","3","3","5","07","14","6","","0","1","1","0","0"
"POINT (9.749722970000050 52.376328349000062)","Unfall 145190 (2021) Kat:3, Licht: 0","145190","3","3","5","07","10","1","","0","1","0","0","0"