WKT,Name,OBJECTID,UKATEGORIE,UTYP1,UART,UMONAT,USTUNDE,UWOCHENTAG,STRZUSTAND,ULICHTVERH,ISTRAD,ISTPKW,ISTFUSS,ISTKRAD
"POINT (9.740980255000068 52.403434829000048)","Unfall 145194 (2021) Kat:3, Licht: 0","145194","3","6","4","07","18","6","","0","1","1","0","0"
"POINT (9.693437310000036 52.392350190000059)","Unfall 145203 (2021) Kat:3, Licht: 0","145203","3","2","4","07","18","6","","0","0","1","0","0"
"POINT (9.707272759000034 52.369318244000056)","Unfall 145213 (2021) Kat:3, Licht: 0","145213","3","2","5","07","12","7","","0","1","1","0","0"
"POINT (9.699494955000034 52.348399216000075)","Unfall 145218 (2021) Kat:3, Licht: 0","145218","3","7","0","07","16","3","","0","0","1","0","0"
"POINT (9.749178681000046 52.389827286000070)","Unfall 145231 (2021) Kat:3, Licht: 0","145231","3","3","5","07","19","2","","0","1","1","0","0"
"POINT (9.656006038000044 52.408687874000066)","Unfall 145246 (2021) Kat:3, Licht: 0","145246","3","3","0","07","16","3","","0","1","1","0","0"
"POINT (9.718242773000043 52.354570584000044)","Unfall 145250 (2021) Kat:3, Licht: 0","145250","3","6","2","07","11","4","","0","1","0","0","0"
"POINT (9.750185084000066 52.380370682000034)","Unfall 145259 (2021) Kat:3, Licht: 0","145259","3","5","1","07","07","3","","0","1","1","0","0"
"POINT (9.778032593000034 52.362310256000058)","Unfall 145263 (2021) Kat:3, Licht: 0","145263","3","3","5","07","11","6","","0","1","1","0","0"
"POINT (9.746241179000037 52.361728685000060)","Unfall 145269 (2021) Kat:3, Licht: 0","145269","3","5","1","07","10","3","","0","1","1","0","0"
"POINT (9.820775663000063 52.388307516000054)","Unfall 145270 (2021) Kat:3, Licht: 0","145270","3","2","5","07","13","7","","0","0","1","0","0"
"POINT (9.763610578000055 52.399686020000047)","Unfall 145281 (2021) Kat:3, Licht: 0","145281","3","2","5","07","14","6","","0","1","1","0","0"
"POINT (9.739366313000062 52.373596420000069)","Unfall 145287 (2021) Kat:3, Licht: 0","145287","3","7","6","07","10","7","","0","1","0","1","0"
"POINT (9.774832710000055 52.351217688000077)","Unfall 145295 (2021) Kat:3, Licht: 2","145295","3","5","1","07","21","6","","2","1","1","0","0"
"POINT (9.693282670000031 52.395646053000064)","Unfall 145301 (2021) Kat:3, Licht: 0","145301","3","1","9","07","18","2","","0","1","0","0","0"
"POINT (9.680849586000022 52.350578088000077)","Unfall 145302 (2021) Kat:3, Licht: 0","145302","3","6","6","07","07","4","","0","0","0","1","0"
"POINT (9.717226096000047 52.339764834000050)","Unfall 145304 (2021) Kat:3, Licht: 0","145304","3","3","5","07","17","2","","0","1","1","0","0"
"POINT (9.714691413000025 52.410439783000072)","Unfall 145319 (2021) Kat:3, Licht: 0","145319","3","1","0","07","09","3","","0","1","0","0","0"
"POINT (9.752063498000041 52.410427951000031)","Unfall 145321 (2021) Kat:3, Licht: 0","145321","3","2","2","07","14","7","","0","0","1","0","0"
"POINT (9.675858859000073 52.381891189000044)","Unfall 145322 (2021) Kat:2, Licht: 2","145322","2","1","0","07","17","4","","2","1","0","0","0"
"POINT (9.743823027000076 52.380703855000036)","Unfall 145333 (2021) Kat:3, Licht: 0","145333","3","3","5","07","11","5","","0","0","1","0","0"
"POINT (9.753767409000034 52.367180799000039)","Unfall 145341 (2021) Kat:3, Licht: 0","145341","3","3","0","07","10","4","","0","0","1","0","0"
"POINT (9.738042902000075 52.382135923000078)","Unfall 145358 (2021) Kat:3, Licht: 0","145358","3","2","5","07","11","7","","0","1","1","0","0"
"POINT (9.811710449000032 52.398473409000076)","Unfall 145359 (2021) Kat:3, Licht: 2","145359","3","5","1","07","02","1","","2","1","1","0","0"
"POINT (9.719875403000060 52.366556394000042)","Unfall 145361 (2021) Kat:3, Licht: 0","145361","3","3","5","07","09","3","","0","0","1","0","0"
"POINT (9.742287785000030 52.378392406000046)","Unfall 145375 (2021) Kat:3, Licht: 1","145375","3","6","6","07","21","5","","1","0","1","1","0"
"POINT (9.829753322000045 52.332465469000056)","Unfall 145394 (2021) Kat:3, Licht: 0","145394","3","1","0","07","18","1","","0","1","0","0","0"
"POINT (9.797980340000038 52.413135729000032)","Unfall 145401 (2021) Kat:3, Licht: 0","145401","3","3","0","07","09","5","","0","1","1","0","0"
"POINT (9.792383757000039 52.396628739000050)","Unfall 145406 (2021) Kat:3, Licht: 0","145406","3","6","2","07","13","4","","0","0","1","0","0"
"POINT (9.744232435000072 52.373323346000063)","Unfall 145410 (2021) Kat:3, Licht: 0","145410","3","1","0","07","16","6","","0","1","0","0","0"
"POINT (9.827074999000047 52.342124626000043)","Unfall 145414 (2021) Kat:3, Licht: 0","145414","3","1","0","07","12","2","","0","1","0","0","0"
"POINT (9.769914303000064 52.394787468000061)","Unfall 145415 (2021) Kat:3, Licht: 0","145415","3","7","2","07","09","3","","0","0","0","0","1"
"POINT (9.806331411000031 52.378390166000031)","Unfall 145416 (2021) Kat:3, Licht: 0","145416","3","6","2","07","16","4","","0","0","1","0","0"
"POINT (9.708613064000076 52.373055353000041)","Unfall 145420 (2021) Kat:3, Licht: 0","145420","3","1","0","07","14","6","","0","1","0","0","0"
"POINT (9.741011565000065 52.398782214000050)","Unfall 145421 (2021) Kat:3, Licht: 0","145421","3","2","4","07","20","7","","0","1","1","0","0"
"POINT (9.795565200000055 52.375563530000079)","Unfall 145452 (2021) Kat:3, Licht: 0","145452","3","3","5","07","16","7","","0","1","1","0","0"
"POINT (9.705893382000056 52.369948148000049)","Unfall 145455 (2021) Kat:3, Licht: 0","145455","3","6","2","07","19","3","","0","0","1","0","0"
"POINT (9.751812118000032 52.377022079000028)","Unfall 145456 (2021) Kat:3, Licht: 0","145456","3","6","3","07","14","6","","0","1","1","0","0"
"POINT (9.749623570000040 52.383863894000058)","Unfall 145457 (2021) Kat:3, Licht: 0","145457","3","3","5","07","14","3","","0","1","0","0","0"
"POINT (9.733641188000036 52.376696324000079)","Unfall 145461 (2021) Kat:3, Licht: 2","145461","3","1","0","08","01","1","","2","1","0","0","0"
"POINT (9.791595113000028 52.403197462000037)","Unfall 145474 (2021) Kat:3, Licht: 0","145474","3","2","5","07","08","4","","0","1","1","0","0"
"POINT (9.727632122000045 52.350094652000053)","Unfall 145475 (2021) Kat:2, Licht: 0","145475","2","7","0","07","18","7","","0","1","0","0","0"
"POINT (9.655230266000046 52.419729564000079)","Unfall 145485 (2021) Kat:3, Licht: 1","145485","3","7","0","07","05","5","","1","1","0","0","0"
"POINT (9.740176725000026 52.375830932000042)","Unfall 145491 (2021) Kat:3, Licht: 0","145491","3","7","6","07","15","6","","0","0","1","1","0"
"POINT (9.741115128000047 52.375303250000059)","Unfall 145495 (2021) Kat:3, Licht: 0","145495","3","6","4","07","17","4","","0","1","1","0","0"
"POINT (9.813802926000051 52.398946075000026)","Unfall 145503 (2021) Kat:3, Licht: 0","145503","3","2","5","07","15","3","","0","0","1","0","0"
"POINT (9.792485384000031 52.397083779000070)","Unfall 145511 (2021) Kat:2, Licht: 0","145511","2","2","5","07","13","2","","0","1","1","0","0"
"POINT (9.757776112000045 52.353235267000059)","Unfall 145512 (2021) Kat:3, Licht: 0","145512","3","7","0","07","20","2","","0","1","0","1","0"
"POINT (9.738028437000025 52.382145831000059)","Unfall 145546 (2021) Kat:3, Licht: 0","145546","3","2","5","07","18","7","","0","1","1","0","0"
"POINT (9.801459741000031 52.381284544000039)","Unfall 145553 (2021) Kat:3, Licht: 1","145553","3","1","1","07","20","5","","1","1","1","0","0"
"POINT (9.744238972000062 52.373361021000051)","Unfall 145559 (2021) Kat:3, Licht: 0","145559","3","1","0","07","15","2","","0","1","0","0","0"
"POINT (9.739739018000023 52.380834999000058)","Unfall 145565 (2021) Kat:3, Licht: 0","145565","3","6","2","07","06","4","","0","1","0","0","0"
"POINT (9.803825829000061 52.399007655000048)","Unfall 145586 (2021) Kat:3, Licht: 0","145586","3","5","1","07","18","3","","0","0","1","0","0"
"POINT (9.663769005000063 52.379868432000080)","Unfall 145594 (2021) Kat:2, Licht: 2","145594","2","1","0","07","23","7","","2","1","0","0","0"
"POINT (9.712206611000056 52.368604365000067)","Unfall 145596 (2021) Kat:3, Licht: 0","145596","3","3","5","07","12","3","","0","1","0","0","0"
"POINT (9.771576641000024 52.375292425000055)","Unfall 145599 (2021) Kat:3, Licht: 2","145599","3","1","0","07","00","6","","2","1","0","0","0"
"POINT (9.756582214000048 52.390763326000069)","Unfall 145602 (2021) Kat:2, Licht: 0","145602","2","1","0","08","16","1","","0","1","0","0","0"
"POINT (9.859079371000064 52.367954737000048)","Unfall 145607 (2021) Kat:3, Licht: 0","145607","3","2","5","07","13","2","","0","1","0","0","0"
"POINT (9.712327431000062 52.370876361000057)","Unfall 145617 (2021) Kat:3, Licht: 0","145617","3","6","2","07","16","6","","0","0","1","0","0"
"POINT (9.816877981000061 52.394266565000066)","Unfall 145618 (2021) Kat:3, Licht: 2","145618","3","1","0","07","00","1","","2","1","0","0","0"
"POINT (9.771438003000071 52.399363747000052)","Unfall 145622 (2021) Kat:3, Licht: 2","145622","3","5","1","07","23","6","","2","1","1","0","0"
"POINT (9.702787576000048 52.399747378000029)","Unfall 145629 (2021) Kat:3, Licht: 1","145629","3","1","7","07","04","7","","1","0","0","0","0"
"POINT (9.742767685000047 52.379221876000031)","Unfall 145641 (2021) Kat:3, Licht: 2","145641","3","4","0","07","21","7","","2","0","0","1","0"
"POINT (9.799012329000050 52.334691311000029)","Unfall 145642 (2021) Kat:3, Licht: 0","145642","3","3","5","07","10","5","","0","0","1","0","0"
"POINT (9.771509602000037 52.397622392000073)","Unfall 145645 (2021) Kat:3, Licht: 0","145645","3","2","0","07","09","3","","0","1","1","0","0"
"POINT (9.819133356000066 52.399900602000059)","Unfall 145654 (2021) Kat:2, Licht: 0","145654","2","1","0","07","14","1","","0","1","0","0","0"
"POINT (9.747449560000064 52.394861321000064)","Unfall 145673 (2021) Kat:3, Licht: 0","145673","3","7","0","07","16","6","","0","1","0","0","0"
"POINT (9.762799567000059 52.413031166000053)","Unfall 145683 (2021) Kat:3, Licht: 0","145683","3","7","0","07","08","2","","0","0","1","0","1"
"POINT (9.752298865000057 52.355068667000069)","Unfall 145699 (2021) Kat:3, Licht: 0","145699","3","1","8","07","06","7","","0","1","0","0","0"
"POINT (9.664855124000042 52.410796773000072)","Unfall 145711 (2021) Kat:3, Licht: 0","145711","3","6","0","07","17","5","","0","1","1","0","0"
"POINT (9.709255168000027 52.360248286000058)","Unfall 145729 (2021) Kat:3, Licht: 0","145729","3","2","5","07","17","2","","0","1","1","0","0"
"POINT (9.667402594000066 52.409284174000049)","Unfall 145730 (2021) Kat:3, Licht: 0","145730","3","7","1","07","20","4","","0","0","1","1","0"
"POINT (9.782395046000033 52.371431783000048)","Unfall 145735 (2021) Kat:3, Licht: 0","145735","3","6","4","07","16","4","","0","1","0","0","0"
"POINT (9.704838400000028 52.374382645000026)","Unfall 145740 (2021) Kat:3, Licht: 0","145740","3","1","0","07","15","7","","0","0","0","0","0"
"POINT (9.762804015000029 52.415918508000061)","Unfall 145757 (2021) Kat:3, Licht: 0","145757","3","7","0","07","16","3","","0","1","0","0","0"
"POINT (9.720919201000072 52.383936097000060)","Unfall 145761 (2021) Kat:3, Licht: 2","145761","3","3","0","07","22","1","","2","1","0","0","0"
"POINT (9.718213674000026 52.360482037000054)","Unfall 145772 (2021) Kat:3, Licht: 0","145772","3","1","0","07","11","1","","0","0","0","0","0"
"POINT (9.760235619000071 52.356361021000055)","Unfall 145778 (2021) Kat:3, Licht: 0","145778","3","2","5","07","17","3","","0","1","1","0","0"
"POINT (9.668173658000057 52.415396863000069)","Unfall 145816 (2021) Kat:3, Licht: 0","145816","3","3","5","07","17","3","","0","1","1","0","0"
"POINT (9.792227614000069 52.374589151000066)","Unfall 145818 (2021) Kat:3, Licht: 0","145818","3","1","0","07","20","4","","0","1","0","0","0"
"POINT (9.806650598000033 52.414790903000039)","Unfall 145822 (2021) Kat:3, Licht: 0","145822","3","1","0","07","15","1","","0","1","0","0","0"
"POINT (9.696901463000074 52.341506748000029)","Unfall 145829 (2021) Kat:3, Licht: 0","145829","3","6","2","07","16","5","","0","0","1","0","0"
"POINT (9.716911336000067 52.341759041000046)","Unfall 145830 (2021) Kat:3, Licht: 0","145830","3","1","0","07","12","3","","0","1","0","0","0"
"POINT (9.746854028000030 52.382586641000046)","Unfall 145836 (2021) Kat:3, Licht: 0","145836","3","3","5","07","14","7","","0","1","1","0","0"
"POINT (9.772114678000037 52.395493074000058)","Unfall 145849 (2021) Kat:3, Licht: 0","145849","3","6","2","07","13","7","","0","0","1","0","0"
"POINT (9.690137151000044 52.377005589000078)","Unfall 145859 (2021) Kat:2, Licht: 0","145859","2","6","3","07","19","7","","0","1","0","0","0"
"POINT (9.807597251000061 52.379660600000079)","Unfall 145873 (2021) Kat:3, Licht: 0","145873","3","3","5","07","13","4","","0","0","1","0","0"
"POINT (9.667046933000051 52.380167967000034)","Unfall 145878 (2021) Kat:3, Licht: 0","145878","3","7","0","07","16","7","","0","1","0","0","0"
"POINT (9.659718077000036 52.406579549000071)","Unfall 145881 (2021) Kat:3, Licht: 0","145881","3","5","3","07","14","7","","0","1","1","0","0"
"POINT (9.703906806000020 52.326989179000066)","Unfall 145885 (2021) Kat:3, Licht: 1","145885","3","1","0","07","21","6","","1","0","0","0","1"
"POINT (9.717304443000046 52.347639121000043)","Unfall 145913 (2021) Kat:3, Licht: 0","145913","3","6","2","07","15","6","","0","0","1","0","0"
"POINT (9.725186496000049 52.383937914000057)","Unfall 145916 (2021) Kat:3, Licht: 0","145916","3","2","5","07","13","6","","0","1","1","0","0"
"POINT (9.758118069000034 52.358228257000064)","Unfall 145942 (2021) Kat:3, Licht: 0","145942","3","4","6","08","07","4","","0","1","0","1","0"
"POINT (9.731211039000073 52.370813949000080)","Unfall 145948 (2021) Kat:3, Licht: 0","145948","3","1","8","08","13","7","","0","1","0","0","0"
"POINT (9.728339593000044 52.377821184000027)","Unfall 145959 (2021) Kat:3, Licht: 0","145959","3","6","2","09","15","4","","0","0","1","0","0"
"POINT (9.764945695000051 52.343049422000036)","Unfall 145964 (2021) Kat:3, Licht: 0","145964","3","6","2","08","15","2","","0","0","1","0","0"
"POINT (9.739497578000055 52.372156921000055)","Unfall 145966 (2021) Kat:3, Licht: 0","145966","3","1","0","08","17","5","","0","1","0","0","0"
"POINT (9.738079345000074 52.381847712000081)","Unfall 145971 (2021) Kat:3, Licht: 0","145971","3","2","2","09","14","6","","0","0","1","0","0"
"POINT (9.817270149000024 52.381426764000082)","Unfall 146007 (2021) Kat:3, Licht: 0","146007","3","3","5","08","18","6","","0","0","1","0","0"
"POINT (9.707939832000022 52.376428860000033)","Unfall 146011 (2021) Kat:3, Licht: 0","146011","3","3","5","08","07","2","","0","1","1","0","0"
"POINT (9.719996491000074 52.357697027000029)","Unfall 146030 (2021) Kat:3, Licht: 0","146030","3","3","5","08","12","3","","0","1","0","0","0"
"POINT (9.706950205000055 52.369950683000070)","Unfall 146039 (2021) Kat:3, Licht: 0","146039","3","6","2","08","10","3","","0","1","1","0","0"
"POINT (9.732962786000030 52.381181741000034)","Unfall 146048 (2021) Kat:3, Licht: 2","146048","3","5","1","09","03","1","","2","1","1","0","0"
"POINT (9.745005052000067 52.394511090000037)","Unfall 146052 (2021) Kat:3, Licht: 0","146052","3","4","0","08","10","6","","0","1","0","1","0"
"POINT (9.759932705000040 52.361754415000064)","Unfall 146053 (2021) Kat:3, Licht: 0","146053","3","3","5","08","17","6","","0","1","1","0","0"
"POINT (9.687103982000053 52.343364105000035)","Unfall 146054 (2021) Kat:3, Licht: 1","146054","3","4","6","08","20","3","","1","1","0","1","0"
"POINT (9.820500074000051 52.318409811000038)","Unfall 146058 (2021) Kat:3, Licht: 0","146058","3","1","0","08","14","6","","0","1","0","0","0"
"POINT (9.739160578000053 52.381399556000076)","Unfall 146090 (2021) Kat:3, Licht: 0","146090","3","6","3","08","16","5","","0","0","1","0","0"
"POINT (9.793828570000073 52.400910655000075)","Unfall 146094 (2021) Kat:3, Licht: 0","146094","3","4","0","09","17","3","","0","1","0","1","0"
"POINT (9.669861822000030 52.370407395000029)","Unfall 146098 (2021) Kat:3, Licht: 0","146098","3","3","5","08","13","4","","0","1","1","0","0"
"POINT (9.674162032000027 52.356352657000059)","Unfall 146105 (2021) Kat:3, Licht: 0","146105","3","1","0","08","08","1","","0","1","0","0","0"
"POINT (9.752401732000067 52.377614662000042)","Unfall 146110 (2021) Kat:3, Licht: 0","146110","3","6","6","09","13","6","","0","1","0","1","0"
"POINT (9.748378564000063 52.358514776000050)","Unfall 146112 (2021) Kat:3, Licht: 0","146112","3","2","4","08","15","3","","0","1","1","0","0"
"POINT (9.815602654000031 52.329068999000071)","Unfall 146116 (2021) Kat:3, Licht: 0","146116","3","6","4","08","08","5","","0","1","0","0","0"
"POINT (9.722941771000023 52.368958103000068)","Unfall 146117 (2021) Kat:3, Licht: 0","146117","3","6","0","08","12","2","","0","0","1","0","0"
"POINT (9.731745179000029 52.398562976000051)","Unfall 146118 (2021) Kat:3, Licht: 0","146118","3","2","2","08","17","5","","0","1","1","0","0"
"POINT (9.791596629000026 52.384774341000082)","Unfall 146142 (2021) Kat:3, Licht: 0","146142","3","3","5","08","19","5","","0","1","0","0","0"
"POINT (9.668708965000064 52.415414657000042)","Unfall 146146 (2021) Kat:3, Licht: 0","146146","3","3","5","09","15","3","","0","1","1","0","0"
"POINT (9.716558636000059 52.363096011000039)","Unfall 146149 (2021) Kat:3, Licht: 1","146149","3","6","2","08","20","1","","1","0","1","0","0"
"POINT (9.747574050000026 52.395269175000067)","Unfall 146151 (2021) Kat:3, Licht: 0","146151","3","2","5","08","17","4","","0","1","1","0","0"
"POINT (9.704040614000064 52.376227562000054)","Unfall 146167 (2021) Kat:2, Licht: 0","146167","2","3","5","08","19","6","","0","1","1","0","0"
"POINT (9.799485690000040 52.403526945000067)","Unfall 146170 (2021) Kat:3, Licht: 0","146170","3","7","0","08","09","1","","0","1","0","0","0"
"POINT (9.759583877000068 52.420654963000061)","Unfall 146171 (2021) Kat:3, Licht: 0","146171","3","3","0","09","09","4","","0","0","1","0","1"
"POINT (9.702463816000034 52.375007188000041)","Unfall 146185 (2021) Kat:3, Licht: 0","146185","3","1","0","08","18","6","","0","1","0","0","0"
"POINT (9.734581337000066 52.362282443000026)","Unfall 146186 (2021) Kat:3, Licht: 0","146186","3","1","0","09","18","7","","0","0","0","0","0"
"POINT (9.693834852000066 52.324456345000044)","Unfall 146189 (2021) Kat:3, Licht: 0","146189","3","3","5","09","16","4","","0","1","1","0","0"
"POINT (9.790286755000068 52.408338998000033)","Unfall 146195 (2021) Kat:3, Licht: 0","146195","3","6","2","09","13","6","","0","0","1","0","0"
"POINT (9.709254181000063 52.360212225000055)","Unfall 146208 (2021) Kat:3, Licht: 0","146208","3","2","5","08","13","3","","0","1","1","0","0"
"POINT (9.692486234000057 52.396737641000072)","Unfall 146211 (2021) Kat:3, Licht: 0","146211","3","2","5","09","07","4","","0","1","1","0","0"
"POINT (9.753549654000039 52.376506914000061)","Unfall 146222 (2021) Kat:3, Licht: 0","146222","3","3","5","08","16","2","","0","1","0","0","0"
"POINT (9.748159040000075 52.391099109000038)","Unfall 146231 (2021) Kat:3, Licht: 2","146231","3","2","5","09","22","6","","2","1","1","0","0"
"POINT (9.751925808000067 52.394962760000055)","Unfall 146245 (2021) Kat:3, Licht: 0","146245","3","3","0","09","17","3","","0","1","1","0","0"
"POINT (9.693700617000047 52.343072961000075)","Unfall 146246 (2021) Kat:3, Licht: 2","146246","3","6","2","08","21","1","","2","0","1","0","0"
"POINT (9.679378820000068 52.381206938000048)","Unfall 146249 (2021) Kat:3, Licht: 0","146249","3","7","0","08","15","4","","0","1","0","0","0"
"POINT (9.757059944000048 52.364223428000059)","Unfall 146254 (2021) Kat:3, Licht: 0","146254","3","2","5","08","13","4","","0","1","1","0","0"
"POINT (9.772013936000064 52.364919316000055)","Unfall 146264 (2021) Kat:3, Licht: 0","146264","3","2","3","09","11","5","","0","1","1","0","0"
"POINT (9.728412888000037 52.377894304000051)","Unfall 146267 (2021) Kat:3, Licht: 0","146267","3","6","0","08","16","3","","0","1","0","0","0"
"POINT (9.744841543000064 52.377285571000073)","Unfall 146269 (2021) Kat:3, Licht: 0","146269","3","5","1","09","15","3","","0","1","1","0","0"
"POINT (9.737803746000054 52.383873080000058)","Unfall 146270 (2021) Kat:3, Licht: 2","146270","3","1","0","08","23","2","","2","1","0","0","0"
"POINT (9.820098400000063 52.331217924000043)","Unfall 146273 (2021) Kat:2, Licht: 1","146273","2","7","0","08","20","2","","1","1","0","0","0"
"POINT (9.719890779000025 52.366556448000040)","Unfall 146278 (2021) Kat:3, Licht: 0","146278","3","7","6","08","14","5","","0","0","1","1","0"
"POINT (9.744399950000059 52.370731069000044)","Unfall 146283 (2021) Kat:3, Licht: 0","146283","3","3","5","08","10","6","","0","1","1","0","0"
"POINT (9.724470327000063 52.383821809000040)","Unfall 146294 (2021) Kat:3, Licht: 2","146294","3","5","1","09","22","4","","2","1","1","0","0"
"POINT (9.762420164000048 52.396885702000077)","Unfall 146298 (2021) Kat:3, Licht: 0","146298","3","3","5","08","07","1","","0","1","1","0","0"
"POINT (9.702039267000032 52.328930004000028)","Unfall 146305 (2021) Kat:2, Licht: 1","146305","2","1","0","08","08","7","","1","1","0","0","0"
"POINT (9.766859739000040 52.382343789000060)","Unfall 146307 (2021) Kat:3, Licht: 0","146307","3","2","5","08","08","4","","0","0","1","0","0"
"POINT (9.816143163000049 52.407878883000080)","Unfall 146323 (2021) Kat:3, Licht: 0","146323","3","2","2","09","17","3","","0","1","1","0","0"
"POINT (9.732054073000029 52.374316745000044)","Unfall 146325 (2021) Kat:3, Licht: 0","146325","3","2","2","08","17","6","","0","0","1","0","1"
"POINT (9.701630316000035 52.408707863000075)","Unfall 146342 (2021) Kat:3, Licht: 0","146342","3","3","5","08","19","4","","0","0","1","0","0"
"POINT (9.789610101000051 52.397063130000049)","Unfall 146343 (2021) Kat:3, Licht: 0","146343","3","7","0","08","13","7","","0","0","1","0","0"
"POINT (9.720247600000050 52.375316191000081)","Unfall 146349 (2021) Kat:3, Licht: 0","146349","3","5","0","08","14","2","","0","1","0","0","0"
"POINT (9.694289803000061 52.403471146000072)","Unfall 146351 (2021) Kat:3, Licht: 0","146351","3","3","5","09","17","7","","0","0","1","0","0"
"POINT (9.764902340000049 52.417775732000052)","Unfall 146354 (2021) Kat:3, Licht: 0","146354","3","2","2","09","18","4","","0","0","1","0","0"
"POINT (9.738496055000041 52.382220847000042)","Unfall 146375 (2021) Kat:3, Licht: 0","146375","3","1","0","08","16","4","","0","1","0","0","0"
"POINT (9.683045573000072 52.346754945000043)","Unfall 146388 (2021) Kat:3, Licht: 0","146388","3","1","0","08","15","6","","0","1","0","0","0"
"POINT (9.692241980000063 52.387422832000027)","Unfall 146394 (2021) Kat:3, Licht: 0","146394","3","1","0","08","08","1","","0","1","0","0","0"
"POINT (9.803111207000029 52.396498752000070)","Unfall 146395 (2021) Kat:3, Licht: 2","146395","3","2","4","09","19","4","","2","0","1","0","0"
"POINT (9.700099751000039 52.328889623000066)","Unfall 146402 (2021) Kat:3, Licht: 0","146402","3","3","5","08","17","5","","0","1","1","0","0"
"POINT (9.714367488000050 52.369180616000051)","Unfall 146405 (2021) Kat:3, Licht: 0","146405","3","3","0","08","17","5","","0","1","0","0","0"
"POINT (9.761266541000055 52.333895424000048)","Unfall 146408 (2021) Kat:3, Licht: 0","146408","3","7","5","09","11","6","","0","0","1","0","0"
"POINT (9.776370560000032 52.416548761000058)","Unfall 146409 (2021) Kat:3, Licht: 0","146409","3","7","1","08","11","2","","0","0","1","0","0"
"POINT (9.769337425000060 52.338239728000076)","Unfall 146410 (2021) Kat:3, Licht: 0","146410","3","4","6","08","10","4","","0","0","1","1","0"
"POINT (9.711797455000067 52.399449192000077)","Unfall 146435 (2021) Kat:3, Licht: 0","146435","3","7","0","08","07","3","","0","1","0","0","0"
"POINT (9.708176483000045 52.367221199000028)","Unfall 146442 (2021) Kat:3, Licht: 2","146442","3","1","0","08","01","2","","2","1","0","0","0"
"POINT (9.733728707000068 52.379823187000056)","Unfall 146445 (2021) Kat:3, Licht: 0","146445","3","3","5","08","20","3","","0","0","1","0","0"
"POINT (9.753588200000024 52.363296375000061)","Unfall 146449 (2021) Kat:3, Licht: 0","146449","3","3","5","08","15","5","","0","0","1","0","0"
"POINT (9.699306964000073 52.415893709000045)","Unfall 146454 (2021) Kat:3, Licht: 0","146454","3","6","2","09","19","6","","0","0","1","0","0"
"POINT (9.759252449000030 52.369908147000046)","Unfall 146455 (2021) Kat:3, Licht: 0","146455","3","3","5","08","06","2","","0","1","1","0","0"
"POINT (9.736798512000064 52.364428647000068)","Unfall 146461 (2021) Kat:3, Licht: 0","146461","3","2","5","09","16","1","","0","1","0","0","0"
"POINT (9.769827194000072 52.336313051000047)","Unfall 146468 (2021) Kat:3, Licht: 0","146468","3","3","5","08","12","3","","0","1","1","0","0"
"POINT (9.821992334000072 52.400293837000049)","Unfall 146477 (2021) Kat:3, Licht: 0","146477","3","3","5","08","17","5","","0","1","1","0","0"
"POINT (9.780668337000066 52.328496953000069)","Unfall 146479 (2021) Kat:3, Licht: 0","146479","3","2","3","09","16","3","","0","1","1","0","0"
"POINT (9.694668090000050 52.405924542000037)","Unfall 146483 (2021) Kat:3, Licht: 1","146483","3","7","7","08","06","4","","1","1","0","0","0"
"POINT (9.815617324000073 52.395885384000053)","Unfall 146488 (2021) Kat:3, Licht: 0","146488","3","2","3","08","14","2","","0","1","1","0","0"
"POINT (9.774270507000040 52.335665086000063)","Unfall 146492 (2021) Kat:3, Licht: 0","146492","3","2","5","08","18","3","","0","0","1","0","0"
"POINT (9.735469856000066 52.384526897000057)","Unfall 146494 (2021) Kat:3, Licht: 0","146494","3","3","0","08","12","6","","0","1","1","0","0"
"POINT (9.780998324000052 52.398298531000080)","Unfall 146495 (2021) Kat:3, Licht: 0","146495","3","3","5","08","16","6","","0","1","1","0","0"
"POINT (9.799701923000043 52.336071297000046)","Unfall 146503 (2021) Kat:3, Licht: 0","146503","3","1","0","08","16","6","","0","1","0","0","0"
"POINT (9.754103738000026 52.361437524000053)","Unfall 146515 (2021) Kat:3, Licht: 1","146515","3","7","0","08","21","4","","1","1","0","0","0"
"POINT (9.730069964000052 52.391875471000048)","Unfall 146520 (2021) Kat:3, Licht: 2","146520","3","3","5","08","21","6","","2","1","1","0","0"
"POINT (9.743968851000034 52.371187311000028)","Unfall 146527 (2021) Kat:3, Licht: 0","146527","3","1","0","08","17","3","","0","1","0","0","0"
"POINT (9.734173723000026 52.374514657000077)","Unfall 146537 (2021) Kat:3, Licht: 2","146537","3","2","6","08","00","3","","2","0","1","1","0"
"POINT (9.733165557000063 52.354068064000046)","Unfall 146540 (2021) Kat:2, Licht: 0","146540","2","1","3","08","16","4","","0","1","1","0","0"
"POINT (9.750022377000050 52.376530002000038)","Unfall 146542 (2021) Kat:3, Licht: 0","146542","3","1","0","08","13","5","","0","0","0","0","1"
"POINT (9.685667649000038 52.392419408000080)","Unfall 146556 (2021) Kat:3, Licht: 0","146556","3","6","4","08","15","6","","0","0","1","0","0"