WKT,Name,OBJECTID,UKATEGORIE,UTYP1,UART,UMONAT,USTUNDE,UWOCHENTAG,STRZUSTAND,ULICHTVERH,ISTRAD,ISTPKW,ISTFUSS,ISTKRAD
"POINT (9.805149390000054 52.411356719000082)","Unfall 146564 (2021) Kat:3, Licht: 0","146564","3","4","6","09","14","2","","0","0","1","1","0"
"POINT (9.731574353000042 52.374838702000034)","Unfall 146586 (2021) Kat:3, Licht: 0","146586","3","6","6","08","16","4","","0","0","1","1","0"
"POINT (9.741169005000074 52.375393308000071)","Unfall 146592 (2021) Kat:3, Licht: 0","146592","3","7","0","08","14","6","","0","1","0","0","0"
"POINT (9.755017748000057 52.384843256000067)","Unfall 146594 (2021) Kat:3, Licht: 0","146594","3","3","5","08","17","1","","0","1","1","0","0"
"POINT (9.787362204000033 52.407029070000078)","Unfall 146596 (2021) Kat:3, Licht: 0","146596","3","5","0","08","11","3","","0","1","1","0","0"
"POINT (9.730636716000049 52.374886291000053)","Unfall 146598 (2021) Kat:3, Licht: 0","146598","3","7","3","08","12","4","","0","0","1","0","0"
"POINT (9.850379804000056 52.397181800000055)","Unfall 146604 (2021) Kat:3, Licht: 0","146604","3","1","0","08","17","1","","0","1","0","0","0"
"POINT (9.754007040000033 52.378887398000074)","Unfall 146614 (2021) Kat:3, Licht: 0","146614","3","6","6","08","11","6","","0","1","0","1","0"
"POINT (9.782541914000035 52.373272101000055)","Unfall 146617 (2021) Kat:3, Licht: 0","146617","3","3","5","08","13","1","","0","1","0","0","0"
"POINT (9.673022218000028 52.367854451000028)","Unfall 146619 (2021) Kat:3, Licht: 0","146619","3","6","4","08","09","6","","0","0","1","0","1"
"POINT (9.674293903000034 52.397489581000059)","Unfall 146623 (2021) Kat:3, Licht: 0","146623","3","6","4","09","18","4","","0","1","0","0","0"
"POINT (9.810075249000022 52.376472246000048)","Unfall 146636 (2021) Kat:3, Licht: 0","146636","3","7","0","09","07","2","","0","1","0","0","0"
"POINT (9.689782586000035 52.350188802000048)","Unfall 146639 (2021) Kat:3, Licht: 0","146639","3","6","2","08","12","6","","0","0","1","0","0"
"POINT (9.654622388000064 52.413094875000070)","Unfall 146642 (2021) Kat:3, Licht: 0","146642","3","5","0","08","18","2","","0","1","0","0","0"
"POINT (9.719752157000073 52.366613117000043)","Unfall 146649 (2021) Kat:3, Licht: 0","146649","3","5","3","08","10","6","","0","1","1","0","0"
"POINT (9.764907431000040 52.417777970000031)","Unfall 146650 (2021) Kat:3, Licht: 0","146650","3","5","1","08","10","6","","0","0","1","0","0"
"POINT (9.716763624000066 52.370282120000070)","Unfall 146654 (2021) Kat:3, Licht: 2","146654","3","7","1","08","22","2","","2","1","1","0","0"
"POINT (9.736964146000048 52.381363158000056)","Unfall 146656 (2021) Kat:3, Licht: 0","146656","3","6","3","09","14","7","","0","1","1","0","0"
"POINT (9.714291603000049 52.408768282000040)","Unfall 146660 (2021) Kat:3, Licht: 0","146660","3","5","2","08","16","5","","0","1","1","0","0"
"POINT (9.808495616000073 52.332135004000065)","Unfall 146666 (2021) Kat:3, Licht: 2","146666","3","1","0","08","23","6","","2","0","0","0","1"
"POINT (9.791577967000023 52.403270537000026)","Unfall 146667 (2021) Kat:3, Licht: 0","146667","3","6","2","09","13","6","","0","0","1","0","0"
"POINT (9.735551105000070 52.375167929000042)","Unfall 146671 (2021) Kat:3, Licht: 0","146671","3","3","5","08","08","4","","0","1","0","0","0"
"POINT (9.722936528000048 52.368934800000034)","Unfall 146680 (2021) Kat:2, Licht: 0","146680","2","3","5","08","09","3","","0","1","0","0","0"
"POINT (9.744102134000059 52.369674769000028)","Unfall 146684 (2021) Kat:3, Licht: 0","146684","3","2","5","08","18","4","","0","1","1","0","0"
"POINT (9.733726725000054 52.362140918000080)","Unfall 146696 (2021) Kat:3, Licht: 0","146696","3","3","5","08","19","3","","0","1","1","0","0"
"POINT (9.735009169000023 52.387095339000041)","Unfall 146700 (2021) Kat:3, Licht: 2","146700","3","4","6","08","23","3","","2","0","1","1","0"
"POINT (9.827860091000048 52.384842567000078)","Unfall 146701 (2021) Kat:3, Licht: 0","146701","3","6","2","08","13","5","","0","0","1","0","0"
"POINT (9.791037508000045 52.396875733000059)","Unfall 146716 (2021) Kat:3, Licht: 0","146716","3","6","2","08","18","6","","0","0","1","0","0"
"POINT (9.693486401000030 52.392196677000072)","Unfall 146759 (2021) Kat:3, Licht: 0","146759","3","3","5","09","14","4","","0","1","1","0","0"
"POINT (9.712202066000032 52.382383216000051)","Unfall 146766 (2021) Kat:3, Licht: 2","146766","3","1","0","08","02","6","","2","1","0","0","0"
"POINT (9.790638448000038 52.358375857000055)","Unfall 146794 (2021) Kat:3, Licht: 0","146794","3","7","0","08","16","4","","0","1","0","0","0"
"POINT (9.796305896000035 52.404508081000074)","Unfall 146798 (2021) Kat:3, Licht: 0","146798","3","3","5","08","12","5","","0","1","1","0","0"
"POINT (9.787084998000068 52.401669858000048)","Unfall 146804 (2021) Kat:3, Licht: 2","146804","3","3","5","08","22","4","","2","0","1","0","0"
"POINT (9.731508600000041 52.393752989000063)","Unfall 146824 (2021) Kat:3, Licht: 0","146824","3","1","0","08","17","1","","0","1","0","0","0"
"POINT (9.739486068000076 52.369941599000072)","Unfall 146827 (2021) Kat:2, Licht: 0","146827","2","5","1","08","18","6","","0","1","1","0","0"
"POINT (9.796808234000025 52.343986245000053)","Unfall 146835 (2021) Kat:3, Licht: 0","146835","3","5","4","08","07","6","","0","1","0","0","0"
"POINT (9.721643573000051 52.387336237000056)","Unfall 146836 (2021) Kat:3, Licht: 0","146836","3","4","6","09","15","3","","0","0","1","1","0"
"POINT (9.716697530000033 52.372827856000072)","Unfall 146839 (2021) Kat:3, Licht: 0","146839","3","6","2","09","18","6","","0","0","1","0","0"
"POINT (9.760445674000039 52.369519780000076)","Unfall 146841 (2021) Kat:3, Licht: 0","146841","3","3","5","08","09","3","","0","1","0","0","0"
"POINT (9.710991652000075 52.367254247000062)","Unfall 146843 (2021) Kat:3, Licht: 0","146843","3","1","0","08","16","4","","0","1","1","0","0"
"POINT (9.696981438000023 52.339679486000080)","Unfall 146849 (2021) Kat:3, Licht: 0","146849","3","1","0","08","14","7","","0","1","0","0","0"
"POINT (9.767192910000063 52.337675972000056)","Unfall 146851 (2021) Kat:3, Licht: 1","146851","3","3","5","08","20","2","","1","1","1","0","0"
"POINT (9.746761016000050 52.392628864000073)","Unfall 146853 (2021) Kat:3, Licht: 0","146853","3","2","5","09","15","1","","0","0","1","0","0"
"POINT (9.807905177000066 52.389185475000033)","Unfall 146855 (2021) Kat:3, Licht: 0","146855","3","3","5","09","17","4","","0","1","1","0","0"
"POINT (9.683131660000072 52.413480086000050)","Unfall 146857 (2021) Kat:3, Licht: 0","146857","3","3","5","09","09","5","","0","1","1","0","0"
"POINT (9.714381182000068 52.376981394000040)","Unfall 146858 (2021) Kat:3, Licht: 2","146858","3","7","0","08","00","6","","2","1","0","0","0"
"POINT (9.819449582000061 52.429301462000069)","Unfall 146861 (2021) Kat:3, Licht: 1","146861","3","2","5","09","19","3","","1","0","1","0","0"
"POINT (9.766990074000034 52.357892659000072)","Unfall 146868 (2021) Kat:3, Licht: 2","146868","3","1","0","08","22","4","","2","0","0","0","0"
"POINT (9.727655869000046 52.374612487000036)","Unfall 146886 (2021) Kat:3, Licht: 2","146886","3","2","5","08","22","7","","2","1","1","0","0"
"POINT (9.792996397000024 52.333634442000061)","Unfall 146906 (2021) Kat:3, Licht: 0","146906","3","3","5","08","13","3","","0","1","1","0","0"
"POINT (9.746898491000024 52.387133497000036)","Unfall 146922 (2021) Kat:3, Licht: 0","146922","3","5","1","08","19","5","","0","1","1","0","0"
"POINT (9.741812505000041 52.398501030000034)","Unfall 146924 (2021) Kat:3, Licht: 0","146924","3","3","0","08","18","5","","0","1","0","0","0"
"POINT (9.741460123000024 52.371146198000076)","Unfall 146925 (2021) Kat:2, Licht: 0","146925","2","2","4","09","17","2","","0","0","1","0","1"
"POINT (9.707184621000067 52.373611133000054)","Unfall 146935 (2021) Kat:3, Licht: 2","146935","3","3","5","09","21","2","","2","1","1","0","0"
"POINT (9.648751902000072 52.427052556000035)","Unfall 146936 (2021) Kat:3, Licht: 1","146936","3","7","7","08","20","4","","1","1","0","0","0"
"POINT (9.757474851000040 52.363932646000080)","Unfall 146961 (2021) Kat:3, Licht: 0","146961","3","7","0","08","20","7","","0","1","0","0","0"
"POINT (9.809166768000068 52.395272485000078)","Unfall 146966 (2021) Kat:3, Licht: 0","146966","3","1","0","08","14","5","","0","1","0","0","0"
"POINT (9.710560823000037 52.360381840000059)","Unfall 146967 (2021) Kat:3, Licht: 0","146967","3","6","2","08","07","6","","0","0","1","0","0"
"POINT (9.766787670000042 52.367178866000074)","Unfall 146972 (2021) Kat:3, Licht: 1","146972","3","2","5","09","06","6","","1","1","1","0","0"
"POINT (9.812150897000038 52.387037685000053)","Unfall 146976 (2021) Kat:3, Licht: 0","146976","3","3","5","08","14","4","","0","0","1","0","0"
"POINT (9.692589943000030 52.409497448000081)","Unfall 146985 (2021) Kat:2, Licht: 2","146985","2","3","0","08","05","3","","2","0","0","0","1"
"POINT (9.705104930000061 52.407288047000065)","Unfall 146988 (2021) Kat:3, Licht: 0","146988","3","3","5","08","12","7","","0","0","1","0","1"
"POINT (9.684420051000075 52.377204596000070)","Unfall 146992 (2021) Kat:3, Licht: 0","146992","3","1","0","08","17","3","","0","1","0","0","0"
"POINT (9.723013695000077 52.349829436000050)","Unfall 146994 (2021) Kat:3, Licht: 0","146994","3","6","2","08","14","6","","0","0","1","0","1"
"POINT (9.690091092000046 52.346072680000077)","Unfall 146995 (2021) Kat:3, Licht: 0","146995","3","6","2","09","14","7","","0","0","1","0","1"
"POINT (9.792071136000061 52.396738610000057)","Unfall 147001 (2021) Kat:3, Licht: 0","147001","3","7","0","09","13","2","","0","1","1","0","0"
"POINT (9.744648356000027 52.374403092000080)","Unfall 147003 (2021) Kat:3, Licht: 2","147003","3","2","5","09","19","7","","2","1","1","0","0"
"POINT (9.707438729000046 52.401490052000042)","Unfall 147005 (2021) Kat:2, Licht: 2","147005","2","1","0","09","03","7","","2","0","0","0","0"
"POINT (9.729764276000026 52.398358308000070)","Unfall 147009 (2021) Kat:2, Licht: 0","147009","2","3","5","10","15","2","","0","1","0","0","0"
"POINT (9.734859316000041 52.399294612000062)","Unfall 147010 (2021) Kat:3, Licht: 0","147010","3","7","0","09","13","7","","0","1","0","0","0"
"POINT (9.722769066000069 52.397555903000068)","Unfall 147011 (2021) Kat:3, Licht: 0","147011","3","1","0","09","16","2","","0","1","0","0","0"
"POINT (9.712554109000052 52.360801003000063)","Unfall 147018 (2021) Kat:3, Licht: 0","147018","3","6","3","10","13","6","","0","0","1","0","0"
"POINT (9.745775558000048 52.378952905000062)","Unfall 147020 (2021) Kat:3, Licht: 0","147020","3","3","5","10","13","1","","0","1","1","0","0"
"POINT (9.665874523000070 52.409620171000029)","Unfall 147028 (2021) Kat:3, Licht: 0","147028","3","7","1","10","09","5","","0","0","1","0","0"
"POINT (9.763014641000041 52.356782634000069)","Unfall 147039 (2021) Kat:3, Licht: 0","147039","3","5","1","10","15","4","","0","1","1","0","0"
"POINT (9.753429946000040 52.378341244000069)","Unfall 147043 (2021) Kat:3, Licht: 0","147043","3","3","5","09","11","6","","0","1","1","0","0"
"POINT (9.809547053000074 52.403871654000056)","Unfall 147047 (2021) Kat:3, Licht: 0","147047","3","3","5","10","13","3","","0","1","1","0","0"
"POINT (9.730983754000022 52.378491502000031)","Unfall 147061 (2021) Kat:3, Licht: 0","147061","3","6","2","10","06","6","","0","0","1","0","0"
"POINT (9.672354914000039 52.355884001000049)","Unfall 147067 (2021) Kat:3, Licht: 0","147067","3","7","0","10","17","3","","0","0","1","0","0"
"POINT (9.754615624000053 52.389678272000026)","Unfall 147068 (2021) Kat:3, Licht: 0","147068","3","2","5","09","16","6","","0","1","1","0","0"
"POINT (9.781136193000066 52.401952423000068)","Unfall 147069 (2021) Kat:3, Licht: 0","147069","3","4","6","09","17","3","","0","0","1","1","0"
"POINT (9.761193303000027 52.358856197000080)","Unfall 147095 (2021) Kat:3, Licht: 0","147095","3","7","0","10","10","7","","0","0","0","0","0"
"POINT (9.793875718000038 52.358623850000072)","Unfall 147108 (2021) Kat:3, Licht: 0","147108","3","7","0","09","16","3","","0","0","0","0","0"
"POINT (9.728471490000061 52.378148560000056)","Unfall 147118 (2021) Kat:3, Licht: 2","147118","3","5","1","09","04","1","","2","0","1","0","0"
"POINT (9.728300817000047 52.358976215000041)","Unfall 147124 (2021) Kat:3, Licht: 0","147124","3","3","5","09","18","4","","0","1","1","0","0"
"POINT (9.763558113000045 52.368974308000077)","Unfall 147130 (2021) Kat:3, Licht: 0","147130","3","2","2","10","17","4","","0","0","1","0","0"
"POINT (9.715381542000046 52.377274196000030)","Unfall 147138 (2021) Kat:3, Licht: 0","147138","3","7","0","09","08","4","","0","1","0","0","0"
"POINT (9.799548720000075 52.392239722000056)","Unfall 147145 (2021) Kat:3, Licht: 2","147145","3","6","2","09","20","1","","2","0","1","0","0"
"POINT (9.738777921000064 52.420982427000069)","Unfall 147152 (2021) Kat:3, Licht: 0","147152","3","3","5","09","14","2","","0","0","1","0","1"
"POINT (9.749623570000040 52.383863894000058)","Unfall 147154 (2021) Kat:3, Licht: 0","147154","3","3","5","09","13","7","","0","1","1","0","0"
"POINT (9.745376258000022 52.392146019000052)","Unfall 147175 (2021) Kat:3, Licht: 0","147175","3","3","5","10","08","3","","0","1","1","0","0"
"POINT (9.631085842000061 52.414139703000046)","Unfall 147177 (2021) Kat:3, Licht: 0","147177","3","3","5","09","15","3","","0","1","1","0","0"
"POINT (9.695023469000034 52.392222152000045)","Unfall 147178 (2021) Kat:3, Licht: 0","147178","3","6","2","10","13","5","","0","0","1","0","0"
"POINT (9.717939331000025 52.364603369000065)","Unfall 147183 (2021) Kat:3, Licht: 2","147183","3","2","0","09","19","3","","2","1","0","0","0"
"POINT (9.753597228000046 52.381530330000032)","Unfall 147202 (2021) Kat:3, Licht: 0","147202","3","2","6","10","11","6","","0","0","0","1","0"
"POINT (9.752079509000055 52.374581512000077)","Unfall 147211 (2021) Kat:3, Licht: 0","147211","3","1","0","09","09","2","","0","1","0","0","0"
"POINT (9.800558080000030 52.335203764000028)","Unfall 147217 (2021) Kat:2, Licht: 0","147217","2","2","5","09","17","4","","0","1","1","0","0"
"POINT (9.712891026000023 52.371573802000057)","Unfall 147229 (2021) Kat:3, Licht: 2","147229","3","7","0","10","23","6","","2","1","0","0","0"
"POINT (9.759822454000073 52.417736356000034)","Unfall 147233 (2021) Kat:3, Licht: 0","147233","3","5","1","09","14","4","","0","1","1","0","0"
"POINT (9.828798940000070 52.344496961000061)","Unfall 147242 (2021) Kat:3, Licht: 0","147242","3","3","5","09","17","3","","0","1","1","0","0"
"POINT (9.751398564000056 52.391615290000061)","Unfall 147244 (2021) Kat:3, Licht: 0","147244","3","5","1","09","08","3","","0","1","1","0","0"
"POINT (9.693319232000022 52.394135855000059)","Unfall 147245 (2021) Kat:3, Licht: 0","147245","3","6","2","09","16","4","","0","0","1","0","0"
"POINT (9.716092647000039 52.392575590000035)","Unfall 147250 (2021) Kat:3, Licht: 0","147250","3","6","2","09","19","6","","0","0","1","0","0"
"POINT (9.677230272000031 52.395940415000041)","Unfall 147254 (2021) Kat:3, Licht: 0","147254","3","3","5","09","17","3","","0","0","1","0","1"
"POINT (9.750585504000071 52.388522597000076)","Unfall 147262 (2021) Kat:3, Licht: 0","147262","3","3","0","10","15","6","","0","1","1","0","0"
"POINT (9.742740439000045 52.390851484000052)","Unfall 147264 (2021) Kat:3, Licht: 1","147264","3","2","4","10","20","7","","1","1","0","0","0"
"POINT (9.755969152000034 52.360510682000040)","Unfall 147282 (2021) Kat:3, Licht: 0","147282","3","2","5","09","15","5","","0","1","1","0","0"
"POINT (9.778543122000031 52.339454263000050)","Unfall 147285 (2021) Kat:2, Licht: 0","147285","2","1","0","09","15","1","","0","0","0","0","0"
"POINT (9.735545725000065 52.370391202000064)","Unfall 147286 (2021) Kat:3, Licht: 0","147286","3","5","1","10","16","6","","0","1","1","0","0"
"POINT (9.734985261000077 52.405132452000032)","Unfall 147291 (2021) Kat:3, Licht: 0","147291","3","5","5","09","09","4","","0","0","1","0","0"
"POINT (9.720743646000074 52.346599623000031)","Unfall 147297 (2021) Kat:3, Licht: 0","147297","3","3","0","10","13","7","","0","1","1","0","0"
"POINT (9.738835437000034 52.363307483000028)","Unfall 147304 (2021) Kat:3, Licht: 0","147304","3","2","2","09","18","5","","0","0","0","0","1"
"POINT (9.739149450000070 52.404453381000053)","Unfall 147318 (2021) Kat:3, Licht: 0","147318","3","1","0","09","17","2","","0","0","0","0","0"
"POINT (9.746130350000044 52.385376881000070)","Unfall 147326 (2021) Kat:2, Licht: 0","147326","2","5","0","09","16","3","","0","1","1","0","0"
"POINT (9.757479246000059 52.341085602000078)","Unfall 147329 (2021) Kat:3, Licht: 0","147329","3","6","2","09","15","5","","0","0","1","0","0"
"POINT (9.708741533000023 52.370609779000063)","Unfall 147330 (2021) Kat:3, Licht: 0","147330","3","3","5","10","14","4","","0","0","1","0","0"
"POINT (9.717045871000039 52.337279357000057)","Unfall 147346 (2021) Kat:3, Licht: 2","147346","3","2","4","09","20","1","","2","0","1","0","0"
"POINT (9.828527958000052 52.361081229000035)","Unfall 147351 (2021) Kat:3, Licht: 0","147351","3","7","0","09","11","6","","0","1","1","0","0"
"POINT (9.746062627000072 52.379734202000066)","Unfall 147353 (2021) Kat:3, Licht: 0","147353","3","7","0","09","10","2","","0","0","1","0","0"
"POINT (9.732585957000026 52.393603208000059)","Unfall 147355 (2021) Kat:3, Licht: 0","147355","3","5","1","09","14","7","","0","1","1","0","0"
"POINT (9.716606058000025 52.403203740000038)","Unfall 147360 (2021) Kat:3, Licht: 0","147360","3","3","5","10","13","2","","0","0","1","0","0"
"POINT (9.775469611000062 52.363351493000039)","Unfall 147380 (2021) Kat:3, Licht: 0","147380","3","1","0","10","07","4","","0","1","0","0","0"
"POINT (9.751089044000025 52.375550716000078)","Unfall 147381 (2021) Kat:3, Licht: 0","147381","3","6","0","09","14","1","","0","1","0","0","0"
"POINT (9.762236081000026 52.392747729000064)","Unfall 147388 (2021) Kat:3, Licht: 0","147388","3","4","6","09","15","4","","0","0","1","1","0"
"POINT (9.749110035000058 52.390154637000080)","Unfall 147389 (2021) Kat:3, Licht: 0","147389","3","2","0","09","13","5","","0","1","0","0","0"
"POINT (9.820682828000031 52.351175551000040)","Unfall 147392 (2021) Kat:3, Licht: 2","147392","3","7","8","09","23","3","","2","1","0","0","0"
"POINT (9.754995223000037 52.367402324000068)","Unfall 147393 (2021) Kat:3, Licht: 0","147393","3","3","5","10","14","5","","0","0","1","0","0"
"POINT (9.825364783000055 52.360743746000026)","Unfall 147408 (2021) Kat:3, Licht: 0","147408","3","4","6","10","10","2","","0","0","1","1","0"
"POINT (9.773357284000042 52.417111154000054)","Unfall 147413 (2021) Kat:2, Licht: 0","147413","2","4","6","10","08","4","","0","0","0","1","0"
"POINT (9.834516281000049 52.339683719000050)","Unfall 147418 (2021) Kat:3, Licht: 0","147418","3","3","5","09","13","1","","0","0","1","0","1"
"POINT (9.671270618000051 52.399227207000081)","Unfall 147421 (2021) Kat:3, Licht: 0","147421","3","4","6","10","15","3","","0","1","0","1","0"
"POINT (9.746955875000026 52.387736324000059)","Unfall 147422 (2021) Kat:3, Licht: 0","147422","3","5","1","09","11","6","","0","1","1","0","0"
"POINT (9.718602246000046 52.380917597000064)","Unfall 147432 (2021) Kat:3, Licht: 0","147432","3","3","5","09","07","3","","0","0","1","0","0"
"POINT (9.735056203000056 52.375277806000042)","Unfall 147437 (2021) Kat:3, Licht: 2","147437","3","1","0","09","19","3","","2","1","0","0","0"
"POINT (9.749995577000050 52.363929702000064)","Unfall 147440 (2021) Kat:3, Licht: 0","147440","3","5","1","10","15","6","","0","1","1","0","0"
"POINT (9.790286755000068 52.408338998000033)","Unfall 147453 (2021) Kat:3, Licht: 0","147453","3","2","2","10","16","2","","0","1","0","0","0"
"POINT (9.728194587000075 52.368135921000032)","Unfall 147460 (2021) Kat:3, Licht: 0","147460","3","3","5","09","15","4","","0","1","1","0","0"
"POINT (9.725575260000028 52.386229131000050)","Unfall 147509 (2021) Kat:3, Licht: 0","147509","3","3","5","09","13","3","","0","0","1","0","0"
"POINT (9.820775663000063 52.388307516000054)","Unfall 147510 (2021) Kat:3, Licht: 0","147510","3","2","5","09","16","5","","0","1","1","0","0"
"POINT (9.733343885000068 52.375574615000062)","Unfall 147512 (2021) Kat:3, Licht: 2","147512","3","7","0","09","21","6","","2","1","0","0","0"
"POINT (9.729227910000077 52.390736868000033)","Unfall 147518 (2021) Kat:2, Licht: 1","147518","2","2","0","10","07","5","","1","1","1","0","0"
"POINT (9.730401023000070 52.382195025000044)","Unfall 147525 (2021) Kat:3, Licht: 1","147525","3","3","5","09","19","5","","1","1","1","0","0"
"POINT (9.685856704000059 52.396082815000057)","Unfall 147529 (2021) Kat:3, Licht: 2","147529","3","4","6","09","00","7","","2","1","0","1","0"
"POINT (9.720002205000071 52.375110073000030)","Unfall 147542 (2021) Kat:3, Licht: 0","147542","3","3","5","09","18","6","","0","0","1","0","1"
"POINT (9.799701923000043 52.336071297000046)","Unfall 147568 (2021) Kat:3, Licht: 0","147568","3","1","0","09","15","7","","0","1","0","0","0"
"POINT (9.857085388000030 52.367080123000051)","Unfall 147571 (2021) Kat:3, Licht: 1","147571","3","1","4","09","19","4","","1","0","1","0","0"
"POINT (9.821884120000050 52.410292653000056)","Unfall 147578 (2021) Kat:2, Licht: 0","147578","2","3","5","10","08","4","","0","1","1","0","0"
"POINT (9.653603854000039 52.411931890000062)","Unfall 147588 (2021) Kat:3, Licht: 0","147588","3","1","0","09","08","6","","0","1","0","0","0"
"POINT (9.807300574000067 52.372353881000038)","Unfall 147589 (2021) Kat:3, Licht: 0","147589","3","1","0","09","12","4","","0","1","0","0","0"
"POINT (9.707019796000054 52.370152968000070)","Unfall 147614 (2021) Kat:2, Licht: 0","147614","2","3","5","09","11","2","","0","1","0","0","0"
"POINT (9.709969543000057 52.367268364000040)","Unfall 147618 (2021) Kat:2, Licht: 0","147618","2","1","0","09","17","1","","0","1","0","0","0"
"POINT (9.744329966000066 52.392732743000067)","Unfall 147622 (2021) Kat:3, Licht: 0","147622","3","1","0","09","14","7","","0","1","0","0","0"
"POINT (9.768423180000070 52.396641770000031)","Unfall 147623 (2021) Kat:3, Licht: 0","147623","3","1","0","09","15","2","","0","0","0","0","0"
"POINT (9.712651093000034 52.372546720000059)","Unfall 147633 (2021) Kat:3, Licht: 0","147633","3","6","0","09","15","3","","0","1","1","0","0"
"POINT (9.732860944000038 52.376727554000070)","Unfall 147634 (2021) Kat:3, Licht: 0","147634","3","2","5","09","15","4","","0","1","1","0","0"
"POINT (9.747703935000061 52.395260371000063)","Unfall 147651 (2021) Kat:3, Licht: 0","147651","3","2","5","09","15","7","","0","1","1","0","0"
"POINT (9.721190599000067 52.397568075000038)","Unfall 147652 (2021) Kat:3, Licht: 2","147652","3","6","2","09","20","1","","2","1","1","0","0"
"POINT (9.732715837000057 52.379250361000061)","Unfall 147660 (2021) Kat:3, Licht: 0","147660","3","3","0","09","12","5","","0","1","1","0","0"
"POINT (9.732232900000042 52.375400006000064)","Unfall 147679 (2021) Kat:3, Licht: 0","147679","3","1","0","10","13","3","","0","1","0","0","0"
"POINT (9.671199777000027 52.402651442000035)","Unfall 147687 (2021) Kat:3, Licht: 0","147687","3","3","5","09","10","2","","0","1","1","0","0"
"POINT (9.747653677000073 52.392699999000058)","Unfall 147688 (2021) Kat:3, Licht: 0","147688","3","5","1","09","11","4","","0","1","1","0","0"
"POINT (9.676699367000026 52.396404460000042)","Unfall 147708 (2021) Kat:2, Licht: 0","147708","2","7","0","09","15","5","","0","1","0","0","0"
"POINT (9.730745594000041 52.374921703000041)","Unfall 147733 (2021) Kat:3, Licht: 0","147733","3","2","5","10","18","6","","0","0","1","0","0"
"POINT (9.731767074000061 52.344769537000047)","Unfall 147742 (2021) Kat:3, Licht: 0","147742","3","1","0","09","15","5","","0","1","0","0","0"
"POINT (9.680740940000021 52.416057792000061)","Unfall 147743 (2021) Kat:3, Licht: 0","147743","3","3","5","10","17","4","","0","1","1","0","0"
"POINT (9.716193886000042 52.372565283000029)","Unfall 147748 (2021) Kat:3, Licht: 2","147748","3","1","0","09","22","6","","2","1","0","0","0"
"POINT (9.635143498000048 52.416365769000038)","Unfall 147750 (2021) Kat:3, Licht: 2","147750","3","2","4","09","05","6","","2","0","1","0","0"
"POINT (9.730567673000053 52.378510380000080)","Unfall 147757 (2021) Kat:3, Licht: 0","147757","3","7","0","09","12","5","","0","1","0","0","0"
"POINT (9.735564265000050 52.372335977000034)","Unfall 147760 (2021) Kat:3, Licht: 0","147760","3","3","5","09","08","3","","0","1","0","0","0"
"POINT (9.745137169000031 52.384707002000027)","Unfall 147776 (2021) Kat:3, Licht: 0","147776","3","1","0","09","10","5","","0","1","0","0","0"
"POINT (9.729955621000045 52.378415625000059)","Unfall 147777 (2021) Kat:3, Licht: 0","147777","3","3","5","09","13","6","","0","1","1","0","0"
"POINT (9.701132563000044 52.366421207000030)","Unfall 147783 (2021) Kat:3, Licht: 0","147783","3","1","0","10","11","1","","0","1","0","0","0"
"POINT (9.724352571000054 52.373015623000072)","Unfall 147793 (2021) Kat:3, Licht: 0","147793","3","5","1","09","14","1","","0","1","1","0","0"
"POINT (9.753011814000047 52.377749414000050)","Unfall 147795 (2021) Kat:3, Licht: 0","147795","3","5","1","10","14","6","","0","1","1","0","0"
"POINT (9.714070849000052 52.383758444000080)","Unfall 147796 (2021) Kat:3, Licht: 2","147796","3","5","1","09","22","3","","2","0","1","0","0"
"POINT (9.723396719000050 52.387243947000059)","Unfall 147798 (2021) Kat:3, Licht: 1","147798","3","2","2","09","19","3","","1","1","1","0","0"
"POINT (9.737729101000070 52.374689499000056)","Unfall 147809 (2021) Kat:3, Licht: 0","147809","3","7","6","09","17","2","","0","1","0","1","0"
"POINT (9.754259057000070 52.355435336000028)","Unfall 147821 (2021) Kat:3, Licht: 0","147821","3","2","4","10","16","2","","0","1","1","0","0"
"POINT (9.715639112000076 52.372277022000048)","Unfall 147831 (2021) Kat:3, Licht: 2","147831","3","7","0","09","00","1","","2","1","0","0","0"
"POINT (9.746611238000071 52.375282887000026)","Unfall 147834 (2021) Kat:3, Licht: 0","147834","3","5","2","09","17","5","","0","0","1","0","0"
"POINT (9.708221734000062 52.367148731000043)","Unfall 147835 (2021) Kat:3, Licht: 2","147835","3","7","0","10","20","3","","2","1","1","0","0"
"POINT (9.702723930000047 52.339935326000045)","Unfall 147856 (2021) Kat:3, Licht: 0","147856","3","1","0","09","11","4","","0","1","0","0","0"
"POINT (9.684516916000064 52.393329770000037)","Unfall 147859 (2021) Kat:3, Licht: 2","147859","3","3","0","09","05","2","","2","1","0","0","0"
"POINT (9.702004669000075 52.366561642000079)","Unfall 147860 (2021) Kat:2, Licht: 0","147860","2","6","4","09","18","5","","0","1","0","0","0"
"POINT (9.760497061000024 52.358991142000036)","Unfall 147866 (2021) Kat:3, Licht: 0","147866","3","4","6","10","17","2","","0","1","0","1","0"