WKT,Name,OBJECTID,UKATEGORIE,UTYP1,UART,UMONAT,USTUNDE,UWOCHENTAG,STRZUSTAND,ULICHTVERH,ISTRAD,ISTPKW,ISTFUSS,ISTKRAD
"POINT (9.662955233000048 52.402770560000079)","Unfall 147867 (2021) Kat:2, Licht: 1","147867","2","1","0","09","19","6","","1","0","0","0","0"
"POINT (9.773420376000047 52.410339349000026)","Unfall 147874 (2021) Kat:3, Licht: 0","147874","3","2","5","10","16","6","","0","0","1","0","0"
"POINT (9.753950540000062 52.395512643000075)","Unfall 147886 (2021) Kat:3, Licht: 0","147886","3","2","2","10","09","6","","0","0","1","0","0"
"POINT (9.714464520000035 52.366006803000062)","Unfall 147890 (2021) Kat:3, Licht: 0","147890","3","1","0","09","10","4","","0","0","0","0","0"
"POINT (9.745657660000063 52.378734810000026)","Unfall 147891 (2021) Kat:3, Licht: 2","147891","3","2","4","10","21","2","","2","1","1","0","0"
"POINT (9.845367839000062 52.390215248000061)","Unfall 147898 (2021) Kat:3, Licht: 0","147898","3","7","2","10","14","6","","0","1","1","0","0"
"POINT (9.735703591000060 52.376811111000052)","Unfall 147907 (2021) Kat:3, Licht: 2","147907","3","1","0","09","03","7","","2","0","0","0","0"
"POINT (9.775149558000066 52.363700830000028)","Unfall 147910 (2021) Kat:3, Licht: 0","147910","3","2","5","09","12","3","","0","1","1","0","0"
"POINT (9.735063131000061 52.376631880000048)","Unfall 147915 (2021) Kat:3, Licht: 0","147915","3","2","5","09","18","5","","0","1","1","0","0"
"POINT (9.861801747000072 52.389810587000056)","Unfall 147921 (2021) Kat:3, Licht: 0","147921","3","1","0","09","17","7","","0","0","0","0","0"
"POINT (9.762756636000063 52.410252059000072)","Unfall 147923 (2021) Kat:3, Licht: 0","147923","3","2","5","09","14","1","","0","0","1","0","1"
"POINT (9.731509767000034 52.372887698000056)","Unfall 147925 (2021) Kat:3, Licht: 2","147925","3","6","4","09","19","5","","2","1","1","0","0"
"POINT (9.676900264000039 52.396316804000037)","Unfall 147927 (2021) Kat:3, Licht: 2","147927","3","7","6","09","00","6","","2","0","1","1","0"
"POINT (9.752518192000025 52.362873111000056)","Unfall 147930 (2021) Kat:2, Licht: 0","147930","2","3","5","09","14","2","","0","1","1","0","0"
"POINT (9.693333287000030 52.392356500000062)","Unfall 147939 (2021) Kat:3, Licht: 0","147939","3","3","5","09","09","5","","0","1","1","0","0"
"POINT (9.750830689000054 52.375425318000055)","Unfall 147945 (2021) Kat:3, Licht: 1","147945","3","2","2","10","18","6","","1","0","1","0","0"
"POINT (9.716025352000031 52.378319681000050)","Unfall 147952 (2021) Kat:2, Licht: 2","147952","2","1","9","09","20","5","","2","1","0","0","0"
"POINT (9.765849945000070 52.382610764000049)","Unfall 147955 (2021) Kat:3, Licht: 0","147955","3","3","5","09","17","4","","0","1","0","0","0"
"POINT (9.756627409000032 52.340734202000078)","Unfall 147956 (2021) Kat:3, Licht: 0","147956","3","2","5","10","07","5","","0","1","0","0","0"
"POINT (9.746646935000058 52.373880666000048)","Unfall 147964 (2021) Kat:3, Licht: 1","147964","3","6","3","09","18","6","","1","1","1","0","0"
"POINT (9.724878457000045 52.339360879000026)","Unfall 147966 (2021) Kat:3, Licht: 0","147966","3","5","1","09","09","4","","0","1","1","0","0"
"POINT (9.748079978000021 52.395219805000067)","Unfall 147968 (2021) Kat:3, Licht: 2","147968","3","6","2","10","20","3","","2","0","1","0","0"
"POINT (9.708290232000024 52.365058786000077)","Unfall 147979 (2021) Kat:3, Licht: 0","147979","3","7","6","09","13","6","","0","0","0","1","0"
"POINT (9.690261870000029 52.418352887000026)","Unfall 147983 (2021) Kat:3, Licht: 0","147983","3","2","5","10","14","6","","0","1","1","0","0"
"POINT (9.814186830000040 52.331771690000039)","Unfall 147984 (2021) Kat:3, Licht: 1","147984","3","1","0","09","19","7","","1","1","0","0","0"
"POINT (9.761783199000035 52.341992243000050)","Unfall 147987 (2021) Kat:3, Licht: 0","147987","3","3","5","09","13","4","","0","1","1","0","0"
"POINT (9.854147769000065 52.391092973000070)","Unfall 147998 (2021) Kat:3, Licht: 0","147998","3","4","6","10","12","6","","0","0","1","1","0"
"POINT (9.772013936000064 52.364919316000055)","Unfall 148001 (2021) Kat:3, Licht: 0","148001","3","1","0","09","08","2","","0","0","0","0","1"
"POINT (9.700847612000075 52.366373896000027)","Unfall 148003 (2021) Kat:2, Licht: 0","148003","2","4","6","09","16","4","","0","0","0","1","0"
"POINT (9.725587372000064 52.375832564000063)","Unfall 148008 (2021) Kat:3, Licht: 0","148008","3","3","5","10","11","5","","0","1","1","0","0"
"POINT (9.704376895000053 52.344122015000039)","Unfall 148013 (2021) Kat:3, Licht: 0","148013","3","6","4","09","15","4","","0","0","1","0","1"
"POINT (9.790302225000062 52.395873856000037)","Unfall 148026 (2021) Kat:3, Licht: 0","148026","3","1","0","09","14","5","","0","1","1","0","0"
"POINT (9.739406267000049 52.376794538000070)","Unfall 148030 (2021) Kat:3, Licht: 2","148030","3","1","0","10","02","4","","2","0","0","0","0"
"POINT (9.721548188000043 52.379379264000079)","Unfall 148037 (2021) Kat:3, Licht: 0","148037","3","7","1","10","14","2","","0","1","1","0","0"
"POINT (9.717534756000020 52.351578035000045)","Unfall 148040 (2021) Kat:3, Licht: 0","148040","3","3","5","11","15","4","","0","0","1","0","0"
"POINT (9.707855134000056 52.367886042000066)","Unfall 148056 (2021) Kat:3, Licht: 2","148056","3","5","1","11","19","3","","2","1","1","0","0"
"POINT (9.746196922000024 52.375298780000037)","Unfall 148070 (2021) Kat:2, Licht: 2","148070","2","1","0","10","02","1","","2","0","0","0","0"
"POINT (9.733721119000052 52.399725883000031)","Unfall 148074 (2021) Kat:3, Licht: 1","148074","3","3","5","10","07","2","","1","1","1","0","0"
"POINT (9.741142566000065 52.378037924000068)","Unfall 148087 (2021) Kat:3, Licht: 0","148087","3","4","0","10","15","2","","0","1","0","1","0"
"POINT (9.672768270000063 52.355990821000034)","Unfall 148090 (2021) Kat:3, Licht: 0","148090","3","7","0","10","09","5","","0","1","0","0","0"
"POINT (9.726956680000058 52.375795766000067)","Unfall 148094 (2021) Kat:3, Licht: 0","148094","3","3","5","10","12","6","","0","1","1","0","0"
"POINT (9.742427621000047 52.358737721000068)","Unfall 148108 (2021) Kat:3, Licht: 0","148108","3","3","5","11","09","5","","0","0","1","0","0"
"POINT (9.699915212000064 52.391575287000080)","Unfall 148118 (2021) Kat:3, Licht: 0","148118","3","4","6","11","10","4","","0","0","1","1","0"
"POINT (9.756112999000038 52.352935003000027)","Unfall 148119 (2021) Kat:3, Licht: 0","148119","3","7","0","10","12","7","","0","1","0","0","0"
"POINT (9.716168501000027 52.388213809000035)","Unfall 148139 (2021) Kat:3, Licht: 0","148139","3","7","0","10","11","4","","0","1","1","0","0"
"POINT (9.721674583000038 52.378960171000074)","Unfall 148141 (2021) Kat:3, Licht: 0","148141","3","6","2","10","13","6","","0","0","1","0","0"
"POINT (9.736250547000054 52.383995829000071)","Unfall 148142 (2021) Kat:3, Licht: 0","148142","3","4","6","10","17","7","","0","1","0","1","0"
"POINT (9.718772751000074 52.365386110000031)","Unfall 148148 (2021) Kat:2, Licht: 2","148148","2","7","0","10","03","5","","2","1","0","0","0"
"POINT (9.685589661000051 52.411062372000060)","Unfall 148149 (2021) Kat:3, Licht: 0","148149","3","4","6","10","17","3","","0","0","1","1","0"
"POINT (9.774360206000040 52.363855515000068)","Unfall 148164 (2021) Kat:3, Licht: 0","148164","3","6","2","10","08","5","","0","0","1","0","0"
"POINT (9.742077361000042 52.369025002000058)","Unfall 148166 (2021) Kat:3, Licht: 2","148166","3","1","0","11","04","7","","2","0","0","0","0"
"POINT (9.710495522000031 52.341982311000038)","Unfall 148167 (2021) Kat:3, Licht: 0","148167","3","4","6","10","15","5","","0","0","0","1","0"
"POINT (9.711223348000033 52.372177913000030)","Unfall 148175 (2021) Kat:2, Licht: 1","148175","2","1","0","11","07","7","","1","1","0","0","0"
"POINT (9.734992990000023 52.380369434000045)","Unfall 148176 (2021) Kat:3, Licht: 0","148176","3","2","2","11","12","6","","0","1","1","0","0"
"POINT (9.716146278000053 52.362312218000056)","Unfall 148183 (2021) Kat:3, Licht: 1","148183","3","2","6","10","17","1","","1","0","1","1","0"
"POINT (9.765994414000033 52.337307200000055)","Unfall 148194 (2021) Kat:3, Licht: 0","148194","3","7","0","10","16","6","","0","1","0","0","0"
"POINT (9.857045431000074 52.366871736000064)","Unfall 148196 (2021) Kat:3, Licht: 0","148196","3","1","8","10","16","2","","0","0","1","0","0"
"POINT (9.719302458000072 52.374488143000065)","Unfall 148197 (2021) Kat:3, Licht: 0","148197","3","3","5","11","07","4","","0","1","1","0","0"
"POINT (9.741727724000043 52.398598960000072)","Unfall 148224 (2021) Kat:3, Licht: 0","148224","3","3","0","11","09","6","","0","1","0","0","0"
"POINT (9.800935473000038 52.352554951000059)","Unfall 148226 (2021) Kat:3, Licht: 0","148226","3","1","0","10","08","4","","0","1","0","0","0"
"POINT (9.831829254000070 52.424168239000039)","Unfall 148236 (2021) Kat:3, Licht: 0","148236","3","3","5","10","12","4","","0","1","1","0","0"
"POINT (9.773884553000073 52.400750610000046)","Unfall 148240 (2021) Kat:3, Licht: 0","148240","3","3","5","11","11","2","","0","0","1","0","0"
"POINT (9.706019688000026 52.390463023000052)","Unfall 148243 (2021) Kat:3, Licht: 0","148243","3","4","6","10","10","2","","0","0","1","1","0"
"POINT (9.737381521000032 52.371971875000042)","Unfall 148248 (2021) Kat:3, Licht: 1","148248","3","5","1","10","18","4","","1","0","1","0","0"
"POINT (9.821174523000025 52.418703158000028)","Unfall 148254 (2021) Kat:3, Licht: 0","148254","3","3","5","11","16","3","","0","1","1","0","0"
"POINT (9.773366569000075 52.400402079000060)","Unfall 148262 (2021) Kat:3, Licht: 0","148262","3","3","5","11","13","3","","0","1","1","0","0"
"POINT (9.726715360000071 52.384022995000066)","Unfall 148271 (2021) Kat:3, Licht: 2","148271","3","3","5","11","19","4","","2","0","1","0","0"
"POINT (9.791786864000073 52.403170782000075)","Unfall 148272 (2021) Kat:3, Licht: 0","148272","3","2","3","10","16","3","","0","1","1","0","0"
"POINT (9.728374476000056 52.377883522000047)","Unfall 148274 (2021) Kat:3, Licht: 2","148274","3","2","5","10","19","7","","2","0","1","0","0"
"POINT (9.758924073000060 52.366541174000076)","Unfall 148277 (2021) Kat:3, Licht: 0","148277","3","3","0","10","08","6","","0","1","1","0","0"
"POINT (9.841450437000049 52.421040245000029)","Unfall 148283 (2021) Kat:3, Licht: 0","148283","3","4","0","11","14","5","","0","0","1","1","0"
"POINT (9.743008319000069 52.396659943000031)","Unfall 148289 (2021) Kat:2, Licht: 2","148289","2","3","5","10","00","7","","2","1","1","0","0"
"POINT (9.850952618000065 52.412779578000027)","Unfall 148306 (2021) Kat:3, Licht: 1","148306","3","1","9","10","06","2","","1","0","1","0","0"
"POINT (9.781567536000068 52.420019009000043)","Unfall 148307 (2021) Kat:3, Licht: 0","148307","3","3","5","11","08","6","","0","0","1","0","0"
"POINT (9.740990687000021 52.366172164000034)","Unfall 148318 (2021) Kat:3, Licht: 2","148318","3","7","0","11","19","5","","2","0","0","0","0"
"POINT (9.678181723000023 52.395676554000033)","Unfall 148328 (2021) Kat:3, Licht: 0","148328","3","2","5","11","10","4","","0","0","1","0","0"
"POINT (9.733686446000036 52.379654246000030)","Unfall 148329 (2021) Kat:3, Licht: 2","148329","3","2","5","10","00","7","","2","0","1","0","0"
"POINT (9.739685455000028 52.383250095000051)","Unfall 148333 (2021) Kat:3, Licht: 0","148333","3","5","1","10","15","3","","0","0","1","0","0"
"POINT (9.730526491000035 52.391260925000040)","Unfall 148335 (2021) Kat:3, Licht: 0","148335","3","2","5","11","15","6","","0","0","1","0","0"
"POINT (9.722981854000068 52.372599332000050)","Unfall 148340 (2021) Kat:3, Licht: 0","148340","3","5","3","10","10","6","","0","1","1","0","0"
"POINT (9.817151277000050 52.355456562000029)","Unfall 148353 (2021) Kat:3, Licht: 2","148353","3","7","1","10","04","6","","2","1","0","0","0"
"POINT (9.725375916000075 52.380387996000081)","Unfall 148358 (2021) Kat:3, Licht: 0","148358","3","6","2","11","10","6","","0","0","1","0","1"
"POINT (9.755127126000048 52.344513250000034)","Unfall 148378 (2021) Kat:3, Licht: 2","148378","3","7","0","10","03","1","","2","1","0","0","0"
"POINT (9.744846583000026 52.372506519000069)","Unfall 148389 (2021) Kat:3, Licht: 0","148389","3","2","5","10","13","4","","0","1","1","0","0"
"POINT (9.781265305000034 52.406608059000064)","Unfall 148390 (2021) Kat:3, Licht: 0","148390","3","7","6","11","13","3","","0","0","0","1","0"
"POINT (9.733810386000073 52.384690844000033)","Unfall 148417 (2021) Kat:3, Licht: 2","148417","3","6","2","11","17","1","","2","0","1","0","0"
"POINT (9.737089829000070 52.375996527000041)","Unfall 148418 (2021) Kat:3, Licht: 0","148418","3","2","5","10","15","6","","0","1","1","0","0"
"POINT (9.708196402000056 52.367179988000032)","Unfall 148420 (2021) Kat:3, Licht: 0","148420","3","3","5","10","09","2","","0","0","0","0","1"
"POINT (9.750587417000077 52.375561260000040)","Unfall 148427 (2021) Kat:3, Licht: 2","148427","3","6","2","11","23","7","","2","0","1","0","1"
"POINT (9.736014021000074 52.385717782000029)","Unfall 148436 (2021) Kat:3, Licht: 0","148436","3","3","5","10","12","3","","0","1","1","0","0"
"POINT (9.810503193000045 52.354808827000056)","Unfall 148438 (2021) Kat:3, Licht: 0","148438","3","1","0","11","11","6","","0","1","0","0","0"
"POINT (9.772863973000028 52.361326840000061)","Unfall 148445 (2021) Kat:3, Licht: 0","148445","3","6","2","10","15","1","","0","0","1","0","0"
"POINT (9.754187320000028 52.410280333000060)","Unfall 148447 (2021) Kat:3, Licht: 2","148447","3","3","5","11","15","5","","2","0","1","0","0"
"POINT (9.729695739000022 52.355514907000043)","Unfall 148453 (2021) Kat:3, Licht: 2","148453","3","3","5","11","20","2","","2","1","1","0","0"
"POINT (9.730723298000044 52.337761988000068)","Unfall 148469 (2021) Kat:3, Licht: 0","148469","3","7","0","10","17","2","","0","1","0","0","0"
"POINT (9.714271852000024 52.343711791000032)","Unfall 148470 (2021) Kat:3, Licht: 0","148470","3","7","0","11","11","2","","0","1","0","0","0"
"POINT (9.857081493000067 52.366785200000038)","Unfall 148491 (2021) Kat:3, Licht: 0","148491","3","4","6","11","13","5","","0","0","1","1","0"
"POINT (9.663736611000047 52.383879274000037)","Unfall 148506 (2021) Kat:3, Licht: 0","148506","3","7","0","10","16","4","","0","1","0","0","0"
"POINT (9.749802930000044 52.366794557000048)","Unfall 148508 (2021) Kat:3, Licht: 2","148508","3","1","0","11","00","7","","2","0","0","0","0"
"POINT (9.748699642000076 52.396831029000055)","Unfall 148526 (2021) Kat:3, Licht: 0","148526","3","6","4","10","17","7","","0","1","0","0","0"
"POINT (9.765231525000047 52.342765482000061)","Unfall 148527 (2021) Kat:3, Licht: 2","148527","3","2","5","11","23","5","","2","1","1","0","0"
"POINT (9.734865256000035 52.380266186000028)","Unfall 148529 (2021) Kat:3, Licht: 0","148529","3","3","5","11","15","2","","0","0","1","0","0"
"POINT (9.737575347000075 52.388115610000057)","Unfall 148530 (2021) Kat:3, Licht: 0","148530","3","5","1","11","13","4","","0","1","1","0","0"
"POINT (9.763909927000043 52.397265183000059)","Unfall 148545 (2021) Kat:3, Licht: 0","148545","3","3","5","11","15","4","","0","0","1","0","0"
"POINT (9.760413670000048 52.369532846000027)","Unfall 148551 (2021) Kat:3, Licht: 0","148551","3","4","6","10","17","7","","0","1","0","1","0"
"POINT (9.854273589000059 52.391410696000037)","Unfall 148553 (2021) Kat:3, Licht: 0","148553","3","6","4","11","07","4","","0","1","0","1","0"
"POINT (9.762958354000034 52.356821254000067)","Unfall 148555 (2021) Kat:3, Licht: 0","148555","3","2","5","11","11","3","","0","1","1","0","0"
"POINT (9.689229952000062 52.332844265000062)","Unfall 148577 (2021) Kat:3, Licht: 1","148577","3","7","6","10","07","6","","1","0","1","1","0"
"POINT (9.738773490000028 52.363362723000080)","Unfall 148580 (2021) Kat:2, Licht: 2","148580","2","2","5","11","17","4","","2","1","1","0","0"
"POINT (9.747899246000031 52.378284335000046)","Unfall 148581 (2021) Kat:3, Licht: 2","148581","3","6","2","11","17","2","","2","0","1","0","0"
"POINT (9.873381288000076 52.356650885000079)","Unfall 148583 (2021) Kat:3, Licht: 0","148583","3","3","5","10","17","3","","0","0","1","0","0"
"POINT (9.692364696000027 52.397376906000034)","Unfall 148600 (2021) Kat:3, Licht: 0","148600","3","5","1","10","10","5","","0","0","1","0","0"
"POINT (9.750872069000025 52.410537810000051)","Unfall 148618 (2021) Kat:3, Licht: 2","148618","3","6","2","11","18","5","","2","0","1","0","0"
"POINT (9.726370014000054 52.377290071000061)","Unfall 148626 (2021) Kat:3, Licht: 0","148626","3","6","2","10","14","6","","0","0","1","0","0"
"POINT (9.725208142000042 52.371472656000037)","Unfall 148627 (2021) Kat:2, Licht: 2","148627","2","3","6","10","05","7","","2","0","0","1","0"
"POINT (9.821060476000071 52.347428170000057)","Unfall 148641 (2021) Kat:3, Licht: 0","148641","3","5","1","10","12","2","","0","1","1","0","0"
"POINT (9.869114548000027 52.367807251000045)","Unfall 148646 (2021) Kat:3, Licht: 2","148646","3","3","5","10","06","4","","2","0","1","0","0"
"POINT (9.710330356000043 52.360233530000073)","Unfall 148656 (2021) Kat:3, Licht: 0","148656","3","2","5","10","16","2","","0","1","1","0","0"
"POINT (9.836070490000054 52.341690836000055)","Unfall 148668 (2021) Kat:2, Licht: 1","148668","2","4","6","10","18","2","","1","0","0","1","0"
"POINT (9.734750636000058 52.376694403000045)","Unfall 148671 (2021) Kat:3, Licht: 0","148671","3","1","0","10","10","3","","0","1","0","0","0"
"POINT (9.762646891000031 52.415986000000032)","Unfall 148677 (2021) Kat:3, Licht: 0","148677","3","2","3","11","14","2","","0","1","1","0","0"
"POINT (9.709194449000051 52.341836342000079)","Unfall 148678 (2021) Kat:3, Licht: 1","148678","3","2","4","11","16","4","","1","1","1","0","0"
"POINT (9.731651972000066 52.406128564000028)","Unfall 148682 (2021) Kat:3, Licht: 0","148682","3","7","0","10","12","5","","0","0","1","0","0"
"POINT (9.693896706000032 52.400986174000082)","Unfall 148686 (2021) Kat:3, Licht: 0","148686","3","3","5","10","13","6","","0","0","1","0","0"
"POINT (9.792881089000048 52.374765448000062)","Unfall 148701 (2021) Kat:3, Licht: 0","148701","3","7","0","11","13","2","","0","1","0","0","0"
"POINT (9.730126822000045 52.361778420000064)","Unfall 148729 (2021) Kat:3, Licht: 1","148729","3","6","2","10","17","5","","1","0","1","0","0"
"POINT (9.722396314000036 52.388273460000050)","Unfall 148733 (2021) Kat:3, Licht: 0","148733","3","3","5","11","09","3","","0","1","1","0","0"
"POINT (9.747727657000041 52.387464958000066)","Unfall 148734 (2021) Kat:3, Licht: 0","148734","3","5","3","10","14","6","","0","1","1","0","0"
"POINT (9.759212846000025 52.361675808000030)","Unfall 148749 (2021) Kat:3, Licht: 1","148749","3","1","0","11","07","5","","1","1","0","0","0"
"POINT (9.759616781000034 52.335207381000032)","Unfall 148750 (2021) Kat:3, Licht: 2","148750","3","2","4","11","18","2","","2","1","1","0","0"
"POINT (9.723177553000028 52.368859794000059)","Unfall 148751 (2021) Kat:3, Licht: 2","148751","3","3","5","11","18","4","","2","0","1","0","0"
"POINT (9.775255557000037 52.411748042000056)","Unfall 148758 (2021) Kat:3, Licht: 0","148758","3","3","5","11","12","4","","0","0","1","0","0"
"POINT (9.718723399000055 52.369426982000050)","Unfall 148759 (2021) Kat:2, Licht: 2","148759","2","1","0","10","22","7","","2","0","0","0","0"
"POINT (9.728573256000061 52.378057001000059)","Unfall 148768 (2021) Kat:3, Licht: 0","148768","3","3","0","11","09","3","","0","1","1","0","0"
"POINT (9.705572470000050 52.374102007000033)","Unfall 148790 (2021) Kat:3, Licht: 0","148790","3","7","0","11","13","6","","0","1","0","0","0"
"POINT (9.734016713000074 52.384523956000066)","Unfall 148792 (2021) Kat:3, Licht: 0","148792","3","6","3","10","15","2","","0","0","1","0","0"
"POINT (9.793320662000042 52.403440393000039)","Unfall 148793 (2021) Kat:2, Licht: 0","148793","2","7","7","11","11","3","","0","1","0","0","0"
"POINT (9.722115005000035 52.353040229000044)","Unfall 148798 (2021) Kat:3, Licht: 0","148798","3","1","0","10","15","6","","0","1","0","0","0"
"POINT (9.763328145000060 52.401578853000046)","Unfall 148803 (2021) Kat:3, Licht: 0","148803","3","3","5","11","16","4","","0","1","1","0","0"
"POINT (9.776287172000025 52.401800265000077)","Unfall 148804 (2021) Kat:3, Licht: 0","148804","3","3","5","10","17","3","","0","1","1","0","0"
"POINT (9.725294224000038 52.339527314000065)","Unfall 148805 (2021) Kat:3, Licht: 0","148805","3","2","4","10","17","5","","0","0","1","0","0"
"POINT (9.689212026000064 52.377127894000068)","Unfall 148808 (2021) Kat:3, Licht: 0","148808","3","7","0","10","16","5","","0","1","0","0","0"
"POINT (9.738955935000035 52.377050531000066)","Unfall 148812 (2021) Kat:3, Licht: 0","148812","3","7","0","11","10","3","","0","1","0","0","0"
"POINT (9.748699642000076 52.396831029000055)","Unfall 148817 (2021) Kat:3, Licht: 0","148817","3","2","4","11","13","6","","0","1","1","0","0"
"POINT (9.767704619000028 52.410338032000027)","Unfall 148819 (2021) Kat:3, Licht: 0","148819","3","2","5","10","09","4","","0","1","1","0","0"
"POINT (9.738119417000064 52.381817467000076)","Unfall 148833 (2021) Kat:3, Licht: 0","148833","3","2","5","10","10","4","","0","1","1","0","0"
"POINT (9.744043899000076 52.372236922000070)","Unfall 148834 (2021) Kat:3, Licht: 0","148834","3","7","0","11","08","2","","0","1","0","0","0"
"POINT (9.803080493000039 52.396584819000054)","Unfall 148840 (2021) Kat:2, Licht: 0","148840","2","3","5","11","07","4","","0","1","0","0","0"
"POINT (9.730024961000026 52.375020946000063)","Unfall 148843 (2021) Kat:3, Licht: 2","148843","3","2","3","11","18","7","","2","0","1","0","0"
"POINT (9.858745404000047 52.361074812000027)","Unfall 148845 (2021) Kat:3, Licht: 1","148845","3","4","6","11","16","3","","1","0","1","1","0"
"POINT (9.714990623000062 52.361993553000048)","Unfall 148846 (2021) Kat:3, Licht: 0","148846","3","6","2","10","11","6","","0","0","1","0","0"
"POINT (9.724766838000050 52.384793006000052)","Unfall 148847 (2021) Kat:3, Licht: 0","148847","3","2","2","10","16","7","","0","1","1","0","0"
"POINT (9.723258445000056 52.394848878000062)","Unfall 148855 (2021) Kat:3, Licht: 2","148855","3","4","6","11","18","7","","2","0","1","1","0"
"POINT (9.804891780000048 52.410074773000076)","Unfall 148856 (2021) Kat:3, Licht: 0","148856","3","3","5","10","12","5","","0","1","1","0","0"
"POINT (9.707304238000063 52.373743886000057)","Unfall 148866 (2021) Kat:3, Licht: 0","148866","3","7","1","10","09","1","","0","1","1","0","0"
"POINT (9.717944779000049 52.362631987000043)","Unfall 148878 (2021) Kat:3, Licht: 2","148878","3","7","1","10","02","6","","2","1","1","0","0"
"POINT (9.720422231000043 52.397374079000031)","Unfall 148883 (2021) Kat:3, Licht: 0","148883","3","3","5","10","14","2","","0","0","1","0","0"
"POINT (9.785864253000057 52.397997572000065)","Unfall 148885 (2021) Kat:3, Licht: 0","148885","3","3","5","11","12","2","","0","0","1","0","0"
"POINT (9.821095892000073 52.346951114000035)","Unfall 148894 (2021) Kat:3, Licht: 2","148894","3","1","0","10","18","5","","2","0","0","0","1"
"POINT (9.718304920000037 52.373394064000081)","Unfall 148909 (2021) Kat:2, Licht: 0","148909","2","1","0","10","15","5","","0","1","0","0","0"
"POINT (9.766501407000021 52.357752945000072)","Unfall 148911 (2021) Kat:3, Licht: 0","148911","3","6","2","10","16","2","","0","0","1","0","0"
"POINT (9.720429187000036 52.391419597000038)","Unfall 148922 (2021) Kat:3, Licht: 0","148922","3","1","0","11","09","5","","0","1","0","0","0"
"POINT (9.773341984000069 52.350848411000072)","Unfall 148952 (2021) Kat:2, Licht: 0","148952","2","7","0","10","11","1","","0","1","0","0","0"
"POINT (9.815605221000055 52.395883880000042)","Unfall 148957 (2021) Kat:3, Licht: 1","148957","3","3","5","11","16","5","","1","0","1","0","0"
"POINT (9.728256166000051 52.374263579000058)","Unfall 148961 (2021) Kat:3, Licht: 0","148961","3","2","5","10","16","3","","0","1","1","0","0"
"POINT (9.736856546000070 52.376726479000070)","Unfall 148972 (2021) Kat:3, Licht: 0","148972","3","4","6","11","15","2","","0","0","1","1","0"
"POINT (9.728070683000055 52.395579084000076)","Unfall 148976 (2021) Kat:3, Licht: 0","148976","3","3","5","10","15","7","","0","0","1","0","1"
"POINT (9.739756185000033 52.369471468000029)","Unfall 148977 (2021) Kat:3, Licht: 2","148977","3","6","2","10","22","3","","2","0","1","0","0"
"POINT (9.750369628000044 52.380097370000044)","Unfall 148981 (2021) Kat:3, Licht: 0","148981","3","5","1","11","13","4","","0","1","0","0","0"
"POINT (9.737660770000048 52.387778446000027)","Unfall 148992 (2021) Kat:3, Licht: 0","148992","3","4","6","10","11","6","","0","0","1","1","0"
"POINT (9.734902650000038 52.370129624000072)","Unfall 148993 (2021) Kat:3, Licht: 2","148993","3","3","5","10","23","5","","2","0","1","0","0"
"POINT (9.743328113000075 52.357565543000078)","Unfall 148995 (2021) Kat:3, Licht: 0","148995","3","7","8","10","12","1","","0","0","1","0","0"
"POINT (9.781593173000033 52.415577842000062)","Unfall 149004 (2021) Kat:3, Licht: 2","149004","3","2","4","11","18","2","","2","0","1","0","0"
"POINT (9.825611050000020 52.378683818000070)","Unfall 149008 (2021) Kat:3, Licht: 0","149008","3","5","0","11","10","5","","0","1","1","0","0"
"POINT (9.714579952000065 52.371142273000032)","Unfall 149013 (2021) Kat:3, Licht: 0","149013","3","6","4","10","14","5","","0","1","0","0","0"
"POINT (9.762926993000065 52.407951151000077)","Unfall 149014 (2021) Kat:3, Licht: 0","149014","3","3","0","10","11","3","","0","0","1","0","1"
"POINT (9.724745860000041 52.368426767000074)","Unfall 149016 (2021) Kat:3, Licht: 0","149016","3","2","5","10","16","5","","0","1","1","0","0"
"POINT (9.781032598000024 52.403912861000038)","Unfall 149033 (2021) Kat:2, Licht: 2","149033","2","3","5","10","05","4","","2","1","1","0","0"
"POINT (9.728917804000048 52.394008814000074)","Unfall 149036 (2021) Kat:3, Licht: 2","149036","3","4","6","11","17","5","","2","0","1","1","0"
"POINT (9.747209296000051 52.373688358000038)","Unfall 149037 (2021) Kat:3, Licht: 2","149037","3","2","5","11","17","5","","2","1","1","0","0"
"POINT (9.694527864000065 52.353069797000046)","Unfall 149043 (2021) Kat:3, Licht: 0","149043","3","6","2","10","16","4","","0","0","1","0","0"
"POINT (9.859713785000054 52.396289427000056)","Unfall 149048 (2021) Kat:3, Licht: 0","149048","3","3","5","10","13","6","","0","0","1","0","0"
"POINT (9.733283618000030 52.392267567000033)","Unfall 149065 (2021) Kat:3, Licht: 1","149065","3","3","5","11","07","2","","1","0","1","0","0"
"POINT (9.702749108000035 52.372091720000071)","Unfall 149077 (2021) Kat:3, Licht: 1","149077","3","3","5","10","07","2","","1","1","1","0","0"