WKT,Name,OBJECTID,UKATEGORIE,UTYP1,UART,UMONAT,USTUNDE,UWOCHENTAG,STRZUSTAND,ULICHTVERH,ISTRAD,ISTPKW,ISTFUSS,ISTKRAD
"POINT (9.733810386000073 52.384690844000033)","Unfall 149078 (2021) Kat:3, Licht: 0","149078","3","2","5","10","10","4","","0","1","1","0","0"
"POINT (9.797315122000043 52.351866366000081)","Unfall 149081 (2021) Kat:3, Licht: 0","149081","3","6","2","10","16","4","","0","0","1","0","0"
"POINT (9.704798337000057 52.374376972000050)","Unfall 149085 (2021) Kat:3, Licht: 2","149085","3","6","2","10","20","4","","2","0","1","0","0"
"POINT (9.710908042000028 52.359325055000056)","Unfall 149087 (2021) Kat:3, Licht: 0","149087","3","3","5","10","10","1","","0","0","1","0","0"
"POINT (9.708590516000072 52.401110202000041)","Unfall 149088 (2021) Kat:3, Licht: 1","149088","3","1","0","11","07","5","","1","0","0","0","0"
"POINT (9.711091100000033 52.371045105000064)","Unfall 149089 (2021) Kat:3, Licht: 0","149089","3","4","6","11","08","5","","0","1","0","1","0"
"POINT (9.809664707000024 52.404869836000046)","Unfall 149092 (2021) Kat:3, Licht: 0","149092","3","4","6","10","17","4","","0","0","1","1","0"
"POINT (9.839038070000072 52.357723218000046)","Unfall 149097 (2021) Kat:3, Licht: 2","149097","3","7","0","10","05","1","","2","1","0","0","0"
"POINT (9.742592801000058 52.365063058000032)","Unfall 149102 (2021) Kat:2, Licht: 0","149102","2","4","6","12","11","5","","0","1","0","1","0"
"POINT (9.760492582000040 52.360032776000082)","Unfall 149121 (2021) Kat:3, Licht: 2","149121","3","3","5","12","19","1","","2","1","1","0","0"
"POINT (9.677953291000051 52.395615787000054)","Unfall 149134 (2021) Kat:3, Licht: 2","149134","3","2","5","11","17","7","","2","0","1","0","0"
"POINT (9.760551961000033 52.369476867000060)","Unfall 149136 (2021) Kat:3, Licht: 0","149136","3","4","0","12","12","3","","0","0","1","1","0"
"POINT (9.757274594000023 52.354240553000068)","Unfall 149141 (2021) Kat:3, Licht: 0","149141","3","7","0","11","10","7","","0","1","0","0","0"
"POINT (9.722601542000064 52.397539388000041)","Unfall 149143 (2021) Kat:3, Licht: 0","149143","3","3","5","12","13","4","","0","1","0","0","1"
"POINT (9.730618178000043 52.378526255000054)","Unfall 149145 (2021) Kat:3, Licht: 2","149145","3","2","6","12","18","7","","2","0","1","1","0"
"POINT (9.750246601000072 52.380273513000077)","Unfall 149152 (2021) Kat:3, Licht: 0","149152","3","2","4","12","09","7","","0","1","0","0","0"
"POINT (9.735217048000038 52.387084127000037)","Unfall 149158 (2021) Kat:3, Licht: 2","149158","3","4","6","11","07","3","","2","0","1","1","0"
"POINT (9.704025979000050 52.366864792000058)","Unfall 149161 (2021) Kat:3, Licht: 0","149161","3","7","0","12","15","3","","0","1","0","0","0"
"POINT (9.724316453000029 52.346157385000026)","Unfall 149173 (2021) Kat:3, Licht: 0","149173","3","7","0","11","15","3","","0","1","0","0","0"
"POINT (9.716015252000034 52.378112085000055)","Unfall 149174 (2021) Kat:3, Licht: 0","149174","3","6","1","11","09","2","","0","1","1","0","0"
"POINT (9.762827059000074 52.410286872000029)","Unfall 149180 (2021) Kat:3, Licht: 0","149180","3","2","4","12","14","1","","0","1","1","0","0"
"POINT (9.782812960000058 52.400666467000065)","Unfall 149200 (2021) Kat:2, Licht: 0","149200","2","4","6","11","13","3","","0","0","0","1","0"
"POINT (9.721416849000036 52.379125708000061)","Unfall 149208 (2021) Kat:3, Licht: 0","149208","3","2","2","11","08","3","","0","0","1","0","0"
"POINT (9.669826837000073 52.370401547000029)","Unfall 149209 (2021) Kat:3, Licht: 0","149209","3","3","5","11","10","3","","0","0","1","0","0"
"POINT (9.747043919000021 52.411183134000055)","Unfall 149210 (2021) Kat:3, Licht: 0","149210","3","6","2","11","08","2","","0","0","1","0","0"
"POINT (9.741926752000040 52.378562967000050)","Unfall 149218 (2021) Kat:3, Licht: 2","149218","3","2","0","11","01","1","","2","0","1","0","0"
"POINT (9.731980710000073 52.374338696000052)","Unfall 149220 (2021) Kat:3, Licht: 2","149220","3","2","2","12","23","2","","2","1","1","0","0"
"POINT (9.669438628000023 52.371011707000036)","Unfall 149237 (2021) Kat:3, Licht: 2","149237","3","7","8","12","20","1","","2","0","1","0","0"
"POINT (9.742453399000055 52.375361070000054)","Unfall 149244 (2021) Kat:3, Licht: 0","149244","3","7","0","12","10","4","","0","1","0","0","0"
"POINT (9.740393701000073 52.392909154000051)","Unfall 149248 (2021) Kat:3, Licht: 2","149248","3","2","4","12","19","1","","2","1","1","0","0"
"POINT (9.693055468000068 52.365173862000063)","Unfall 149252 (2021) Kat:3, Licht: 0","149252","3","2","5","11","11","3","","0","1","1","0","0"
"POINT (9.739104857000029 52.376122930000065)","Unfall 149255 (2021) Kat:3, Licht: 0","149255","3","7","6","12","09","5","","0","1","0","1","0"
"POINT (9.803346214000044 52.401045617000079)","Unfall 149258 (2021) Kat:3, Licht: 0","149258","3","4","6","11","07","6","","0","1","0","1","0"
"POINT (9.707915617000026 52.367161706000047)","Unfall 149271 (2021) Kat:3, Licht: 0","149271","3","4","0","11","16","2","","0","1","0","1","0"
"POINT (9.752359570000067 52.395026437000070)","Unfall 149273 (2021) Kat:3, Licht: 0","149273","3","7","0","11","09","2","","0","1","0","0","0"
"POINT (9.716211079000061 52.377794071000039)","Unfall 149278 (2021) Kat:3, Licht: 2","149278","3","1","0","12","19","4","","2","1","0","0","0"
"POINT (9.725430231000075 52.376996413000029)","Unfall 149281 (2021) Kat:3, Licht: 0","149281","3","6","2","11","13","7","","0","0","1","0","0"
"POINT (9.742099337000070 52.378481434000037)","Unfall 149287 (2021) Kat:1, Licht: 2","149287","1","2","6","11","05","6","","2","0","0","1","0"
"POINT (9.752073466000070 52.410455859000081)","Unfall 149307 (2021) Kat:2, Licht: 0","149307","2","3","5","12","14","1","","0","1","1","0","0"
"POINT (9.758081018000041 52.396078350000039)","Unfall 149325 (2021) Kat:3, Licht: 0","149325","3","2","5","11","13","5","","0","1","1","0","0"
"POINT (9.744455772000038 52.380808070000057)","Unfall 149326 (2021) Kat:3, Licht: 2","149326","3","2","5","12","18","4","","2","1","1","0","0"
"POINT (9.727957731000060 52.375924087000044)","Unfall 149340 (2021) Kat:3, Licht: 0","149340","3","5","1","11","12","3","","0","1","1","0","0"
"POINT (9.818582885000069 52.313354528000048)","Unfall 149356 (2021) Kat:3, Licht: 0","149356","3","3","5","12","14","2","","0","0","1","0","0"
"POINT (9.760964455000021 52.394475772000078)","Unfall 149357 (2021) Kat:3, Licht: 2","149357","3","1","0","12","04","3","","2","0","0","0","0"
"POINT (9.728236364000054 52.389847436000082)","Unfall 149364 (2021) Kat:3, Licht: 0","149364","3","6","2","11","14","1","","0","1","1","0","0"
"POINT (9.718285109000021 52.331518819000053)","Unfall 149368 (2021) Kat:3, Licht: 0","149368","3","2","5","12","11","2","","0","1","1","0","0"
"POINT (9.781696690000047 52.400383346000069)","Unfall 149369 (2021) Kat:3, Licht: 2","149369","3","4","6","12","07","4","","2","0","0","1","0"
"POINT (9.744488969000031 52.377197721000073)","Unfall 149372 (2021) Kat:3, Licht: 0","149372","3","2","6","12","08","2","","0","0","1","1","0"
"POINT (9.729815619000021 52.398275231000071)","Unfall 149389 (2021) Kat:3, Licht: 0","149389","3","2","3","12","15","4","","0","1","0","0","0"
"POINT (9.728554979000023 52.377934186000061)","Unfall 149392 (2021) Kat:3, Licht: 2","149392","3","6","2","11","20","7","","2","0","1","0","0"
"POINT (9.694502672000056 52.365397169000062)","Unfall 149399 (2021) Kat:3, Licht: 0","149399","3","7","0","12","15","3","","0","0","0","0","1"
"POINT (9.724769760000072 52.384787535000044)","Unfall 149408 (2021) Kat:3, Licht: 2","149408","3","2","5","11","19","1","","2","0","1","0","0"
"POINT (9.783092393000061 52.415523680000035)","Unfall 149411 (2021) Kat:3, Licht: 2","149411","3","3","0","12","19","5","","2","0","1","0","0"
"POINT (9.763158784000041 52.416978097000026)","Unfall 149426 (2021) Kat:3, Licht: 2","149426","3","3","5","11","16","5","","2","0","1","0","0"
"POINT (9.725579656000036 52.354756404000057)","Unfall 149427 (2021) Kat:2, Licht: 0","149427","2","1","0","12","15","5","","0","0","1","0","1"
"POINT (9.818622311000070 52.391862747000062)","Unfall 149428 (2021) Kat:3, Licht: 2","149428","3","7","5","12","18","7","","2","1","1","0","0"
"POINT (9.723504576000039 52.371912518000045)","Unfall 149444 (2021) Kat:3, Licht: 2","149444","3","6","2","11","16","3","","2","0","1","0","0"
"POINT (9.734355189000041 52.376719797000078)","Unfall 149445 (2021) Kat:3, Licht: 0","149445","3","1","0","11","14","6","","0","1","0","0","0"
"POINT (9.805020985000056 52.399648114000058)","Unfall 149449 (2021) Kat:3, Licht: 0","149449","3","6","4","11","13","3","","0","1","0","0","0"
"POINT (9.739580955000065 52.389403539000057)","Unfall 149481 (2021) Kat:3, Licht: 2","149481","3","1","0","12","19","1","","2","1","0","0","0"
"POINT (9.751532073000021 52.371509113000059)","Unfall 149485 (2021) Kat:3, Licht: 0","149485","3","6","2","12","13","6","","0","0","1","0","0"
"POINT (9.717298118000031 52.347450569000046)","Unfall 149493 (2021) Kat:3, Licht: 2","149493","3","6","2","12","19","3","","2","0","1","0","0"
"POINT (9.767660996000075 52.396434271000032)","Unfall 149497 (2021) Kat:3, Licht: 2","149497","3","6","2","12","16","5","","2","0","1","0","0"
"POINT (9.738081563000037 52.381846038000049)","Unfall 149501 (2021) Kat:3, Licht: 0","149501","3","2","5","12","10","4","","0","1","1","0","0"
"POINT (9.737535341000068 52.369714873000078)","Unfall 149534 (2021) Kat:3, Licht: 0","149534","3","7","6","11","12","4","","0","0","0","1","0"
"POINT (9.689390271000036 52.344939577000048)","Unfall 149539 (2021) Kat:3, Licht: 2","149539","3","4","6","12","18","3","","2","0","1","1","0"
"POINT (9.734648630000038 52.380621108000071)","Unfall 149542 (2021) Kat:2, Licht: 0","149542","2","3","5","12","12","6","","0","1","1","0","0"
"POINT (9.711971505000065 52.368418181000038)","Unfall 149545 (2021) Kat:3, Licht: 0","149545","3","3","5","11","14","7","","0","1","1","0","0"
"POINT (9.744552120000037 52.367374716000029)","Unfall 149549 (2021) Kat:3, Licht: 0","149549","3","3","5","12","16","5","","0","1","1","0","0"
"POINT (9.669691107000062 52.365523616000075)","Unfall 149555 (2021) Kat:3, Licht: 0","149555","3","6","2","11","14","2","","0","0","1","0","0"
"POINT (9.763349324000046 52.395219124000050)","Unfall 149573 (2021) Kat:3, Licht: 0","149573","3","7","6","12","15","3","","0","0","1","1","0"
"POINT (9.724990092000041 52.397729879000053)","Unfall 149576 (2021) Kat:3, Licht: 2","149576","3","7","0","11","20","7","","2","1","0","0","0"
"POINT (9.713676027000076 52.372179149000033)","Unfall 149583 (2021) Kat:3, Licht: 2","149583","3","4","6","12","19","7","","2","1","0","1","0"
"POINT (9.753382649000059 52.390264267000077)","Unfall 149585 (2021) Kat:3, Licht: 0","149585","3","2","2","11","14","4","","0","0","1","0","0"
"POINT (9.743058505000022 52.379672941000081)","Unfall 149586 (2021) Kat:3, Licht: 0","149586","3","6","6","11","13","3","","0","1","0","1","0"
"POINT (9.741350431000058 52.371406137000065)","Unfall 149595 (2021) Kat:3, Licht: 0","149595","3","2","6","11","12","3","","0","0","0","1","0"
"POINT (9.750590430000045 52.375318373000027)","Unfall 149603 (2021) Kat:3, Licht: 1","149603","3","1","0","11","15","2","","1","1","0","0","0"
"POINT (9.763355446000048 52.342447981000078)","Unfall 149604 (2021) Kat:3, Licht: 0","149604","3","6","2","11","07","5","","0","0","1","0","0"
"POINT (9.743776572000058 52.371111796000037)","Unfall 149613 (2021) Kat:2, Licht: 0","149613","2","3","5","11","10","3","","0","1","1","0","0"
"POINT (9.794443665000074 52.411388554000041)","Unfall 149618 (2021) Kat:3, Licht: 1","149618","3","2","0","11","08","3","","1","1","0","0","0"
"POINT (9.737300392000066 52.375696789000074)","Unfall 149660 (2021) Kat:3, Licht: 2","149660","3","1","0","12","19","2","","2","0","0","0","1"
"POINT (9.749046084000042 52.377793041000075)","Unfall 149673 (2021) Kat:3, Licht: 0","149673","3","3","5","11","14","3","","0","1","1","0","0"
"POINT (9.850306479000039 52.362427009000044)","Unfall 149674 (2021) Kat:3, Licht: 0","149674","3","5","1","11","14","3","","0","0","1","0","0"
"POINT (9.734033621000037 52.381259083000032)","Unfall 149687 (2021) Kat:3, Licht: 2","149687","3","2","4","12","16","1","","2","1","1","0","0"
"POINT (9.688020867000034 52.396288569000035)","Unfall 149691 (2021) Kat:3, Licht: 2","149691","3","3","5","12","16","6","","2","0","1","0","0"
"POINT (9.669386443000064 52.400005225000029)","Unfall 149696 (2021) Kat:3, Licht: 0","149696","3","3","5","12","11","4","","0","1","1","0","0"
"POINT (9.646725689000050 52.414629669000078)","Unfall 149706 (2021) Kat:3, Licht: 0","149706","3","6","2","12","15","4","","0","0","1","0","0"
"POINT (9.731135042000062 52.378689523000048)","Unfall 149707 (2021) Kat:3, Licht: 2","149707","3","2","2","12","02","1","","2","0","1","0","0"
"POINT (9.692860090000067 52.368574396000042)","Unfall 149712 (2021) Kat:3, Licht: 2","149712","3","1","1","12","18","4","","2","0","1","0","0"
"POINT (9.723456315000021 52.371508619000053)","Unfall 149713 (2021) Kat:2, Licht: 2","149713","2","7","0","11","04","7","","2","0","0","0","0"
"POINT (9.816553274000057 52.390383780000036)","Unfall 149725 (2021) Kat:3, Licht: 1","149725","3","1","0","11","07","6","","1","1","0","0","0"
"POINT (9.749383780000073 52.400349873000039)","Unfall 149729 (2021) Kat:3, Licht: 2","149729","3","3","5","11","06","3","","2","1","0","0","0"
"POINT (9.779425468000056 52.397855936000042)","Unfall 149736 (2021) Kat:3, Licht: 2","149736","3","6","2","12","16","5","","2","0","1","0","0"
"POINT (9.653471660000037 52.415523788000030)","Unfall 149740 (2021) Kat:3, Licht: 0","149740","3","6","3","11","09","2","","0","0","1","0","0"
"POINT (9.740559400000052 52.379106344000036)","Unfall 149742 (2021) Kat:3, Licht: 0","149742","3","7","0","12","07","3","","0","0","1","0","0"
"POINT (9.643398061000028 52.415211840000040)","Unfall 149750 (2021) Kat:3, Licht: 2","149750","3","6","2","12","18","5","","2","0","1","0","0"
"POINT (9.681411577000063 52.416215387000079)","Unfall 149761 (2021) Kat:3, Licht: 0","149761","3","2","5","12","16","6","","0","1","1","0","0"
"POINT (9.729815619000021 52.398275231000071)","Unfall 149763 (2021) Kat:3, Licht: 2","149763","3","4","6","11","22","3","","2","0","1","1","0"
"POINT (9.701966969000068 52.375165125000080)","Unfall 149769 (2021) Kat:3, Licht: 0","149769","3","3","5","11","10","7","","0","1","1","0","0"
"POINT (9.663733712000067 52.382895639000026)","Unfall 149779 (2021) Kat:3, Licht: 2","149779","3","3","5","12","20","7","","2","0","1","0","0"
"POINT (9.695205321000060 52.407491279000055)","Unfall 149791 (2021) Kat:3, Licht: 2","149791","3","3","5","12","19","7","","2","0","1","0","0"
"POINT (9.819132376000027 52.399903042000062)","Unfall 149795 (2021) Kat:3, Licht: 0","149795","3","3","5","11","15","2","","0","1","1","0","0"
"POINT (9.817623182000034 52.392817140000034)","Unfall 149810 (2021) Kat:3, Licht: 0","149810","3","3","5","11","15","4","","0","1","1","0","0"
"POINT (9.749964637000062 52.376262538000049)","Unfall 149819 (2021) Kat:3, Licht: 1","149819","3","2","5","11","07","5","","1","1","1","0","0"
"POINT (9.635071616000062 52.416273902000057)","Unfall 149823 (2021) Kat:3, Licht: 0","149823","3","7","8","12","11","3","","0","0","1","0","0"
"POINT (9.750755125000069 52.385813121000069)","Unfall 149832 (2021) Kat:3, Licht: 2","149832","3","6","2","12","16","7","","2","0","1","0","0"
"POINT (9.793199796000067 52.414942978000056)","Unfall 149833 (2021) Kat:3, Licht: 0","149833","3","6","2","12","14","2","","0","0","1","0","0"
"POINT (9.751883618000022 52.371986991000028)","Unfall 149834 (2021) Kat:3, Licht: 2","149834","3","6","2","12","19","4","","2","0","1","0","0"
"POINT (9.832589068000061 52.382398956000031)","Unfall 149836 (2021) Kat:3, Licht: 1","149836","3","3","5","11","06","3","","1","0","1","0","0"
"POINT (9.732715837000057 52.379250361000061)","Unfall 149839 (2021) Kat:3, Licht: 2","149839","3","3","5","12","18","3","","2","0","1","0","0"
"POINT (9.761255243000051 52.361036823000063)","Unfall 149841 (2021) Kat:3, Licht: 0","149841","3","2","5","12","08","4","","0","0","1","0","0"
"POINT (9.716469697000036 52.388598802000047)","Unfall 149842 (2021) Kat:3, Licht: 0","149842","3","4","6","12","14","6","","0","1","0","1","0"
"POINT (9.694093778000024 52.342964285000050)","Unfall 149849 (2021) Kat:3, Licht: 0","149849","3","4","6","12","13","4","","0","0","1","1","0"
"POINT (9.745660935000046 52.378734226000063)","Unfall 149853 (2021) Kat:2, Licht: 0","149853","2","3","5","12","11","4","","0","1","0","0","0"
"POINT (9.702974889000075 52.374873160000050)","Unfall 149854 (2021) Kat:3, Licht: 2","149854","3","1","1","12","20","7","","2","1","1","0","0"
"POINT (9.710186363000048 52.372517739000045)","Unfall 149855 (2021) Kat:3, Licht: 0","149855","3","3","5","12","15","4","","0","1","0","0","0"
"POINT (9.806981611000026 52.399280624000028)","Unfall 149875 (2021) Kat:3, Licht: 0","149875","3","2","2","12","12","2","","0","0","1","0","0"
"POINT (9.705896478000057 52.373989603000041)","Unfall 149877 (2021) Kat:3, Licht: 0","149877","3","7","0","12","11","6","","0","1","0","0","0"
"POINT (9.735269115000051 52.380396076000068)","Unfall 149883 (2021) Kat:3, Licht: 2","149883","3","6","2","11","17","6","","2","0","1","0","0"
"POINT (9.669308541000021 52.351730524000061)","Unfall 149887 (2021) Kat:3, Licht: 2","149887","3","3","5","11","19","5","","2","0","1","0","0"
"POINT (9.691591832000029 52.329550562000065)","Unfall 149888 (2021) Kat:3, Licht: 0","149888","3","2","5","11","12","4","","0","1","1","0","0"
"POINT (9.709335935000070 52.375995978000049)","Unfall 149889 (2021) Kat:3, Licht: 1","149889","3","3","5","11","15","3","","1","1","1","0","0"
"POINT (9.703586273000042 52.374712251000062)","Unfall 149901 (2021) Kat:2, Licht: 0","149901","2","5","1","12","09","3","","0","1","1","0","0"
"POINT (9.781261503000053 52.404810513000029)","Unfall 149904 (2021) Kat:3, Licht: 1","149904","3","3","5","12","07","2","","1","1","1","0","0"
"POINT (9.739458989000070 52.376677652000069)","Unfall 149906 (2021) Kat:3, Licht: 0","149906","3","7","0","12","12","5","","0","0","0","0","0"
"POINT (9.765755291000062 52.419308673000046)","Unfall 149927 (2021) Kat:3, Licht: 1","149927","3","2","6","12","08","4","","1","0","1","1","0"
"POINT (9.755229203000056 52.391348403000052)","Unfall 149951 (2021) Kat:3, Licht: 2","149951","3","3","5","12","20","4","","2","0","1","0","0"
"POINT (9.755182051000077 52.344089028000042)","Unfall 149954 (2021) Kat:3, Licht: 1","149954","3","2","5","12","14","3","","1","1","1","0","0"
"POINT (9.854141393000077 52.391071125000053)","Unfall 149955 (2021) Kat:3, Licht: 0","149955","3","4","6","12","13","3","","0","1","0","1","0"
"POINT (9.749462613000048 52.411775440000042)","Unfall 149959 (2021) Kat:3, Licht: 2","149959","3","1","0","12","07","5","","2","1","0","0","0"
"POINT (9.797674454000060 52.334266290000073)","Unfall 149963 (2021) Kat:3, Licht: 0","149963","3","3","5","12","08","4","","0","0","1","0","0"
"POINT (9.756408738000061 52.390666566000050)","Unfall 149974 (2021) Kat:3, Licht: 0","149974","3","4","6","12","08","4","","0","0","1","1","0"
"POINT (9.731831583000030 52.374522192000029)","Unfall 149975 (2021) Kat:2, Licht: 2","149975","2","7","6","11","19","7","","2","0","1","1","0"
"POINT (9.754989717000058 52.384812118000070)","Unfall 149979 (2021) Kat:3, Licht: 2","149979","3","3","5","12","07","3","","2","0","1","0","0"
"POINT (9.743805808000047 52.371110470000076)","Unfall 149983 (2021) Kat:3, Licht: 2","149983","3","2","3","12","16","4","","2","1","1","0","0"
"POINT (9.762591994000047 52.410287745000062)","Unfall 149986 (2021) Kat:2, Licht: 0","149986","2","2","6","11","08","4","","0","0","1","1","0"
"POINT (9.751866102000065 52.421057051000048)","Unfall 149989 (2021) Kat:3, Licht: 2","149989","3","6","2","12","17","4","","2","0","1","0","0"
"POINT (9.789488997000035 52.424944694000033)","Unfall 150000 (2021) Kat:3, Licht: 2","150000","3","4","6","12","07","3","","2","0","1","1","0"
"POINT (9.744228459000055 52.373300432000065)","Unfall 150003 (2021) Kat:3, Licht: 0","150003","3","1","0","12","10","6","","0","1","0","0","0"
"POINT (9.692636840000034 52.324966352000047)","Unfall 150008 (2021) Kat:3, Licht: 0","150008","3","6","6","12","16","3","","0","0","1","0","0"
"POINT (9.781089700000052 52.399980146000075)","Unfall 150020 (2021) Kat:3, Licht: 2","150020","3","3","5","12","19","7","","2","0","1","0","0"
"POINT (9.704791859000068 52.374379036000050)","Unfall 150028 (2021) Kat:3, Licht: 0","150028","3","7","0","12","10","4","","0","1","0","0","0"
"POINT (9.781589895000025 52.415515928000048)","Unfall 150039 (2021) Kat:3, Licht: 2","150039","3","2","0","12","07","5","","2","1","0","0","0"
"POINT (9.753336816000058 52.376615957000070)","Unfall 150041 (2021) Kat:2, Licht: 1","150041","2","4","6","11","16","5","","1","1","0","1","0"
"POINT (9.759197578000055 52.361695844000053)","Unfall 150044 (2021) Kat:3, Licht: 0","150044","3","2","6","12","09","2","","0","0","1","1","0"
"POINT (9.809528816000068 52.348774982000066)","Unfall 150062 (2021) Kat:3, Licht: 0","150062","3","3","5","12","10","5","","0","1","1","0","0"
"POINT (9.762106368000047 52.366228021000040)","Unfall 150065 (2021) Kat:3, Licht: 1","150065","3","3","5","11","16","5","","1","0","1","0","0"
"POINT (9.733810386000073 52.384690844000033)","Unfall 150068 (2021) Kat:3, Licht: 2","150068","3","2","4","11","16","6","","2","0","1","0","0"
"POINT (9.788995118000059 52.330529289000026)","Unfall 150073 (2021) Kat:3, Licht: 0","150073","3","1","9","11","10","7","","0","1","0","0","0"
"POINT (9.741758453000045 52.372655088000045)","Unfall 150079 (2021) Kat:3, Licht: 0","150079","3","7","0","12","11","4","","0","0","0","0","0"
"POINT (9.792431761000046 52.399916741000027)","Unfall 150086 (2021) Kat:3, Licht: 2","150086","3","2","5","12","18","3","","2","0","1","0","1"
"POINT (9.682710647000022 52.394011512000077)","Unfall 150088 (2021) Kat:3, Licht: 2","150088","3","5","1","12","21","6","","2","0","1","0","0"
"POINT (9.748754719000033 52.374469930000032)","Unfall 150092 (2021) Kat:3, Licht: 0","150092","3","2","0","11","10","5","","0","1","1","0","0"
"POINT (9.819803603000025 52.421229274000041)","Unfall 150108 (2021) Kat:2, Licht: 0","150108","2","1","0","12","14","7","","0","1","0","0","0"
"POINT (9.836433316000068 52.342126431000054)","Unfall 150111 (2021) Kat:2, Licht: 2","150111","2","7","6","11","22","4","","2","0","0","1","0"
"POINT (9.687695014000042 52.345957239000029)","Unfall 150123 (2021) Kat:3, Licht: 2","150123","3","5","3","12","17","2","","2","1","1","0","0"
"POINT (9.747754371000042 52.385498960000064)","Unfall 150132 (2021) Kat:3, Licht: 0","150132","3","5","3","11","12","6","","0","1","1","0","0"
"POINT (9.790286755000068 52.408338998000033)","Unfall 150137 (2021) Kat:3, Licht: 0","150137","3","2","3","11","08","3","","0","0","1","0","0"
"POINT (9.748661313000071 52.377719299000034)","Unfall 150155 (2021) Kat:3, Licht: 2","150155","3","6","2","11","02","1","","2","0","1","0","0"
"POINT (9.689193348000060 52.402054521000082)","Unfall 150171 (2021) Kat:3, Licht: 1","150171","3","3","5","12","16","1","","1","0","1","0","1"
"POINT (9.736920573000077 52.381337813000073)","Unfall 150174 (2021) Kat:3, Licht: 2","150174","3","7","0","11","20","3","","2","1","1","0","0"
"POINT (9.733705146000034 52.379848488000050)","Unfall 150175 (2021) Kat:2, Licht: 2","150175","2","3","5","12","20","7","","2","1","1","0","0"
"POINT (9.733669044000067 52.399183176000065)","Unfall 150176 (2021) Kat:3, Licht: 0","150176","3","3","2","12","12","6","","0","1","0","0","0"
"POINT (9.758678214000042 52.362385352000047)","Unfall 150202 (2021) Kat:3, Licht: 1","150202","3","2","6","12","16","5","","1","0","1","1","0"
"POINT (9.728815525000073 52.364810457000033)","Unfall 150205 (2021) Kat:3, Licht: 0","150205","3","3","0","11","13","2","","0","0","1","0","1"
"POINT (9.801128220000066 52.333959441000047)","Unfall 150206 (2021) Kat:3, Licht: 0","150206","3","1","0","11","12","1","","0","0","0","0","0"
"POINT (9.801789624000037 52.416696151000053)","Unfall 150214 (2021) Kat:2, Licht: 0","150214","2","1","0","11","14","1","","0","1","0","0","0"
"POINT (9.706210906000024 52.374760330000072)","Unfall 150243 (2021) Kat:3, Licht: 0","150243","3","3","5","11","15","2","","0","1","0","0","0"
"POINT (9.804374972000062 52.359784509000065)","Unfall 150248 (2021) Kat:3, Licht: 0","150248","3","3","5","12","14","2","","0","1","1","0","0"
"POINT (9.739908318000062 52.369161775000066)","Unfall 150291 (2021) Kat:3, Licht: 2","150291","3","1","0","12","20","5","","2","1","0","0","0"
"POINT (9.710010256000032 52.367272335000052)","Unfall 150302 (2021) Kat:3, Licht: 2","150302","3","7","0","12","19","2","","2","1","0","0","0"
"POINT (9.671624218000034 52.383569788000045)","Unfall 150309 (2021) Kat:3, Licht: 0","150309","3","3","5","12","11","6","","0","0","1","0","0"
"POINT (9.697322822000046 52.355805931000077)","Unfall 150355 (2021) Kat:2, Licht: 0","150355","2","7","0","12","10","3","","0","1","0","0","0"
"POINT (9.725292727000067 52.386843637000027)","Unfall 150384 (2021) Kat:3, Licht: 1","150384","3","5","1","12","16","2","","1","0","1","0","0"
"POINT (9.737717788000054 52.374643511000045)","Unfall 150402 (2021) Kat:3, Licht: 2","150402","3","1","0","12","07","2","","2","1","0","0","0"
"POINT (9.759752606000063 52.340851213000064)","Unfall 150497 (2021) Kat:3, Licht: 0","150497","3","7","0","12","08","2","","0","1","0","0","0"
"POINT (9.695780034000052 52.372375562000059)","Unfall 150524 (2021) Kat:3, Licht: 2","150524","3","2","6","12","17","5","","2","0","1","1","0"
"POINT (9.746429669000065 52.383617437000055)","Unfall 150541 (2021) Kat:2, Licht: 2","150541","2","2","6","12","21","5","","2","1","0","1","0"
"POINT (9.751550961000021 52.373040996000043)","Unfall 150625 (2021) Kat:2, Licht: 2","150625","2","4","6","12","23","4","","2","0","1","1","0"
"POINT (9.742441289000055 52.378319887000032)","Unfall 150657 (2021) Kat:3, Licht: 2","150657","3","7","0","12","17","6","","2","0","0","0","0"
"POINT (9.733450543000060 52.398957533000043)","Unfall 150679 (2021) Kat:3, Licht: 2","150679","3","4","6","12","16","3","","2","0","1","1","0"
"POINT (9.748519383000030 52.393704952000064)","Unfall 150818 (2021) Kat:3, Licht: 2","150818","3","7","0","12","06","2","","2","1","0","0","0"
"POINT (9.793178831000034 52.326556461000052)","Unfall 150913 (2021) Kat:3, Licht: 0","150913","3","6","4","12","14","5","","0","0","1","0","0"
"POINT (9.743244358000027 52.374975525000082)","Unfall 150952 (2021) Kat:3, Licht: 0","150952","3","5","0","12","11","6","","0","1","1","0","0"
"POINT (9.710716464000029 52.386552949000077)","Unfall 150976 (2021) Kat:3, Licht: 2","150976","3","7","0","12","20","4","","2","1","0","0","0"