WKT,Name,OBJECTID,UKATEGORIE,UTYP1,UART,UMONAT,USTUNDE,UWOCHENTAG,STRZUSTAND,ULICHTVERH,ISTRAD,ISTPKW,ISTFUSS,ISTKRAD
"POINT (9.769730902000049 52.365753837000057)","Unfall 151015 (2021) Kat:3, Licht: 0","151015","3","6","3","12","14","4","","0","0","1","0","0"
"POINT (9.745527975000073 52.395270102000040)","Unfall 151089 (2021) Kat:3, Licht: 0","151089","3","6","0","12","14","6","","0","0","1","0","0"
"POINT (9.714710013000058 52.342511228000035)","Unfall 151099 (2021) Kat:3, Licht: 2","151099","3","4","6","12","18","4","","2","1","0","1","0"
"POINT (9.728300817000047 52.358976215000041)","Unfall 151156 (2021) Kat:3, Licht: 0","151156","3","3","5","12","13","4","","0","1","1","0","0"
"POINT (9.753517243000033 52.380226921000030)","Unfall 151184 (2021) Kat:3, Licht: 0","151184","3","1","0","12","08","2","","0","1","0","0","0"
"POINT (9.740181185000040 52.412225452000030)","Unfall 151224 (2021) Kat:2, Licht: 2","151224","2","4","6","12","16","3","","2","0","1","1","0"
"POINT (9.763988603000030 52.363002313000038)","Unfall 151362 (2021) Kat:3, Licht: 2","151362","3","6","0","12","07","2","","2","1","0","0","0"
"POINT (9.761296131000051 52.389172722000069)","Unfall 233582 (2021) Kat:3, Licht: 0","233582","3","1","0","01","15","2","","0","1","0","0","0"
"POINT (9.800579909000021 52.374025596000081)","Unfall 233583 (2021) Kat:3, Licht: 0","233583","3","6","4","01","13","4","","0","1","0","0","0"
"POINT (9.760595341000055 52.400323984000067)","Unfall 233585 (2021) Kat:3, Licht: 0","233585","3","1","0","01","08","4","","0","1","0","0","0"
"POINT (9.720256894000045 52.369970978000026)","Unfall 233586 (2021) Kat:3, Licht: 0","233586","3","7","0","01","08","4","","0","1","0","0","0"
"POINT (9.709198494000077 52.401244470000051)","Unfall 233587 (2021) Kat:3, Licht: 2","233587","3","1","0","01","06","4","","2","1","0","0","0"
"POINT (9.815889892000030 52.347378895000077)","Unfall 233588 (2021) Kat:3, Licht: 2","233588","3","6","6","02","00","5","","2","1","0","1","0"
"POINT (9.792654572000060 52.408987074000038)","Unfall 233590 (2021) Kat:3, Licht: 0","233590","3","1","0","02","11","2","","0","1","0","0","0"
"POINT (9.713454326000033 52.376432986000054)","Unfall 233591 (2021) Kat:3, Licht: 0","233591","3","7","0","02","07","3","","0","1","0","0","0"
"POINT (9.684608857000057 52.317939102000082)","Unfall 233598 (2021) Kat:3, Licht: 0","233598","3","7","0","02","16","1","","0","1","0","0","0"
"POINT (9.766820320000022 52.382222991000049)","Unfall 233604 (2021) Kat:3, Licht: 0","233604","3","7","0","02","09","4","","0","1","0","0","0"
"POINT (9.746696736000047 52.392831047000072)","Unfall 233608 (2021) Kat:3, Licht: 0","233608","3","7","0","02","16","1","","0","1","0","0","0"
"POINT (9.756133284000043 52.365447758000073)","Unfall 233612 (2021) Kat:3, Licht: 0","233612","3","3","5","03","09","4","","0","1","1","0","0"
"POINT (9.762402137000038 52.392400723000037)","Unfall 233613 (2021) Kat:3, Licht: 0","233613","3","7","0","03","10","6","","0","1","0","0","0"
"POINT (9.719390956000041 52.345777592000047)","Unfall 233615 (2021) Kat:2, Licht: 0","233615","2","6","6","03","09","7","","0","1","0","1","0"
"POINT (9.709919897000077 52.378950906000057)","Unfall 233618 (2021) Kat:3, Licht: 2","233618","3","7","7","03","00","1","","2","1","0","0","0"
"POINT (9.778086137000059 52.354845717000046)","Unfall 233619 (2021) Kat:2, Licht: 0","233619","2","1","0","03","16","3","","0","1","0","0","0"
"POINT (9.765518300000053 52.393677820000050)","Unfall 233624 (2021) Kat:2, Licht: 2","233624","2","1","9","03","01","1","","2","1","0","0","0"
"POINT (9.742650921000063 52.398585551000053)","Unfall 233628 (2021) Kat:3, Licht: 0","233628","3","6","6","03","18","4","","0","1","0","1","0"
"POINT (9.815562152000041 52.402884157000074)","Unfall 233629 (2021) Kat:3, Licht: 0","233629","3","6","4","03","07","4","","0","1","0","0","0"
"POINT (9.729865106000034 52.379550738000034)","Unfall 233631 (2021) Kat:3, Licht: 0","233631","3","7","0","04","18","7","","0","1","0","0","0"
"POINT (9.745254385000067 52.349106717000041)","Unfall 233633 (2021) Kat:3, Licht: 0","233633","3","6","2","04","14","1","","0","1","0","0","0"
"POINT (9.709980829000074 52.379061907000050)","Unfall 233636 (2021) Kat:3, Licht: 0","233636","3","4","6","04","16","2","","0","1","0","1","0"
"POINT (9.711546591000058 52.384580453000069)","Unfall 233642 (2021) Kat:3, Licht: 0","233642","3","2","5","04","16","6","","0","1","0","0","0"
"POINT (9.751863129000071 52.342216813000050)","Unfall 233643 (2021) Kat:3, Licht: 0","233643","3","6","6","04","18","6","","0","1","0","1","0"
"POINT (9.729320735000044 52.351486907000037)","Unfall 233647 (2021) Kat:2, Licht: 0","233647","2","1","0","04","16","4","","0","1","0","0","0"
"POINT (9.750808840000047 52.348258022000039)","Unfall 233648 (2021) Kat:2, Licht: 0","233648","2","7","0","04","14","4","","0","1","0","0","0"
"POINT (9.755448355000055 52.337640332000035)","Unfall 233649 (2021) Kat:3, Licht: 2","233649","3","1","0","04","21","4","","2","1","0","0","0"
"POINT (9.748963717000038 52.390468243000043)","Unfall 233650 (2021) Kat:3, Licht: 0","233650","3","1","0","04","09","5","","0","1","0","0","0"
"POINT (9.816998329000057 52.403991831000042)","Unfall 233655 (2021) Kat:3, Licht: 0","233655","3","7","0","05","18","1","","0","1","0","0","0"
"POINT (9.784849099000041 52.358786451000071)","Unfall 233660 (2021) Kat:2, Licht: 0","233660","2","6","2","05","14","1","","0","1","0","0","0"
"POINT (9.745145622000052 52.394077788000061)","Unfall 233668 (2021) Kat:3, Licht: 1","233668","3","2","5","05","21","1","","1","1","1","0","0"
"POINT (9.715850655000054 52.381617999000071)","Unfall 233671 (2021) Kat:3, Licht: 0","233671","3","6","4","05","20","6","","0","1","0","0","0"
"POINT (9.710545633000038 52.377523310000072)","Unfall 233673 (2021) Kat:3, Licht: 0","233673","3","6","0","05","11","1","","0","1","0","0","0"
"POINT (9.781834569000068 52.356922073000078)","Unfall 233677 (2021) Kat:1, Licht: 0","233677","1","7","0","05","17","2","","0","1","0","0","0"
"POINT (9.712079235000033 52.384801327000048)","Unfall 233678 (2021) Kat:3, Licht: 0","233678","3","4","4","05","14","2","","0","1","0","1","0"
"POINT (9.810678448000033 52.369162717000052)","Unfall 233679 (2021) Kat:2, Licht: 0","233679","2","3","5","05","13","6","","0","1","0","0","0"
"POINT (9.744547066000052 52.345511163000026)","Unfall 233683 (2021) Kat:3, Licht: 0","233683","3","1","0","05","15","2","","0","1","0","0","0"
"POINT (9.736372876000075 52.351288074000081)","Unfall 233684 (2021) Kat:3, Licht: 0","233684","3","7","7","05","18","2","","0","1","0","1","0"
"POINT (9.808238751000033 52.345762250000064)","Unfall 233687 (2021) Kat:3, Licht: 0","233687","3","7","0","06","11","3","","0","1","0","0","0"
"POINT (9.761972312000069 52.387304097000026)","Unfall 233689 (2021) Kat:3, Licht: 0","233689","3","6","2","06","19","4","","0","1","0","0","0"
"POINT (9.799705048000021 52.365992909000056)","Unfall 233691 (2021) Kat:3, Licht: 0","233691","3","7","0","06","12","6","","0","1","0","0","0"
"POINT (9.720306700000037 52.400880727000072)","Unfall 233692 (2021) Kat:3, Licht: 0","233692","3","2","5","06","19","1","","0","1","0","0","0"
"POINT (9.820333706000042 52.400018542000055)","Unfall 233693 (2021) Kat:3, Licht: 0","233693","3","1","0","06","16","1","","0","1","0","0","0"
"POINT (9.786120501000028 52.384920625000063)","Unfall 233702 (2021) Kat:3, Licht: 0","233702","3","1","0","06","18","4","","0","1","0","0","0"
"POINT (9.777370419000022 52.373143740000046)","Unfall 233703 (2021) Kat:3, Licht: 0","233703","3","3","5","06","13","5","","0","1","0","0","0"
"POINT (9.774336982000023 52.359907758000077)","Unfall 233704 (2021) Kat:3, Licht: 0","233704","3","2","0","06","17","5","","0","1","0","0","0"
"POINT (9.731025756000065 52.356306065000069)","Unfall 233706 (2021) Kat:2, Licht: 0","233706","2","7","0","06","17","6","","0","1","0","0","1"
"POINT (9.717016220000062 52.373307107000073)","Unfall 233707 (2021) Kat:3, Licht: 2","233707","3","3","5","06","23","6","","2","1","0","0","0"
"POINT (9.700267165000071 52.321651088000067)","Unfall 233710 (2021) Kat:2, Licht: 0","233710","2","6","4","06","14","2","","0","1","0","0","0"
"POINT (9.731395644000031 52.378647860000058)","Unfall 233714 (2021) Kat:3, Licht: 0","233714","3","1","8","06","16","5","","0","1","0","0","0"
"POINT (9.734612556000059 52.367156160000036)","Unfall 233715 (2021) Kat:3, Licht: 0","233715","3","1","0","06","12","5","","0","1","0","0","0"
"POINT (9.714423742000065 52.376221321000060)","Unfall 233716 (2021) Kat:3, Licht: 2","233716","3","6","3","06","21","6","","2","1","0","0","0"
"POINT (9.727737051000076 52.380717589000028)","Unfall 233719 (2021) Kat:3, Licht: 0","233719","3","7","0","06","18","1","","0","1","0","0","0"
"POINT (9.740077063000058 52.361525270000072)","Unfall 233726 (2021) Kat:3, Licht: 2","233726","3","6","4","06","01","7","","2","1","0","0","0"
"POINT (9.715702559000022 52.382311929000082)","Unfall 233727 (2021) Kat:3, Licht: 0","233727","3","1","0","06","17","7","","0","1","0","0","0"
"POINT (9.739676073000055 52.407395171000076)","Unfall 233729 (2021) Kat:3, Licht: 0","233729","3","1","0","06","09","1","","0","1","0","0","0"
"POINT (9.721713260000058 52.366556062000029)","Unfall 233734 (2021) Kat:3, Licht: 1","233734","3","6","6","06","19","4","","1","1","0","1","0"
"POINT (9.774919247000071 52.380861399000082)","Unfall 233736 (2021) Kat:3, Licht: 0","233736","3","1","0","07","13","1","","0","1","0","0","0"
"POINT (9.711233481000022 52.375752690000070)","Unfall 233737 (2021) Kat:3, Licht: 2","233737","3","6","6","07","01","1","","2","1","0","1","0"
"POINT (9.708810194000023 52.378163584000049)","Unfall 233744 (2021) Kat:3, Licht: 0","233744","3","3","9","07","14","7","","0","1","0","0","0"
"POINT (9.734986406000075 52.390327082000056)","Unfall 233749 (2021) Kat:2, Licht: 0","233749","2","1","0","07","16","3","","0","1","0","0","0"
"POINT (9.711323885000070 52.380740051000032)","Unfall 233750 (2021) Kat:3, Licht: 0","233750","3","6","4","07","17","3","","0","1","0","0","0"
"POINT (9.812364835000039 52.373023723000074)","Unfall 233753 (2021) Kat:3, Licht: 0","233753","3","7","0","07","09","5","","0","1","0","0","0"
"POINT (9.798616949000063 52.373907180000060)","Unfall 233757 (2021) Kat:2, Licht: 0","233757","2","6","0","07","17","1","","0","1","0","0","0"
"POINT (9.866775728000050 52.336261587000081)","Unfall 233759 (2021) Kat:2, Licht: 0","233759","2","6","3","07","16","1","","0","1","0","0","0"
"POINT (9.760127446000070 52.360321662000047)","Unfall 233760 (2021) Kat:3, Licht: 0","233760","3","6","4","07","16","1","","0","1","0","0","0"
"POINT (9.683063062000031 52.347749109000063)","Unfall 233764 (2021) Kat:3, Licht: 0","233764","3","6","4","07","16","5","","0","1","0","0","0"
"POINT (9.738892887000077 52.356254439000054)","Unfall 233767 (2021) Kat:3, Licht: 0","233767","3","1","8","07","15","7","","0","1","0","0","0"
"POINT (9.788636439000072 52.373365656000033)","Unfall 233772 (2021) Kat:3, Licht: 0","233772","3","7","0","07","17","1","","0","1","0","0","0"
"POINT (9.851349671000037 52.349330334000058)","Unfall 233774 (2021) Kat:3, Licht: 0","233774","3","1","8","07","17","2","","0","1","0","0","0"
"POINT (9.714106510000022 52.376662655000075)","Unfall 233775 (2021) Kat:3, Licht: 0","233775","3","3","5","07","11","2","","0","1","0","0","0"
"POINT (9.745417537000037 52.350747529000046)","Unfall 233784 (2021) Kat:3, Licht: 1","233784","3","1","0","07","21","7","","1","1","0","0","0"
"POINT (9.697744815000021 52.377727482000068)","Unfall 233795 (2021) Kat:3, Licht: 0","233795","3","7","0","08","10","4","","0","1","0","0","0"
"POINT (9.731042723000030 52.356546323000032)","Unfall 233807 (2021) Kat:3, Licht: 0","233807","3","1","0","08","15","6","","0","1","0","0","0"
"POINT (9.842889509000031 52.344818057000055)","Unfall 233809 (2021) Kat:2, Licht: 0","233809","2","7","0","08","14","3","","0","1","0","1","0"
"POINT (9.715597551000030 52.382079439000051)","Unfall 233810 (2021) Kat:3, Licht: 0","233810","3","2","5","08","18","3","","0","1","0","0","0"
"POINT (9.738906220000047 52.355742231000079)","Unfall 233814 (2021) Kat:2, Licht: 0","233814","2","7","7","08","07","5","","0","1","0","0","0"
"POINT (9.720243695000022 52.391447062000054)","Unfall 233816 (2021) Kat:3, Licht: 2","233816","3","1","0","08","05","7","","2","1","0","0","0"
"POINT (9.717507485000056 52.372927665000077)","Unfall 233819 (2021) Kat:3, Licht: 0","233819","3","1","0","09","12","4","","0","1","0","0","0"
"POINT (9.764583572000049 52.349155518000032)","Unfall 233823 (2021) Kat:3, Licht: 0","233823","3","4","6","09","15","6","","0","1","0","1","0"
"POINT (9.727605917000062 52.359871802000043)","Unfall 233831 (2021) Kat:3, Licht: 0","233831","3","1","0","09","15","4","","0","1","0","0","0"
"POINT (9.786734362000061 52.388514252000050)","Unfall 233832 (2021) Kat:3, Licht: 0","233832","3","1","0","09","09","4","","0","1","0","0","0"
"POINT (9.739740750000067 52.353557779000027)","Unfall 233834 (2021) Kat:2, Licht: 0","233834","2","3","5","09","11","5","","0","1","0","0","0"
"POINT (9.713454326000033 52.376432986000054)","Unfall 233837 (2021) Kat:3, Licht: 2","233837","3","1","0","09","20","1","","2","1","0","0","0"
"POINT (9.808026509000058 52.410515946000032)","Unfall 233843 (2021) Kat:3, Licht: 0","233843","3","5","3","09","08","5","","0","1","1","0","0"
"POINT (9.804018301000042 52.405277547000026)","Unfall 233854 (2021) Kat:3, Licht: 0","233854","3","6","4","09","14","6","","0","1","0","0","1"
"POINT (9.694732678000037 52.377044268000077)","Unfall 233855 (2021) Kat:3, Licht: 0","233855","3","3","5","09","12","1","","0","1","0","0","0"
"POINT (9.693162764000022 52.359697962000041)","Unfall 233861 (2021) Kat:3, Licht: 0","233861","3","6","4","09","09","4","","0","1","0","0","0"
"POINT (9.753479427000059 52.370007446000045)","Unfall 233865 (2021) Kat:3, Licht: 0","233865","3","2","3","10","12","6","","0","1","1","0","0"
"POINT (9.793926368000029 52.406502337000063)","Unfall 233868 (2021) Kat:3, Licht: 0","233868","3","7","0","10","16","7","","0","1","0","0","0"
"POINT (9.767277936000028 52.351579774000072)","Unfall 233869 (2021) Kat:3, Licht: 0","233869","3","7","0","10","12","7","","0","1","0","0","0"
"POINT (9.673259931000075 52.409952357000066)","Unfall 233872 (2021) Kat:3, Licht: 0","233872","3","7","0","10","08","2","","0","1","0","0","0"
"POINT (9.714638727000022 52.375922317000061)","Unfall 233873 (2021) Kat:3, Licht: 0","233873","3","6","4","10","15","2","","0","1","0","0","0"
"POINT (9.734526536000033 52.362092328000074)","Unfall 233879 (2021) Kat:3, Licht: 2","233879","3","7","0","10","23","7","","2","1","0","0","0"
"POINT (9.760626293000030 52.426604954000027)","Unfall 233880 (2021) Kat:3, Licht: 0","233880","3","1","4","10","15","1","","0","1","0","0","0"
"POINT (9.759975298000029 52.387716545000046)","Unfall 233887 (2021) Kat:3, Licht: 0","233887","3","1","0","10","09","6","","0","1","0","0","0"
"POINT (9.729000524000071 52.355894130000081)","Unfall 233888 (2021) Kat:3, Licht: 0","233888","3","6","6","10","13","2","","0","1","0","1","0"
"POINT (9.715544306000027 52.361587940000049)","Unfall 233889 (2021) Kat:3, Licht: 0","233889","3","3","5","10","10","3","","0","1","1","0","0"
"POINT (9.690022113000055 52.379997181000078)","Unfall 233892 (2021) Kat:2, Licht: 2","233892","2","7","0","10","01","5","","2","1","0","0","0"
"POINT (9.754461633000062 52.405226124000080)","Unfall 233894 (2021) Kat:3, Licht: 0","233894","3","3","5","10","14","5","","0","1","0","0","0"
"POINT (9.855236485000034 52.369252123000081)","Unfall 233895 (2021) Kat:2, Licht: 0","233895","2","7","0","10","13","5","","0","1","0","0","0"
"POINT (9.800411693000058 52.405655673000069)","Unfall 233903 (2021) Kat:3, Licht: 2","233903","3","7","0","11","17","2","","2","1","0","0","0"
"POINT (9.782735608000053 52.374227984000072)","Unfall 233905 (2021) Kat:3, Licht: 0","233905","3","1","0","11","07","4","","0","1","0","0","0"
"POINT (9.788425200000063 52.373353559000066)","Unfall 233924 (2021) Kat:3, Licht: 0","233924","3","6","6","12","15","3","","0","1","0","1","0"
"POINT (9.827591858000062 52.409686623000027)","Unfall 233925 (2021) Kat:2, Licht: 2","233925","2","7","0","12","16","6","","2","1","0","0","0"
"POINT (9.651241171000040 52.420272059000098)","Unfall 7704 (2022) Kat:3, Licht: 1","7704","3","6","2","01","15","3","","1","0","1","0","0"
"POINT (9.735625964000061 52.396082032000002)","Unfall 7741 (2022) Kat:2, Licht: 2","7741","2","3","5","01","19","5","","2","1","1","0","0"
"POINT (9.862489974000029 52.421697648000098)","Unfall 7750 (2022) Kat:3, Licht: 0","7750","3","6","2","01","13","7","","0","0","1","0","0"
"POINT (9.819529493000060 52.310298027999998)","Unfall 7759 (2022) Kat:3, Licht: 2","7759","3","6","2","01","17","3","","2","0","1","0","0"
"POINT (9.826687492000080 52.362247802000098)","Unfall 7784 (2022) Kat:3, Licht: 0","7784","3","1","0","01","09","3","","0","0","0","0","1"
"POINT (9.815313039000049 52.319342261000003)","Unfall 7844 (2022) Kat:3, Licht: 0","7844","3","6","2","02","16","6","","0","0","1","0","0"
"POINT (9.670964109000071 52.377152158999998)","Unfall 7863 (2022) Kat:3, Licht: 1","7863","3","3","5","01","07","5","","1","1","1","0","0"
"POINT (9.726263143000040 52.388449948000101)","Unfall 7868 (2022) Kat:3, Licht: 1","7868","3","6","2","01","15","5","","1","0","1","0","0"
"POINT (9.743306642000050 52.368208137000103)","Unfall 7871 (2022) Kat:3, Licht: 2","7871","3","6","2","01","16","5","","2","0","1","0","0"
"POINT (9.774439857000059 52.343111728000103)","Unfall 7880 (2022) Kat:3, Licht: 0","7880","3","6","2","01","16","6","","0","0","1","0","0"
"POINT (9.663075951000049 52.384734647000101)","Unfall 7910 (2022) Kat:3, Licht: 0","7910","3","6","2","01","14","6","","0","0","1","0","0"
"POINT (9.701051872000050 52.371106437999998)","Unfall 7951 (2022) Kat:3, Licht: 1","7951","3","6","2","01","07","5","","1","0","1","0","0"
"POINT (9.775426490000029 52.371303744999999)","Unfall 7952 (2022) Kat:3, Licht: 2","7952","3","1","9","01","06","1","","2","0","1","0","0"
"POINT (9.720129558000050 52.344256911000102)","Unfall 7963 (2022) Kat:3, Licht: 2","7963","3","6","2","01","17","2","","2","0","1","0","0"
"POINT (9.749164033000060 52.361865258000101)","Unfall 7976 (2022) Kat:3, Licht: 0","7976","3","6","2","01","11","2","","0","0","1","0","0"
"POINT (9.797173190000020 52.414278815000003)","Unfall 8010 (2022) Kat:3, Licht: 2","8010","3","2","4","01","17","2","","2","1","1","0","0"
"POINT (9.665783374000060 52.357710541000102)","Unfall 8053 (2022) Kat:3, Licht: 2","8053","3","3","5","01","17","6","","2","0","1","0","0"
"POINT (9.802321684000050 52.340764529000097)","Unfall 8062 (2022) Kat:3, Licht: 0","8062","3","6","2","01","12","2","","0","0","1","0","0"
"POINT (9.661387089000071 52.376961152000000)","Unfall 8065 (2022) Kat:3, Licht: 2","8065","3","3","5","02","19","6","","2","0","1","0","0"
"POINT (9.681335428000070 52.380864186000103)","Unfall 8077 (2022) Kat:3, Licht: 2","8077","3","7","0","01","17","4","","2","0","1","0","0"
"POINT (9.863630867000040 52.330239474999999)","Unfall 8145 (2022) Kat:1, Licht: 0","8145","1","6","2","02","15","3","","0","0","1","0","0"
"POINT (9.855928589000030 52.388908048000097)","Unfall 8195 (2022) Kat:3, Licht: 2","8195","3","3","5","01","17","3","","2","1","1","0","0"
"POINT (9.781180524000041 52.324732589000099)","Unfall 8210 (2022) Kat:3, Licht: 2","8210","3","3","5","02","16","4","","2","0","1","0","0"
"POINT (9.719366979000030 52.346575582000099)","Unfall 8212 (2022) Kat:3, Licht: 2","8212","3","2","2","01","06","2","","2","0","1","0","0"
"POINT (9.672799918000070 52.348796432000000)","Unfall 8274 (2022) Kat:3, Licht: 2","8274","3","1","8","01","20","2","","2","0","1","0","0"
"POINT (9.833692194000040 52.398465768999998)","Unfall 8278 (2022) Kat:3, Licht: 0","8278","3","3","5","01","15","5","","0","1","1","0","0"
"POINT (9.786429901000080 52.389002718000000)","Unfall 8306 (2022) Kat:3, Licht: 1","8306","3","6","2","01","16","3","","1","0","1","0","0"
"POINT (9.822494158000040 52.309002292999999)","Unfall 8308 (2022) Kat:3, Licht: 2","8308","3","1","9","01","16","2","","2","0","1","0","0"
"POINT (9.722519213000060 52.378455273999997)","Unfall 8317 (2022) Kat:3, Licht: 2","8317","3","6","2","01","17","2","","2","0","1","0","0"
"POINT (9.734087082000030 52.412242680000098)","Unfall 8350 (2022) Kat:3, Licht: 0","8350","3","3","5","02","09","6","","0","0","1","0","0"
"POINT (9.695549590000040 52.419928856000098)","Unfall 8355 (2022) Kat:3, Licht: 2","8355","3","4","6","01","16","4","","2","0","1","1","0"
"POINT (9.696884146000061 52.378999538000102)","Unfall 8363 (2022) Kat:3, Licht: 0","8363","3","6","2","01","14","7","","0","0","1","0","0"
"POINT (9.864683901000030 52.404637654000098)","Unfall 8391 (2022) Kat:3, Licht: 0","8391","3","6","2","01","13","6","","0","0","1","0","0"
"POINT (9.728627931000061 52.381707970999997)","Unfall 8401 (2022) Kat:3, Licht: 0","8401","3","6","3","01","10","3","","0","0","1","0","0"
"POINT (9.697768614000040 52.377118981000102)","Unfall 8508 (2022) Kat:3, Licht: 2","8508","3","6","2","01","06","2","","2","0","1","0","0"
"POINT (9.779781102000070 52.366402642000097)","Unfall 8521 (2022) Kat:3, Licht: 2","8521","3","6","2","01","21","2","","2","0","1","0","0"
"POINT (9.718868315000069 52.333469133999998)","Unfall 8522 (2022) Kat:3, Licht: 2","8522","3","3","5","01","18","1","","2","0","1","0","0"
"POINT (9.865002134000060 52.363187812000000)","Unfall 8538 (2022) Kat:3, Licht: 2","8538","3","1","9","01","02","7","","2","0","1","0","0"
"POINT (9.794902510000041 52.350167332000098)","Unfall 8640 (2022) Kat:3, Licht: 1","8640","3","1","9","01","07","2","","1","0","1","0","0"
"POINT (9.846726603000040 52.413168134999999)","Unfall 8647 (2022) Kat:3, Licht: 2","8647","3","3","5","01","06","3","","2","0","1","0","0"
"POINT (9.734119105000049 52.369071241000000)","Unfall 8658 (2022) Kat:3, Licht: 2","8658","3","3","5","02","22","3","","2","1","1","0","0"
"POINT (9.732030936000060 52.427105048000001)","Unfall 8680 (2022) Kat:3, Licht: 0","8680","3","6","2","01","08","2","","0","0","1","0","0"
"POINT (9.713010998000071 52.362282821000100)","Unfall 8689 (2022) Kat:3, Licht: 1","8689","3","6","2","01","08","2","","1","0","1","0","0"
"POINT (9.728946592000060 52.372879617000102)","Unfall 8702 (2022) Kat:3, Licht: 2","8702","3","3","5","01","17","3","","2","1","1","0","0"
"POINT (9.727489428000069 52.374798988000101)","Unfall 8703 (2022) Kat:3, Licht: 0","8703","3","6","2","02","14","6","","0","0","1","0","0"
"POINT (9.722341324000070 52.378490683000102)","Unfall 8712 (2022) Kat:3, Licht: 2","8712","3","2","5","01","19","5","","2","0","1","0","0"
"POINT (9.722525612000030 52.358331464000102)","Unfall 8735 (2022) Kat:3, Licht: 0","8735","3","1","0","01","16","2","","0","1","0","0","0"
"POINT (9.781259992000059 52.428166315000098)","Unfall 8742 (2022) Kat:3, Licht: 2","8742","3","6","2","01","05","6","","2","0","1","0","0"
"POINT (9.726730235000050 52.375765742000098)","Unfall 8781 (2022) Kat:3, Licht: 2","8781","3","3","5","01","17","3","","2","1","1","0","0"
"POINT (9.779194636000060 52.371334741000098)","Unfall 8827 (2022) Kat:3, Licht: 0","8827","3","6","3","01","12","6","","0","0","1","0","0"
"POINT (9.866970593000080 52.361710951000099)","Unfall 8907 (2022) Kat:3, Licht: 0","8907","3","6","4","01","14","4","","0","0","1","0","0"
"POINT (9.733196913000031 52.419157751999997)","Unfall 9051 (2022) Kat:3, Licht: 2","9051","3","3","5","01","18","5","","2","0","1","0","0"
"POINT (9.732192720000061 52.383021558000102)","Unfall 9075 (2022) Kat:3, Licht: 1","9075","3","6","2","01","16","7","","1","0","1","0","0"
"POINT (9.744142394000050 52.367962208000101)","Unfall 9100 (2022) Kat:3, Licht: 0","9100","3","6","2","01","09","5","","0","0","1","0","0"
"POINT (9.733757223000049 52.384550868000098)","Unfall 9117 (2022) Kat:3, Licht: 0","9117","3","6","2","01","14","6","","0","0","1","0","0"
"POINT (9.885606466000070 52.360101831000101)","Unfall 9121 (2022) Kat:3, Licht: 2","9121","3","1","9","02","20","3","","2","0","1","0","0"
"POINT (9.731752673000070 52.336252684000002)","Unfall 9123 (2022) Kat:3, Licht: 0","9123","3","7","0","01","12","2","","0","0","0","0","1"
"POINT (9.728615517000041 52.381703930000100)","Unfall 9124 (2022) Kat:3, Licht: 2","9124","3","5","1","01","16","4","","2","0","1","0","0"
"POINT (9.795821257000060 52.415085847999997)","Unfall 9237 (2022) Kat:3, Licht: 0","9237","3","7","0","01","15","5","","0","1","0","0","0"
"POINT (9.751208523000059 52.359209356000100)","Unfall 9251 (2022) Kat:3, Licht: 0","9251","3","2","5","01","13","1","","0","0","1","0","0"
"POINT (9.634772468000049 52.418424538000103)","Unfall 9252 (2022) Kat:3, Licht: 2","9252","3","6","3","01","23","7","","2","0","1","0","0"
"POINT (9.743386509000061 52.368305060000097)","Unfall 9278 (2022) Kat:3, Licht: 0","9278","3","6","2","02","15","5","","0","0","1","0","0"
"POINT (9.800119344000050 52.406528995000002)","Unfall 9289 (2022) Kat:3, Licht: 0","9289","3","4","6","01","12","5","","0","0","1","1","0"
"POINT (9.697764207000031 52.377123144000102)","Unfall 9297 (2022) Kat:3, Licht: 0","9297","3","6","2","01","10","7","","0","0","1","0","0"
"POINT (9.699236715000040 52.347225885999997)","Unfall 9364 (2022) Kat:2, Licht: 2","9364","2","1","9","01","21","2","","2","0","1","0","0"
"POINT (9.662456362000061 52.384983959000103)","Unfall 9371 (2022) Kat:3, Licht: 0","9371","3","7","0","01","09","5","","0","1","0","0","0"
"POINT (9.765922214000060 52.341093458000003)","Unfall 9375 (2022) Kat:2, Licht: 1","9375","2","4","6","01","08","4","","1","0","0","1","0"
"POINT (9.771781291000019 52.342960258000097)","Unfall 9390 (2022) Kat:3, Licht: 0","9390","3","6","2","01","12","2","","0","0","1","0","0"
"POINT (9.781834303000039 52.424893606000097)","Unfall 9394 (2022) Kat:3, Licht: 0","9394","3","3","5","01","11","4","","0","0","1","0","0"
"POINT (9.765583397000061 52.341843023000102)","Unfall 9395 (2022) Kat:3, Licht: 2","9395","3","3","5","01","17","4","","2","1","1","0","0"
"POINT (9.757477777000080 52.370234339000000)","Unfall 9447 (2022) Kat:3, Licht: 0","9447","3","6","2","02","09","2","","0","0","1","0","0"
"POINT (9.707069277000070 52.410540092000097)","Unfall 9455 (2022) Kat:2, Licht: 0","9455","2","7","9","01","14","2","","0","0","1","0","0"
"POINT (9.794843302000061 52.394837612000103)","Unfall 9478 (2022) Kat:3, Licht: 0","9478","3","6","2","01","15","1","","0","0","1","0","0"
"POINT (9.716488801000031 52.346249617000097)","Unfall 9510 (2022) Kat:3, Licht: 0","9510","3","6","2","01","11","3","","0","0","1","0","0"
"POINT (9.731875741000071 52.369456752000097)","Unfall 9567 (2022) Kat:3, Licht: 0","9567","3","6","3","01","11","3","","0","0","1","0","0"