WKT,Name,OBJECTID,UKATEGORIE,UTYP1,UART,UMONAT,USTUNDE,UWOCHENTAG,STRZUSTAND,ULICHTVERH,ISTRAD,ISTPKW,ISTFUSS,ISTKRAD
"POINT (9.743377583000040 52.368279422000100)","Unfall 9587 (2022) Kat:3, Licht: 0","9587","3","3","5","01","13","1","","0","0","1","0","0"
"POINT (9.645460199000070 52.423281490000100)","Unfall 9596 (2022) Kat:3, Licht: 0","9596","3","3","5","02","14","2","","0","0","1","0","0"
"POINT (9.798055177000039 52.412998762000001)","Unfall 9648 (2022) Kat:3, Licht: 0","9648","3","4","6","02","15","4","","0","0","1","1","0"
"POINT (9.783512584000050 52.323263508000103)","Unfall 9649 (2022) Kat:3, Licht: 0","9649","3","2","5","03","16","6","","0","1","0","0","0"
"POINT (9.775022211000019 52.371280721000097)","Unfall 9652 (2022) Kat:3, Licht: 0","9652","3","6","2","02","14","6","","0","0","1","0","0"
"POINT (9.696389239000039 52.420321770000001)","Unfall 9658 (2022) Kat:2, Licht: 2","9658","2","1","8","02","04","6","","2","0","1","0","0"
"POINT (9.808546677000040 52.337124373999998)","Unfall 9713 (2022) Kat:3, Licht: 0","9713","3","6","2","02","13","1","","0","0","1","0","0"
"POINT (9.728530699000030 52.373477518000101)","Unfall 9714 (2022) Kat:3, Licht: 0","9714","3","2","2","02","11","4","","0","0","1","0","0"
"POINT (9.713241657000030 52.400155154000103)","Unfall 9734 (2022) Kat:3, Licht: 2","9734","3","3","5","02","19","5","","2","1","1","0","0"
"POINT (9.797305053000059 52.414045839000003)","Unfall 9752 (2022) Kat:3, Licht: 0","9752","3","1","0","02","09","7","","0","0","0","0","1"
"POINT (9.722598090000080 52.378412922000102)","Unfall 9766 (2022) Kat:3, Licht: 0","9766","3","6","2","03","14","2","","0","0","1","0","0"
"POINT (9.829278610000070 52.360915519000102)","Unfall 9769 (2022) Kat:3, Licht: 2","9769","3","7","1","03","20","4","","2","0","1","0","0"
"POINT (9.618053934000050 52.421442252000098)","Unfall 9784 (2022) Kat:3, Licht: 0","9784","3","7","1","03","08","2","","0","0","0","0","0"
"POINT (9.718868315000069 52.333469133999998)","Unfall 9849 (2022) Kat:2, Licht: 2","9849","2","3","5","02","06","6","","2","0","1","0","0"
"POINT (9.697133554000059 52.341653932000000)","Unfall 9851 (2022) Kat:3, Licht: 0","9851","3","2","5","03","11","2","","0","1","1","0","0"
"POINT (9.823951199000019 52.339579699000097)","Unfall 9859 (2022) Kat:3, Licht: 0","9859","3","6","2","03","12","4","","0","0","1","0","0"
"POINT (9.803958028000070 52.338616277000000)","Unfall 9863 (2022) Kat:3, Licht: 2","9863","3","6","2","02","18","5","","2","0","1","0","0"
"POINT (9.801911160000030 52.406819050000102)","Unfall 9877 (2022) Kat:3, Licht: 0","9877","3","6","2","02","16","2","","0","0","1","0","1"
"POINT (9.800073136000041 52.406701976000100)","Unfall 9907 (2022) Kat:3, Licht: 0","9907","3","6","6","03","09","4","","0","1","0","1","0"
"POINT (9.764929025000070 52.342623102000097)","Unfall 9908 (2022) Kat:3, Licht: 2","9908","3","6","6","03","22","6","","2","0","1","0","0"
"POINT (9.748278244000060 52.339309718000003)","Unfall 9941 (2022) Kat:3, Licht: 2","9941","3","6","2","02","06","5","","2","0","1","0","0"
"POINT (9.746806340000029 52.365006611000098)","Unfall 9945 (2022) Kat:3, Licht: 0","9945","3","2","3","02","09","4","","0","1","1","0","0"
"POINT (9.716266147000059 52.428688766000100)","Unfall 10019 (2022) Kat:3, Licht: 0","10019","3","6","2","03","08","3","","0","0","1","0","0"
"POINT (9.794761202000069 52.350216365000101)","Unfall 10106 (2022) Kat:3, Licht: 2","10106","3","6","2","02","19","4","","2","0","1","0","0"
"POINT (9.859713060000050 52.406907034000000)","Unfall 10107 (2022) Kat:2, Licht: 0","10107","2","6","2","02","08","2","","0","0","1","0","0"
"POINT (9.776777601000051 52.332906278000102)","Unfall 10138 (2022) Kat:3, Licht: 2","10138","3","6","2","02","20","5","","2","0","1","0","0"
"POINT (9.686973697000040 52.391928948999997)","Unfall 10172 (2022) Kat:3, Licht: 0","10172","3","6","2","02","16","4","","0","0","1","0","0"
"POINT (9.661383968000051 52.386231510000101)","Unfall 10190 (2022) Kat:3, Licht: 1","10190","3","6","4","02","17","3","","1","1","0","0","0"
"POINT (9.838662569000061 52.335090360999999)","Unfall 10209 (2022) Kat:3, Licht: 0","10209","3","5","1","02","17","6","","0","0","1","0","0"
"POINT (9.731190926000069 52.370456133000097)","Unfall 10212 (2022) Kat:3, Licht: 0","10212","3","6","3","03","15","1","","0","0","1","0","0"
"POINT (9.732770125000060 52.369087385999997)","Unfall 10243 (2022) Kat:3, Licht: 0","10243","3","2","3","03","08","4","","0","0","1","0","0"
"POINT (9.749513240000059 52.339539233000004)","Unfall 10265 (2022) Kat:3, Licht: 0","10265","3","6","2","02","17","5","","0","0","1","0","0"
"POINT (9.762410143000070 52.336427966000002)","Unfall 10273 (2022) Kat:3, Licht: 2","10273","3","1","0","02","22","5","","2","1","0","0","0"
"POINT (9.833706633000080 52.398459896000098)","Unfall 10290 (2022) Kat:2, Licht: 1","10290","2","6","2","02","17","2","","1","0","1","0","0"
"POINT (9.814574951000051 52.351111545000002)","Unfall 10291 (2022) Kat:3, Licht: 0","10291","3","6","3","03","10","5","","0","0","1","0","0"
"POINT (9.657794039000070 52.356976412000101)","Unfall 10300 (2022) Kat:2, Licht: 2","10300","2","7","0","03","18","7","","2","1","0","0","0"
"POINT (9.686325989000069 52.375014825999997)","Unfall 10357 (2022) Kat:3, Licht: 2","10357","3","6","6","03","18","2","","2","0","0","1","0"
"POINT (9.891773287000030 52.429365185999998)","Unfall 10372 (2022) Kat:3, Licht: 0","10372","3","1","8","03","09","3","","0","0","0","0","0"
"POINT (9.639780908000031 52.422495695000102)","Unfall 10376 (2022) Kat:3, Licht: 0","10376","3","6","2","03","15","4","","0","0","1","0","0"
"POINT (9.796350838000020 52.395322212000103)","Unfall 10386 (2022) Kat:3, Licht: 0","10386","3","6","2","02","16","2","","0","0","1","0","0"
"POINT (9.734085049000040 52.387497923000097)","Unfall 10432 (2022) Kat:3, Licht: 2","10432","3","4","6","02","19","2","","2","0","1","1","0"
"POINT (9.747781668000069 52.363652969000000)","Unfall 10451 (2022) Kat:3, Licht: 2","10451","3","3","5","02","21","2","","2","1","1","0","0"
"POINT (9.752801164000060 52.357145515000099)","Unfall 10491 (2022) Kat:3, Licht: 0","10491","3","2","3","03","12","2","","0","0","1","0","0"
"POINT (9.627276490000041 52.423254203000099)","Unfall 10493 (2022) Kat:3, Licht: 0","10493","3","6","2","03","09","3","","0","0","1","0","0"
"POINT (9.727238959000029 52.366798701999997)","Unfall 10510 (2022) Kat:3, Licht: 0","10510","3","6","3","03","08","5","","0","0","1","0","0"
"POINT (9.733438027000030 52.417356332000097)","Unfall 10511 (2022) Kat:3, Licht: 0","10511","3","2","5","03","13","7","","0","1","1","0","0"
"POINT (9.782972559000029 52.324199927999999)","Unfall 10513 (2022) Kat:3, Licht: 2","10513","3","6","3","02","20","1","","2","0","1","0","0"
"POINT (9.846924926000041 52.390475869000099)","Unfall 10523 (2022) Kat:3, Licht: 0","10523","3","7","0","03","12","7","","0","1","0","0","0"
"POINT (9.717127504000080 52.346366177999997)","Unfall 10540 (2022) Kat:3, Licht: 2","10540","3","3","5","02","18","4","","2","0","1","0","0"
"POINT (9.725131592000031 52.364820152999997)","Unfall 10553 (2022) Kat:3, Licht: 0","10553","3","2","5","03","10","3","","0","1","1","0","0"
"POINT (9.745013107000030 52.369034961000096)","Unfall 10564 (2022) Kat:3, Licht: 2","10564","3","1","0","02","18","2","","2","1","0","0","0"
"POINT (9.624932905000041 52.424643007000000)","Unfall 10588 (2022) Kat:3, Licht: 0","10588","3","6","2","03","13","6","","0","0","1","0","0"
"POINT (9.718872944000051 52.333431871000101)","Unfall 10591 (2022) Kat:3, Licht: 0","10591","3","6","2","03","16","4","","0","0","1","0","0"
"POINT (9.804180617000039 52.337024106999998)","Unfall 10596 (2022) Kat:3, Licht: 0","10596","3","6","2","02","15","5","","0","0","1","0","0"
"POINT (9.738841696000071 52.368033158000102)","Unfall 10600 (2022) Kat:3, Licht: 0","10600","3","3","5","02","14","4","","0","1","1","0","0"
"POINT (9.804094303000060 52.336948777000003)","Unfall 10604 (2022) Kat:3, Licht: 0","10604","3","6","2","02","08","5","","0","0","1","0","0"
"POINT (9.739183999000030 52.427660381000102)","Unfall 10668 (2022) Kat:3, Licht: 1","10668","3","6","2","02","06","5","","1","0","0","0","0"
"POINT (9.782026400000060 52.325406160999997)","Unfall 10684 (2022) Kat:3, Licht: 0","10684","3","6","2","02","15","3","","0","0","1","0","0"
"POINT (9.768635325000050 52.337984725000098)","Unfall 10685 (2022) Kat:3, Licht: 1","10685","3","7","0","02","17","5","","1","0","1","0","0"
"POINT (9.852123559000059 52.321144005000100)","Unfall 10695 (2022) Kat:3, Licht: 0","10695","3","1","8","02","17","2","","0","0","1","0","0"
"POINT (9.730903309000039 52.370368108999998)","Unfall 10700 (2022) Kat:3, Licht: 0","10700","3","1","0","02","11","4","","0","1","0","0","0"
"POINT (9.690512576000060 52.346807265000102)","Unfall 10703 (2022) Kat:2, Licht: 0","10703","2","3","5","02","08","6","","0","1","1","0","0"
"POINT (9.808926519000069 52.408869854000002)","Unfall 10721 (2022) Kat:3, Licht: 0","10721","3","3","5","02","12","6","","0","1","1","0","0"
"POINT (9.733962653000050 52.384870356000100)","Unfall 10745 (2022) Kat:3, Licht: 2","10745","3","1","8","02","05","7","","2","0","1","0","0"
"POINT (9.726769542000060 52.366618113000101)","Unfall 10754 (2022) Kat:2, Licht: 0","10754","2","3","5","03","17","4","","0","1","1","0","0"
"POINT (9.761368515000070 52.370478015000103)","Unfall 10763 (2022) Kat:3, Licht: 0","10763","3","3","5","02","13","3","","0","0","1","0","0"
"POINT (9.702979941000020 52.414293959000098)","Unfall 10779 (2022) Kat:2, Licht: 2","10779","2","4","6","02","18","4","","2","0","0","1","0"
"POINT (9.726807846000041 52.381015914000002)","Unfall 10798 (2022) Kat:3, Licht: 0","10798","3","1","6","02","13","4","","0","0","1","1","0"
"POINT (9.737430336000051 52.337361086000001)","Unfall 10850 (2022) Kat:2, Licht: 0","10850","2","6","3","03","12","5","","0","0","1","0","1"
"POINT (9.721303882000029 52.361812467000000)","Unfall 10864 (2022) Kat:3, Licht: 0","10864","3","6","2","02","16","6","","0","0","1","0","0"
"POINT (9.697048874000069 52.374949517000097)","Unfall 10867 (2022) Kat:3, Licht: 0","10867","3","6","3","02","14","4","","0","0","1","0","0"
"POINT (9.733524497000079 52.416672577000000)","Unfall 10882 (2022) Kat:3, Licht: 2","10882","3","1","3","03","20","7","","2","0","1","0","0"
"POINT (9.740471235000030 52.427337442000102)","Unfall 10885 (2022) Kat:3, Licht: 0","10885","3","1","8","03","13","4","","0","0","1","0","0"
"POINT (9.731064912000020 52.420735946000001)","Unfall 10889 (2022) Kat:3, Licht: 0","10889","3","2","5","02","15","5","","0","0","1","0","0"
"POINT (9.784816062000059 52.358308456000003)","Unfall 10926 (2022) Kat:3, Licht: 0","10926","3","6","2","03","07","3","","0","0","1","0","0"
"POINT (9.735044359000030 52.393507303000000)","Unfall 10931 (2022) Kat:3, Licht: 0","10931","3","6","2","03","17","1","","0","0","1","0","1"
"POINT (9.838426209000030 52.387467865000097)","Unfall 10945 (2022) Kat:2, Licht: 0","10945","2","4","2","03","12","3","","0","0","1","1","0"
"POINT (9.746629373000079 52.365097265000003)","Unfall 10949 (2022) Kat:3, Licht: 2","10949","3","1","0","03","23","4","","2","0","0","0","0"
"POINT (9.837313614000040 52.396992668000102)","Unfall 10952 (2022) Kat:3, Licht: 0","10952","3","2","5","03","14","4","","0","0","1","0","1"
"POINT (9.650475017000080 52.411291479000099)","Unfall 10979 (2022) Kat:3, Licht: 0","10979","3","6","2","03","12","4","","0","0","1","0","0"
"POINT (9.669035521000071 52.358137761000101)","Unfall 10986 (2022) Kat:2, Licht: 2","10986","2","3","5","03","00","4","","2","1","1","0","0"
"POINT (9.750847969000059 52.369364494000102)","Unfall 11013 (2022) Kat:3, Licht: 0","11013","3","3","5","02","12","6","","0","1","1","0","0"
"POINT (9.779514062000031 52.327501396999999)","Unfall 11043 (2022) Kat:3, Licht: 0","11043","3","2","2","03","18","4","","0","0","1","0","1"
"POINT (9.762214587000070 52.345460887999998)","Unfall 11056 (2022) Kat:3, Licht: 0","11056","3","5","1","05","13","2","","0","0","1","0","0"
"POINT (9.801094199000030 52.429464050000000)","Unfall 11069 (2022) Kat:3, Licht: 0","11069","3","2","5","05","09","6","","0","1","1","0","0"
"POINT (9.719327429000030 52.392692243000099)","Unfall 11072 (2022) Kat:3, Licht: 2","11072","3","1","0","04","04","1","","2","0","0","0","0"
"POINT (9.734039375000069 52.412556161000097)","Unfall 11099 (2022) Kat:3, Licht: 2","11099","3","6","2","04","22","2","","2","0","1","0","0"
"POINT (9.736198389000039 52.399229385000098)","Unfall 11107 (2022) Kat:2, Licht: 0","11107","2","2","6","05","14","7","","0","0","1","1","0"
"POINT (9.745974477000059 52.369069750000101)","Unfall 11115 (2022) Kat:3, Licht: 0","11115","3","7","1","04","17","3","","0","1","1","0","0"
"POINT (9.785327386000059 52.386758813000000)","Unfall 11117 (2022) Kat:3, Licht: 0","11117","3","6","2","04","15","6","","0","0","1","0","0"
"POINT (9.800717889000049 52.396483060999998)","Unfall 11150 (2022) Kat:3, Licht: 0","11150","3","6","3","03","15","6","","0","0","1","0","0"
"POINT (9.743289999000069 52.368193609000102)","Unfall 11158 (2022) Kat:3, Licht: 0","11158","3","2","5","05","13","2","","0","1","0","0","0"
"POINT (9.751152743000031 52.359283484000102)","Unfall 11182 (2022) Kat:2, Licht: 0","11182","2","2","5","05","12","1","","0","0","1","0","1"
"POINT (9.791973697000060 52.352374302999998)","Unfall 11198 (2022) Kat:3, Licht: 0","11198","3","1","8","04","16","7","","0","0","1","0","0"
"POINT (9.732301556000040 52.383370151000101)","Unfall 11205 (2022) Kat:3, Licht: 0","11205","3","2","0","05","20","4","","0","1","1","0","0"
"POINT (9.728448432000050 52.368009432000100)","Unfall 11209 (2022) Kat:3, Licht: 0","11209","3","3","0","03","11","4","","0","1","1","0","0"
"POINT (9.798119033000029 52.418820988999997)","Unfall 11212 (2022) Kat:3, Licht: 0","11212","3","6","4","05","06","5","","0","0","1","0","0"
"POINT (9.853599629000030 52.409363122999999)","Unfall 11227 (2022) Kat:3, Licht: 1","11227","3","1","8","04","19","7","","1","0","1","0","0"
"POINT (9.721510809000049 52.361510965000001)","Unfall 11229 (2022) Kat:3, Licht: 0","11229","3","7","0","05","08","4","","0","1","0","0","0"
"POINT (9.685667439000040 52.374828231999999)","Unfall 11249 (2022) Kat:2, Licht: 0","11249","2","1","8","04","16","2","","0","0","0","0","0"
"POINT (9.705684116000040 52.430181203000103)","Unfall 11251 (2022) Kat:3, Licht: 0","11251","3","7","3","05","13","2","","0","0","1","0","0"
"POINT (9.714371113000031 52.362146213000102)","Unfall 11309 (2022) Kat:3, Licht: 2","11309","3","2","5","04","23","7","","2","0","1","0","0"
"POINT (9.713820728000030 52.366626455000102)","Unfall 11332 (2022) Kat:3, Licht: 2","11332","3","1","0","04","00","5","","2","1","0","0","0"
"POINT (9.622217924000040 52.426292348000104)","Unfall 11362 (2022) Kat:3, Licht: 0","11362","3","6","2","05","17","4","","0","0","1","0","0"
"POINT (9.832506201000060 52.386148085000102)","Unfall 11421 (2022) Kat:3, Licht: 0","11421","3","3","5","05","07","4","","0","1","1","0","0"
"POINT (9.823741617000049 52.384182131000003)","Unfall 11463 (2022) Kat:3, Licht: 0","11463","3","2","5","04","07","2","","0","1","1","0","0"
"POINT (9.820919737000050 52.408145603999998)","Unfall 11488 (2022) Kat:3, Licht: 0","11488","3","6","2","05","07","4","","0","0","1","0","0"
"POINT (9.631211430000061 52.420625480000098)","Unfall 11522 (2022) Kat:3, Licht: 0","11522","3","6","3","04","11","5","","0","0","1","0","0"
"POINT (9.804109751000061 52.337016351999999)","Unfall 11531 (2022) Kat:3, Licht: 0","11531","3","7","0","04","11","5","","0","1","0","0","0"
"POINT (9.707937928000041 52.420784281000103)","Unfall 11534 (2022) Kat:3, Licht: 2","11534","3","6","2","05","20","6","","2","0","1","0","0"
"POINT (9.735218363000060 52.394346204999998)","Unfall 11547 (2022) Kat:2, Licht: 0","11547","2","6","6","04","18","7","","0","1","0","1","0"
"POINT (9.778096900000040 52.327784751000102)","Unfall 11607 (2022) Kat:3, Licht: 1","11607","3","2","5","05","20","1","","1","1","0","0","0"
"POINT (9.721466742000080 52.355190217000001)","Unfall 11610 (2022) Kat:3, Licht: 0","11610","3","1","8","05","06","6","","0","0","0","0","0"
"POINT (9.779737746000020 52.327563655000098)","Unfall 11621 (2022) Kat:3, Licht: 0","11621","3","1","0","04","10","1","","0","0","0","0","0"
"POINT (9.734265907000060 52.387104738000097)","Unfall 11627 (2022) Kat:3, Licht: 0","11627","3","2","5","05","13","5","","0","1","1","0","0"
"POINT (9.727435729000041 52.374856588000100)","Unfall 11636 (2022) Kat:3, Licht: 0","11636","3","6","2","05","19","3","","0","0","1","0","0"
"POINT (9.642116232000030 52.422637270000102)","Unfall 11669 (2022) Kat:3, Licht: 0","11669","3","6","2","05","15","3","","0","0","1","0","0"
"POINT (9.720234711000050 52.391689126000102)","Unfall 11681 (2022) Kat:3, Licht: 0","11681","3","2","3","05","15","7","","0","1","1","0","0"
"POINT (9.747878613000070 52.363527561000097)","Unfall 11692 (2022) Kat:3, Licht: 0","11692","3","4","6","05","16","7","","0","1","0","1","0"
"POINT (9.735967084000039 52.400885792000103)","Unfall 11720 (2022) Kat:2, Licht: 0","11720","2","6","4","03","13","5","","0","1","0","0","0"
"POINT (9.732474053000031 52.369531806000097)","Unfall 11744 (2022) Kat:3, Licht: 0","11744","3","6","2","04","07","4","","0","0","1","0","0"
"POINT (9.657148397000070 52.405575934000098)","Unfall 11746 (2022) Kat:3, Licht: 1","11746","3","6","2","03","05","6","","1","0","1","0","0"
"POINT (9.750080829000069 52.369281613000098)","Unfall 11747 (2022) Kat:2, Licht: 0","11747","2","4","6","05","11","6","","0","1","0","1","0"
"POINT (9.734073953000060 52.385984309000001)","Unfall 11765 (2022) Kat:3, Licht: 0","11765","3","6","2","05","16","4","","0","0","1","0","0"
"POINT (9.799685411000040 52.408439573000102)","Unfall 11766 (2022) Kat:3, Licht: 0","11766","3","2","5","03","09","7","","0","1","0","0","1"
"POINT (9.858907882000040 52.407274974000103)","Unfall 11779 (2022) Kat:3, Licht: 2","11779","3","7","8","04","01","3","","2","0","0","0","0"
"POINT (9.869087648000059 52.360620300000100)","Unfall 11784 (2022) Kat:3, Licht: 0","11784","3","6","2","04","12","2","","0","0","1","0","0"
"POINT (9.721295560000041 52.360767445000100)","Unfall 11845 (2022) Kat:3, Licht: 2","11845","3","2","3","03","22","4","","2","0","1","0","0"
"POINT (9.838033180000020 52.418624008999998)","Unfall 11855 (2022) Kat:3, Licht: 0","11855","3","6","3","05","07","6","","0","0","1","0","0"
"POINT (9.819511855000030 52.310306842999999)","Unfall 11907 (2022) Kat:3, Licht: 0","11907","3","1","8","04","08","6","","0","0","1","0","0"
"POINT (9.733379371000069 52.417818403000098)","Unfall 11916 (2022) Kat:3, Licht: 0","11916","3","3","5","04","13","5","","0","1","1","0","0"
"POINT (9.735595508000070 52.403298785000104)","Unfall 11935 (2022) Kat:3, Licht: 0","11935","3","3","0","03","15","4","","0","1","1","0","0"
"POINT (9.743318658000019 52.369040978999998)","Unfall 11953 (2022) Kat:2, Licht: 0","11953","2","7","3","04","11","7","","0","1","0","0","0"
"POINT (9.723395081000040 52.628581967000102)","Unfall 11959 (2022) Kat:3, Licht: 0","11959","3","6","2","05","12","7","","0","0","1","0","0"
"POINT (9.840887048000070 52.387819506000000)","Unfall 12005 (2022) Kat:3, Licht: 0","12005","3","4","6","05","19","5","","0","0","1","1","0"
"POINT (9.691455245000039 52.430134652000000)","Unfall 12010 (2022) Kat:3, Licht: 0","12010","3","6","3","04","15","7","","0","0","1","0","0"
"POINT (9.629760493000051 52.421065305000099)","Unfall 12061 (2022) Kat:3, Licht: 0","12061","3","6","2","05","16","6","","0","0","1","0","0"
"POINT (9.699451232000060 52.347352043999997)","Unfall 12067 (2022) Kat:3, Licht: 2","12067","3","2","5","05","01","1","","2","0","1","0","0"
"POINT (9.865339305000081 52.338425513000097)","Unfall 12072 (2022) Kat:3, Licht: 0","12072","3","6","2","03","12","2","","0","0","0","0","0"
"POINT (9.773778506000040 52.370993876000099)","Unfall 12112 (2022) Kat:3, Licht: 0","12112","3","6","2","04","16","5","","0","0","1","0","0"
"POINT (9.735133852000050 52.403873716000099)","Unfall 12117 (2022) Kat:3, Licht: 0","12117","3","6","2","04","10","6","","0","0","1","0","0"
"POINT (9.732304037000061 52.383139959000097)","Unfall 12124 (2022) Kat:3, Licht: 1","12124","3","6","3","03","18","5","","1","1","0","0","0"
"POINT (9.642332377000059 52.414705751000000)","Unfall 12155 (2022) Kat:3, Licht: 2","12155","3","3","5","04","20","2","","2","0","1","0","0"
"POINT (9.771410247000061 52.427091893000103)","Unfall 12173 (2022) Kat:3, Licht: 0","12173","3","6","9","04","17","1","","0","0","1","0","0"
"POINT (9.810460782000060 52.318370824000098)","Unfall 12176 (2022) Kat:3, Licht: 0","12176","3","2","4","04","11","4","","0","0","1","0","0"
"POINT (9.677159397000031 52.359206401999998)","Unfall 12187 (2022) Kat:3, Licht: 0","12187","3","3","5","05","18","6","","0","1","1","0","0"
"POINT (9.727238959000029 52.366798701999997)","Unfall 12206 (2022) Kat:3, Licht: 0","12206","3","3","5","03","10","5","","0","0","1","0","0"
"POINT (9.641570880000071 52.414798400000102)","Unfall 12218 (2022) Kat:3, Licht: 0","12218","3","6","2","04","17","6","","0","0","1","0","0"
"POINT (9.845046208000040 52.360464716000102)","Unfall 12232 (2022) Kat:3, Licht: 0","12232","3","2","5","03","15","3","","0","0","0","0","0"
"POINT (9.726766279000060 52.375735156000097)","Unfall 12235 (2022) Kat:3, Licht: 0","12235","3","3","5","05","16","5","","0","1","1","0","0"
"POINT (9.731796611000050 52.382916682000001)","Unfall 12239 (2022) Kat:3, Licht: 0","12239","3","6","3","04","18","5","","0","0","1","0","1"
"POINT (9.714673806000061 52.361088397000103)","Unfall 12259 (2022) Kat:3, Licht: 0","12259","3","6","3","05","10","2","","0","0","1","0","0"
"POINT (9.723967380000030 52.391096957999999)","Unfall 12277 (2022) Kat:3, Licht: 0","12277","3","2","3","05","13","5","","0","1","1","0","0"
"POINT (9.727121379000041 52.381148211000003)","Unfall 12314 (2022) Kat:3, Licht: 0","12314","3","3","5","05","08","2","","0","1","1","0","0"
"POINT (9.650122699000059 52.414741702000100)","Unfall 12318 (2022) Kat:3, Licht: 1","12318","3","6","3","04","05","6","","1","0","1","0","1"
"POINT (9.728016805000040 52.374194271000100)","Unfall 12353 (2022) Kat:3, Licht: 0","12353","3","3","5","05","07","2","","0","0","1","0","0"
"POINT (9.784316115000021 52.383178905000101)","Unfall 12394 (2022) Kat:3, Licht: 0","12394","3","6","2","04","15","4","","0","0","1","0","0"
"POINT (9.764463666000040 52.342764932000101)","Unfall 12424 (2022) Kat:3, Licht: 0","12424","3","2","5","04","13","2","","0","0","1","0","0"
"POINT (9.751213046000030 52.359203551000100)","Unfall 12429 (2022) Kat:3, Licht: 0","12429","3","2","5","03","17","4","","0","1","1","0","0"
"POINT (9.644954561000080 52.431552050999997)","Unfall 12434 (2022) Kat:3, Licht: 0","12434","3","6","4","04","16","6","","0","1","0","0","0"
"POINT (9.833256095000021 52.418909151000001)","Unfall 12460 (2022) Kat:3, Licht: 0","12460","3","6","2","05","12","6","","0","0","1","0","0"
"POINT (9.774795317000040 52.332276999999998)","Unfall 12463 (2022) Kat:3, Licht: 2","12463","3","7","8","04","01","1","","2","1","0","0","0"
"POINT (9.727190745000030 52.387963055000100)","Unfall 12467 (2022) Kat:3, Licht: 2","12467","3","2","5","03","19","6","","2","0","1","0","0"
"POINT (9.758964508000080 52.370320362000001)","Unfall 12485 (2022) Kat:3, Licht: 0","12485","3","3","5","05","08","6","","0","1","1","0","0"
"POINT (9.717505928000040 52.355667564000001)","Unfall 12505 (2022) Kat:3, Licht: 0","12505","3","3","5","04","15","3","","0","0","1","0","0"
"POINT (9.760225341000019 52.347308990999998)","Unfall 12508 (2022) Kat:2, Licht: 2","12508","2","1","8","05","03","1","","2","0","1","0","0"
"POINT (9.715111738000081 52.361092796000001)","Unfall 12522 (2022) Kat:3, Licht: 0","12522","3","6","2","05","17","4","","0","0","1","0","0"
"POINT (9.723539526000019 52.377899187000097)","Unfall 12526 (2022) Kat:3, Licht: 0","12526","3","2","5","03","15","4","","0","1","0","0","0"
"POINT (9.674327253000060 52.395066615000097)","Unfall 12560 (2022) Kat:3, Licht: 0","12560","3","6","2","04","14","4","","0","0","1","0","0"
"POINT (9.702516298000029 52.430292309000002)","Unfall 12561 (2022) Kat:3, Licht: 2","12561","3","6","2","03","20","7","","2","0","1","0","0"
"POINT (9.697733158000061 52.377152479000102)","Unfall 12573 (2022) Kat:3, Licht: 0","12573","3","6","2","04","19","3","","0","0","1","0","0"
"POINT (9.817980595000050 52.351586887000103)","Unfall 12621 (2022) Kat:3, Licht: 1","12621","3","6","3","03","17","5","","1","0","1","0","0"
"POINT (9.711782947000071 52.405064479000004)","Unfall 12640 (2022) Kat:3, Licht: 0","12640","3","3","5","05","14","3","","0","1","1","0","0"
"POINT (9.680297480000039 52.371920967000101)","Unfall 12682 (2022) Kat:3, Licht: 0","12682","3","6","2","05","08","4","","0","0","1","0","0"
"POINT (9.761357585000040 52.335652021000001)","Unfall 12690 (2022) Kat:3, Licht: 0","12690","3","3","5","04","14","6","","0","1","1","0","0"
"POINT (9.677817626000040 52.359328446000099)","Unfall 12692 (2022) Kat:3, Licht: 2","12692","3","3","5","04","19","2","","2","0","1","1","0"
"POINT (9.744772400000040 52.367455776000000)","Unfall 12694 (2022) Kat:3, Licht: 0","12694","3","3","5","05","08","2","","0","1","1","0","0"
"POINT (9.730126854000050 52.368690018999999)","Unfall 12709 (2022) Kat:2, Licht: 0","12709","2","3","5","03","13","3","","0","1","1","0","0"
"POINT (9.698625703000060 52.347726751000003)","Unfall 12733 (2022) Kat:3, Licht: 0","12733","3","3","5","05","16","3","","0","1","1","0","0"
"POINT (9.846580942000060 52.393191772000101)","Unfall 12742 (2022) Kat:3, Licht: 0","12742","3","5","5","03","12","5","","0","1","1","0","0"
"POINT (9.793862227000030 52.394736318000099)","Unfall 12751 (2022) Kat:3, Licht: 0","12751","3","6","2","04","11","2","","0","0","1","0","1"
"POINT (9.733429284000071 52.384282250000098)","Unfall 12818 (2022) Kat:3, Licht: 0","12818","3","6","0","05","15","2","","0","1","0","0","0"
"POINT (9.805814002000030 52.408496919000100)","Unfall 12823 (2022) Kat:3, Licht: 0","12823","3","3","5","05","16","3","","0","1","0","0","0"
"POINT (9.734106839000050 52.412124237999997)","Unfall 12831 (2022) Kat:3, Licht: 0","12831","3","3","5","05","09","6","","0","1","1","0","0"
"POINT (9.717404017000041 52.396145908000101)","Unfall 12858 (2022) Kat:3, Licht: 0","12858","3","6","2","03","10","1","","0","0","1","0","0"
"POINT (9.703344603000060 52.416143413999997)","Unfall 12866 (2022) Kat:3, Licht: 0","12866","3","2","2","04","15","7","","0","0","1","0","0"
"POINT (9.681227257000049 52.391416520000099)","Unfall 12915 (2022) Kat:3, Licht: 0","12915","3","6","2","04","15","3","","0","0","1","0","0"