WKT,Name,OBJECTID,UKATEGORIE,UTYP1,UART,UMONAT,USTUNDE,UWOCHENTAG,STRZUSTAND,ULICHTVERH,ISTRAD,ISTPKW,ISTFUSS,ISTKRAD
"POINT (9.862783340000020 52.379928732000103)","Unfall 12978 (2022) Kat:3, Licht: 0","12978","3","2","4","03","16","2","","0","0","1","0","0"
"POINT (9.800809380000031 52.406586450000098)","Unfall 13010 (2022) Kat:3, Licht: 0","13010","3","6","0","05","14","2","","0","0","1","0","0"
"POINT (9.675968233000050 52.381747259000100)","Unfall 13041 (2022) Kat:3, Licht: 0","13041","3","7","7","04","10","3","","0","1","0","0","0"
"POINT (9.651676538000061 52.417413615000001)","Unfall 13105 (2022) Kat:2, Licht: 0","13105","2","3","5","03","17","5","","0","1","1","0","0"
"POINT (9.797398687000049 52.346676059000103)","Unfall 13137 (2022) Kat:3, Licht: 0","13137","3","6","3","04","13","6","","0","0","1","0","0"
"POINT (9.714840566000021 52.361130489000097)","Unfall 13140 (2022) Kat:3, Licht: 0","13140","3","2","5","05","14","1","","0","0","1","0","0"
"POINT (9.697287028000060 52.341536937999997)","Unfall 13150 (2022) Kat:3, Licht: 0","13150","3","6","2","05","17","6","","0","0","1","0","0"
"POINT (9.728283278000051 52.374197817000002)","Unfall 13156 (2022) Kat:3, Licht: 0","13156","3","2","4","04","19","5","","0","1","1","0","0"
"POINT (9.821496019000049 52.426838058999998)","Unfall 13169 (2022) Kat:3, Licht: 1","13169","3","6","2","05","05","3","","1","0","1","0","0"
"POINT (9.735137087000060 52.393954362000002)","Unfall 13179 (2022) Kat:3, Licht: 0","13179","3","4","6","03","15","2","","0","1","0","1","0"
"POINT (9.736206108000030 52.399163767000097)","Unfall 13210 (2022) Kat:3, Licht: 0","13210","3","2","2","05","18","4","","0","0","1","0","0"
"POINT (9.836796436000039 52.418716043000103)","Unfall 13229 (2022) Kat:3, Licht: 0","13229","3","1","9","04","16","2","","0","0","1","0","0"
"POINT (9.868662283000051 52.344229718000101)","Unfall 13233 (2022) Kat:3, Licht: 0","13233","3","6","2","05","07","3","","0","0","0","0","0"
"POINT (9.711509778000050 52.421725698000003)","Unfall 13250 (2022) Kat:3, Licht: 0","13250","3","3","5","04","16","4","","0","1","1","0","0"
"POINT (9.740593101000060 52.427522789000101)","Unfall 13264 (2022) Kat:3, Licht: 0","13264","3","6","2","04","15","6","","0","0","1","0","0"
"POINT (9.739040180000069 52.368226047000100)","Unfall 13280 (2022) Kat:3, Licht: 2","13280","3","1","8","03","22","7","","2","1","0","0","0"
"POINT (9.745919421000050 52.366475829000102)","Unfall 13294 (2022) Kat:3, Licht: 0","13294","3","3","5","03","17","6","","0","1","1","0","0"
"POINT (9.762818979000031 52.344438584999999)","Unfall 13299 (2022) Kat:3, Licht: 0","13299","3","3","5","04","08","4","","0","1","1","0","0"
"POINT (9.690886282000060 52.384201086000097)","Unfall 13320 (2022) Kat:3, Licht: 0","13320","3","6","2","05","12","7","","0","0","1","0","0"
"POINT (9.736126673000060 52.399750045000097)","Unfall 13324 (2022) Kat:3, Licht: 0","13324","3","6","2","05","13","4","","0","0","1","0","0"
"POINT (9.764831476000040 52.342739362000003)","Unfall 13358 (2022) Kat:3, Licht: 0","13358","3","2","5","05","10","3","","0","0","1","0","0"
"POINT (9.712579550000040 52.402028491000102)","Unfall 13369 (2022) Kat:3, Licht: 0","13369","3","3","5","05","14","6","","0","1","0","0","0"
"POINT (9.675813073000031 52.394137235000102)","Unfall 13384 (2022) Kat:3, Licht: 0","13384","3","6","2","03","14","5","","0","0","1","0","0"
"POINT (9.813491476000021 52.318993910000103)","Unfall 13414 (2022) Kat:3, Licht: 0","13414","3","6","4","04","08","3","","0","0","1","0","0"
"POINT (9.686109469000030 52.429856433000097)","Unfall 13434 (2022) Kat:3, Licht: 0","13434","3","6","2","05","17","4","","0","0","1","0","0"
"POINT (9.717952895000050 52.346398520999998)","Unfall 13446 (2022) Kat:3, Licht: 1","13446","3","6","0","05","21","1","","1","0","1","0","0"
"POINT (9.655560977000050 52.406610233999999)","Unfall 13456 (2022) Kat:3, Licht: 2","13456","3","6","2","05","22","5","","2","0","1","0","0"
"POINT (9.714553002000059 52.361004056000098)","Unfall 13480 (2022) Kat:3, Licht: 2","13480","3","6","2","04","05","5","","2","0","1","0","0"
"POINT (9.787486764000050 52.347903795000001)","Unfall 13491 (2022) Kat:3, Licht: 0","13491","3","6","2","05","17","6","","0","0","1","0","0"
"POINT (9.872664576000030 52.348507488000102)","Unfall 13502 (2022) Kat:3, Licht: 2","13502","3","7","7","04","02","7","","2","0","1","0","0"
"POINT (9.867646329000021 52.361377765000000)","Unfall 13536 (2022) Kat:3, Licht: 0","13536","3","7","4","04","14","3","","0","0","1","0","0"
"POINT (9.815939760000051 52.409421854000101)","Unfall 13554 (2022) Kat:3, Licht: 0","13554","3","4","6","05","19","2","","0","0","1","1","0"
"POINT (9.722472659000060 52.378480270000097)","Unfall 13559 (2022) Kat:3, Licht: 1","13559","3","2","5","04","20","3","","1","1","1","0","0"
"POINT (9.860584996000060 52.357493769000001)","Unfall 13561 (2022) Kat:3, Licht: 2","13561","3","6","3","04","21","5","","2","0","1","0","0"
"POINT (9.794111558000051 52.394161537999999)","Unfall 13571 (2022) Kat:3, Licht: 0","13571","3","1","0","03","13","4","","0","0","0","0","1"
"POINT (9.740936964000070 52.337941869000097)","Unfall 13609 (2022) Kat:3, Licht: 0","13609","3","6","2","03","13","6","","0","0","1","0","0"
"POINT (9.734000939000049 52.386968547999999)","Unfall 13617 (2022) Kat:3, Licht: 2","13617","3","7","0","03","19","2","","2","0","0","0","1"
"POINT (9.763449172000040 52.343832843000001)","Unfall 13621 (2022) Kat:3, Licht: 0","13621","3","3","5","03","19","2","","0","1","1","0","0"
"POINT (9.711202526000021 52.421622249000102)","Unfall 13644 (2022) Kat:3, Licht: 0","13644","3","6","2","05","07","5","","0","0","1","0","0"
"POINT (9.720530982000071 52.391485623999998)","Unfall 13696 (2022) Kat:3, Licht: 0","13696","3","1","0","04","13","1","","0","0","0","0","1"
"POINT (9.819228823000060 52.427589609999998)","Unfall 13706 (2022) Kat:3, Licht: 0","13706","3","6","2","04","12","6","","0","0","1","0","0"
"POINT (9.655064558000049 52.407021420000000)","Unfall 13722 (2022) Kat:3, Licht: 0","13722","3","6","2","03","10","7","","0","0","1","0","0"
"POINT (9.647749749000070 52.413272777000003)","Unfall 13723 (2022) Kat:3, Licht: 0","13723","3","6","0","05","08","7","","0","0","0","0","1"
"POINT (9.697717684000050 52.377167099000097)","Unfall 13726 (2022) Kat:3, Licht: 0","13726","3","6","2","03","08","5","","0","0","1","0","0"
"POINT (9.755986360000071 52.340758564000097)","Unfall 13734 (2022) Kat:2, Licht: 0","13734","2","7","2","03","16","1","","0","0","1","0","1"
"POINT (9.762394686000050 52.345251658000102)","Unfall 13740 (2022) Kat:3, Licht: 0","13740","3","3","5","04","13","6","","0","1","1","0","0"
"POINT (9.707347460000051 52.420020923999999)","Unfall 13755 (2022) Kat:3, Licht: 0","13755","3","6","2","03","17","7","","0","0","1","0","0"
"POINT (9.761882697000029 52.345846454000103)","Unfall 13760 (2022) Kat:3, Licht: 0","13760","3","7","3","05","08","1","","0","0","1","0","0"
"POINT (9.762900729000020 52.344355294000103)","Unfall 13815 (2022) Kat:3, Licht: 0","13815","3","7","0","05","16","5","","0","1","0","0","0"
"POINT (9.743439624000080 52.368146633000002)","Unfall 13861 (2022) Kat:3, Licht: 1","13861","3","2","5","06","21","4","","1","0","1","0","0"
"POINT (9.718324801000049 52.346046952999998)","Unfall 13868 (2022) Kat:3, Licht: 0","13868","3","6","3","05","15","2","","0","0","1","0","1"
"POINT (9.742911294000070 52.368442397000102)","Unfall 13871 (2022) Kat:3, Licht: 0","13871","3","3","5","07","07","3","","0","1","1","0","0"
"POINT (9.738923106000071 52.337570602000000)","Unfall 13874 (2022) Kat:3, Licht: 0","13874","3","6","2","06","17","6","","0","0","1","0","0"
"POINT (9.724716504000069 52.376919337000103)","Unfall 13924 (2022) Kat:3, Licht: 0","13924","3","4","6","06","19","7","","0","0","0","1","0"
"POINT (9.750808615000039 52.369357514999997)","Unfall 13938 (2022) Kat:3, Licht: 0","13938","3","7","0","06","15","6","","0","0","1","0","1"
"POINT (9.719417482000040 52.392600953000098)","Unfall 13952 (2022) Kat:3, Licht: 1","13952","3","1","0","07","06","1","","1","1","0","0","0"
"POINT (9.784736954000040 52.372329337000103)","Unfall 13959 (2022) Kat:3, Licht: 0","13959","3","7","2","06","11","1","","0","0","1","0","0"
"POINT (9.797640189000051 52.413664451000002)","Unfall 13985 (2022) Kat:3, Licht: 1","13985","3","1","0","08","20","3","","1","1","0","0","0"
"POINT (9.694882057000029 52.419460776000101)","Unfall 13988 (2022) Kat:3, Licht: 0","13988","3","3","5","05","07","4","","0","1","0","0","0"
"POINT (9.870288370000029 52.310527362000101)","Unfall 14017 (2022) Kat:3, Licht: 0","14017","3","6","3","06","13","3","","0","0","1","0","0"
"POINT (9.761906639000070 52.345818640000097)","Unfall 14019 (2022) Kat:3, Licht: 0","14019","3","6","3","07","20","1","","0","0","1","0","0"
"POINT (9.756712563000059 52.334271140000098)","Unfall 14057 (2022) Kat:2, Licht: 0","14057","2","2","5","05","20","2","","0","1","0","0","0"
"POINT (9.727949512000070 52.427718134000003)","Unfall 14075 (2022) Kat:3, Licht: 2","14075","3","1","8","08","21","2","","2","0","1","0","0"
"POINT (9.830537362000030 52.385556166000100)","Unfall 14092 (2022) Kat:3, Licht: 0","14092","3","2","5","07","13","6","","0","1","1","0","0"
"POINT (9.761943750000061 52.345775527999997)","Unfall 14124 (2022) Kat:3, Licht: 0","14124","3","7","0","06","10","7","","0","0","1","0","0"
"POINT (9.623934664000050 52.425389446000104)","Unfall 14125 (2022) Kat:3, Licht: 0","14125","3","6","2","08","09","6","","0","0","1","0","0"
"POINT (9.837632589000069 52.418651122000000)","Unfall 14172 (2022) Kat:3, Licht: 2","14172","3","7","9","05","04","1","","2","0","1","0","0"
"POINT (9.721395993000041 52.337746895000102)","Unfall 14176 (2022) Kat:3, Licht: 0","14176","3","6","3","05","11","7","","0","0","1","0","0"
"POINT (9.629572349000060 52.421683311999999)","Unfall 14197 (2022) Kat:3, Licht: 1","14197","3","6","3","07","21","2","","1","0","1","0","0"
"POINT (9.889459142000019 52.358695920999999)","Unfall 14203 (2022) Kat:3, Licht: 0","14203","3","6","2","06","17","4","","0","0","1","0","0"
"POINT (9.725481267000021 52.376776564000103)","Unfall 14232 (2022) Kat:2, Licht: 0","14232","2","6","9","06","16","3","","0","0","0","0","1"
"POINT (9.734268940000049 52.387122542000000)","Unfall 14248 (2022) Kat:3, Licht: 0","14248","3","2","5","06","15","3","","0","1","0","0","0"
"POINT (9.858614265000030 52.387093038000003)","Unfall 14251 (2022) Kat:3, Licht: 0","14251","3","2","5","06","12","1","","0","1","0","0","0"
"POINT (9.748105277000040 52.369178034000100)","Unfall 14318 (2022) Kat:2, Licht: 0","14318","2","3","5","07","18","2","","0","1","1","0","0"
"POINT (9.778706684000040 52.369042176000100)","Unfall 14328 (2022) Kat:3, Licht: 0","14328","3","6","2","06","13","6","","0","0","1","0","0"
"POINT (9.719520072000019 52.351248484000102)","Unfall 14329 (2022) Kat:3, Licht: 2","14329","3","1","0","05","22","6","","2","1","0","0","0"
"POINT (9.730728164000030 52.370912441000002)","Unfall 14334 (2022) Kat:3, Licht: 0","14334","3","4","6","07","19","7","","0","1","0","1","0"
"POINT (9.833131646000030 52.338306807000002)","Unfall 14382 (2022) Kat:2, Licht: 0","14382","2","3","5","08","18","6","","0","1","0","0","0"
"POINT (9.664551987000040 52.426473741999999)","Unfall 14398 (2022) Kat:3, Licht: 0","14398","3","7","3","06","19","7","","0","0","1","0","1"
"POINT (9.724118227000080 52.368000515000098)","Unfall 14401 (2022) Kat:3, Licht: 0","14401","3","7","0","07","13","3","","0","0","0","0","0"
"POINT (9.731281558000029 52.382640432000102)","Unfall 14412 (2022) Kat:3, Licht: 0","14412","3","6","0","06","14","2","","0","0","1","0","1"
"POINT (9.718825288000060 52.333511074000100)","Unfall 14422 (2022) Kat:3, Licht: 2","14422","3","3","5","07","22","1","","2","0","1","0","0"
"POINT (9.897415295000030 52.409101421000102)","Unfall 14459 (2022) Kat:3, Licht: 0","14459","3","6","2","08","15","3","","0","0","1","0","0"
"POINT (9.871862500000081 52.359940877000000)","Unfall 14467 (2022) Kat:2, Licht: 2","14467","2","6","2","05","22","6","","2","0","1","0","0"
"POINT (9.716117032000060 52.397464474000103)","Unfall 14472 (2022) Kat:3, Licht: 2","14472","3","1","0","07","03","7","","2","0","0","0","0"
"POINT (9.639270809000040 52.422398043999998)","Unfall 14475 (2022) Kat:1, Licht: 0","14475","1","6","3","07","08","7","","0","0","1","0","0"
"POINT (9.648384121000049 52.412849815000101)","Unfall 14480 (2022) Kat:3, Licht: 0","14480","3","3","5","07","12","3","","0","0","1","0","0"
"POINT (9.785770185000050 52.372324634999998)","Unfall 14535 (2022) Kat:3, Licht: 0","14535","3","6","2","05","15","2","","0","0","1","0","0"
"POINT (9.634185276000039 52.419103237999998)","Unfall 14536 (2022) Kat:3, Licht: 0","14536","3","1","0","07","15","5","","0","0","0","0","1"
"POINT (9.714311736000070 52.362152971000100)","Unfall 14540 (2022) Kat:3, Licht: 0","14540","3","2","3","08","18","6","","0","0","1","0","0"
"POINT (9.679011876000059 52.359474419999998)","Unfall 14556 (2022) Kat:3, Licht: 0","14556","3","4","6","06","19","3","","0","0","1","1","0"
"POINT (9.707579007000049 52.409950917000103)","Unfall 14582 (2022) Kat:3, Licht: 0","14582","3","6","2","07","14","2","","0","0","1","0","0"
"POINT (9.768893209000050 52.338081465000101)","Unfall 14632 (2022) Kat:3, Licht: 0","14632","3","3","0","06","11","3","","0","0","1","0","1"
"POINT (9.722101088000040 52.362538364999999)","Unfall 14645 (2022) Kat:3, Licht: 0","14645","3","3","5","07","14","2","","0","1","1","0","0"
"POINT (9.781504522000031 52.424905705000100)","Unfall 14661 (2022) Kat:3, Licht: 0","14661","3","6","2","07","19","5","","0","0","1","0","1"
"POINT (9.743394976000049 52.368329377000101)","Unfall 14667 (2022) Kat:3, Licht: 0","14667","3","3","0","06","13","7","","0","1","1","0","0"
"POINT (9.622549762000061 52.421107391000099)","Unfall 14673 (2022) Kat:3, Licht: 0","14673","3","6","2","05","12","2","","0","0","1","0","0"
"POINT (9.838696783000049 52.417811837999999)","Unfall 14674 (2022) Kat:2, Licht: 0","14674","2","3","3","07","17","5","","0","0","1","0","0"
"POINT (9.663706536000060 52.384480906000100)","Unfall 14685 (2022) Kat:3, Licht: 0","14685","3","6","2","06","21","4","","0","0","1","0","1"
"POINT (9.667346324000050 52.377070328000102)","Unfall 14696 (2022) Kat:3, Licht: 0","14696","3","3","5","07","12","4","","0","1","1","0","0"
"POINT (9.827098717000069 52.342711577000003)","Unfall 14725 (2022) Kat:3, Licht: 0","14725","3","3","0","06","09","2","","0","1","0","0","0"
"POINT (9.817570855000040 52.408929267000097)","Unfall 14727 (2022) Kat:3, Licht: 0","14727","3","7","0","06","18","7","","0","1","0","0","0"
"POINT (9.691265552000059 52.360860705999997)","Unfall 14755 (2022) Kat:2, Licht: 2","14755","2","7","0","06","22","2","","2","0","0","0","0"
"POINT (9.688278222000060 52.378390750999998)","Unfall 14791 (2022) Kat:3, Licht: 0","14791","3","1","0","06","20","2","","0","1","0","0","0"
"POINT (9.726749168000030 52.375749676000098)","Unfall 14801 (2022) Kat:3, Licht: 0","14801","3","3","5","05","16","2","","0","1","1","0","0"
"POINT (9.848798673000029 52.329504235999998)","Unfall 14802 (2022) Kat:3, Licht: 0","14802","3","3","5","08","15","5","","0","1","1","0","0"
"POINT (9.785791480000061 52.335307144000097)","Unfall 14856 (2022) Kat:3, Licht: 0","14856","3","3","5","06","17","5","","0","1","1","0","0"
"POINT (9.857672692000049 52.358606737000102)","Unfall 14868 (2022) Kat:3, Licht: 0","14868","3","7","0","08","17","2","","0","1","0","0","0"
"POINT (9.827539597000049 52.360188604000001)","Unfall 14871 (2022) Kat:3, Licht: 0","14871","3","2","5","06","09","4","","0","1","1","0","0"
"POINT (9.863104629000080 52.373323479000099)","Unfall 14912 (2022) Kat:3, Licht: 0","14912","3","3","5","06","09","5","","0","0","1","0","0"
"POINT (9.723620069000050 52.363402577000002)","Unfall 14970 (2022) Kat:3, Licht: 0","14970","3","6","3","06","13","5","","0","0","1","0","0"
"POINT (9.685004070000049 52.379578092000003)","Unfall 14972 (2022) Kat:3, Licht: 0","14972","3","2","5","07","16","5","","0","1","1","0","0"
"POINT (9.805814002000030 52.408496919000100)","Unfall 14976 (2022) Kat:3, Licht: 0","14976","3","6","2","08","13","3","","0","0","1","0","0"
"POINT (9.730660606000070 52.370987245000002)","Unfall 15015 (2022) Kat:3, Licht: 0","15015","3","5","1","08","16","1","","0","0","1","0","0"
"POINT (9.855968362000061 52.388877233000102)","Unfall 15020 (2022) Kat:3, Licht: 0","15020","3","3","5","06","05","5","","0","0","1","0","0"
"POINT (9.800105794000050 52.406575347000100)","Unfall 15027 (2022) Kat:3, Licht: 0","15027","3","7","0","06","20","3","","0","1","0","0","0"
"POINT (9.743400445000081 52.368278328000002)","Unfall 15030 (2022) Kat:3, Licht: 0","15030","3","2","5","07","14","7","","0","1","1","0","0"
"POINT (9.727026959000060 52.366577755000002)","Unfall 15077 (2022) Kat:3, Licht: 0","15077","3","3","5","07","08","6","","0","1","1","0","0"
"POINT (9.716800580000040 52.421891094000003)","Unfall 15083 (2022) Kat:3, Licht: 0","15083","3","6","2","07","14","4","","0","0","1","0","0"
"POINT (9.854639597000070 52.416934845000100)","Unfall 15100 (2022) Kat:3, Licht: 0","15100","3","6","2","06","15","7","","0","0","1","0","0"
"POINT (9.732956229000020 52.423308354000000)","Unfall 15103 (2022) Kat:3, Licht: 0","15103","3","6","2","07","12","2","","0","0","1","0","0"
"POINT (9.827249253000049 52.346767370000101)","Unfall 15117 (2022) Kat:3, Licht: 0","15117","3","7","5","06","08","6","","0","1","0","0","1"
"POINT (9.769950785000050 52.336805145000000)","Unfall 15140 (2022) Kat:3, Licht: 0","15140","3","6","2","06","18","3","","0","0","1","0","0"
"POINT (9.714900110000031 52.366614626000100)","Unfall 15155 (2022) Kat:3, Licht: 2","15155","3","7","0","06","22","4","","2","1","0","0","0"
"POINT (9.761797109000041 52.370415694000002)","Unfall 15162 (2022) Kat:3, Licht: 0","15162","3","1","0","05","05","7","","0","0","0","0","1"
"POINT (9.829763075000070 52.423233633000102)","Unfall 15205 (2022) Kat:3, Licht: 0","15205","3","6","2","05","11","3","","0","0","1","0","0"
"POINT (9.646552074000059 52.423527342000099)","Unfall 15238 (2022) Kat:3, Licht: 0","15238","3","7","8","07","20","2","","0","0","1","0","0"
"POINT (9.742940461000050 52.368458574999998)","Unfall 15279 (2022) Kat:3, Licht: 0","15279","3","3","5","07","16","3","","0","1","0","0","0"
"POINT (9.735314730000029 52.394832441000098)","Unfall 15283 (2022) Kat:3, Licht: 0","15283","3","2","2","07","18","1","","0","0","1","0","0"
"POINT (9.648906229000030 52.424095438999998)","Unfall 15287 (2022) Kat:2, Licht: 0","15287","2","6","0","06","07","5","","0","0","1","0","0"
"POINT (9.797620626000031 52.413686134000002)","Unfall 15311 (2022) Kat:3, Licht: 2","15311","3","7","0","07","23","7","","2","1","0","0","0"
"POINT (9.775832873000070 52.323370280000098)","Unfall 15332 (2022) Kat:3, Licht: 0","15332","3","3","5","07","14","7","","0","1","1","0","0"
"POINT (9.734965997000071 52.368700583000098)","Unfall 15366 (2022) Kat:3, Licht: 0","15366","3","7","5","06","10","2","","0","0","0","0","1"
"POINT (9.833248329000069 52.305611024000001)","Unfall 15382 (2022) Kat:3, Licht: 2","15382","3","7","8","07","04","4","","2","0","0","0","0"
"POINT (9.846052006000040 52.390242217000001)","Unfall 15385 (2022) Kat:2, Licht: 0","15385","2","1","0","07","17","6","","0","0","0","0","0"
"POINT (9.726343239000069 52.388400208000100)","Unfall 15388 (2022) Kat:3, Licht: 0","15388","3","6","0","06","11","2","","0","1","0","0","0"
"POINT (9.745242888000060 52.367074710000097)","Unfall 15425 (2022) Kat:3, Licht: 2","15425","3","3","5","08","01","1","","2","0","1","0","0"
"POINT (9.698330610000029 52.347524360000101)","Unfall 15430 (2022) Kat:2, Licht: 0","15430","2","7","0","06","07","3","","0","0","1","0","0"
"POINT (9.823329038000050 52.339478958000001)","Unfall 15468 (2022) Kat:2, Licht: 0","15468","2","7","0","05","14","2","","0","0","0","1","0"
"POINT (9.721200297000051 52.361676272000103)","Unfall 15469 (2022) Kat:3, Licht: 0","15469","3","6","0","08","14","5","","0","0","1","0","1"
"POINT (9.686523690000060 52.375018791999999)","Unfall 15519 (2022) Kat:3, Licht: 0","15519","3","1","4","06","19","2","","0","0","1","0","0"
"POINT (9.644311795000020 52.423210203000103)","Unfall 15520 (2022) Kat:3, Licht: 0","15520","3","6","3","06","16","4","","0","0","1","0","0"
"POINT (9.822596851000069 52.384406532000099)","Unfall 15527 (2022) Kat:3, Licht: 0","15527","3","6","6","05","16","2","","0","0","1","1","0"
"POINT (9.646935383000031 52.413663188999998)","Unfall 15545 (2022) Kat:3, Licht: 0","15545","3","6","2","08","17","2","","0","0","1","0","0"
"POINT (9.855984194000030 52.388864967000103)","Unfall 15548 (2022) Kat:3, Licht: 0","15548","3","3","5","07","15","2","","0","0","1","0","0"
"POINT (9.795927593000039 52.348388270999997)","Unfall 15561 (2022) Kat:3, Licht: 0","15561","3","3","5","07","15","6","","0","0","1","0","0"
"POINT (9.754253493000020 52.370049404000000)","Unfall 15562 (2022) Kat:3, Licht: 0","15562","3","6","2","07","14","1","","0","0","1","0","0"
"POINT (9.697181289000071 52.374985448000103)","Unfall 15629 (2022) Kat:3, Licht: 0","15629","3","3","5","07","16","3","","0","1","0","0","0"
"POINT (9.866887273000030 52.423157559000103)","Unfall 15635 (2022) Kat:3, Licht: 0","15635","3","7","9","08","13","1","","0","0","1","0","0"
"POINT (9.875049829000030 52.400674555000101)","Unfall 15650 (2022) Kat:3, Licht: 0","15650","3","6","3","07","18","7","","0","0","1","0","0"
"POINT (9.729296097000031 52.372941199000103)","Unfall 15659 (2022) Kat:3, Licht: 0","15659","3","3","5","06","13","5","","0","1","0","0","0"
"POINT (9.698721152000079 52.421010547000002)","Unfall 15664 (2022) Kat:3, Licht: 0","15664","3","3","5","07","07","5","","0","1","1","0","0"
"POINT (9.711819779000050 52.346601729000000)","Unfall 15699 (2022) Kat:3, Licht: 0","15699","3","6","2","07","18","1","","0","0","1","0","0"
"POINT (9.779396333000021 52.371347989000100)","Unfall 15711 (2022) Kat:3, Licht: 0","15711","3","7","0","06","16","5","","0","1","0","0","0"
"POINT (9.749186720000070 52.361836091000001)","Unfall 15720 (2022) Kat:3, Licht: 0","15720","3","6","2","08","14","6","","0","0","1","0","0"
"POINT (9.646842797000030 52.413697458999998)","Unfall 15732 (2022) Kat:3, Licht: 2","15732","3","6","3","05","22","1","","2","0","1","0","0"
"POINT (9.710488479000050 52.406569071000000)","Unfall 15749 (2022) Kat:3, Licht: 0","15749","3","6","2","07","17","6","","0","0","1","0","0"
"POINT (9.750502214000051 52.427243513000100)","Unfall 15775 (2022) Kat:3, Licht: 0","15775","3","6","2","07","06","3","","0","0","1","0","0"
"POINT (9.747878613000070 52.363527561000097)","Unfall 15782 (2022) Kat:3, Licht: 0","15782","3","2","0","06","11","7","","0","1","1","0","0"
"POINT (9.722288613000050 52.359070865000000)","Unfall 15801 (2022) Kat:3, Licht: 0","15801","3","6","2","06","16","6","","0","0","1","0","0"
"POINT (9.790355216000020 52.371821526000097)","Unfall 15803 (2022) Kat:2, Licht: 0","15803","2","7","0","07","18","3","","0","1","1","0","1"
"POINT (9.706294053000020 52.423998363000102)","Unfall 15806 (2022) Kat:3, Licht: 1","15806","3","3","5","06","05","1","","1","0","1","0","0"
"POINT (9.632557817000080 52.411277511000002)","Unfall 15827 (2022) Kat:3, Licht: 0","15827","3","6","2","06","15","6","","0","0","1","0","0"
"POINT (9.775159126000061 52.427819683999999)","Unfall 15829 (2022) Kat:3, Licht: 0","15829","3","6","2","07","16","6","","0","0","1","0","0"
"POINT (9.632249952000050 52.411129074000002)","Unfall 15834 (2022) Kat:3, Licht: 2","15834","3","2","5","06","22","3","","2","0","1","0","0"
"POINT (9.730829333000029 52.370804147999998)","Unfall 15842 (2022) Kat:3, Licht: 0","15842","3","6","2","08","16","7","","0","0","1","0","1"
"POINT (9.764323320000070 52.427089815000002)","Unfall 15888 (2022) Kat:3, Licht: 0","15888","3","6","3","07","14","4","","0","0","1","0","0"
"POINT (9.800484780000030 52.352151521000103)","Unfall 15906 (2022) Kat:3, Licht: 0","15906","3","6","2","07","16","1","","0","0","1","0","0"
"POINT (9.725151360000041 52.376983187000100)","Unfall 15913 (2022) Kat:3, Licht: 0","15913","3","2","0","06","08","4","","0","1","1","0","0"
"POINT (9.793862227000030 52.394736318000099)","Unfall 15922 (2022) Kat:3, Licht: 0","15922","3","2","0","06","11","5","","0","0","1","0","1"
"POINT (9.826381814000060 52.339830976000002)","Unfall 15930 (2022) Kat:3, Licht: 0","15930","3","1","8","08","15","3","","0","0","1","0","0"
"POINT (9.725229778000029 52.376938295000102)","Unfall 16002 (2022) Kat:3, Licht: 0","16002","3","3","5","07","10","3","","0","1","1","0","0"
"POINT (9.825835209000051 52.425205096000099)","Unfall 16043 (2022) Kat:3, Licht: 0","16043","3","6","2","08","05","4","","0","0","1","0","0"
"POINT (9.809344567000039 52.332441645000102)","Unfall 16047 (2022) Kat:3, Licht: 0","16047","3","6","2","07","15","2","","0","0","1","0","0"
"POINT (9.837276774000030 52.397007655000003)","Unfall 16058 (2022) Kat:3, Licht: 0","16058","3","3","5","07","12","1","","0","1","1","0","0"
"POINT (9.709164225000050 52.420935939000103)","Unfall 16061 (2022) Kat:3, Licht: 0","16061","3","6","2","07","14","3","","0","0","1","0","1"
"POINT (9.793152424000031 52.393667022999999)","Unfall 16068 (2022) Kat:3, Licht: 0","16068","3","2","3","08","19","6","","0","0","1","0","0"
"POINT (9.725359794000040 52.376860160000000)","Unfall 16109 (2022) Kat:3, Licht: 0","16109","3","2","3","06","08","5","","0","1","0","0","0"
"POINT (9.747444773000041 52.427462134000102)","Unfall 16132 (2022) Kat:3, Licht: 0","16132","3","7","9","07","16","7","","0","0","1","0","0"
"POINT (9.634088341000050 52.421923458999999)","Unfall 16148 (2022) Kat:3, Licht: 0","16148","3","6","2","06","07","4","","0","0","1","0","0"
"POINT (9.720108192000049 52.391863978000103)","Unfall 16154 (2022) Kat:3, Licht: 2","16154","3","7","0","05","00","1","","2","0","0","0","0"
"POINT (9.771828817000030 52.427275978000097)","Unfall 16159 (2022) Kat:3, Licht: 0","16159","3","6","2","05","08","4","","0","0","1","0","0"
"POINT (9.721227854000061 52.360905102000103)","Unfall 16181 (2022) Kat:3, Licht: 0","16181","3","6","2","07","16","2","","0","0","1","0","0"
"POINT (9.805025967000059 52.370398857000097)","Unfall 16202 (2022) Kat:3, Licht: 0","16202","3","3","5","06","07","6","","0","1","1","0","0"
"POINT (9.648335382000029 52.412726747000100)","Unfall 16207 (2022) Kat:3, Licht: 0","16207","3","3","5","05","12","7","","0","0","1","0","0"
"POINT (9.855657307000060 52.389280597000003)","Unfall 16219 (2022) Kat:3, Licht: 0","16219","3","7","0","07","10","6","","0","0","1","1","0"
"POINT (9.726818203000050 52.366670499000101)","Unfall 16221 (2022) Kat:2, Licht: 0","16221","2","3","5","06","06","2","","0","0","1","0","0"