WKT,Name,OBJECTID,UKATEGORIE,UTYP1,UART,UMONAT,USTUNDE,UWOCHENTAG,STRZUSTAND,ULICHTVERH,ISTRAD,ISTPKW,ISTFUSS,ISTKRAD
"POINT (9.793177135000059 52.351257033000103)","Unfall 16222 (2022) Kat:3, Licht: 0","16222","3","1","0","07","07","6","","0","0","0","0","1"
"POINT (9.734529756000031 52.390955959000102)","Unfall 16256 (2022) Kat:3, Licht: 0","16256","3","6","6","06","09","7","","0","1","1","1","0"
"POINT (9.691307936000040 52.332153765999998)","Unfall 16306 (2022) Kat:3, Licht: 0","16306","3","6","2","07","14","7","","0","0","1","0","0"
"POINT (9.827181287000030 52.354896402000101)","Unfall 16317 (2022) Kat:3, Licht: 0","16317","3","6","2","06","13","6","","0","0","1","0","0"
"POINT (9.697658721000041 52.377112717999999)","Unfall 16328 (2022) Kat:3, Licht: 0","16328","3","6","2","05","16","2","","0","0","1","0","0"
"POINT (9.855943391000039 52.388896580000100)","Unfall 16336 (2022) Kat:3, Licht: 0","16336","3","6","2","08","09","2","","0","0","1","0","0"
"POINT (9.703354951000049 52.414042023000000)","Unfall 16351 (2022) Kat:3, Licht: 0","16351","3","6","2","05","17","4","","0","0","1","0","0"
"POINT (9.749880878000059 52.369270636000103)","Unfall 16371 (2022) Kat:3, Licht: 0","16371","3","2","5","08","10","4","","0","1","0","0","0"
"POINT (9.708805777000070 52.366043419999997)","Unfall 16381 (2022) Kat:3, Licht: 0","16381","3","2","5","07","12","1","","0","1","1","0","0"
"POINT (9.722380514000060 52.358847024000099)","Unfall 16414 (2022) Kat:3, Licht: 0","16414","3","6","2","07","19","3","","0","0","1","0","0"
"POINT (9.742845583000079 52.368405949000099)","Unfall 16421 (2022) Kat:3, Licht: 2","16421","3","3","5","07","01","1","","2","0","1","0","0"
"POINT (9.745285065000081 52.367279966000098)","Unfall 16425 (2022) Kat:3, Licht: 0","16425","3","3","5","06","07","5","","0","1","1","0","0"
"POINT (9.816880481000060 52.363017296000102)","Unfall 16431 (2022) Kat:3, Licht: 0","16431","3","6","2","08","11","3","","0","0","1","0","1"
"POINT (9.723631858000029 52.377612058000103)","Unfall 16440 (2022) Kat:3, Licht: 0","16440","3","6","3","06","09","4","","0","0","1","0","1"
"POINT (9.858428245000029 52.407288349000098)","Unfall 16449 (2022) Kat:3, Licht: 0","16449","3","1","9","08","08","6","","0","0","1","0","0"
"POINT (9.733531215000029 52.416619452000099)","Unfall 16480 (2022) Kat:3, Licht: 0","16480","3","3","5","07","14","1","","0","1","1","0","0"
"POINT (9.735581314000060 52.403390451000099)","Unfall 16497 (2022) Kat:3, Licht: 0","16497","3","6","2","07","19","5","","0","0","1","0","0"
"POINT (9.801766683000039 52.432025854000102)","Unfall 16518 (2022) Kat:3, Licht: 0","16518","3","2","5","05","14","2","","0","1","1","0","0"
"POINT (9.820340609000031 52.362456217999998)","Unfall 16544 (2022) Kat:3, Licht: 0","16544","3","7","7","07","10","4","","0","1","0","0","0"
"POINT (9.697281318000019 52.380054791000099)","Unfall 16556 (2022) Kat:3, Licht: 0","16556","3","6","2","05","16","1","","0","0","1","0","0"
"POINT (9.746591074000040 52.365391608000003)","Unfall 16566 (2022) Kat:3, Licht: 0","16566","3","2","5","07","10","5","","0","0","1","0","0"
"POINT (9.740204290000070 52.368253404000001)","Unfall 16572 (2022) Kat:3, Licht: 0","16572","3","3","5","06","15","5","","0","1","1","0","0"
"POINT (9.699057698000050 52.375686485000102)","Unfall 16573 (2022) Kat:3, Licht: 2","16573","3","3","5","06","02","1","","2","0","1","0","0"
"POINT (9.776797413000050 52.332912898000103)","Unfall 16588 (2022) Kat:3, Licht: 0","16588","3","6","2","06","09","2","","0","0","1","0","0"
"POINT (9.762770986000019 52.344493624000101)","Unfall 16589 (2022) Kat:3, Licht: 0","16589","3","2","2","06","10","5","","0","0","1","0","0"
"POINT (9.677513942000081 52.369606675000099)","Unfall 16592 (2022) Kat:3, Licht: 0","16592","3","3","0","06","10","1","","0","1","0","0","0"
"POINT (9.823175752000051 52.339454140999997)","Unfall 16605 (2022) Kat:3, Licht: 0","16605","3","3","5","06","18","6","","0","1","1","0","0"
"POINT (9.690536063000019 52.346794230999997)","Unfall 16614 (2022) Kat:3, Licht: 0","16614","3","6","2","07","19","7","","0","0","1","0","0"
"POINT (9.692931910000031 52.374403141000101)","Unfall 16658 (2022) Kat:3, Licht: 0","16658","3","7","0","05","13","3","","0","1","0","0","0"
"POINT (9.768800942000039 52.338181683000101)","Unfall 16669 (2022) Kat:3, Licht: 0","16669","3","2","5","07","18","7","","0","1","1","0","0"
"POINT (9.690875968000061 52.384217546000102)","Unfall 16671 (2022) Kat:1, Licht: 0","16671","1","7","8","08","09","2","","0","0","1","0","0"
"POINT (9.684495940000030 52.347504678000099)","Unfall 16676 (2022) Kat:3, Licht: 0","16676","3","6","2","07","15","2","","0","0","1","0","0"
"POINT (9.729944055000029 52.368617917000101)","Unfall 16701 (2022) Kat:3, Licht: 2","16701","3","1","0","07","03","7","","2","0","0","0","0"
"POINT (9.762226111000070 52.370416054000003)","Unfall 16706 (2022) Kat:3, Licht: 0","16706","3","2","2","07","15","2","","0","0","1","0","0"
"POINT (9.680679234000021 52.359617456000102)","Unfall 16713 (2022) Kat:3, Licht: 0","16713","3","7","7","06","09","4","","0","1","0","0","0"
"POINT (9.831943607000030 52.398999708000098)","Unfall 16737 (2022) Kat:3, Licht: 0","16737","3","7","0","06","20","2","","0","1","0","0","0"
"POINT (9.726811350000050 52.375694452000097)","Unfall 16756 (2022) Kat:3, Licht: 0","16756","3","2","1","08","15","1","","0","0","1","0","0"
"POINT (9.735204654000031 52.405792427000101)","Unfall 16768 (2022) Kat:3, Licht: 0","16768","3","3","5","06","13","4","","0","1","1","0","0"
"POINT (9.630501077000080 52.420920461999998)","Unfall 16810 (2022) Kat:3, Licht: 0","16810","3","6","3","08","17","5","","0","0","1","0","0"
"POINT (9.700026090000049 52.416224747999998)","Unfall 16826 (2022) Kat:3, Licht: 0","16826","3","3","5","07","10","7","","0","1","1","0","0"
"POINT (9.645009318000060 52.431468426999999)","Unfall 16840 (2022) Kat:3, Licht: 0","16840","3","2","2","05","17","1","","0","0","1","0","1"
"POINT (9.733996781000030 52.368885167000002)","Unfall 16865 (2022) Kat:3, Licht: 0","16865","3","2","5","07","18","3","","0","1","1","0","0"
"POINT (9.859868923000020 52.385637025999998)","Unfall 16917 (2022) Kat:3, Licht: 0","16917","3","3","5","06","07","5","","0","0","1","0","1"
"POINT (9.785070635000070 52.385930931000097)","Unfall 16930 (2022) Kat:3, Licht: 0","16930","3","6","3","06","20","3","","0","0","1","0","0"
"POINT (9.734251422000060 52.413750688999997)","Unfall 16944 (2022) Kat:3, Licht: 0","16944","3","3","5","07","12","3","","0","1","1","0","0"
"POINT (9.740230830000030 52.368256127999999)","Unfall 16947 (2022) Kat:3, Licht: 0","16947","3","3","5","07","08","1","","0","0","1","0","0"
"POINT (9.734757993000070 52.390237307000099)","Unfall 16954 (2022) Kat:3, Licht: 0","16954","3","6","2","06","14","7","","0","0","1","0","1"
"POINT (9.870037003000050 52.359874812000001)","Unfall 16961 (2022) Kat:3, Licht: 2","16961","3","6","2","06","22","5","","2","0","1","0","0"
"POINT (9.765886010000029 52.341477713000103)","Unfall 16968 (2022) Kat:3, Licht: 0","16968","3","6","2","07","13","2","","0","0","1","0","0"
"POINT (9.748767480000030 52.339400641000097)","Unfall 16975 (2022) Kat:3, Licht: 0","16975","3","6","2","07","15","7","","0","0","1","0","0"
"POINT (9.718419132000070 52.393931410999997)","Unfall 17004 (2022) Kat:3, Licht: 0","17004","3","7","0","08","19","6","","0","0","0","1","0"
"POINT (9.722503577000049 52.358458464000101)","Unfall 17013 (2022) Kat:3, Licht: 0","17013","3","6","2","06","15","6","","0","0","1","0","0"
"POINT (9.746261925000059 52.369079752000097)","Unfall 17017 (2022) Kat:3, Licht: 0","17017","3","3","5","08","17","4","","0","0","1","0","0"
"POINT (9.709184669000020 52.408085643000000)","Unfall 17018 (2022) Kat:3, Licht: 0","17018","3","1","0","08","09","2","","0","1","0","0","0"
"POINT (9.610533865000040 52.421998975000101)","Unfall 17020 (2022) Kat:3, Licht: 0","17020","3","7","3","06","08","3","","0","0","1","0","0"
"POINT (9.686793968000069 52.392400748000099)","Unfall 17023 (2022) Kat:3, Licht: 0","17023","3","6","9","07","12","7","","0","0","1","0","0"
"POINT (9.743306642000050 52.368208137000103)","Unfall 17024 (2022) Kat:3, Licht: 0","17024","3","2","5","07","15","5","","0","1","1","0","0"
"POINT (9.706380045000060 52.365601099000102)","Unfall 17027 (2022) Kat:3, Licht: 2","17027","3","1","8","06","00","1","","2","0","1","0","1"
"POINT (9.718303708000059 52.394157432999997)","Unfall 17061 (2022) Kat:3, Licht: 0","17061","3","6","2","07","14","3","","0","0","1","0","0"
"POINT (9.686589518000060 52.375014586000098)","Unfall 17072 (2022) Kat:3, Licht: 2","17072","3","7","0","06","00","6","","2","1","0","0","0"
"POINT (9.715710450000071 52.397783822000100)","Unfall 17093 (2022) Kat:3, Licht: 2","17093","3","7","1","08","02","1","","2","0","1","0","0"
"POINT (9.737733227000041 52.368225914999996)","Unfall 17115 (2022) Kat:3, Licht: 0","17115","3","6","4","06","16","5","","0","1","0","0","0"
"POINT (9.732395349000059 52.383504226000099)","Unfall 17121 (2022) Kat:3, Licht: 0","17121","3","6","2","08","08","3","","0","0","1","0","0"
"POINT (9.734084560000040 52.415157259000097)","Unfall 17130 (2022) Kat:3, Licht: 0","17130","3","6","2","07","11","3","","0","0","1","0","0"
"POINT (9.722308157000040 52.378456760000098)","Unfall 17137 (2022) Kat:3, Licht: 2","17137","3","6","3","07","23","7","","2","0","1","0","0"
"POINT (9.784489136000049 52.358652862000000)","Unfall 17145 (2022) Kat:2, Licht: 0","17145","2","6","2","06","14","6","","0","0","0","0","1"
"POINT (9.629231879000031 52.421906286000102)","Unfall 17178 (2022) Kat:3, Licht: 0","17178","3","6","2","07","16","5","","0","0","1","0","1"
"POINT (9.837313614000040 52.396992668000102)","Unfall 17185 (2022) Kat:3, Licht: 0","17185","3","2","5","07","10","7","","0","1","1","0","0"
"POINT (9.819301008000020 52.384751794000103)","Unfall 17190 (2022) Kat:3, Licht: 0","17190","3","7","9","05","12","2","","0","0","1","0","0"
"POINT (9.734880961000041 52.391369427000001)","Unfall 17211 (2022) Kat:3, Licht: 0","17211","3","4","6","07","20","2","","0","0","1","1","0"
"POINT (9.697731006000030 52.377154513000100)","Unfall 17213 (2022) Kat:3, Licht: 0","17213","3","6","2","05","16","4","","0","0","1","0","0"
"POINT (9.740218549000080 52.368254867000097)","Unfall 17231 (2022) Kat:3, Licht: 0","17231","3","2","5","05","16","3","","0","1","1","0","0"
"POINT (9.665577500000040 52.357681566000103)","Unfall 17233 (2022) Kat:3, Licht: 0","17233","3","3","5","08","13","4","","0","0","1","0","0"
"POINT (9.757896825000049 52.350166828000098)","Unfall 17256 (2022) Kat:3, Licht: 0","17256","3","5","1","06","19","7","","0","1","0","0","0"
"POINT (9.747114178000061 52.364524330000101)","Unfall 17267 (2022) Kat:3, Licht: 0","17267","3","2","5","07","17","4","","0","1","1","0","0"
"POINT (9.735079998000060 52.407234852000002)","Unfall 17312 (2022) Kat:3, Licht: 0","17312","3","6","3","05","13","4","","0","0","1","0","0"
"POINT (9.692987647000050 52.430233182999999)","Unfall 17354 (2022) Kat:3, Licht: 0","17354","3","6","2","06","17","5","","0","0","1","0","0"
"POINT (9.723536109000070 52.377901094999999)","Unfall 17388 (2022) Kat:3, Licht: 0","17388","3","3","5","07","10","4","","0","1","1","0","0"
"POINT (9.743289999000069 52.368193609000102)","Unfall 17394 (2022) Kat:3, Licht: 0","17394","3","2","5","06","10","2","","0","1","1","0","0"
"POINT (9.736082055000050 52.400067585000002)","Unfall 17400 (2022) Kat:3, Licht: 0","17400","3","3","5","07","20","7","","0","1","1","0","0"
"POINT (9.799410626000050 52.409539721999998)","Unfall 17438 (2022) Kat:3, Licht: 0","17438","3","2","5","06","07","5","","0","1","1","0","0"
"POINT (9.750080829000069 52.369281613000098)","Unfall 17439 (2022) Kat:3, Licht: 0","17439","3","6","0","06","18","7","","0","1","0","0","0"
"POINT (9.732111272000051 52.383372139000102)","Unfall 17443 (2022) Kat:3, Licht: 0","17443","3","2","3","06","12","6","","0","1","1","0","0"
"POINT (9.724296611000060 52.377472501000099)","Unfall 17473 (2022) Kat:3, Licht: 0","17473","3","1","0","06","14","4","","0","1","0","0","0"
"POINT (9.734255101000031 52.387041286000098)","Unfall 17483 (2022) Kat:3, Licht: 0","17483","3","6","2","06","20","5","","0","0","1","0","0"
"POINT (9.696379806000040 52.420317356000098)","Unfall 17492 (2022) Kat:3, Licht: 0","17492","3","6","6","07","16","4","","0","1","0","1","0"
"POINT (9.713488033000029 52.346482274000003)","Unfall 17499 (2022) Kat:3, Licht: 0","17499","3","6","1","08","13","7","","0","0","1","0","0"
"POINT (9.718322326000020 52.346047231999997)","Unfall 17507 (2022) Kat:3, Licht: 0","17507","3","6","2","07","13","7","","0","0","1","0","0"
"POINT (9.869399953000030 52.360399754000099)","Unfall 17511 (2022) Kat:3, Licht: 0","17511","3","3","5","07","07","2","","0","0","1","0","0"
"POINT (9.800053751000060 52.406790143000102)","Unfall 17527 (2022) Kat:3, Licht: 0","17527","3","4","0","07","16","1","","0","0","0","1","0"
"POINT (9.743250830000020 52.368177480000000)","Unfall 17529 (2022) Kat:2, Licht: 0","17529","2","2","0","06","08","4","","0","1","1","0","0"
"POINT (9.731585326000070 52.369548813000101)","Unfall 17532 (2022) Kat:3, Licht: 0","17532","3","6","2","07","05","6","","0","0","1","0","1"
"POINT (9.676964108000050 52.357068164000097)","Unfall 17543 (2022) Kat:3, Licht: 2","17543","3","2","5","07","21","1","","2","0","1","0","0"
"POINT (9.707516142000030 52.410023692000003)","Unfall 17548 (2022) Kat:3, Licht: 0","17548","3","2","5","05","17","2","","0","1","0","0","0"
"POINT (9.733685357000070 52.369145608000103)","Unfall 17549 (2022) Kat:3, Licht: 0","17549","3","6","2","08","14","5","","0","0","1","0","0"
"POINT (9.827218008000051 52.350950333000100)","Unfall 17559 (2022) Kat:3, Licht: 0","17559","3","3","5","06","12","5","","0","1","1","0","0"
"POINT (9.722520343000040 52.362505212000002)","Unfall 17588 (2022) Kat:3, Licht: 0","17588","3","3","5","08","16","3","","0","1","0","0","0"
"POINT (9.723665768000050 52.379397375000103)","Unfall 17606 (2022) Kat:3, Licht: 0","17606","3","7","0","05","09","2","","0","0","1","0","0"
"POINT (9.750059261000050 52.369280429000099)","Unfall 17620 (2022) Kat:3, Licht: 0","17620","3","3","5","06","07","6","","0","1","1","0","0"
"POINT (9.767077900000061 52.339753632000097)","Unfall 17621 (2022) Kat:3, Licht: 0","17621","3","5","3","07","18","5","","0","1","1","0","0"
"POINT (9.696061074000060 52.380087734000000)","Unfall 17625 (2022) Kat:3, Licht: 0","17625","3","1","9","05","06","7","","0","0","1","0","0"
"POINT (9.721094861000040 52.337746828000000)","Unfall 17663 (2022) Kat:3, Licht: 0","17663","3","6","3","08","17","6","","0","0","1","0","0"
"POINT (9.770174091000060 52.427028546000003)","Unfall 17671 (2022) Kat:3, Licht: 0","17671","3","6","3","06","08","5","","0","0","1","0","0"
"POINT (9.833319790000081 52.338242618000002)","Unfall 17681 (2022) Kat:3, Licht: 0","17681","3","7","0","05","06","4","","0","1","0","0","0"
"POINT (9.646897975000060 52.413553024000102)","Unfall 17726 (2022) Kat:3, Licht: 0","17726","3","6","2","08","16","6","","0","0","1","0","1"
"POINT (9.798218690000059 52.412700100999999)","Unfall 17728 (2022) Kat:3, Licht: 0","17728","3","2","5","06","07","6","","0","1","1","0","0"
"POINT (9.735245801000080 52.394478487000100)","Unfall 17737 (2022) Kat:2, Licht: 0","17737","2","4","6","05","18","2","","0","0","1","1","0"
"POINT (9.829177421000050 52.416803781000098)","Unfall 17741 (2022) Kat:3, Licht: 0","17741","3","3","5","07","18","3","","0","0","1","0","0"
"POINT (9.734021774000039 52.387087659000002)","Unfall 17749 (2022) Kat:3, Licht: 0","17749","3","2","5","06","13","5","","0","1","1","0","0"
"POINT (9.719071474000030 52.353154200000098)","Unfall 17768 (2022) Kat:3, Licht: 0","17768","3","1","9","06","18","5","","0","0","1","0","0"
"POINT (9.719622426000059 52.367756899000000)","Unfall 17786 (2022) Kat:3, Licht: 0","17786","3","6","2","05","14","6","","0","1","0","0","0"
"POINT (9.726890492000051 52.381051319999997)","Unfall 17792 (2022) Kat:3, Licht: 0","17792","3","6","2","06","17","5","","0","0","1","0","0"
"POINT (9.734146546000030 52.387920303999998)","Unfall 17801 (2022) Kat:3, Licht: 0","17801","3","6","3","08","15","6","","0","0","0","0","1"
"POINT (9.697750983000050 52.376348116000003)","Unfall 17815 (2022) Kat:3, Licht: 0","17815","3","6","2","05","12","7","","0","0","1","0","0"
"POINT (9.803714349000071 52.407546726000099)","Unfall 17818 (2022) Kat:3, Licht: 0","17818","3","3","5","05","07","4","","0","1","1","0","0"
"POINT (9.729872162000049 52.371996223000103)","Unfall 17825 (2022) Kat:3, Licht: 0","17825","3","6","4","06","15","3","","0","1","0","0","0"
"POINT (9.700176676000069 52.372266488000001)","Unfall 17833 (2022) Kat:3, Licht: 0","17833","3","6","2","07","18","4","","0","0","1","0","0"
"POINT (9.717667114000051 52.395903353999998)","Unfall 17835 (2022) Kat:3, Licht: 0","17835","3","1","0","07","14","2","","0","0","0","0","1"
"POINT (9.714755504000040 52.366586637000097)","Unfall 17842 (2022) Kat:2, Licht: 0","17842","2","2","3","07","10","3","","0","1","0","0","0"
"POINT (9.725000065000071 52.367644571000000)","Unfall 17856 (2022) Kat:3, Licht: 0","17856","3","5","1","05","20","3","","0","0","1","0","0"
"POINT (9.710059814000029 52.346727343000097)","Unfall 17869 (2022) Kat:3, Licht: 0","17869","3","6","2","07","09","7","","0","0","1","0","0"
"POINT (9.735665626000070 52.400832926000099)","Unfall 17887 (2022) Kat:3, Licht: 0","17887","3","6","2","08","13","3","","0","0","1","0","0"
"POINT (9.738294800000061 52.427362322000100)","Unfall 17924 (2022) Kat:3, Licht: 2","17924","3","6","9","09","05","5","","2","0","1","0","0"
"POINT (9.686687467000070 52.329728193000101)","Unfall 17965 (2022) Kat:3, Licht: 0","17965","3","7","8","09","10","2","","0","0","1","0","0"
"POINT (9.734321926000060 52.387546147000101)","Unfall 17968 (2022) Kat:3, Licht: 2","17968","3","7","0","09","01","4","","2","0","0","0","0"
"POINT (9.743182854000050 52.368483191999999)","Unfall 17972 (2022) Kat:3, Licht: 0","17972","3","4","6","08","09","3","","0","0","0","1","0"
"POINT (9.829350977000050 52.360921494000102)","Unfall 17987 (2022) Kat:2, Licht: 0","17987","2","7","0","08","12","6","","0","1","0","0","0"
"POINT (9.731295001000030 52.382571958000000)","Unfall 18006 (2022) Kat:3, Licht: 0","18006","3","6","2","08","17","2","","0","0","1","0","0"
"POINT (9.777747449000060 52.371416354000097)","Unfall 18023 (2022) Kat:3, Licht: 0","18023","3","2","5","09","10","5","","0","0","1","0","0"
"POINT (9.735829085000031 52.401790318000103)","Unfall 18027 (2022) Kat:3, Licht: 0","18027","3","6","2","09","11","2","","0","0","1","0","0"
"POINT (9.771781291000019 52.342960258000097)","Unfall 18031 (2022) Kat:3, Licht: 0","18031","3","6","2","09","18","5","","0","0","1","0","0"
"POINT (9.735642083000069 52.402998017000101)","Unfall 18033 (2022) Kat:3, Licht: 0","18033","3","6","3","08","10","1","","0","0","1","0","1"
"POINT (9.829692914000081 52.360958993000096)","Unfall 18034 (2022) Kat:3, Licht: 0","18034","3","7","1","09","15","2","","0","1","1","0","0"
"POINT (9.756731116000029 52.334279613000000)","Unfall 18060 (2022) Kat:2, Licht: 0","18060","2","6","6","09","18","5","","0","1","0","1","0"
"POINT (9.668782613000079 52.397354823000100)","Unfall 18078 (2022) Kat:3, Licht: 0","18078","3","6","2","08","13","6","","0","0","1","0","0"
"POINT (9.719806167000060 52.337109302999998)","Unfall 18089 (2022) Kat:2, Licht: 2","18089","2","6","9","08","22","3","","2","0","1","0","1"
"POINT (9.792985298000080 52.393719331000099)","Unfall 18091 (2022) Kat:3, Licht: 0","18091","3","2","3","08","14","7","","0","0","1","0","0"
"POINT (9.827184436000040 52.347486566000001)","Unfall 18117 (2022) Kat:3, Licht: 0","18117","3","6","4","08","11","4","","0","1","0","0","0"
"POINT (9.734294989000031 52.411058380999997)","Unfall 18123 (2022) Kat:3, Licht: 0","18123","3","3","5","09","15","5","","0","1","1","0","0"
"POINT (9.647284142000050 52.423937526000003)","Unfall 18124 (2022) Kat:3, Licht: 0","18124","3","1","0","08","17","1","","0","0","0","0","1"
"POINT (9.813909516000020 52.365040539000098)","Unfall 18148 (2022) Kat:3, Licht: 0","18148","3","5","0","08","17","2","","0","1","0","0","0"
"POINT (9.856034907000041 52.358812903999997)","Unfall 18150 (2022) Kat:3, Licht: 1","18150","3","5","1","09","19","7","","1","1","1","0","0"
"POINT (9.730976482000070 52.382497935000103)","Unfall 18152 (2022) Kat:3, Licht: 0","18152","3","6","0","09","16","2","","0","1","0","0","0"
"POINT (9.798998730000051 52.411033412000101)","Unfall 18156 (2022) Kat:3, Licht: 0","18156","3","5","1","08","13","3","","0","0","1","0","0"
"POINT (9.841974723000019 52.416187876000002)","Unfall 18158 (2022) Kat:3, Licht: 0","18158","3","3","5","08","18","5","","0","0","1","0","0"
"POINT (9.626704372000059 52.423495572000000)","Unfall 18164 (2022) Kat:3, Licht: 0","18164","3","6","2","09","13","5","","0","0","1","0","0"
"POINT (9.722503356000059 52.378615787000101)","Unfall 18169 (2022) Kat:3, Licht: 0","18169","3","2","5","08","10","4","","0","1","0","0","0"
"POINT (9.761525909000060 52.370488358000003)","Unfall 18204 (2022) Kat:3, Licht: 0","18204","3","6","2","08","14","3","","0","0","1","0","0"
"POINT (9.746081371000059 52.369072866000103)","Unfall 18216 (2022) Kat:3, Licht: 0","18216","3","6","2","09","09","3","","0","0","1","0","0"
"POINT (9.723468691000051 52.377699315000001)","Unfall 18264 (2022) Kat:3, Licht: 0","18264","3","6","2","09","14","2","","0","0","1","0","0"
"POINT (9.762839790000040 52.344417382000103)","Unfall 18265 (2022) Kat:3, Licht: 0","18265","3","3","5","08","06","4","","0","1","1","0","0"
"POINT (9.761324425000049 52.370475188999997)","Unfall 18267 (2022) Kat:3, Licht: 0","18267","3","7","5","09","17","5","","0","1","1","0","0"
"POINT (9.662446295000050 52.357162447000100)","Unfall 18271 (2022) Kat:3, Licht: 0","18271","3","3","5","08","08","4","","0","0","1","0","1"
"POINT (9.801126201000050 52.370747942000001)","Unfall 18282 (2022) Kat:3, Licht: 1","18282","3","7","8","09","17","1","","1","0","1","0","0"
"POINT (9.798254578000069 52.431147938999999)","Unfall 18302 (2022) Kat:3, Licht: 2","18302","3","6","3","09","23","7","","2","0","1","0","0"
"POINT (9.800331161000029 52.406145559000002)","Unfall 18326 (2022) Kat:2, Licht: 0","18326","2","3","5","08","07","3","","0","0","1","0","0"
"POINT (9.726782768000019 52.375721163999998)","Unfall 18359 (2022) Kat:3, Licht: 0","18359","3","2","5","08","13","2","","0","1","1","0","0"
"POINT (9.755958581000071 52.352783056000099)","Unfall 18381 (2022) Kat:3, Licht: 0","18381","3","6","2","09","14","6","","0","0","1","0","0"
"POINT (9.751362457000029 52.369475454000103)","Unfall 18382 (2022) Kat:3, Licht: 0","18382","3","6","0","09","16","5","","0","1","0","1","0"
"POINT (9.760956843000031 52.346941399000102)","Unfall 18424 (2022) Kat:3, Licht: 0","18424","3","3","5","08","12","6","","0","1","0","0","0"
"POINT (9.724919993000070 52.380175868999999)","Unfall 18470 (2022) Kat:3, Licht: 0","18470","3","7","0","08","18","2","","0","0","0","0","0"
"POINT (9.714560088000040 52.362108128000003)","Unfall 18495 (2022) Kat:3, Licht: 0","18495","3","2","3","09","09","5","","0","0","1","0","0"
"POINT (9.697766462000059 52.377121014000103)","Unfall 18515 (2022) Kat:3, Licht: 0","18515","3","6","2","09","10","6","","0","0","1","0","0"
"POINT (9.644111376000071 52.423171593000099)","Unfall 18516 (2022) Kat:3, Licht: 0","18516","3","6","2","09","13","5","","0","0","1","0","0"
"POINT (9.702282186000049 52.430305515999997)","Unfall 18539 (2022) Kat:3, Licht: 0","18539","3","6","2","09","09","7","","0","0","1","0","0"
"POINT (9.758117884000059 52.427228395000000)","Unfall 18574 (2022) Kat:3, Licht: 0","18574","3","6","2","08","15","2","","0","0","0","0","0"
"POINT (9.721178399000051 52.337805907000103)","Unfall 18591 (2022) Kat:3, Licht: 2","18591","3","2","3","08","22","3","","2","0","1","0","1"
"POINT (9.715630966000051 52.346328331999999)","Unfall 18626 (2022) Kat:3, Licht: 0","18626","3","6","2","08","15","6","","0","0","1","0","0"
"POINT (9.730179866000070 52.368943690000002)","Unfall 18632 (2022) Kat:3, Licht: 0","18632","3","3","5","09","16","6","","0","1","1","0","0"
"POINT (9.735308236000041 52.394793544000002)","Unfall 18645 (2022) Kat:3, Licht: 0","18645","3","2","3","09","16","4","","0","1","1","0","0"
"POINT (9.722459111000029 52.378487544000102)","Unfall 18648 (2022) Kat:3, Licht: 0","18648","3","2","5","08","17","6","","0","0","1","0","0"
"POINT (9.742624141000020 52.368330174000100)","Unfall 18664 (2022) Kat:3, Licht: 0","18664","3","3","5","09","18","6","","0","1","0","0","1"
"POINT (9.768217956000059 52.338731977000101)","Unfall 18682 (2022) Kat:3, Licht: 0","18682","3","7","8","08","09","2","","0","1","0","0","0"
"POINT (9.687365669000030 52.378624776999999)","Unfall 18722 (2022) Kat:3, Licht: 0","18722","3","6","4","09","15","2","","0","1","0","0","0"
"POINT (9.721498175000020 52.362004292999998)","Unfall 18724 (2022) Kat:3, Licht: 0","18724","3","3","5","08","16","4","","0","1","0","0","0"
"POINT (9.813592204000029 52.317357627000000)","Unfall 18726 (2022) Kat:3, Licht: 0","18726","3","6","3","08","12","3","","0","0","1","0","0"
"POINT (9.694821817000051 52.419496657000103)","Unfall 18728 (2022) Kat:3, Licht: 0","18728","3","3","5","08","16","5","","0","1","1","0","0"
"POINT (9.734236222000050 52.388478973000097)","Unfall 18736 (2022) Kat:3, Licht: 0","18736","3","6","2","08","11","7","","0","0","1","0","0"
"POINT (9.761949958000059 52.345433500000098)","Unfall 18747 (2022) Kat:3, Licht: 0","18747","3","7","5","08","19","7","","0","0","1","0","0"
"POINT (9.708698898000019 52.428545053999997)","Unfall 18758 (2022) Kat:3, Licht: 1","18758","3","7","0","08","19","4","","1","1","0","0","0"
"POINT (9.774389579000060 52.371244855000000)","Unfall 18783 (2022) Kat:3, Licht: 0","18783","3","7","3","08","13","3","","0","0","1","0","0"
"POINT (9.717298804000050 52.396241531999998)","Unfall 18791 (2022) Kat:3, Licht: 0","18791","3","6","2","08","08","4","","0","0","1","0","0"
"POINT (9.801068027000040 52.429376910000002)","Unfall 18799 (2022) Kat:3, Licht: 0","18799","3","3","5","09","09","5","","0","1","1","0","0"
"POINT (9.713415170000079 52.361929455000102)","Unfall 18856 (2022) Kat:3, Licht: 0","18856","3","6","2","08","09","4","","0","0","1","0","0"
"POINT (9.756146052000080 52.352891762000098)","Unfall 18866 (2022) Kat:3, Licht: 2","18866","3","3","5","08","22","5","","2","0","1","0","0"
"POINT (9.628059751000020 52.408732297000000)","Unfall 18875 (2022) Kat:3, Licht: 0","18875","3","3","5","09","11","3","","0","1","1","0","0"
"POINT (9.793309564000030 52.393672152000100)","Unfall 18883 (2022) Kat:3, Licht: 0","18883","3","2","5","08","11","2","","0","0","1","0","0"
"POINT (9.732947304000049 52.421033532000102)","Unfall 18904 (2022) Kat:3, Licht: 0","18904","3","6","2","09","11","2","","0","0","1","0","0"