WKT,Name,OBJECTID,UKATEGORIE,UTYP1,UART,UMONAT,USTUNDE,UWOCHENTAG,STRZUSTAND,ULICHTVERH,ISTRAD,ISTPKW,ISTFUSS,ISTKRAD
"POINT (9.735150814000059 52.406322144999997)","Unfall 18914 (2022) Kat:3, Licht: 0","18914","3","3","5","08","14","6","","0","1","1","0","0"
"POINT (9.734551667000060 52.411612124000001)","Unfall 18957 (2022) Kat:3, Licht: 0","18957","3","2","5","08","12","2","","0","1","1","0","0"
"POINT (9.775007667000070 52.323356351000001)","Unfall 18975 (2022) Kat:3, Licht: 0","18975","3","1","0","08","10","1","","0","1","0","0","0"
"POINT (9.778508336000071 52.371476375000000)","Unfall 18978 (2022) Kat:3, Licht: 2","18978","3","2","5","08","00","4","","2","0","1","0","0"
"POINT (9.832878867000030 52.386255945000102)","Unfall 18983 (2022) Kat:2, Licht: 0","18983","2","6","6","08","15","3","","0","1","0","1","0"
"POINT (9.694639618000050 52.419608736000001)","Unfall 19003 (2022) Kat:3, Licht: 1","19003","3","6","2","08","05","3","","1","0","1","0","0"
"POINT (9.799474668000069 52.409282953000101)","Unfall 19013 (2022) Kat:3, Licht: 0","19013","3","7","0","09","12","7","","0","1","0","0","0"
"POINT (9.650601127000069 52.411080966000000)","Unfall 19018 (2022) Kat:2, Licht: 0","19018","2","6","3","08","14","6","","0","0","1","0","1"
"POINT (9.838101700000040 52.387425825999998)","Unfall 19025 (2022) Kat:3, Licht: 0","19025","3","4","6","08","15","4","","0","1","0","1","0"
"POINT (9.827288053000069 52.355671970000103)","Unfall 19026 (2022) Kat:3, Licht: 0","19026","3","3","0","08","07","2","","0","0","0","0","0"
"POINT (9.706831327000030 52.365678447000100)","Unfall 19028 (2022) Kat:3, Licht: 0","19028","3","1","0","09","13","7","","0","1","0","0","0"
"POINT (9.795789888000060 52.415086712000097)","Unfall 19030 (2022) Kat:3, Licht: 0","19030","3","7","5","09","09","2","","0","0","1","0","0"
"POINT (9.768689200000040 52.370716682000101)","Unfall 19042 (2022) Kat:3, Licht: 0","19042","3","6","2","09","18","5","","0","0","1","0","0"
"POINT (9.734778556000039 52.407352161000098)","Unfall 19085 (2022) Kat:3, Licht: 0","19085","3","2","6","08","17","3","","0","0","1","1","0"
"POINT (9.669113891000050 52.358147578999997)","Unfall 19090 (2022) Kat:3, Licht: 0","19090","3","3","5","09","13","6","","0","1","1","0","0"
"POINT (9.743164899000019 52.368276426000101)","Unfall 19093 (2022) Kat:3, Licht: 0","19093","3","3","5","08","09","1","","0","1","1","0","0"
"POINT (9.713482093000041 52.361813664000103)","Unfall 19104 (2022) Kat:2, Licht: 0","19104","2","1","9","08","19","3","","0","0","0","0","1"
"POINT (9.712955851000061 52.366817996000101)","Unfall 19192 (2022) Kat:3, Licht: 2","19192","3","7","0","08","02","6","","2","0","0","0","0"
"POINT (9.793224527000060 52.393669377000002)","Unfall 19195 (2022) Kat:3, Licht: 0","19195","3","2","5","08","17","4","","0","0","1","0","0"
"POINT (9.714921825000030 52.360735406000103)","Unfall 19264 (2022) Kat:2, Licht: 0","19264","2","6","0","08","17","7","","0","0","1","0","1"
"POINT (9.749830783000050 52.361008040999998)","Unfall 19307 (2022) Kat:3, Licht: 0","19307","3","6","4","08","14","6","","0","0","1","0","1"
"POINT (9.824935551000070 52.425870168000102)","Unfall 19329 (2022) Kat:2, Licht: 0","19329","2","1","9","08","14","7","","0","0","0","0","1"
"POINT (9.647137624000040 52.413583803000101)","Unfall 19335 (2022) Kat:3, Licht: 0","19335","3","3","5","08","12","3","","0","0","1","0","1"
"POINT (9.648909911000031 52.412460023999998)","Unfall 19368 (2022) Kat:3, Licht: 0","19368","3","6","2","09","09","4","","0","0","1","0","0"
"POINT (9.843286931000019 52.410781118999999)","Unfall 19398 (2022) Kat:3, Licht: 2","19398","3","6","2","11","17","5","","2","0","1","0","1"
"POINT (9.805382113000061 52.408160219000102)","Unfall 19424 (2022) Kat:3, Licht: 2","19424","3","3","5","10","00","4","","2","0","1","0","0"
"POINT (9.848503787000030 52.413048379000003)","Unfall 19487 (2022) Kat:3, Licht: 0","19487","3","6","2","09","15","2","","0","0","1","0","0"
"POINT (9.726951897000051 52.375563098000001)","Unfall 19503 (2022) Kat:3, Licht: 0","19503","3","6","3","09","12","5","","0","0","1","0","0"
"POINT (9.669062084000069 52.432123337000100)","Unfall 19528 (2022) Kat:3, Licht: 1","19528","3","6","2","10","17","2","","1","0","1","0","0"
"POINT (9.727662446000069 52.420591333000097)","Unfall 19561 (2022) Kat:3, Licht: 2","19561","3","5","5","09","19","5","","2","0","1","0","0"
"POINT (9.809052254000051 52.430385759000004)","Unfall 19566 (2022) Kat:3, Licht: 0","19566","3","6","2","09","12","6","","0","0","1","0","0"
"POINT (9.827404372000050 52.355417811000102)","Unfall 19576 (2022) Kat:3, Licht: 0","19576","3","3","5","09","09","3","","0","1","1","0","0"
"POINT (9.861957179000060 52.370218723000100)","Unfall 19614 (2022) Kat:3, Licht: 0","19614","3","3","5","10","15","2","","0","1","0","0","0"
"POINT (9.712635561000070 52.401646841000101)","Unfall 19661 (2022) Kat:3, Licht: 0","19661","3","5","1","10","16","1","","0","0","1","0","0"
"POINT (9.722448391000061 52.378493300000102)","Unfall 19663 (2022) Kat:3, Licht: 2","19663","3","2","5","11","18","4","","2","0","1","0","0"
"POINT (9.686424295000050 52.375021099999998)","Unfall 19665 (2022) Kat:3, Licht: 2","19665","3","1","9","10","22","6","","2","0","1","0","0"
"POINT (9.727933612000070 52.374290667000103)","Unfall 19680 (2022) Kat:3, Licht: 0","19680","3","6","2","11","16","6","","0","0","1","0","0"
"POINT (9.698404989000039 52.347500507000099)","Unfall 19695 (2022) Kat:3, Licht: 2","19695","3","6","2","09","19","3","","2","0","1","0","0"
"POINT (9.798697016000061 52.431164470000098)","Unfall 19699 (2022) Kat:3, Licht: 0","19699","3","6","2","10","17","2","","0","0","1","0","0"
"POINT (9.732194301000050 52.383023240000099)","Unfall 19702 (2022) Kat:3, Licht: 0","19702","3","6","2","10","12","7","","0","0","1","0","0"
"POINT (9.832618019000050 52.386180449000101)","Unfall 19707 (2022) Kat:3, Licht: 0","19707","3","2","5","10","08","4","","0","1","1","0","0"
"POINT (9.690253214000050 52.374774936999998)","Unfall 19731 (2022) Kat:3, Licht: 0","19731","3","2","5","09","15","6","","0","1","0","0","0"
"POINT (9.695126834000060 52.374566780000102)","Unfall 19735 (2022) Kat:3, Licht: 1","19735","3","4","6","10","08","2","","1","0","1","1","0"
"POINT (9.850932969000040 52.412540868000100)","Unfall 19756 (2022) Kat:3, Licht: 2","19756","3","1","9","09","18","7","","2","0","1","0","0"
"POINT (9.702526321000050 52.422688213000100)","Unfall 19777 (2022) Kat:3, Licht: 0","19777","3","5","1","10","15","1","","0","0","1","0","1"
"POINT (9.709135829000051 52.379578500000001)","Unfall 19784 (2022) Kat:3, Licht: 2","19784","3","6","2","11","20","5","","2","0","1","0","0"
"POINT (9.758826737000049 52.370312644000101)","Unfall 19786 (2022) Kat:3, Licht: 0","19786","3","6","2","10","14","7","","0","0","1","0","0"
"POINT (9.730190321000070 52.368948259000000)","Unfall 19795 (2022) Kat:3, Licht: 0","19795","3","3","5","11","14","3","","0","1","1","0","0"
"POINT (9.723434951000060 52.337243454000003)","Unfall 19802 (2022) Kat:3, Licht: 0","19802","3","1","8","10","11","7","","0","0","1","0","0"
"POINT (9.726782768000019 52.375721163999998)","Unfall 19808 (2022) Kat:3, Licht: 0","19808","3","2","5","09","15","5","","0","1","1","0","0"
"POINT (9.727931648000039 52.374592268000100)","Unfall 19812 (2022) Kat:3, Licht: 0","19812","3","6","2","09","12","3","","0","0","1","0","0"
"POINT (9.697777631000060 52.377110462000097)","Unfall 19824 (2022) Kat:3, Licht: 0","19824","3","6","2","10","15","4","","0","0","1","0","0"
"POINT (9.621352879000030 52.421000067000101)","Unfall 19837 (2022) Kat:3, Licht: 0","19837","3","6","2","09","10","3","","0","0","0","0","0"
"POINT (9.713433096000070 52.361899813000001)","Unfall 19898 (2022) Kat:2, Licht: 2","19898","2","6","2","09","05","7","","2","0","1","0","0"
"POINT (9.684655661000020 52.374393189999999)","Unfall 19918 (2022) Kat:3, Licht: 0","19918","3","3","5","09","14","4","","0","1","1","0","0"
"POINT (9.797706582000050 52.430955815000097)","Unfall 19919 (2022) Kat:3, Licht: 0","19919","3","6","2","10","14","4","","0","0","1","0","0"
"POINT (9.803043527000060 52.339639025000103)","Unfall 20014 (2022) Kat:3, Licht: 2","20014","3","1","8","09","23","3","","2","0","1","0","0"
"POINT (9.711922572000050 52.405243777000102)","Unfall 20016 (2022) Kat:3, Licht: 2","20016","3","2","6","09","19","7","","2","0","0","1","0"
"POINT (9.745034540000059 52.369035824000001)","Unfall 20021 (2022) Kat:3, Licht: 0","20021","3","2","6","10","11","5","","0","0","1","1","0"
"POINT (9.808398759000060 52.337253853999997)","Unfall 20028 (2022) Kat:3, Licht: 1","20028","3","1","8","09","18","7","","1","0","1","0","0"
"POINT (9.788966363000039 52.371957835000003)","Unfall 20030 (2022) Kat:2, Licht: 0","20030","2","4","6","11","13","7","","0","0","1","1","0"
"POINT (9.712014627000030 52.405138153999999)","Unfall 20066 (2022) Kat:3, Licht: 0","20066","3","2","5","09","15","5","","0","0","1","0","1"
"POINT (9.786653780000050 52.389373436000000)","Unfall 20131 (2022) Kat:3, Licht: 0","20131","3","6","3","10","11","4","","0","0","1","0","0"
"POINT (9.780691672000049 52.324512427999998)","Unfall 20133 (2022) Kat:3, Licht: 0","20133","3","1","0","09","11","3","","0","1","0","0","0"
"POINT (9.697649135000059 52.341558100999997)","Unfall 20145 (2022) Kat:3, Licht: 0","20145","3","2","2","10","08","4","","0","0","1","0","0"
"POINT (9.663777394000020 52.384452393000103)","Unfall 20153 (2022) Kat:3, Licht: 0","20153","3","2","6","10","07","2","","0","0","1","1","0"
"POINT (9.787038908000060 52.389919939999999)","Unfall 20172 (2022) Kat:3, Licht: 1","20172","3","6","2","11","06","6","","1","0","1","0","0"
"POINT (9.646190847000071 52.411574159000097)","Unfall 20174 (2022) Kat:2, Licht: 0","20174","2","3","5","10","13","1","","0","1","1","0","0"
"POINT (9.818032542000029 52.405298919000103)","Unfall 20181 (2022) Kat:2, Licht: 2","20181","2","6","3","11","06","6","","2","0","1","0","0"
"POINT (9.626371881000070 52.408225794000003)","Unfall 20198 (2022) Kat:3, Licht: 0","20198","3","4","6","10","15","1","","0","0","1","1","0"
"POINT (9.682503028000040 52.372417601999999)","Unfall 20236 (2022) Kat:3, Licht: 0","20236","3","1","8","10","13","6","","0","0","0","0","1"
"POINT (9.706649812000020 52.429927339000102)","Unfall 20237 (2022) Kat:3, Licht: 0","20237","3","6","3","11","12","7","","0","0","1","0","0"
"POINT (9.734319793000051 52.413229823000101)","Unfall 20244 (2022) Kat:3, Licht: 0","20244","3","6","2","10","09","3","","0","0","1","0","0"
"POINT (9.720749541000030 52.368155693000098)","Unfall 20264 (2022) Kat:3, Licht: 0","20264","3","6","6","09","18","4","","0","0","0","1","1"
"POINT (9.766004795000070 52.341334316000001)","Unfall 20324 (2022) Kat:3, Licht: 0","20324","3","6","2","09","14","2","","0","0","1","0","0"
"POINT (9.799728774000069 52.425149456000000)","Unfall 20327 (2022) Kat:2, Licht: 0","20327","2","7","0","10","11","4","","0","1","0","0","0"
"POINT (9.619075183000060 52.406037658999999)","Unfall 20333 (2022) Kat:3, Licht: 2","20333","3","7","0","09","20","5","","2","0","0","0","0"
"POINT (9.661587025000070 52.385900473000000)","Unfall 20367 (2022) Kat:3, Licht: 2","20367","3","7","0","11","20","4","","2","1","0","0","0"
"POINT (9.646967465000049 52.413651315000003)","Unfall 20382 (2022) Kat:3, Licht: 0","20382","3","6","2","11","12","5","","0","0","1","0","0"
"POINT (9.717479839000021 52.346362775000003)","Unfall 20386 (2022) Kat:3, Licht: 0","20386","3","6","2","10","12","3","","0","0","1","0","0"
"POINT (9.714317694000041 52.398870786000003)","Unfall 20416 (2022) Kat:3, Licht: 2","20416","3","1","0","10","23","7","","2","1","0","0","0"
"POINT (9.728035465000060 52.336140245000102)","Unfall 20430 (2022) Kat:3, Licht: 0","20430","3","6","3","09","13","5","","0","0","1","0","0"
"POINT (9.627429189000051 52.420964949000101)","Unfall 20436 (2022) Kat:3, Licht: 2","20436","3","6","2","10","21","1","","2","0","1","0","0"
"POINT (9.746737048000060 52.427313658999999)","Unfall 20460 (2022) Kat:3, Licht: 0","20460","3","6","2","09","07","4","","0","0","1","0","1"
"POINT (9.829792910000039 52.339517783000097)","Unfall 20463 (2022) Kat:3, Licht: 0","20463","3","1","0","09","10","3","","0","1","0","0","0"
"POINT (9.647720066000030 52.423799823000103)","Unfall 20471 (2022) Kat:3, Licht: 0","20471","3","6","2","10","06","3","","0","0","1","0","0"
"POINT (9.698486304000030 52.347474431000101)","Unfall 20555 (2022) Kat:3, Licht: 0","20555","3","6","2","10","08","6","","0","0","1","0","0"
"POINT (9.705952626000061 52.412220873000102)","Unfall 20570 (2022) Kat:3, Licht: 1","20570","3","6","2","11","16","6","","1","0","1","0","0"
"POINT (9.702395840000070 52.430449291000102)","Unfall 20573 (2022) Kat:2, Licht: 2","20573","2","7","8","10","20","2","","2","0","0","0","0"
"POINT (9.868960219000030 52.312276688000097)","Unfall 20593 (2022) Kat:2, Licht: 0","20593","2","3","5","09","13","6","","0","0","1","0","0"
"POINT (9.714482172000031 52.361030426000099)","Unfall 20661 (2022) Kat:3, Licht: 1","20661","3","6","3","10","18","2","","1","0","1","0","0"
"POINT (9.697463189000080 52.377246125000099)","Unfall 20669 (2022) Kat:3, Licht: 0","20669","3","6","2","10","16","4","","0","0","1","0","0"
"POINT (9.734992564000040 52.393259313999998)","Unfall 20703 (2022) Kat:3, Licht: 0","20703","3","2","5","10","16","3","","0","0","1","0","0"
"POINT (9.707451990000040 52.420142762000097)","Unfall 20705 (2022) Kat:3, Licht: 1","20705","3","7","0","10","05","5","","1","1","0","0","0"
"POINT (9.697759801000069 52.377127307000102)","Unfall 20712 (2022) Kat:3, Licht: 2","20712","3","6","2","11","20","5","","2","0","1","0","0"
"POINT (9.840397537000060 52.410265866000003)","Unfall 20719 (2022) Kat:3, Licht: 0","20719","3","6","2","10","07","4","","0","0","1","0","0"
"POINT (9.720952373000051 52.339986333000098)","Unfall 20733 (2022) Kat:3, Licht: 0","20733","3","6","2","09","14","6","","0","0","1","0","0"
"POINT (9.799098906000040 52.410753075999999)","Unfall 20738 (2022) Kat:3, Licht: 0","20738","3","3","5","10","14","5","","0","1","1","0","0"
"POINT (9.800281661000041 52.396368772000102)","Unfall 20752 (2022) Kat:3, Licht: 0","20752","3","6","2","10","15","4","","0","0","1","0","0"
"POINT (9.755906091000041 52.352877906000103)","Unfall 20755 (2022) Kat:3, Licht: 0","20755","3","3","5","11","11","3","","0","1","1","0","0"
"POINT (9.735837316000071 52.399509587000097)","Unfall 20760 (2022) Kat:3, Licht: 2","20760","3","6","2","09","20","5","","2","0","1","0","0"
"POINT (9.833008412000030 52.398726152999998)","Unfall 20780 (2022) Kat:3, Licht: 0","20780","3","3","5","10","11","2","","0","1","1","0","0"
"POINT (9.753224689000040 52.369993632000003)","Unfall 20790 (2022) Kat:3, Licht: 0","20790","3","3","5","09","16","3","","0","0","1","0","0"
"POINT (9.797045823000079 52.347282249000003)","Unfall 20791 (2022) Kat:3, Licht: 0","20791","3","1","0","09","14","5","","0","0","1","0","0"
"POINT (9.652211835000060 52.415860231000103)","Unfall 20795 (2022) Kat:3, Licht: 0","20795","3","3","0","10","15","6","","0","1","1","0","0"
"POINT (9.722107755000019 52.421544267999998)","Unfall 20816 (2022) Kat:3, Licht: 0","20816","3","2","3","09","11","7","","0","1","1","0","0"
"POINT (9.719787887000050 52.421486238999996)","Unfall 20840 (2022) Kat:3, Licht: 0","20840","3","6","2","09","18","7","","0","0","1","0","0"
"POINT (9.650312718000070 52.424366233999997)","Unfall 20843 (2022) Kat:3, Licht: 1","20843","3","6","3","11","06","3","","1","0","1","0","0"
"POINT (9.833131532000040 52.421427913999999)","Unfall 20880 (2022) Kat:3, Licht: 0","20880","3","6","3","09","07","4","","0","0","0","0","0"
"POINT (9.800003818000050 52.336158523999998)","Unfall 20882 (2022) Kat:3, Licht: 0","20882","3","6","2","10","10","7","","0","0","1","0","0"
"POINT (9.771867763000049 52.370885573000102)","Unfall 20892 (2022) Kat:3, Licht: 2","20892","3","3","5","09","02","1","","2","0","1","0","0"
"POINT (9.832777195000061 52.338420879000097)","Unfall 20909 (2022) Kat:3, Licht: 0","20909","3","3","5","10","14","5","","0","1","1","0","0"
"POINT (9.735842898000040 52.399466556000000)","Unfall 20919 (2022) Kat:3, Licht: 0","20919","3","6","2","09","13","4","","0","0","1","0","0"
"POINT (9.652385120000080 52.409756072000100)","Unfall 20933 (2022) Kat:3, Licht: 2","20933","3","6","2","10","18","7","","2","0","1","0","1"
"POINT (9.734402756000071 52.412597780000098)","Unfall 20949 (2022) Kat:3, Licht: 2","20949","3","6","2","11","17","5","","2","0","1","0","0"
"POINT (9.865562761000040 52.339871600999999)","Unfall 20953 (2022) Kat:2, Licht: 0","20953","2","7","7","09","13","2","","0","0","0","0","1"
"POINT (9.675249496000051 52.428825894000099)","Unfall 20955 (2022) Kat:3, Licht: 0","20955","3","6","3","09","17","4","","0","0","1","0","0"
"POINT (9.803512396000031 52.397162937000097)","Unfall 20966 (2022) Kat:3, Licht: 0","20966","3","6","2","10","09","4","","0","0","1","0","1"
"POINT (9.829463346000070 52.399894608000103)","Unfall 20993 (2022) Kat:3, Licht: 0","20993","3","6","2","09","18","5","","0","0","1","0","0"
"POINT (9.862065949000050 52.381001716000100)","Unfall 20997 (2022) Kat:3, Licht: 0","20997","3","2","3","10","08","3","","0","0","1","0","0"
"POINT (9.730899635000069 52.370730992000098)","Unfall 21008 (2022) Kat:3, Licht: 2","21008","3","3","5","09","23","7","","2","1","1","0","0"
"POINT (9.697788517000051 52.376304369000103)","Unfall 21065 (2022) Kat:3, Licht: 0","21065","3","6","1","11","15","2","","0","0","1","0","0"
"POINT (9.768414040000041 52.338025652000098)","Unfall 21072 (2022) Kat:3, Licht: 0","21072","3","2","5","09","16","2","","0","1","1","0","0"
"POINT (9.720703689000061 52.337691278000101)","Unfall 21082 (2022) Kat:3, Licht: 2","21082","3","1","0","10","05","6","","2","0","0","0","1"
"POINT (9.677747829000049 52.359092996000101)","Unfall 21144 (2022) Kat:3, Licht: 2","21144","3","6","2","10","05","4","","2","0","1","0","0"
"POINT (9.756411762000029 52.427267299000100)","Unfall 21149 (2022) Kat:2, Licht: 0","21149","2","6","2","09","15","2","","0","0","0","0","0"
"POINT (9.827780606000029 52.360928015000098)","Unfall 21163 (2022) Kat:3, Licht: 0","21163","3","2","6","10","12","2","","0","0","1","1","0"
"POINT (9.723250400000040 52.378062080000099)","Unfall 21176 (2022) Kat:3, Licht: 0","21176","3","7","0","10","16","6","","0","0","0","0","1"
"POINT (9.721246849000069 52.368248784000102)","Unfall 21201 (2022) Kat:3, Licht: 2","21201","3","6","2","10","21","6","","2","0","1","0","0"
"POINT (9.803920835000040 52.336993187000097)","Unfall 21226 (2022) Kat:2, Licht: 2","21226","2","4","6","11","19","6","","2","0","1","1","0"
"POINT (9.733577576000069 52.369165485000103)","Unfall 21256 (2022) Kat:3, Licht: 0","21256","3","3","5","10","12","4","","0","1","1","0","0"
"POINT (9.821797858000020 52.339239493000001)","Unfall 21268 (2022) Kat:3, Licht: 2","21268","3","3","5","10","04","5","","2","0","1","0","1"
"POINT (9.863663310000049 52.332849683000099)","Unfall 21281 (2022) Kat:3, Licht: 0","21281","3","6","3","10","12","6","","0","0","1","0","0"
"POINT (9.722421781000040 52.378507587999998)","Unfall 21299 (2022) Kat:3, Licht: 0","21299","3","2","5","10","11","3","","0","1","1","0","0"
"POINT (9.778512259000021 52.327703925999998)","Unfall 21303 (2022) Kat:3, Licht: 0","21303","3","7","0","10","08","1","","0","1","0","0","0"
"POINT (9.631714888000030 52.420161875000097)","Unfall 21340 (2022) Kat:3, Licht: 0","21340","3","6","2","10","13","1","","0","0","1","0","0"
"POINT (9.863329307000070 52.373823547000001)","Unfall 21365 (2022) Kat:3, Licht: 0","21365","3","7","0","09","14","3","","0","0","0","0","1"
"POINT (9.734061657000041 52.387337238000001)","Unfall 21366 (2022) Kat:3, Licht: 1","21366","3","6","2","09","19","3","","1","0","1","0","0"
"POINT (9.723437497000081 52.377715996000099)","Unfall 21375 (2022) Kat:3, Licht: 0","21375","3","3","5","09","15","2","","0","1","1","0","0"
"POINT (9.781245740000029 52.326359796000098)","Unfall 21399 (2022) Kat:3, Licht: 0","21399","3","6","2","10","15","7","","0","0","1","0","0"
"POINT (9.796604926000040 52.347797514000000)","Unfall 21420 (2022) Kat:3, Licht: 0","21420","3","6","2","11","07","4","","0","0","1","0","0"
"POINT (9.697837078000020 52.377065135000102)","Unfall 21438 (2022) Kat:3, Licht: 0","21438","3","6","2","10","12","1","","0","0","1","0","0"
"POINT (9.648909911000031 52.412460023999998)","Unfall 21461 (2022) Kat:3, Licht: 2","21461","3","1","9","10","21","7","","2","0","1","0","0"
"POINT (9.781456978000049 52.326384108000099)","Unfall 21473 (2022) Kat:3, Licht: 2","21473","3","1","0","10","18","6","","2","0","0","0","0"
"POINT (9.726921284000071 52.381064512000101)","Unfall 21479 (2022) Kat:3, Licht: 0","21479","3","6","2","10","15","2","","0","0","1","0","0"
"POINT (9.697660093000019 52.377221509000002)","Unfall 21521 (2022) Kat:3, Licht: 0","21521","3","6","2","10","11","3","","0","0","1","0","0"
"POINT (9.757771258000050 52.370253507000001)","Unfall 21624 (2022) Kat:3, Licht: 0","21624","3","5","0","09","14","5","","0","0","1","0","0"
"POINT (9.773322093000051 52.343025795000102)","Unfall 21626 (2022) Kat:3, Licht: 1","21626","3","6","2","09","18","1","","1","0","1","0","0"
"POINT (9.760728297000069 52.370359123000100)","Unfall 21635 (2022) Kat:3, Licht: 0","21635","3","6","2","09","14","3","","0","0","1","0","0"
"POINT (9.743604958000050 52.368069583000100)","Unfall 21657 (2022) Kat:3, Licht: 0","21657","3","2","3","09","16","6","","0","1","1","0","0"
"POINT (9.762966760000040 52.370578025000000)","Unfall 21668 (2022) Kat:3, Licht: 0","21668","3","6","2","09","12","3","","0","0","1","0","0"
"POINT (9.693725737000021 52.420142759999997)","Unfall 21678 (2022) Kat:3, Licht: 0","21678","3","1","8","09","09","1","","0","0","1","0","0"
"POINT (9.627945059000069 52.422225118000000)","Unfall 21698 (2022) Kat:3, Licht: 0","21698","3","6","2","09","14","2","","0","0","1","0","0"
"POINT (9.713423568000049 52.361915568000001)","Unfall 21705 (2022) Kat:3, Licht: 0","21705","3","6","2","10","14","2","","0","0","0","0","0"
"POINT (9.722606463000030 52.378408426000099)","Unfall 21718 (2022) Kat:3, Licht: 2","21718","3","6","2","10","20","1","","2","0","1","0","1"
"POINT (9.799875901000060 52.407603985999998)","Unfall 21719 (2022) Kat:3, Licht: 2","21719","3","7","0","11","19","4","","2","1","0","0","0"
"POINT (9.723442278000050 52.377713440000001)","Unfall 21721 (2022) Kat:2, Licht: 0","21721","2","3","5","10","16","6","","0","1","1","0","0"
"POINT (9.761901108000069 52.345825066000003)","Unfall 21736 (2022) Kat:3, Licht: 2","21736","3","3","0","11","05","6","","2","0","1","0","1"
"POINT (9.721295560000041 52.360767445000100)","Unfall 21746 (2022) Kat:3, Licht: 0","21746","3","2","5","10","15","3","","0","1","1","0","0"
"POINT (9.813790639000050 52.317625300000003)","Unfall 21771 (2022) Kat:3, Licht: 0","21771","3","1","0","10","08","3","","0","0","0","0","1"
"POINT (9.719316482000069 52.421486856000101)","Unfall 21776 (2022) Kat:3, Licht: 0","21776","3","6","2","10","09","4","","0","0","1","0","0"
"POINT (9.780964788000061 52.364663829999998)","Unfall 21796 (2022) Kat:3, Licht: 0","21796","3","6","2","09","07","5","","0","0","1","0","0"
"POINT (9.806994142000059 52.336221344000101)","Unfall 21803 (2022) Kat:3, Licht: 0","21803","3","6","2","10","08","4","","0","0","1","0","0"
"POINT (9.783604948000059 52.372323145999999)","Unfall 21841 (2022) Kat:3, Licht: 0","21841","3","6","3","09","16","5","","0","0","1","0","1"
"POINT (9.804964921000019 52.337831902000097)","Unfall 21884 (2022) Kat:3, Licht: 0","21884","3","1","8","10","18","7","","0","0","1","0","0"
"POINT (9.627184115000031 52.423179793000003)","Unfall 21919 (2022) Kat:3, Licht: 0","21919","3","2","6","09","08","4","","0","0","1","1","0"
"POINT (9.818011481000040 52.409029412999999)","Unfall 21940 (2022) Kat:3, Licht: 0","21940","3","2","5","09","09","1","","0","0","1","0","0"
"POINT (9.863378052000030 52.373935498999998)","Unfall 21969 (2022) Kat:3, Licht: 0","21969","3","6","2","11","14","6","","0","0","1","0","0"
"POINT (9.775295072000061 52.330375783000100)","Unfall 21971 (2022) Kat:3, Licht: 0","21971","3","2","5","12","11","6","","0","0","1","0","0"
"POINT (9.839265283000030 52.417849003000100)","Unfall 21984 (2022) Kat:3, Licht: 0","21984","3","6","3","12","13","4","","0","0","1","0","0"
"POINT (9.779708232000081 52.425593171999999)","Unfall 21987 (2022) Kat:3, Licht: 0","21987","3","7","9","11","10","2","","0","0","1","0","0"
"POINT (9.689127953000019 52.378087903999997)","Unfall 22107 (2022) Kat:3, Licht: 2","22107","3","1","0","12","18","6","","2","1","0","0","0"
"POINT (9.730081824000020 52.382195148999998)","Unfall 22115 (2022) Kat:3, Licht: 2","22115","3","2","5","12","19","7","","2","0","1","0","0"
"POINT (9.733470157000060 52.384482071000001)","Unfall 22153 (2022) Kat:3, Licht: 2","22153","3","6","2","11","17","4","","2","0","1","0","0"
"POINT (9.773149761000070 52.333116598000103)","Unfall 22172 (2022) Kat:3, Licht: 2","22172","3","3","5","12","19","6","","2","1","1","0","0"
"POINT (9.748882068000061 52.362229438999996)","Unfall 22191 (2022) Kat:3, Licht: 0","22191","3","6","3","11","08","3","","0","1","0","0","0"
"POINT (9.800165488000060 52.406378489000097)","Unfall 22202 (2022) Kat:3, Licht: 0","22202","3","6","0","12","11","5","","0","1","1","0","0"
"POINT (9.734205240000049 52.369056168000000)","Unfall 22212 (2022) Kat:3, Licht: 2","22212","3","2","5","11","17","6","","2","1","1","0","0"
"POINT (9.782554516000060 52.372056493999999)","Unfall 22220 (2022) Kat:3, Licht: 2","22220","3","2","5","12","23","3","","2","1","0","0","0"
"POINT (9.627310563000041 52.423230689000000)","Unfall 22231 (2022) Kat:3, Licht: 0","22231","3","6","2","12","13","6","","0","0","1","0","0"
"POINT (9.730384694000071 52.383781892999998)","Unfall 22260 (2022) Kat:2, Licht: 0","22260","2","3","0","11","12","3","","0","0","1","0","1"
"POINT (9.691580992000070 52.376750866000101)","Unfall 22276 (2022) Kat:2, Licht: 2","22276","2","4","6","11","17","3","","2","1","0","1","0"
"POINT (9.730199181000049 52.368952132000103)","Unfall 22284 (2022) Kat:3, Licht: 2","22284","3","3","5","12","18","1","","2","1","1","0","0"
"POINT (9.764371746000050 52.342871662000100)","Unfall 22289 (2022) Kat:3, Licht: 0","22289","3","2","5","12","09","6","","0","0","1","0","0"
"POINT (9.676322326000051 52.393920509000097)","Unfall 22309 (2022) Kat:3, Licht: 0","22309","3","6","2","12","15","7","","0","0","1","0","0"
"POINT (9.724180837000061 52.379741213999999)","Unfall 22327 (2022) Kat:3, Licht: 2","22327","3","6","2","11","00","1","","2","0","1","0","0"
"POINT (9.735658621000031 52.396197049000101)","Unfall 22361 (2022) Kat:3, Licht: 2","22361","3","3","5","11","05","4","","2","1","1","0","0"