WKT,Name,OBJECTID,UKATEGORIE,UTYP1,UART,UMONAT,USTUNDE,UWOCHENTAG,STRZUSTAND,ULICHTVERH,ISTRAD,ISTPKW,ISTFUSS,ISTKRAD
"POINT (9.718713502000069 52.378725533000100)","Unfall 154670 (2022) Kat:3, Licht: 0","154670","3","1","0","01","12","6","","0","1","0","0","0"
"POINT (9.739666121000029 52.376923026000000)","Unfall 154679 (2022) Kat:3, Licht: 0","154679","3","1","0","01","14","5","","0","1","0","0","0"
"POINT (9.750055597000030 52.373557415999997)","Unfall 154695 (2022) Kat:3, Licht: 2","154695","3","3","6","02","17","2","","2","0","1","1","0"
"POINT (9.725124078000020 52.387601538000098)","Unfall 154723 (2022) Kat:3, Licht: 2","154723","3","2","6","01","19","5","","2","0","1","1","0"
"POINT (9.717182829000020 52.344729538000102)","Unfall 154730 (2022) Kat:3, Licht: 0","154730","3","6","2","01","07","6","","0","0","1","0","0"
"POINT (9.755578573000040 52.392646493000001)","Unfall 154757 (2022) Kat:3, Licht: 1","154757","3","1","0","01","08","3","","1","0","0","0","0"
"POINT (9.819371335000030 52.429323694000097)","Unfall 154762 (2022) Kat:3, Licht: 0","154762","3","3","5","01","12","4","","0","1","1","0","0"
"POINT (9.738073647000020 52.375858328000000)","Unfall 154766 (2022) Kat:3, Licht: 0","154766","3","5","3","02","15","4","","0","1","1","0","0"
"POINT (9.737231579000021 52.370761226000099)","Unfall 154780 (2022) Kat:3, Licht: 2","154780","3","3","5","01","17","3","","2","1","1","0","0"
"POINT (9.797328278000069 52.333160251000002)","Unfall 154792 (2022) Kat:3, Licht: 1","154792","3","5","1","01","07","7","","1","0","1","0","0"
"POINT (9.733674997000040 52.375841149000102)","Unfall 154817 (2022) Kat:3, Licht: 2","154817","3","1","2","02","18","1","","2","0","0","0","0"
"POINT (9.735268254000060 52.399318371000000)","Unfall 154829 (2022) Kat:3, Licht: 2","154829","3","6","2","01","07","2","","2","0","1","0","0"
"POINT (9.759889199000041 52.365736528000099)","Unfall 154832 (2022) Kat:3, Licht: 2","154832","3","2","6","01","17","3","","2","0","1","1","0"
"POINT (9.763024249000070 52.340041289000098)","Unfall 154834 (2022) Kat:3, Licht: 0","154834","3","5","1","01","11","2","","0","1","1","0","0"
"POINT (9.732064664000060 52.396320538000097)","Unfall 154853 (2022) Kat:3, Licht: 0","154853","3","7","0","01","10","4","","0","1","1","0","0"
"POINT (9.770826007000039 52.359487066000000)","Unfall 154898 (2022) Kat:3, Licht: 0","154898","3","3","5","01","11","5","","0","1","1","0","0"
"POINT (9.736974860000030 52.404591828999997)","Unfall 154909 (2022) Kat:3, Licht: 2","154909","3","2","3","01","17","4","","2","1","0","0","0"
"POINT (9.782548568000040 52.373287255000001)","Unfall 154912 (2022) Kat:3, Licht: 0","154912","3","1","0","01","07","5","","0","1","0","0","0"
"POINT (9.728814201000031 52.347639921000102)","Unfall 154919 (2022) Kat:3, Licht: 2","154919","3","3","5","01","17","3","","2","0","1","0","0"
"POINT (9.797463760000030 52.405082542000102)","Unfall 154923 (2022) Kat:3, Licht: 2","154923","3","6","2","02","17","2","","2","0","1","0","0"
"POINT (9.837458393000080 52.387389273000103)","Unfall 154946 (2022) Kat:3, Licht: 2","154946","3","3","5","01","07","2","","2","1","1","0","0"
"POINT (9.752618728000069 52.395001377000000)","Unfall 154948 (2022) Kat:3, Licht: 0","154948","3","3","5","01","12","3","","0","0","1","0","0"
"POINT (9.831139214000070 52.361688098999998)","Unfall 154962 (2022) Kat:3, Licht: 0","154962","3","7","9","01","08","6","","0","0","1","0","0"
"POINT (9.733723755000030 52.399734590999998)","Unfall 154968 (2022) Kat:3, Licht: 2","154968","3","3","5","01","16","5","","2","1","1","0","0"
"POINT (9.696434251000030 52.411167041000098)","Unfall 154978 (2022) Kat:3, Licht: 0","154978","3","3","5","01","11","4","","0","0","1","0","1"
"POINT (9.759387485000049 52.410299151000103)","Unfall 154985 (2022) Kat:2, Licht: 2","154985","2","5","1","01","16","5","","2","0","1","0","0"
"POINT (9.727992673000070 52.371071354000001)","Unfall 154988 (2022) Kat:3, Licht: 0","154988","3","4","6","02","08","5","","0","0","1","1","0"
"POINT (9.746977392000080 52.406337964000002)","Unfall 154998 (2022) Kat:3, Licht: 0","154998","3","7","0","01","09","5","","0","1","0","0","0"
"POINT (9.766058755000071 52.382000726000101)","Unfall 154999 (2022) Kat:3, Licht: 2","154999","3","1","8","01","07","2","","2","0","1","0","0"
"POINT (9.726044339000049 52.385011996000102)","Unfall 155011 (2022) Kat:3, Licht: 0","155011","3","3","5","02","13","4","","0","1","1","0","0"
"POINT (9.727592521000080 52.394593989000001)","Unfall 155031 (2022) Kat:3, Licht: 0","155031","3","3","5","02","13","3","","0","0","1","0","0"
"POINT (9.781668576000071 52.400375521000100)","Unfall 155035 (2022) Kat:3, Licht: 1","155035","3","4","0","01","16","7","","1","0","1","1","0"
"POINT (9.731986045000040 52.405065358000101)","Unfall 155057 (2022) Kat:3, Licht: 0","155057","3","3","5","02","10","5","","0","1","1","0","0"
"POINT (9.736724290000041 52.412568299999997)","Unfall 155062 (2022) Kat:3, Licht: 2","155062","3","3","5","01","07","2","","2","1","1","0","0"
"POINT (9.738903153000020 52.363498989000000)","Unfall 155070 (2022) Kat:3, Licht: 1","155070","3","3","5","01","07","4","","1","1","0","0","0"
"POINT (9.666228195000031 52.415480334000101)","Unfall 155082 (2022) Kat:3, Licht: 1","155082","3","6","3","01","16","3","","1","0","1","0","0"
"POINT (9.663490418000039 52.410617447000000)","Unfall 155114 (2022) Kat:3, Licht: 2","155114","3","4","6","02","18","2","","2","0","1","1","0"
"POINT (9.799071093000070 52.376425826000101)","Unfall 155119 (2022) Kat:3, Licht: 2","155119","3","3","5","01","18","7","","2","0","1","0","0"
"POINT (9.657147487000030 52.407092294000101)","Unfall 155142 (2022) Kat:3, Licht: 0","155142","3","7","8","02","15","7","","0","0","0","0","1"
"POINT (9.759872690000069 52.361661181000002)","Unfall 155145 (2022) Kat:3, Licht: 1","155145","3","1","0","03","19","3","","1","1","0","0","0"
"POINT (9.772680350000030 52.413823462000003)","Unfall 155148 (2022) Kat:3, Licht: 0","155148","3","3","5","03","13","6","","0","1","1","0","0"
"POINT (9.732280974000050 52.376618982000103)","Unfall 155156 (2022) Kat:3, Licht: 0","155156","3","2","6","03","08","5","","0","0","1","1","0"
"POINT (9.745559816000020 52.393621010000103)","Unfall 155161 (2022) Kat:3, Licht: 0","155161","3","2","3","02","10","4","","0","1","1","0","0"
"POINT (9.744144600000030 52.377497627000103)","Unfall 155164 (2022) Kat:3, Licht: 2","155164","3","3","5","02","03","1","","2","0","1","0","0"
"POINT (9.757296248000049 52.361141351000100)","Unfall 155173 (2022) Kat:3, Licht: 0","155173","3","3","5","03","15","3","","0","1","1","0","0"
"POINT (9.745687721000021 52.372791829000100)","Unfall 155175 (2022) Kat:3, Licht: 1","155175","3","2","5","02","07","6","","1","0","1","0","0"
"POINT (9.738844268000040 52.345289921000102)","Unfall 155179 (2022) Kat:1, Licht: 0","155179","1","6","6","02","13","6","","0","1","0","1","0"
"POINT (9.670530845000030 52.355404761000003)","Unfall 155183 (2022) Kat:3, Licht: 2","155183","3","4","0","02","20","4","","2","1","0","1","0"
"POINT (9.788584239000039 52.330998018000102)","Unfall 155194 (2022) Kat:3, Licht: 0","155194","3","2","6","02","16","7","","0","0","1","1","0"
"POINT (9.699580989000030 52.419776538000100)","Unfall 155198 (2022) Kat:3, Licht: 0","155198","3","3","5","02","16","2","","0","0","1","0","0"
"POINT (9.719433606000051 52.362921569000001)","Unfall 155201 (2022) Kat:3, Licht: 0","155201","3","7","0","03","11","1","","0","0","1","0","0"
"POINT (9.717196432000041 52.345006547000096)","Unfall 155219 (2022) Kat:3, Licht: 0","155219","3","4","6","03","16","3","","0","0","1","1","0"
"POINT (9.735752534000030 52.370530510000002)","Unfall 155226 (2022) Kat:3, Licht: 0","155226","3","5","1","03","12","1","","0","1","1","0","0"
"POINT (9.747466532000031 52.395276461999998)","Unfall 155239 (2022) Kat:3, Licht: 0","155239","3","7","0","03","14","1","","0","1","0","0","0"
"POINT (9.716482079000061 52.382191648999999)","Unfall 155246 (2022) Kat:3, Licht: 2","155246","3","7","0","03","20","5","","2","1","0","0","0"
"POINT (9.682872531000040 52.366140463000100)","Unfall 155272 (2022) Kat:3, Licht: 0","155272","3","6","2","02","14","4","","0","1","1","0","0"
"POINT (9.753340455000060 52.370511247000103)","Unfall 155280 (2022) Kat:3, Licht: 0","155280","3","1","0","03","13","2","","0","0","1","0","0"
"POINT (9.756700645000020 52.367661464999998)","Unfall 155286 (2022) Kat:3, Licht: 0","155286","3","1","0","02","13","6","","0","1","0","0","0"
"POINT (9.868570239000061 52.359587929000000)","Unfall 155288 (2022) Kat:3, Licht: 2","155288","3","1","9","03","19","4","","2","0","1","0","0"
"POINT (9.790722462000080 52.328784097000003)","Unfall 155294 (2022) Kat:3, Licht: 0","155294","3","4","6","03","17","5","","0","0","1","1","0"
"POINT (9.655230266000050 52.419729564000100)","Unfall 155304 (2022) Kat:3, Licht: 0","155304","3","2","5","03","07","4","","0","1","0","0","0"
"POINT (9.759117533000049 52.361527947000098)","Unfall 155305 (2022) Kat:3, Licht: 0","155305","3","4","6","02","16","4","","0","0","1","1","0"
"POINT (9.691850639000050 52.331362353000003)","Unfall 155307 (2022) Kat:2, Licht: 2","155307","2","2","6","02","18","5","","2","0","1","1","0"
"POINT (9.753656218000060 52.362189149000102)","Unfall 155319 (2022) Kat:3, Licht: 0","155319","3","2","3","02","13","5","","0","1","0","0","0"
"POINT (9.736099010000030 52.420947732999998)","Unfall 155333 (2022) Kat:3, Licht: 1","155333","3","3","5","02","17","4","","1","0","1","0","0"
"POINT (9.825921759000041 52.362900267999997)","Unfall 155334 (2022) Kat:3, Licht: 0","155334","3","1","0","03","08","6","","0","1","0","0","0"
"POINT (9.748326699000071 52.382673727000103)","Unfall 155340 (2022) Kat:3, Licht: 0","155340","3","7","5","02","17","5","","0","1","1","0","0"
"POINT (9.693190102000070 52.365409051000000)","Unfall 155344 (2022) Kat:3, Licht: 0","155344","3","3","5","03","13","5","","0","0","1","0","1"
"POINT (9.717263849000060 52.341767257000100)","Unfall 155347 (2022) Kat:3, Licht: 0","155347","3","2","5","03","14","2","","0","1","1","0","0"
"POINT (9.753441686000031 52.376558021999998)","Unfall 155353 (2022) Kat:3, Licht: 0","155353","3","3","5","02","07","3","","0","1","0","0","0"
"POINT (9.733715550000060 52.399707486000104)","Unfall 155359 (2022) Kat:3, Licht: 2","155359","3","3","5","03","19","5","","2","1","1","0","0"
"POINT (9.741018742000049 52.398733206000003)","Unfall 155370 (2022) Kat:3, Licht: 0","155370","3","3","5","03","13","3","","0","1","0","0","0"
"POINT (9.676023481000071 52.377269996999999)","Unfall 155378 (2022) Kat:3, Licht: 2","155378","3","7","8","02","04","3","","2","0","0","0","0"
"POINT (9.792196080000050 52.371987060000002)","Unfall 155379 (2022) Kat:3, Licht: 0","155379","3","3","5","03","11","5","","0","1","1","0","0"
"POINT (9.763739709000051 52.399218101000002)","Unfall 155387 (2022) Kat:3, Licht: 0","155387","3","3","5","02","15","2","","0","1","1","0","0"
"POINT (9.743919810000021 52.392286473000098)","Unfall 155389 (2022) Kat:3, Licht: 0","155389","3","5","0","03","08","4","","0","0","0","0","0"
"POINT (9.795535322000029 52.375479620000100)","Unfall 155391 (2022) Kat:3, Licht: 0","155391","3","4","6","02","08","6","","0","1","0","1","0"
"POINT (9.739370085000081 52.376191050999999)","Unfall 155394 (2022) Kat:3, Licht: 0","155394","3","2","4","03","12","5","","0","1","0","0","0"
"POINT (9.786344064000049 52.370517784000100)","Unfall 155410 (2022) Kat:3, Licht: 0","155410","3","7","5","03","13","2","","0","0","1","0","1"
"POINT (9.829712787000060 52.322821961999999)","Unfall 155412 (2022) Kat:2, Licht: 2","155412","2","7","0","03","21","3","","2","1","0","0","0"
"POINT (9.755808342000019 52.366124920000097)","Unfall 155421 (2022) Kat:3, Licht: 2","155421","3","7","0","03","01","7","","2","0","0","0","0"
"POINT (9.813031303000059 52.389628938000001)","Unfall 155425 (2022) Kat:3, Licht: 0","155425","3","6","2","02","08","3","","0","0","1","0","0"
"POINT (9.702351270000070 52.414715491000003)","Unfall 155436 (2022) Kat:3, Licht: 0","155436","3","1","0","03","16","1","","0","0","0","0","1"
"POINT (9.763826455000070 52.360328172999999)","Unfall 155440 (2022) Kat:2, Licht: 0","155440","2","7","0","03","08","6","","0","0","0","0","0"
"POINT (9.691966684000020 52.344936015000002)","Unfall 155455 (2022) Kat:3, Licht: 2","155455","3","7","8","03","20","2","","2","1","0","0","0"
"POINT (9.775289362000020 52.338843179000001)","Unfall 155458 (2022) Kat:3, Licht: 0","155458","3","2","3","02","16","4","","0","1","1","0","0"
"POINT (9.738298154000059 52.382113779000100)","Unfall 155463 (2022) Kat:3, Licht: 1","155463","3","2","5","02","07","4","","1","1","1","0","0"
"POINT (9.764112350000060 52.397202698000100)","Unfall 155473 (2022) Kat:3, Licht: 0","155473","3","2","5","03","10","5","","0","0","1","0","0"
"POINT (9.801319970000071 52.408781601999998)","Unfall 155475 (2022) Kat:3, Licht: 0","155475","3","2","4","03","12","7","","0","1","1","0","0"
"POINT (9.774457123000049 52.371392668000098)","Unfall 155478 (2022) Kat:3, Licht: 0","155478","3","7","2","02","12","4","","0","0","1","0","0"
"POINT (9.748031154000049 52.385528602000100)","Unfall 155480 (2022) Kat:3, Licht: 0","155480","3","2","5","03","17","2","","0","1","1","0","0"
"POINT (9.663220762000041 52.364713490000000)","Unfall 155494 (2022) Kat:3, Licht: 0","155494","3","4","0","03","15","5","","0","0","0","1","0"
"POINT (9.777914083000040 52.361282102000096)","Unfall 155497 (2022) Kat:3, Licht: 0","155497","3","7","6","03","12","5","","0","0","1","1","0"
"POINT (9.752374010000040 52.384976138000098)","Unfall 155502 (2022) Kat:3, Licht: 2","155502","3","5","1","03","22","7","","2","0","1","0","0"
"POINT (9.814035222000030 52.331897669000099)","Unfall 155506 (2022) Kat:3, Licht: 2","155506","3","6","2","02","07","5","","2","0","1","0","0"
"POINT (9.663885347000081 52.382896686999999)","Unfall 155507 (2022) Kat:3, Licht: 0","155507","3","2","5","03","10","5","","0","1","1","0","0"
"POINT (9.733108359000029 52.381959406000099)","Unfall 155511 (2022) Kat:3, Licht: 0","155511","3","7","0","02","16","6","","0","0","0","0","0"
"POINT (9.713300389000040 52.371440762000098)","Unfall 155513 (2022) Kat:3, Licht: 0","155513","3","7","0","03","16","2","","0","1","0","0","0"
"POINT (9.736031837000040 52.416072991000100)","Unfall 155531 (2022) Kat:3, Licht: 2","155531","3","3","5","03","05","6","","2","0","1","0","1"
"POINT (9.763208128000031 52.395179956000000)","Unfall 155533 (2022) Kat:3, Licht: 0","155533","3","2","4","02","10","4","","0","1","1","0","0"
"POINT (9.738288294000030 52.381971238000098)","Unfall 155546 (2022) Kat:3, Licht: 0","155546","3","6","3","02","11","2","","0","1","0","0","0"
"POINT (9.697564551000029 52.419725925000101)","Unfall 155554 (2022) Kat:3, Licht: 0","155554","3","2","5","03","15","4","","0","0","1","0","0"
"POINT (9.781419199000030 52.423393488999999)","Unfall 155556 (2022) Kat:3, Licht: 0","155556","3","1","7","03","13","7","","0","1","0","0","0"
"POINT (9.719572478000030 52.374728839000099)","Unfall 155592 (2022) Kat:3, Licht: 0","155592","3","6","0","03","14","5","","0","1","0","0","0"
"POINT (9.821560656000029 52.340579996000002)","Unfall 155613 (2022) Kat:3, Licht: 0","155613","3","3","5","03","17","5","","0","1","1","0","0"
"POINT (9.781565436000051 52.414158600000100)","Unfall 155627 (2022) Kat:3, Licht: 0","155627","3","2","5","03","11","2","","0","1","0","0","1"
"POINT (9.721608069000069 52.379955291999998)","Unfall 155628 (2022) Kat:3, Licht: 0","155628","3","5","3","03","13","6","","0","1","1","0","0"
"POINT (9.767794185000071 52.358130154000001)","Unfall 155637 (2022) Kat:3, Licht: 0","155637","3","6","2","03","16","3","","0","0","1","0","0"
"POINT (9.781429241000071 52.410158269000100)","Unfall 155640 (2022) Kat:3, Licht: 2","155640","3","2","5","03","19","5","","2","1","1","0","0"
"POINT (9.777568515000040 52.362716642000102)","Unfall 155656 (2022) Kat:3, Licht: 2","155656","3","7","8","03","18","2","","2","0","1","0","0"
"POINT (9.802411760000041 52.398405918000002)","Unfall 155661 (2022) Kat:3, Licht: 0","155661","3","2","5","02","17","4","","0","1","1","0","0"
"POINT (9.726582240000029 52.377360242000101)","Unfall 155681 (2022) Kat:3, Licht: 0","155681","3","6","2","03","15","1","","0","0","1","0","0"
"POINT (9.735113930000070 52.380302290000003)","Unfall 155683 (2022) Kat:3, Licht: 2","155683","3","1","8","02","20","3","","2","0","1","0","0"
"POINT (9.723522012000050 52.372022590000000)","Unfall 155684 (2022) Kat:3, Licht: 2","155684","3","6","0","02","21","5","","2","0","1","0","0"
"POINT (9.751663546000030 52.371943687000098)","Unfall 155695 (2022) Kat:3, Licht: 0","155695","3","7","0","03","16","2","","0","1","0","0","0"
"POINT (9.709432915000040 52.341839031000099)","Unfall 155702 (2022) Kat:3, Licht: 0","155702","3","4","6","03","11","7","","0","0","1","1","0"
"POINT (9.725188225000069 52.373279359000001)","Unfall 155706 (2022) Kat:3, Licht: 1","155706","3","4","6","03","18","3","","1","1","0","1","0"
"POINT (9.716098040000080 52.399622878999999)","Unfall 155711 (2022) Kat:3, Licht: 0","155711","3","3","5","02","17","5","","0","0","1","0","0"
"POINT (9.738639804000060 52.374433360000097)","Unfall 155715 (2022) Kat:3, Licht: 0","155715","3","1","6","03","17","2","","0","1","0","1","0"
"POINT (9.774659880000060 52.371863171000001)","Unfall 155723 (2022) Kat:3, Licht: 0","155723","3","6","2","03","11","1","","0","0","1","0","0"
"POINT (9.771395068000061 52.354096654000003)","Unfall 155731 (2022) Kat:2, Licht: 0","155731","2","7","0","03","17","3","","0","1","0","0","0"
"POINT (9.734561311000050 52.384660413000098)","Unfall 155734 (2022) Kat:3, Licht: 0","155734","3","1","0","02","16","1","","0","1","0","0","0"
"POINT (9.748833778000060 52.378511086000103)","Unfall 155735 (2022) Kat:3, Licht: 0","155735","3","6","4","02","10","5","","0","1","0","0","0"
"POINT (9.747426515000029 52.365196571000098)","Unfall 155736 (2022) Kat:3, Licht: 2","155736","3","2","5","03","19","6","","2","1","1","0","0"
"POINT (9.671165394000070 52.355573362000001)","Unfall 155746 (2022) Kat:3, Licht: 0","155746","3","5","0","03","13","4","","0","1","1","0","0"
"POINT (9.783228526000070 52.374477921999997)","Unfall 155753 (2022) Kat:3, Licht: 0","155753","3","7","1","03","17","7","","0","1","1","0","0"
"POINT (9.749768562000041 52.410755086000101)","Unfall 155766 (2022) Kat:3, Licht: 2","155766","3","5","1","02","18","7","","2","0","1","0","0"
"POINT (9.777010147000061 52.398980654000098)","Unfall 155768 (2022) Kat:3, Licht: 0","155768","3","6","3","03","07","6","","0","1","1","0","0"
"POINT (9.856065276000040 52.363287137999997)","Unfall 155772 (2022) Kat:3, Licht: 0","155772","3","7","6","02","10","5","","0","0","1","1","0"
"POINT (9.741630225000049 52.370959143000100)","Unfall 155774 (2022) Kat:3, Licht: 0","155774","3","5","3","02","12","6","","0","1","1","0","0"
"POINT (9.745775670000061 52.381364896000001)","Unfall 155775 (2022) Kat:3, Licht: 2","155775","3","5","1","03","05","1","","2","0","1","0","0"
"POINT (9.712741776000030 52.382153775000099)","Unfall 155793 (2022) Kat:3, Licht: 2","155793","3","3","5","02","18","6","","2","1","1","0","0"
"POINT (9.616920488000060 52.417883216000099)","Unfall 155798 (2022) Kat:3, Licht: 2","155798","3","7","0","03","19","7","","2","0","0","0","0"
"POINT (9.661941903000070 52.384856555000098)","Unfall 155802 (2022) Kat:3, Licht: 0","155802","3","7","0","03","08","6","","0","1","0","0","0"
"POINT (9.622225483000021 52.413325826000097)","Unfall 155808 (2022) Kat:3, Licht: 0","155808","3","5","1","02","14","3","","0","0","1","0","0"
"POINT (9.753262488000081 52.392027374000101)","Unfall 155812 (2022) Kat:3, Licht: 2","155812","3","1","0","03","22","3","","2","1","0","0","0"
"POINT (9.735240683000031 52.399316769000102)","Unfall 155813 (2022) Kat:3, Licht: 0","155813","3","2","2","02","16","7","","0","0","1","0","1"
"POINT (9.721955225000039 52.376764394000098)","Unfall 155825 (2022) Kat:3, Licht: 2","155825","3","3","5","02","00","7","","2","0","1","0","0"
"POINT (9.798536535000039 52.377192858000100)","Unfall 155826 (2022) Kat:3, Licht: 0","155826","3","3","5","03","07","3","","0","1","1","0","0"
"POINT (9.732913144000070 52.376725681000003)","Unfall 155836 (2022) Kat:2, Licht: 0","155836","2","4","6","03","11","2","","0","0","0","1","0"
"POINT (9.742865629000050 52.375160134000097)","Unfall 155838 (2022) Kat:3, Licht: 0","155838","3","6","2","03","16","3","","0","0","1","0","0"
"POINT (9.757888936000031 52.330033149000002)","Unfall 155844 (2022) Kat:3, Licht: 0","155844","3","7","0","02","16","7","","0","1","0","0","0"
"POINT (9.802646750000060 52.400843899999998)","Unfall 155857 (2022) Kat:3, Licht: 0","155857","3","7","6","03","13","2","","0","1","0","0","0"
"POINT (9.756813025000040 52.356676938000099)","Unfall 155870 (2022) Kat:3, Licht: 0","155870","3","3","5","03","07","2","","0","1","1","0","0"
"POINT (9.702114382000049 52.375097675000099)","Unfall 155878 (2022) Kat:3, Licht: 1","155878","3","4","6","02","17","4","","1","0","1","1","0"
"POINT (9.741588448000069 52.359836814000097)","Unfall 155884 (2022) Kat:3, Licht: 0","155884","3","3","0","03","08","3","","0","1","1","0","0"
"POINT (9.805287957000081 52.412376373000001)","Unfall 155886 (2022) Kat:3, Licht: 0","155886","3","2","2","02","08","6","","0","0","1","0","0"
"POINT (9.781213383000020 52.403912296000001)","Unfall 155889 (2022) Kat:3, Licht: 0","155889","3","3","5","03","07","5","","0","1","1","0","0"
"POINT (9.750975073000060 52.370950139999998)","Unfall 155897 (2022) Kat:3, Licht: 0","155897","3","5","1","03","07","2","","0","0","1","0","0"
"POINT (9.850888032000061 52.415204506000102)","Unfall 155899 (2022) Kat:3, Licht: 0","155899","3","6","4","03","13","4","","0","0","0","0","0"
"POINT (9.684091436000070 52.366250363000098)","Unfall 155903 (2022) Kat:3, Licht: 2","155903","3","1","4","02","23","6","","2","0","1","0","0"
"POINT (9.772228346000080 52.395529508000003)","Unfall 155904 (2022) Kat:3, Licht: 0","155904","3","4","6","03","16","2","","0","0","1","1","0"
"POINT (9.724577541000031 52.374738004000100)","Unfall 155911 (2022) Kat:3, Licht: 0","155911","3","7","8","02","14","5","","0","1","0","0","0"
"POINT (9.781526283000060 52.410209101000099)","Unfall 155925 (2022) Kat:2, Licht: 2","155925","2","2","6","02","04","5","","2","0","0","1","0"
"POINT (9.747559163000060 52.385483170000001)","Unfall 155939 (2022) Kat:3, Licht: 2","155939","3","7","2","02","02","5","","2","0","1","0","0"
"POINT (9.753351611000030 52.376707379000003)","Unfall 155941 (2022) Kat:3, Licht: 0","155941","3","2","5","03","13","3","","0","1","1","0","0"
"POINT (9.749397229000071 52.374792943999999)","Unfall 155944 (2022) Kat:3, Licht: 0","155944","3","6","3","03","13","5","","0","0","1","0","0"
"POINT (9.692691109000069 52.396664741000102)","Unfall 155945 (2022) Kat:3, Licht: 0","155945","3","2","5","03","11","2","","0","1","0","0","0"
"POINT (9.789911386000030 52.410144109000001)","Unfall 155952 (2022) Kat:3, Licht: 1","155952","3","6","2","02","19","1","","1","0","1","0","0"
"POINT (9.724710560000061 52.369953897000102)","Unfall 155959 (2022) Kat:3, Licht: 0","155959","3","7","4","03","17","3","","0","1","1","0","0"
"POINT (9.662037114000039 52.408509841000097)","Unfall 155966 (2022) Kat:3, Licht: 0","155966","3","2","5","02","12","7","","0","1","1","0","0"
"POINT (9.712528038000070 52.360795414999998)","Unfall 155968 (2022) Kat:3, Licht: 0","155968","3","6","2","03","14","2","","0","0","1","0","0"
"POINT (9.734162529000059 52.420864569999999)","Unfall 155969 (2022) Kat:3, Licht: 0","155969","3","6","2","03","13","3","","0","0","1","0","0"
"POINT (9.673609394000040 52.396244495000097)","Unfall 155983 (2022) Kat:2, Licht: 0","155983","2","6","2","03","15","3","","0","1","0","0","0"
"POINT (9.723113635000059 52.381775523000002)","Unfall 155991 (2022) Kat:3, Licht: 2","155991","3","5","1","03","02","7","","2","1","1","0","0"
"POINT (9.721882460000071 52.417057063000101)","Unfall 156010 (2022) Kat:3, Licht: 2","156010","3","1","0","02","18","3","","2","1","0","0","0"
"POINT (9.766322585000070 52.340955032000103)","Unfall 156014 (2022) Kat:3, Licht: 0","156014","3","4","6","03","07","5","","0","0","1","1","0"
"POINT (9.687452393000060 52.392577598000102)","Unfall 156027 (2022) Kat:3, Licht: 0","156027","3","6","2","03","16","7","","0","0","1","0","0"
"POINT (9.752125915000020 52.385474192000103)","Unfall 156031 (2022) Kat:3, Licht: 0","156031","3","6","3","03","10","3","","0","0","1","0","0"
"POINT (9.713352794000061 52.371424435000101)","Unfall 156034 (2022) Kat:3, Licht: 0","156034","3","4","6","03","10","2","","0","1","0","1","0"
"POINT (9.759556783000050 52.335267284000103)","Unfall 156056 (2022) Kat:3, Licht: 2","156056","3","6","2","02","17","3","","2","0","1","0","0"
"POINT (9.766750680000030 52.382297039999997)","Unfall 156059 (2022) Kat:3, Licht: 2","156059","3","2","4","02","06","3","","2","0","1","0","0"
"POINT (9.819369545000029 52.429275926000102)","Unfall 156068 (2022) Kat:3, Licht: 2","156068","3","2","0","02","19","2","","2","1","0","0","0"
"POINT (9.760854052000070 52.343955675000103)","Unfall 156077 (2022) Kat:3, Licht: 2","156077","3","7","1","02","02","7","","2","0","1","0","0"
"POINT (9.819019082000070 52.391282103999998)","Unfall 156084 (2022) Kat:2, Licht: 2","156084","2","1","0","03","18","6","","2","1","0","0","0"
"POINT (9.756362149000040 52.390640580000102)","Unfall 156113 (2022) Kat:3, Licht: 0","156113","3","6","0","03","15","5","","0","0","1","0","1"
"POINT (9.735313288000039 52.380422772000003)","Unfall 156117 (2022) Kat:3, Licht: 0","156117","3","7","7","02","10","4","","0","1","0","0","0"
"POINT (9.738930803000070 52.363222442999998)","Unfall 156119 (2022) Kat:3, Licht: 0","156119","3","6","2","03","17","6","","0","0","1","0","0"
"POINT (9.800327171000051 52.335223874000100)","Unfall 156120 (2022) Kat:3, Licht: 0","156120","3","3","5","02","12","6","","0","1","1","0","0"
"POINT (9.750428616000020 52.366058746000100)","Unfall 156125 (2022) Kat:2, Licht: 0","156125","2","4","6","03","15","3","","0","0","1","1","0"
"POINT (9.756108110000071 52.365697283000003)","Unfall 156126 (2022) Kat:3, Licht: 0","156126","3","3","5","02","07","3","","0","0","1","0","0"
"POINT (9.757219903000021 52.364261548000101)","Unfall 156131 (2022) Kat:3, Licht: 2","156131","3","3","5","03","23","6","","2","0","1","0","0"
"POINT (9.754963574000040 52.367351413999998)","Unfall 156133 (2022) Kat:3, Licht: 0","156133","3","2","4","02","08","2","","0","1","1","0","0"
"POINT (9.757863486000080 52.363431268000099)","Unfall 156145 (2022) Kat:3, Licht: 0","156145","3","1","0","03","07","5","","0","1","0","0","0"
"POINT (9.758508496000051 52.362602860000003)","Unfall 156148 (2022) Kat:3, Licht: 0","156148","3","7","0","03","17","4","","0","0","0","0","0"