WKT,Name,OBJECTID,UKATEGORIE,UTYP1,UART,UMONAT,USTUNDE,UWOCHENTAG,STRZUSTAND,ULICHTVERH,ISTRAD,ISTPKW,ISTFUSS,ISTKRAD
"POINT (9.734879803000069 52.380239465000002)","Unfall 156154 (2022) Kat:3, Licht: 2","156154","3","2","4","02","19","4","","2","0","1","0","0"
"POINT (9.723104351000069 52.369825308000003)","Unfall 156161 (2022) Kat:3, Licht: 1","156161","3","2","0","02","17","5","","1","1","0","0","0"
"POINT (9.742013084000060 52.397654891000101)","Unfall 156164 (2022) Kat:3, Licht: 0","156164","3","3","5","03","12","5","","0","1","1","0","0"
"POINT (9.760235619000071 52.356361021000097)","Unfall 156177 (2022) Kat:3, Licht: 2","156177","3","3","5","03","21","3","","2","0","1","0","0"
"POINT (9.749747741000020 52.376504916000002)","Unfall 156181 (2022) Kat:3, Licht: 2","156181","3","6","2","04","21","3","","2","0","1","0","1"
"POINT (9.746509609000039 52.375249042000100)","Unfall 156186 (2022) Kat:3, Licht: 0","156186","3","5","0","04","16","5","","0","0","1","0","0"
"POINT (9.693767840000019 52.392324541999997)","Unfall 156208 (2022) Kat:3, Licht: 0","156208","3","3","5","03","13","7","","0","1","0","0","0"
"POINT (9.752242795000029 52.393458828000099)","Unfall 156209 (2022) Kat:3, Licht: 0","156209","3","2","5","04","13","4","","0","1","1","0","0"
"POINT (9.808027869000060 52.379635125999997)","Unfall 156210 (2022) Kat:3, Licht: 0","156210","3","6","3","04","15","6","","0","0","1","0","0"
"POINT (9.693105581000051 52.401123548000001)","Unfall 156212 (2022) Kat:3, Licht: 0","156212","3","1","0","05","09","1","","0","0","0","0","0"
"POINT (9.792979885000021 52.333628709000003)","Unfall 156218 (2022) Kat:3, Licht: 2","156218","3","3","5","03","18","5","","2","0","1","0","0"
"POINT (9.738080336000049 52.381846963999998)","Unfall 156223 (2022) Kat:3, Licht: 0","156223","3","2","4","04","09","5","","0","1","1","0","0"
"POINT (9.806709739000040 52.417741133000000)","Unfall 156224 (2022) Kat:3, Licht: 0","156224","3","5","0","03","18","2","","0","1","1","0","0"
"POINT (9.796321654000050 52.392432753000001)","Unfall 156239 (2022) Kat:3, Licht: 0","156239","3","6","3","05","18","3","","0","0","1","0","0"
"POINT (9.723419176000050 52.385266499000103)","Unfall 156248 (2022) Kat:3, Licht: 0","156248","3","5","1","04","07","5","","0","0","1","0","0"
"POINT (9.702908348000051 52.374965114000098)","Unfall 156253 (2022) Kat:3, Licht: 0","156253","3","3","5","04","20","7","","0","1","1","0","0"
"POINT (9.854131640000050 52.391037703000102)","Unfall 156257 (2022) Kat:2, Licht: 0","156257","2","7","0","04","11","6","","0","1","0","0","0"
"POINT (9.716953981000071 52.372797953000003)","Unfall 156262 (2022) Kat:3, Licht: 2","156262","3","1","0","04","03","7","","2","1","0","0","0"
"POINT (9.689911190000030 52.392571078000103)","Unfall 156268 (2022) Kat:3, Licht: 0","156268","3","6","3","04","12","6","","0","0","1","0","0"
"POINT (9.747930083000030 52.374058173999998)","Unfall 156271 (2022) Kat:3, Licht: 0","156271","3","6","2","03","08","2","","0","0","1","0","0"
"POINT (9.663768446000059 52.382895879000003)","Unfall 156278 (2022) Kat:3, Licht: 0","156278","3","3","5","04","18","3","","0","1","1","0","0"
"POINT (9.696896853000061 52.341511736000001)","Unfall 156285 (2022) Kat:3, Licht: 0","156285","3","6","2","05","16","2","","0","0","1","0","0"
"POINT (9.712696689000040 52.360831883000102)","Unfall 156305 (2022) Kat:3, Licht: 0","156305","3","3","5","03","11","4","","0","1","1","0","0"
"POINT (9.835083279000060 52.334832026000100)","Unfall 156310 (2022) Kat:3, Licht: 0","156310","3","3","5","04","13","5","","0","0","1","0","0"
"POINT (9.720977399000050 52.373295057000099)","Unfall 156311 (2022) Kat:3, Licht: 0","156311","3","1","0","04","17","7","","0","1","0","0","0"
"POINT (9.720561485000079 52.391235046000098)","Unfall 156312 (2022) Kat:3, Licht: 0","156312","3","1","0","04","16","1","","0","1","0","0","0"
"POINT (9.812550408000050 52.364622738999998)","Unfall 156316 (2022) Kat:3, Licht: 0","156316","3","5","1","03","15","3","","0","1","1","0","0"
"POINT (9.743606010000059 52.357210352999999)","Unfall 156333 (2022) Kat:3, Licht: 0","156333","3","3","5","04","11","7","","0","1","0","0","0"
"POINT (9.683050014000059 52.346754496000102)","Unfall 156339 (2022) Kat:2, Licht: 0","156339","2","3","5","03","14","6","","0","1","1","0","0"
"POINT (9.717878100000060 52.363524171000101)","Unfall 156340 (2022) Kat:3, Licht: 0","156340","3","5","1","04","11","2","","0","1","1","0","0"
"POINT (9.732500424000021 52.389964401999997)","Unfall 156352 (2022) Kat:3, Licht: 0","156352","3","1","1","04","19","5","","0","1","1","0","0"
"POINT (9.756506746000071 52.364902592000099)","Unfall 156357 (2022) Kat:3, Licht: 0","156357","3","3","5","04","17","6","","0","1","1","0","0"
"POINT (9.728324482000060 52.377869490000101)","Unfall 156366 (2022) Kat:3, Licht: 1","156366","3","7","0","04","19","5","","1","1","0","0","0"
"POINT (9.778772560000050 52.399575433000102)","Unfall 156395 (2022) Kat:3, Licht: 0","156395","3","5","1","03","17","5","","0","1","1","0","0"
"POINT (9.737660770000049 52.387778445999999)","Unfall 156396 (2022) Kat:3, Licht: 0","156396","3","3","5","03","06","6","","0","1","1","0","0"
"POINT (9.711025592000061 52.372229711999999)","Unfall 156398 (2022) Kat:3, Licht: 0","156398","3","4","6","04","13","4","","0","1","0","1","0"
"POINT (9.701921842000051 52.326574188999999)","Unfall 156401 (2022) Kat:3, Licht: 0","156401","3","6","4","04","11","2","","0","0","1","0","0"
"POINT (9.615834027000060 52.418769785999999)","Unfall 156402 (2022) Kat:3, Licht: 2","156402","3","2","4","04","20","4","","2","0","1","0","0"
"POINT (9.708380216000020 52.367061917999997)","Unfall 156409 (2022) Kat:3, Licht: 0","156409","3","3","5","03","13","5","","0","1","1","0","0"
"POINT (9.763182601000040 52.403954964000000)","Unfall 156415 (2022) Kat:3, Licht: 0","156415","3","3","5","05","19","2","","0","1","0","0","0"
"POINT (9.693319608000021 52.394299852000103)","Unfall 156425 (2022) Kat:3, Licht: 2","156425","3","5","1","04","22","5","","2","0","1","0","0"
"POINT (9.685368984000039 52.394728145000002)","Unfall 156433 (2022) Kat:3, Licht: 0","156433","3","3","5","04","14","2","","0","0","1","0","0"
"POINT (9.729836284000040 52.398214954000103)","Unfall 156434 (2022) Kat:3, Licht: 0","156434","3","3","5","03","09","4","","0","1","1","0","0"
"POINT (9.724041649000069 52.347102442999997)","Unfall 156437 (2022) Kat:2, Licht: 0","156437","2","2","6","03","12","7","","0","0","1","1","0"
"POINT (9.694294216000060 52.365365381000103)","Unfall 156445 (2022) Kat:3, Licht: 0","156445","3","2","5","03","16","5","","0","1","1","0","0"
"POINT (9.737225844000021 52.384523225000102)","Unfall 156448 (2022) Kat:3, Licht: 0","156448","3","3","5","04","09","7","","0","0","1","0","0"
"POINT (9.798736567000050 52.385316785999997)","Unfall 156451 (2022) Kat:3, Licht: 0","156451","3","3","5","04","15","2","","0","1","1","0","0"
"POINT (9.701066327000040 52.366326217000100)","Unfall 156455 (2022) Kat:3, Licht: 0","156455","3","2","4","04","16","1","","0","0","1","0","1"
"POINT (9.753285883000050 52.380133891000099)","Unfall 156456 (2022) Kat:3, Licht: 0","156456","3","3","0","05","07","3","","0","1","1","0","0"
"POINT (9.736758688000069 52.376981249000004)","Unfall 156484 (2022) Kat:3, Licht: 0","156484","3","2","6","04","11","3","","0","0","1","1","0"
"POINT (9.751365098000059 52.356251572000097)","Unfall 156489 (2022) Kat:2, Licht: 0","156489","2","4","6","03","17","2","","0","1","0","1","0"
"POINT (9.656596796000031 52.407471246999997)","Unfall 156513 (2022) Kat:3, Licht: 2","156513","3","2","5","04","20","3","","2","0","1","0","0"
"POINT (9.756576780000049 52.330968746000103)","Unfall 156519 (2022) Kat:3, Licht: 0","156519","3","3","5","04","11","4","","0","1","0","0","0"
"POINT (9.764437404000031 52.395527241000103)","Unfall 156524 (2022) Kat:3, Licht: 2","156524","3","1","0","04","05","1","","2","0","0","0","0"
"POINT (9.792534397000050 52.396692023000099)","Unfall 156526 (2022) Kat:3, Licht: 0","156526","3","3","5","05","17","3","","0","1","1","0","0"
"POINT (9.853994240000080 52.362968115999998)","Unfall 156528 (2022) Kat:3, Licht: 1","156528","3","3","5","03","07","3","","1","1","0","0","0"
"POINT (9.736750156000030 52.393172323000002)","Unfall 156530 (2022) Kat:3, Licht: 0","156530","3","3","5","04","13","1","","0","0","1","0","0"
"POINT (9.791587498000069 52.403229918000100)","Unfall 156546 (2022) Kat:3, Licht: 0","156546","3","2","5","04","14","4","","0","1","1","0","0"
"POINT (9.716007327000060 52.378289705000000)","Unfall 156547 (2022) Kat:3, Licht: 2","156547","3","1","0","04","22","6","","2","1","0","0","0"
"POINT (9.803300645000039 52.403573098000003)","Unfall 156551 (2022) Kat:3, Licht: 0","156551","3","7","0","05","16","4","","0","1","0","0","0"
"POINT (9.692607459000040 52.396530124999998)","Unfall 156564 (2022) Kat:2, Licht: 0","156564","2","2","2","05","13","2","","0","1","0","0","0"
"POINT (9.722414782000040 52.377153120999999)","Unfall 156567 (2022) Kat:2, Licht: 0","156567","2","2","5","05","17","4","","0","0","1","0","1"
"POINT (9.814203902000029 52.331739441000103)","Unfall 156568 (2022) Kat:3, Licht: 0","156568","3","6","2","04","14","2","","0","0","1","0","0"
"POINT (9.730136595000030 52.392043289000100)","Unfall 156573 (2022) Kat:3, Licht: 1","156573","3","3","5","04","19","4","","1","1","1","0","0"
"POINT (9.704622960000050 52.374432847999998)","Unfall 156575 (2022) Kat:3, Licht: 0","156575","3","1","0","05","15","1","","0","1","0","0","0"
"POINT (9.738896784000080 52.363252778000103)","Unfall 156587 (2022) Kat:3, Licht: 0","156587","3","2","5","04","08","2","","0","1","1","0","0"
"POINT (9.800369220000050 52.335166882000102)","Unfall 156589 (2022) Kat:3, Licht: 1","156589","3","2","5","03","20","2","","1","1","1","0","0"
"POINT (9.735828909000080 52.384214143000101)","Unfall 156599 (2022) Kat:2, Licht: 0","156599","2","7","8","03","15","1","","0","0","0","0","1"
"POINT (9.735542722000050 52.375169809000099)","Unfall 156607 (2022) Kat:3, Licht: 0","156607","3","3","5","04","08","6","","0","1","0","0","0"
"POINT (9.669430997000060 52.351657553000102)","Unfall 156608 (2022) Kat:3, Licht: 0","156608","3","2","4","03","16","5","","0","1","1","0","0"
"POINT (9.772904049000029 52.335282789000097)","Unfall 156622 (2022) Kat:3, Licht: 0","156622","3","3","5","03","14","5","","0","0","1","0","1"
"POINT (9.710540836000060 52.367319006000102)","Unfall 156625 (2022) Kat:3, Licht: 0","156625","3","1","0","04","18","5","","0","0","0","0","1"
"POINT (9.701732240000069 52.390572946000098)","Unfall 156629 (2022) Kat:3, Licht: 0","156629","3","7","0","04","17","5","","0","1","0","0","0"
"POINT (9.738520798000019 52.402012038000102)","Unfall 156650 (2022) Kat:3, Licht: 0","156650","3","3","5","04","10","4","","0","0","1","0","0"
"POINT (9.783559927000059 52.400848723000102)","Unfall 156657 (2022) Kat:3, Licht: 0","156657","3","7","0","03","18","3","","0","1","0","0","0"
"POINT (9.720443678000040 52.391399382000003)","Unfall 156663 (2022) Kat:3, Licht: 0","156663","3","3","5","04","12","3","","0","1","1","0","0"
"POINT (9.732672355000030 52.379372325000098)","Unfall 156667 (2022) Kat:3, Licht: 0","156667","3","2","5","04","19","2","","0","1","1","0","0"
"POINT (9.732383368000059 52.376732708000098)","Unfall 156671 (2022) Kat:3, Licht: 2","156671","3","1","0","04","01","6","","2","0","0","0","0"
"POINT (9.863081430000021 52.361108033999997)","Unfall 156678 (2022) Kat:3, Licht: 0","156678","3","7","0","04","18","5","","0","1","0","0","0"
"POINT (9.734122268000020 52.369530336000103)","Unfall 156682 (2022) Kat:3, Licht: 0","156682","3","6","3","04","18","7","","0","0","1","0","1"
"POINT (9.763328145000060 52.401578852999997)","Unfall 156691 (2022) Kat:3, Licht: 0","156691","3","3","0","05","16","2","","0","0","1","1","0"
"POINT (9.689538194000020 52.326647993999998)","Unfall 156701 (2022) Kat:3, Licht: 0","156701","3","3","5","04","17","6","","0","1","1","0","0"
"POINT (9.809645549000040 52.404961034999999)","Unfall 156702 (2022) Kat:2, Licht: 2","156702","2","6","4","04","01","6","","2","0","1","0","0"
"POINT (9.821526554000060 52.339688735999999)","Unfall 156715 (2022) Kat:3, Licht: 2","156715","3","7","1","03","21","2","","2","0","1","0","0"
"POINT (9.831555839000030 52.333162757000103)","Unfall 156720 (2022) Kat:3, Licht: 0","156720","3","3","5","04","18","4","","0","0","1","0","1"
"POINT (9.739516608000031 52.380953499999997)","Unfall 156721 (2022) Kat:3, Licht: 0","156721","3","6","2","04","12","3","","0","0","1","0","0"
"POINT (9.724402460000020 52.345909398000103)","Unfall 156728 (2022) Kat:3, Licht: 0","156728","3","7","4","05","20","2","","0","1","1","0","0"
"POINT (9.642866935000029 52.415524767000100)","Unfall 156738 (2022) Kat:3, Licht: 2","156738","3","6","2","04","22","2","","2","0","1","0","0"
"POINT (9.710238391000081 52.372553668000101)","Unfall 156740 (2022) Kat:3, Licht: 0","156740","3","3","5","05","10","3","","0","1","1","0","0"
"POINT (9.769501356000029 52.410261755000100)","Unfall 156750 (2022) Kat:3, Licht: 2","156750","3","1","0","04","21","4","","2","0","1","0","0"
"POINT (9.689839019000029 52.343685784999998)","Unfall 156756 (2022) Kat:3, Licht: 0","156756","3","7","7","05","10","3","","0","0","1","0","0"
"POINT (9.692336973000071 52.398134470000102)","Unfall 156762 (2022) Kat:3, Licht: 0","156762","3","3","5","04","16","3","","0","1","1","0","0"
"POINT (9.763424250000069 52.395526770000103)","Unfall 156767 (2022) Kat:3, Licht: 2","156767","3","2","5","03","23","2","","2","1","1","0","0"
"POINT (9.808440278000029 52.389604479000099)","Unfall 156769 (2022) Kat:3, Licht: 0","156769","3","5","4","04","17","7","","0","0","1","0","1"
"POINT (9.698961481000030 52.335163124000097)","Unfall 156779 (2022) Kat:3, Licht: 0","156779","3","7","8","05","16","2","","0","0","1","0","0"
"POINT (9.748454954000071 52.375907002000098)","Unfall 156782 (2022) Kat:3, Licht: 0","156782","3","3","5","05","09","4","","0","1","0","0","0"
"POINT (9.718247632000040 52.341871896999997)","Unfall 156784 (2022) Kat:3, Licht: 0","156784","3","7","0","03","17","4","","0","0","0","0","0"
"POINT (9.799777967000070 52.335968234000099)","Unfall 156789 (2022) Kat:2, Licht: 2","156789","2","1","0","04","21","5","","2","1","0","0","0"
"POINT (9.669885229000039 52.370411308000001)","Unfall 156814 (2022) Kat:3, Licht: 0","156814","3","3","5","04","08","4","","0","1","1","0","0"
"POINT (9.791100843000040 52.420806053000000)","Unfall 156815 (2022) Kat:3, Licht: 0","156815","3","4","6","03","08","6","","0","0","1","1","0"
"POINT (9.752353938000059 52.384632879999998)","Unfall 156832 (2022) Kat:3, Licht: 0","156832","3","1","0","04","14","6","","0","1","0","0","0"
"POINT (9.737838131000050 52.382030547000099)","Unfall 156836 (2022) Kat:2, Licht: 0","156836","2","3","5","05","19","4","","0","1","1","0","0"
"POINT (9.716814217000040 52.372888628000098)","Unfall 156841 (2022) Kat:3, Licht: 0","156841","3","6","4","03","14","6","","0","1","0","0","0"
"POINT (9.687587777000029 52.353832283000003)","Unfall 156868 (2022) Kat:3, Licht: 0","156868","3","2","4","03","14","6","","0","1","1","0","0"
"POINT (9.724214248000070 52.346451254000002)","Unfall 156870 (2022) Kat:3, Licht: 0","156870","3","3","5","04","19","5","","0","1","1","0","0"
"POINT (9.715622640000049 52.372074230000102)","Unfall 156871 (2022) Kat:3, Licht: 0","156871","3","6","6","04","12","7","","0","1","0","1","0"
"POINT (9.738128351000061 52.376865607000099)","Unfall 156873 (2022) Kat:3, Licht: 0","156873","3","1","0","05","10","4","","0","1","0","0","0"
"POINT (9.743699746000059 52.357090551000098)","Unfall 156877 (2022) Kat:3, Licht: 0","156877","3","3","0","03","07","5","","0","1","0","0","0"
"POINT (9.729929102000030 52.378435093000100)","Unfall 156882 (2022) Kat:3, Licht: 0","156882","3","3","5","04","14","5","","0","0","1","0","0"
"POINT (9.850333653000060 52.362431631000000)","Unfall 156885 (2022) Kat:3, Licht: 0","156885","3","4","6","05","15","4","","0","1","0","1","0"
"POINT (9.738628308000051 52.406801768000001)","Unfall 156886 (2022) Kat:3, Licht: 2","156886","3","3","5","04","21","7","","2","0","1","0","0"
"POINT (9.655201585000039 52.355625098000097)","Unfall 156896 (2022) Kat:3, Licht: 0","156896","3","3","5","03","17","2","","0","0","1","0","0"
"POINT (9.723260597000030 52.349783582000001)","Unfall 156899 (2022) Kat:3, Licht: 0","156899","3","2","5","05","15","3","","0","1","1","0","0"
"POINT (9.763840536000030 52.399213955999997)","Unfall 156900 (2022) Kat:3, Licht: 0","156900","3","3","5","04","14","5","","0","1","1","0","0"
"POINT (9.751305263000059 52.387065352000000)","Unfall 156907 (2022) Kat:3, Licht: 0","156907","3","3","5","05","14","2","","0","1","1","0","0"
"POINT (9.800963080000029 52.403938318000002)","Unfall 156908 (2022) Kat:3, Licht: 0","156908","3","7","0","04","16","3","","0","1","0","0","0"
"POINT (9.750714543000070 52.388298552000002)","Unfall 156915 (2022) Kat:3, Licht: 0","156915","3","3","5","03","13","6","","0","1","1","0","0"
"POINT (9.748479685000060 52.385576898000103)","Unfall 156916 (2022) Kat:3, Licht: 0","156916","3","7","0","04","15","4","","0","1","0","0","0"
"POINT (9.823897937000030 52.383464711000002)","Unfall 156923 (2022) Kat:3, Licht: 0","156923","3","3","5","04","18","7","","0","0","1","0","0"
"POINT (9.739616210000070 52.373212164999998)","Unfall 156926 (2022) Kat:3, Licht: 0","156926","3","1","0","03","18","5","","0","0","0","0","0"
"POINT (9.761527082000040 52.379793915999997)","Unfall 156945 (2022) Kat:3, Licht: 0","156945","3","3","5","05","19","2","","0","1","1","0","0"
"POINT (9.689468202000061 52.349588693000001)","Unfall 156958 (2022) Kat:3, Licht: 0","156958","3","6","2","04","17","3","","0","0","1","0","0"
"POINT (9.728611387000059 52.374237133000101)","Unfall 156963 (2022) Kat:3, Licht: 0","156963","3","2","0","04","17","7","","0","0","1","0","0"
"POINT (9.724760086000060 52.363235338999999)","Unfall 156967 (2022) Kat:3, Licht: 0","156967","3","5","1","04","19","6","","0","1","1","0","0"
"POINT (9.724552622000029 52.381323128000098)","Unfall 156982 (2022) Kat:3, Licht: 0","156982","3","1","0","04","10","2","","0","1","0","0","0"
"POINT (9.768353863000071 52.335947545000103)","Unfall 156990 (2022) Kat:3, Licht: 0","156990","3","3","5","03","13","5","","0","0","1","0","0"
"POINT (9.756312727000021 52.342539623000100)","Unfall 156991 (2022) Kat:3, Licht: 0","156991","3","3","5","04","13","7","","0","1","1","0","0"
"POINT (9.710243104000030 52.341948275999997)","Unfall 156993 (2022) Kat:3, Licht: 0","156993","3","4","6","04","07","4","","0","1","0","1","0"
"POINT (9.813909516000020 52.365040539000098)","Unfall 157000 (2022) Kat:3, Licht: 0","157000","3","7","0","03","08","4","","0","1","0","0","0"
"POINT (9.750614678000030 52.375530656000102)","Unfall 157011 (2022) Kat:3, Licht: 0","157011","3","6","2","04","16","5","","0","0","1","0","0"
"POINT (9.660894569000050 52.412748315000002)","Unfall 157016 (2022) Kat:3, Licht: 2","157016","3","5","1","04","23","2","","2","0","1","0","0"
"POINT (9.752295676000070 52.374826525000103)","Unfall 157017 (2022) Kat:3, Licht: 0","157017","3","5","0","03","10","4","","0","1","1","0","0"
"POINT (9.724392640000080 52.358418576000098)","Unfall 157023 (2022) Kat:3, Licht: 0","157023","3","6","2","05","16","1","","0","0","1","0","0"
"POINT (9.692925193000059 52.342031159999998)","Unfall 157025 (2022) Kat:3, Licht: 0","157025","3","3","0","04","16","2","","0","0","0","0","0"
"POINT (9.720868841000030 52.387571616000102)","Unfall 157033 (2022) Kat:3, Licht: 0","157033","3","3","5","04","19","3","","0","1","0","0","0"
"POINT (9.798953472000051 52.405902761999997)","Unfall 157038 (2022) Kat:2, Licht: 0","157038","2","7","0","03","12","2","","0","1","0","0","0"
"POINT (9.763756658000030 52.398671552000103)","Unfall 157049 (2022) Kat:2, Licht: 0","157049","2","6","4","04","18","4","","0","1","0","0","0"
"POINT (9.735331840000070 52.366318777000103)","Unfall 157050 (2022) Kat:3, Licht: 0","157050","3","1","0","04","12","6","","0","1","0","0","0"
"POINT (9.746766417000060 52.360661925000002)","Unfall 157053 (2022) Kat:3, Licht: 0","157053","3","7","2","04","10","1","","0","1","1","0","0"
"POINT (9.742888956000060 52.374030795000103)","Unfall 157058 (2022) Kat:3, Licht: 0","157058","3","7","2","03","16","5","","0","0","1","0","1"
"POINT (9.710578440000059 52.367320995000100)","Unfall 157059 (2022) Kat:3, Licht: 0","157059","3","1","0","03","12","7","","0","1","0","0","0"
"POINT (9.706374408000039 52.371027247000001)","Unfall 157063 (2022) Kat:2, Licht: 2","157063","2","1","0","04","22","7","","2","1","0","0","0"
"POINT (9.731076192000049 52.378669299000101)","Unfall 157065 (2022) Kat:3, Licht: 0","157065","3","2","5","04","14","5","","0","1","1","0","0"
"POINT (9.747105395000061 52.364536162000000)","Unfall 157085 (2022) Kat:3, Licht: 0","157085","3","7","0","04","08","3","","0","0","1","0","0"
"POINT (9.781514615000050 52.400128789000100)","Unfall 157091 (2022) Kat:3, Licht: 2","157091","3","7","4","04","22","7","","2","0","1","0","0"
"POINT (9.694422060000020 52.419466448000001)","Unfall 157106 (2022) Kat:3, Licht: 2","157106","3","2","5","03","22","3","","2","0","1","0","0"
"POINT (9.754316723000040 52.368366168000101)","Unfall 157111 (2022) Kat:3, Licht: 0","157111","3","7","0","05","14","1","","0","1","1","0","0"
"POINT (9.773108070000029 52.411387890000100)","Unfall 157112 (2022) Kat:3, Licht: 0","157112","3","3","5","04","11","7","","0","1","1","0","0"
"POINT (9.706320118000059 52.346130865000099)","Unfall 157119 (2022) Kat:3, Licht: 0","157119","3","4","6","04","07","5","","0","1","0","1","0"
"POINT (9.732636241000019 52.388604620000102)","Unfall 157134 (2022) Kat:3, Licht: 0","157134","3","7","1","04","14","7","","0","0","1","0","1"
"POINT (9.733699685000030 52.376693756000101)","Unfall 157137 (2022) Kat:2, Licht: 1","157137","2","7","0","04","19","4","","1","1","0","0","0"
"POINT (9.734713376000061 52.380227828999999)","Unfall 157154 (2022) Kat:3, Licht: 2","157154","3","1","0","04","04","1","","2","1","0","0","0"
"POINT (9.827718143000030 52.340814999000003)","Unfall 157171 (2022) Kat:3, Licht: 0","157171","3","4","6","03","12","5","","0","1","0","1","0"
"POINT (9.737102097000051 52.375955459000103)","Unfall 157173 (2022) Kat:3, Licht: 0","157173","3","3","5","04","17","4","","0","0","1","0","0"
"POINT (9.719790747000051 52.360114340000102)","Unfall 157178 (2022) Kat:3, Licht: 0","157178","3","5","3","03","17","5","","0","1","1","0","0"
"POINT (9.772863973000030 52.361326840000103)","Unfall 157185 (2022) Kat:3, Licht: 0","157185","3","1","0","04","10","7","","0","0","0","0","1"
"POINT (9.739531778000069 52.376379065999998)","Unfall 157187 (2022) Kat:3, Licht: 0","157187","3","7","3","04","11","2","","0","0","1","0","0"
"POINT (9.820744909000039 52.350804865999997)","Unfall 157190 (2022) Kat:3, Licht: 0","157190","3","3","5","03","12","3","","0","0","1","0","0"
"POINT (9.750590411000079 52.376273503000000)","Unfall 157195 (2022) Kat:2, Licht: 0","157195","2","1","0","04","10","3","","0","0","0","0","0"
"POINT (9.827985859000020 52.384679394999999)","Unfall 157210 (2022) Kat:3, Licht: 0","157210","3","4","6","04","16","6","","0","0","1","1","0"
"POINT (9.753670205000050 52.381135950999997)","Unfall 157225 (2022) Kat:3, Licht: 0","157225","3","6","2","05","19","2","","0","0","1","0","0"
"POINT (9.744899281000070 52.384847442000101)","Unfall 157227 (2022) Kat:3, Licht: 2","157227","3","7","0","03","20","6","","2","1","0","0","0"
"POINT (9.737315990000070 52.371841297000103)","Unfall 157228 (2022) Kat:3, Licht: 0","157228","3","2","5","05","13","4","","0","1","1","0","0"
"POINT (9.744290421000070 52.373694794000102)","Unfall 157245 (2022) Kat:3, Licht: 0","157245","3","7","0","04","07","4","","0","1","0","0","0"
"POINT (9.655259770000040 52.420076123999998)","Unfall 157249 (2022) Kat:2, Licht: 2","157249","2","2","4","04","05","5","","2","0","0","0","1"
"POINT (9.741391874000040 52.378234612000000)","Unfall 157258 (2022) Kat:3, Licht: 0","157258","3","1","0","03","17","4","","0","0","0","0","0"
"POINT (9.720977399000050 52.373295057000099)","Unfall 157270 (2022) Kat:3, Licht: 0","157270","3","7","0","04","10","3","","0","1","0","0","0"
"POINT (9.821869259000040 52.357771782000000)","Unfall 157294 (2022) Kat:3, Licht: 0","157294","3","7","0","05","17","6","","0","1","0","0","0"
"POINT (9.754308900000069 52.368614833000002)","Unfall 157295 (2022) Kat:3, Licht: 1","157295","3","3","0","05","21","7","","1","1","1","0","0"
"POINT (9.728291817000070 52.358995151999999)","Unfall 157300 (2022) Kat:3, Licht: 0","157300","3","3","5","05","20","6","","0","1","1","0","0"
"POINT (9.818113998000060 52.336073542000101)","Unfall 157302 (2022) Kat:2, Licht: 0","157302","2","7","0","05","16","3","","0","1","0","0","0"
"POINT (9.860411079000070 52.373000094000098)","Unfall 157305 (2022) Kat:3, Licht: 0","157305","3","4","0","05","16","6","","0","0","1","1","0"
"POINT (9.743570119000029 52.369477343000000)","Unfall 157312 (2022) Kat:3, Licht: 0","157312","3","4","6","05","14","2","","0","1","0","1","0"
"POINT (9.722237371000061 52.421479660999999)","Unfall 157315 (2022) Kat:3, Licht: 0","157315","3","3","5","05","11","4","","0","1","0","0","0"
"POINT (9.719830150000060 52.365543205000101)","Unfall 157316 (2022) Kat:3, Licht: 0","157316","3","7","0","05","17","5","","0","1","1","0","0"
"POINT (9.806697541000061 52.389158420999998)","Unfall 157319 (2022) Kat:3, Licht: 0","157319","3","3","5","05","15","2","","0","0","1","0","1"
"POINT (9.718013301000040 52.373562888999999)","Unfall 157322 (2022) Kat:3, Licht: 2","157322","3","1","0","05","23","7","","2","1","0","0","0"
"POINT (9.781213383000020 52.403912296000001)","Unfall 157330 (2022) Kat:3, Licht: 0","157330","3","3","5","05","07","6","","0","1","1","0","0"
"POINT (9.734014445000071 52.367147879000100)","Unfall 157342 (2022) Kat:3, Licht: 0","157342","3","1","7","05","19","6","","0","1","0","0","0"
"POINT (9.737731997000029 52.355989173000097)","Unfall 157345 (2022) Kat:3, Licht: 0","157345","3","3","5","05","19","2","","0","1","1","0","0"
"POINT (9.744343863000040 52.370727110000097)","Unfall 157349 (2022) Kat:2, Licht: 0","157349","2","3","5","05","10","7","","0","1","1","0","0"
"POINT (9.652176993000070 52.415221471000102)","Unfall 157350 (2022) Kat:3, Licht: 0","157350","3","2","2","05","06","3","","0","0","1","0","0"
"POINT (9.789457369000051 52.335077912000003)","Unfall 157353 (2022) Kat:3, Licht: 0","157353","3","3","5","05","16","5","","0","1","1","0","0"
"POINT (9.792594510000070 52.396424992999997)","Unfall 157363 (2022) Kat:3, Licht: 0","157363","3","6","2","05","08","5","","0","0","1","0","0"