WKT,Name,OBJECTID,UKATEGORIE,UTYP1,UART,UMONAT,USTUNDE,UWOCHENTAG,STRZUSTAND,ULICHTVERH,ISTRAD,ISTPKW,ISTFUSS,ISTKRAD
"POINT (9.751891785000049 52.385944199999997)","Unfall 157371 (2022) Kat:3, Licht: 0","157371","3","5","0","05","14","3","","0","1","1","0","0"
"POINT (9.731160194000040 52.398435585000101)","Unfall 157372 (2022) Kat:3, Licht: 0","157372","3","3","0","05","07","4","","0","0","0","0","1"
"POINT (9.707891324000061 52.373303163999999)","Unfall 157388 (2022) Kat:2, Licht: 1","157388","2","1","0","05","05","5","","1","1","0","0","0"
"POINT (9.748026802000030 52.354595163000099)","Unfall 157391 (2022) Kat:3, Licht: 0","157391","3","6","4","05","07","5","","0","1","0","0","0"
"POINT (9.700875940000060 52.409596110999999)","Unfall 157403 (2022) Kat:3, Licht: 0","157403","3","3","5","05","13","3","","0","1","1","0","0"
"POINT (9.738060182000030 52.381862175999998)","Unfall 157414 (2022) Kat:3, Licht: 0","157414","3","2","3","05","09","4","","0","1","1","0","0"
"POINT (9.755780891000031 52.390925183000000)","Unfall 157421 (2022) Kat:3, Licht: 0","157421","3","2","5","06","13","4","","0","1","1","0","0"
"POINT (9.701346900000029 52.371901661999999)","Unfall 157430 (2022) Kat:3, Licht: 0","157430","3","3","5","05","11","1","","0","1","0","0","0"
"POINT (9.728562135000059 52.390087777000097)","Unfall 157434 (2022) Kat:3, Licht: 0","157434","3","7","0","05","11","6","","0","0","1","0","0"
"POINT (9.744218844000050 52.374476091000098)","Unfall 157438 (2022) Kat:3, Licht: 0","157438","3","7","0","06","15","5","","0","1","0","0","0"
"POINT (9.728932656000040 52.383879874999998)","Unfall 157444 (2022) Kat:3, Licht: 0","157444","3","3","5","05","18","5","","0","1","1","0","0"
"POINT (9.738614691000070 52.371626151000001)","Unfall 157450 (2022) Kat:3, Licht: 0","157450","3","5","1","05","20","6","","0","1","1","0","0"
"POINT (9.732715837000059 52.379250361000103)","Unfall 157467 (2022) Kat:3, Licht: 1","157467","3","4","6","05","21","4","","1","1","0","1","0"
"POINT (9.684809881000040 52.393437351000003)","Unfall 157469 (2022) Kat:3, Licht: 0","157469","3","3","5","05","15","6","","0","0","1","0","0"
"POINT (9.730558044000080 52.396116495000101)","Unfall 157474 (2022) Kat:2, Licht: 0","157474","2","3","5","05","11","6","","0","1","1","0","0"
"POINT (9.806364568000051 52.417224316000002)","Unfall 157478 (2022) Kat:2, Licht: 0","157478","2","3","5","05","20","2","","0","1","1","0","0"
"POINT (9.813651973000050 52.410688154000098)","Unfall 157480 (2022) Kat:3, Licht: 0","157480","3","3","5","06","19","6","","0","1","1","0","0"
"POINT (9.728772428000070 52.342296448000099)","Unfall 157481 (2022) Kat:3, Licht: 0","157481","3","7","8","05","11","6","","0","0","0","0","0"
"POINT (9.744521323000070 52.385095208000102)","Unfall 157493 (2022) Kat:3, Licht: 0","157493","3","3","5","05","08","3","","0","1","1","0","0"
"POINT (9.674353991000030 52.411721977000099)","Unfall 157496 (2022) Kat:2, Licht: 0","157496","2","1","0","05","17","5","","0","1","0","0","0"
"POINT (9.792898383000020 52.394722219000101)","Unfall 157508 (2022) Kat:3, Licht: 0","157508","3","6","2","05","11","4","","0","0","1","0","0"
"POINT (9.763852215000041 52.397997674000102)","Unfall 157524 (2022) Kat:3, Licht: 0","157524","3","3","5","05","13","5","","0","1","1","0","0"
"POINT (9.663768498000019 52.380111810000102)","Unfall 157532 (2022) Kat:2, Licht: 0","157532","2","3","5","05","06","3","","0","0","1","0","1"
"POINT (9.691846899000041 52.331362448000000)","Unfall 157533 (2022) Kat:3, Licht: 0","157533","3","3","5","05","18","4","","0","1","1","0","0"
"POINT (9.748693659000031 52.374604261000101)","Unfall 157544 (2022) Kat:3, Licht: 0","157544","3","2","5","05","12","2","","0","1","0","0","0"
"POINT (9.845995360000069 52.390471085999998)","Unfall 157545 (2022) Kat:3, Licht: 0","157545","3","5","1","05","20","3","","0","1","1","0","0"
"POINT (9.758768260000069 52.360812959999997)","Unfall 157546 (2022) Kat:3, Licht: 0","157546","3","3","5","05","08","4","","0","1","1","0","0"
"POINT (9.689663879000021 52.345666356000002)","Unfall 157556 (2022) Kat:3, Licht: 0","157556","3","3","5","05","06","3","","0","1","1","0","0"
"POINT (9.692488777000049 52.398607156000097)","Unfall 157564 (2022) Kat:3, Licht: 0","157564","3","6","4","05","06","6","","0","1","0","0","0"
"POINT (9.786507801000029 52.373069800000103)","Unfall 157565 (2022) Kat:3, Licht: 0","157565","3","4","6","05","07","2","","0","0","1","1","0"
"POINT (9.706603512000070 52.415591119000098)","Unfall 157572 (2022) Kat:3, Licht: 0","157572","3","3","5","05","16","5","","0","1","1","0","0"
"POINT (9.693486445000079 52.392196538000100)","Unfall 157578 (2022) Kat:3, Licht: 0","157578","3","2","5","06","16","5","","0","1","0","0","0"
"POINT (9.710927211000071 52.341952212000102)","Unfall 157580 (2022) Kat:3, Licht: 0","157580","3","2","3","05","16","2","","0","1","1","0","0"
"POINT (9.787431547000040 52.330439490000103)","Unfall 157584 (2022) Kat:3, Licht: 0","157584","3","6","6","05","07","5","","0","0","1","1","0"
"POINT (9.756590798000049 52.420394305000102)","Unfall 157588 (2022) Kat:3, Licht: 0","157588","3","4","6","06","06","4","","0","0","1","1","0"
"POINT (9.746368853000041 52.354370356000103)","Unfall 157597 (2022) Kat:3, Licht: 0","157597","3","2","4","05","19","1","","0","0","1","0","0"
"POINT (9.728949319000041 52.347624460000098)","Unfall 157598 (2022) Kat:3, Licht: 0","157598","3","7","0","06","12","4","","0","1","0","0","0"
"POINT (9.732474324000069 52.379161469000103)","Unfall 157599 (2022) Kat:3, Licht: 0","157599","3","6","2","05","17","4","","0","0","1","0","0"
"POINT (9.824933480000031 52.420347320000097)","Unfall 157602 (2022) Kat:3, Licht: 0","157602","3","7","1","06","12","5","","0","0","0","0","0"
"POINT (9.726639713000051 52.370568519000102)","Unfall 157606 (2022) Kat:3, Licht: 0","157606","3","7","0","05","18","3","","0","1","1","0","0"
"POINT (9.730183903000070 52.368581929000101)","Unfall 157611 (2022) Kat:3, Licht: 0","157611","3","3","5","05","18","4","","0","1","1","0","0"
"POINT (9.743037571000061 52.376611595000000)","Unfall 157613 (2022) Kat:3, Licht: 0","157613","3","7","0","05","19","6","","0","1","0","0","0"
"POINT (9.741982643000030 52.375590529000100)","Unfall 157620 (2022) Kat:3, Licht: 0","157620","3","1","0","05","14","3","","0","1","0","0","0"
"POINT (9.690973412000060 52.371705629000097)","Unfall 157621 (2022) Kat:3, Licht: 0","157621","3","7","0","05","11","3","","0","0","1","0","1"
"POINT (9.689032307000049 52.345774984000101)","Unfall 157642 (2022) Kat:3, Licht: 0","157642","3","3","5","05","09","2","","0","1","1","0","0"
"POINT (9.669628346000019 52.349686906999999)","Unfall 157647 (2022) Kat:3, Licht: 2","157647","3","2","5","05","01","1","","2","0","1","0","1"
"POINT (9.732637129000070 52.388601449000099)","Unfall 157678 (2022) Kat:3, Licht: 0","157678","3","6","2","05","15","5","","0","0","1","0","1"
"POINT (9.744349624000050 52.374120708000099)","Unfall 157697 (2022) Kat:3, Licht: 0","157697","3","1","0","05","09","1","","0","1","0","0","0"
"POINT (9.721406542000070 52.390233367000100)","Unfall 157703 (2022) Kat:3, Licht: 0","157703","3","2","5","05","11","1","","0","1","1","0","0"
"POINT (9.718626361000080 52.373811408000101)","Unfall 157709 (2022) Kat:3, Licht: 0","157709","3","3","5","05","19","1","","0","1","1","0","0"
"POINT (9.749806569000040 52.388366260000097)","Unfall 157710 (2022) Kat:3, Licht: 0","157710","3","7","6","05","16","3","","0","0","0","1","0"
"POINT (9.671701884000070 52.355473154000002)","Unfall 157716 (2022) Kat:3, Licht: 0","157716","3","7","6","05","13","5","","0","0","1","1","0"
"POINT (9.750577128000030 52.375572810000101)","Unfall 157718 (2022) Kat:3, Licht: 0","157718","3","6","2","05","14","5","","0","0","1","0","0"
"POINT (9.745941732000061 52.388112995000000)","Unfall 157720 (2022) Kat:2, Licht: 0","157720","2","1","0","05","20","7","","0","1","0","0","0"
"POINT (9.684031276000040 52.378363663000101)","Unfall 157734 (2022) Kat:3, Licht: 0","157734","3","7","0","05","07","6","","0","1","0","0","0"
"POINT (9.722514730000061 52.417265559000001)","Unfall 157738 (2022) Kat:3, Licht: 0","157738","3","7","0","05","07","3","","0","1","0","0","0"
"POINT (9.815783536000030 52.425845192000097)","Unfall 157739 (2022) Kat:3, Licht: 0","157739","3","2","5","05","15","6","","0","1","1","0","0"
"POINT (9.677903966000031 52.365670051999999)","Unfall 157744 (2022) Kat:3, Licht: 0","157744","3","6","2","05","16","4","","0","0","1","0","0"
"POINT (9.728365053000060 52.377739793000003)","Unfall 157748 (2022) Kat:3, Licht: 0","157748","3","2","5","05","06","6","","0","1","1","0","0"
"POINT (9.741011956000021 52.398779544000000)","Unfall 157756 (2022) Kat:3, Licht: 0","157756","3","2","0","05","09","3","","0","1","1","0","0"
"POINT (9.714994737000040 52.392842486000099)","Unfall 157783 (2022) Kat:3, Licht: 0","157783","3","2","4","05","06","4","","0","1","1","0","0"
"POINT (9.759348466000059 52.361597123000102)","Unfall 157789 (2022) Kat:3, Licht: 0","157789","3","2","4","06","09","6","","0","1","0","0","0"
"POINT (9.712233271000059 52.357074455000003)","Unfall 157791 (2022) Kat:2, Licht: 0","157791","2","3","5","05","12","7","","0","1","1","0","0"
"POINT (9.707745813000029 52.377400669000103)","Unfall 157799 (2022) Kat:3, Licht: 0","157799","3","4","6","06","18","5","","0","1","0","1","0"
"POINT (9.743254204000040 52.357660008000003)","Unfall 157803 (2022) Kat:2, Licht: 0","157803","2","6","2","05","13","7","","0","0","1","0","0"
"POINT (9.700355252000071 52.375562459999998)","Unfall 157805 (2022) Kat:3, Licht: 0","157805","3","2","3","05","18","3","","0","1","1","0","0"
"POINT (9.832626048000069 52.346621998000003)","Unfall 157807 (2022) Kat:3, Licht: 0","157807","3","4","6","05","09","5","","0","0","1","1","0"
"POINT (9.799011412000031 52.402752727000099)","Unfall 157814 (2022) Kat:3, Licht: 0","157814","3","7","1","05","15","2","","0","0","1","0","1"
"POINT (9.656401947000059 52.380539499000101)","Unfall 157819 (2022) Kat:3, Licht: 0","157819","3","7","0","05","17","7","","0","1","0","0","0"
"POINT (9.823343733000060 52.401943942000102)","Unfall 157846 (2022) Kat:3, Licht: 0","157846","3","3","5","05","20","1","","0","0","1","0","0"
"POINT (9.673333996000050 52.375477121000102)","Unfall 157856 (2022) Kat:3, Licht: 0","157856","3","3","5","05","13","7","","0","1","1","0","0"
"POINT (9.742956333000050 52.400204940000002)","Unfall 157875 (2022) Kat:3, Licht: 2","157875","3","7","1","05","03","6","","2","0","1","0","0"
"POINT (9.740440789000051 52.361356746000098)","Unfall 157883 (2022) Kat:3, Licht: 0","157883","3","2","1","05","16","1","","0","0","1","0","1"
"POINT (9.703573151000059 52.379476080000103)","Unfall 157890 (2022) Kat:3, Licht: 0","157890","3","4","6","05","19","3","","0","1","0","1","0"
"POINT (9.692306670000050 52.398136041000001)","Unfall 157903 (2022) Kat:3, Licht: 0","157903","3","3","5","05","14","6","","0","1","1","0","0"
"POINT (9.732926626000051 52.398827703999999)","Unfall 157919 (2022) Kat:3, Licht: 0","157919","3","5","3","05","09","6","","0","0","1","0","0"
"POINT (9.749783144000050 52.376348239999999)","Unfall 157921 (2022) Kat:3, Licht: 2","157921","3","4","6","05","23","3","","2","1","0","1","0"
"POINT (9.795317574000020 52.372412655000097)","Unfall 157924 (2022) Kat:3, Licht: 0","157924","3","2","4","05","08","6","","0","1","1","0","0"
"POINT (9.728815220000060 52.394182786000002)","Unfall 157930 (2022) Kat:3, Licht: 0","157930","3","2","2","05","17","6","","0","0","1","0","1"
"POINT (9.665644954000070 52.401573151000001)","Unfall 157933 (2022) Kat:3, Licht: 0","157933","3","3","5","05","14","4","","0","1","1","0","0"
"POINT (9.719049126000071 52.374272076000103)","Unfall 157941 (2022) Kat:2, Licht: 0","157941","2","6","0","05","14","6","","0","1","0","0","0"
"POINT (9.700579431000049 52.376346714000100)","Unfall 157944 (2022) Kat:3, Licht: 0","157944","3","4","6","05","20","3","","0","0","1","1","0"
"POINT (9.663344099000030 52.380116214000097)","Unfall 157961 (2022) Kat:3, Licht: 0","157961","3","6","2","05","08","3","","0","0","1","0","0"
"POINT (9.740792700000039 52.374764290000002)","Unfall 157963 (2022) Kat:3, Licht: 0","157963","3","1","0","05","07","4","","0","1","0","0","0"
"POINT (9.766889587000041 52.380770475000098)","Unfall 157979 (2022) Kat:3, Licht: 0","157979","3","6","2","05","08","5","","0","0","1","0","0"
"POINT (9.727881124000019 52.349443103000098)","Unfall 157981 (2022) Kat:3, Licht: 2","157981","3","3","5","05","22","1","","2","0","1","0","0"
"POINT (9.702103938000050 52.398885249999999)","Unfall 157991 (2022) Kat:3, Licht: 0","157991","3","7","0","05","14","7","","0","1","0","0","0"
"POINT (9.753467100000019 52.381959879000100)","Unfall 157993 (2022) Kat:3, Licht: 0","157993","3","7","0","05","12","2","","0","1","0","0","0"
"POINT (9.710744300000041 52.371161992000097)","Unfall 157994 (2022) Kat:3, Licht: 0","157994","3","5","1","06","17","5","","0","1","1","0","0"
"POINT (9.662312148000071 52.384986138999999)","Unfall 157998 (2022) Kat:3, Licht: 0","157998","3","3","5","05","17","3","","0","1","1","0","0"
"POINT (9.731410528000030 52.375452831000104)","Unfall 157999 (2022) Kat:3, Licht: 0","157999","3","7","0","05","08","4","","0","0","0","1","0"
"POINT (9.739996737000070 52.379306660000097)","Unfall 158004 (2022) Kat:3, Licht: 2","158004","3","7","0","05","22","2","","2","1","0","0","0"
"POINT (9.794812119000030 52.346853383000102)","Unfall 158006 (2022) Kat:2, Licht: 0","158006","2","3","5","05","12","5","","0","1","1","0","0"
"POINT (9.781429511000059 52.410167115000000)","Unfall 158007 (2022) Kat:3, Licht: 0","158007","3","2","3","05","18","7","","0","1","1","0","0"
"POINT (9.759008153000019 52.370180974000000)","Unfall 158009 (2022) Kat:3, Licht: 0","158009","3","3","5","05","08","3","","0","1","1","0","0"
"POINT (9.780979975000040 52.401778563999997)","Unfall 158011 (2022) Kat:3, Licht: 0","158011","3","3","5","05","16","4","","0","1","1","0","0"
"POINT (9.746644526000070 52.392685462000003)","Unfall 158023 (2022) Kat:3, Licht: 0","158023","3","2","5","05","14","7","","0","1","0","0","0"
"POINT (9.730241623000040 52.361798763000102)","Unfall 158026 (2022) Kat:3, Licht: 0","158026","3","1","0","05","16","5","","0","0","0","0","1"
"POINT (9.742622613000041 52.378234224000003)","Unfall 158027 (2022) Kat:3, Licht: 2","158027","3","5","1","05","01","6","","2","0","1","0","0"
"POINT (9.732117516000070 52.376097598999998)","Unfall 158042 (2022) Kat:3, Licht: 0","158042","3","6","4","06","10","4","","0","1","0","0","0"
"POINT (9.754233092000050 52.368610302000000)","Unfall 158044 (2022) Kat:3, Licht: 2","158044","3","7","0","05","03","7","","2","0","0","0","0"
"POINT (9.721558588000050 52.354217387000098)","Unfall 158067 (2022) Kat:3, Licht: 0","158067","3","2","3","05","13","4","","0","1","1","0","0"
"POINT (9.709651545000041 52.376157734000103)","Unfall 158070 (2022) Kat:3, Licht: 0","158070","3","1","0","05","15","1","","0","1","0","0","0"
"POINT (9.804182330000060 52.378956062999997)","Unfall 158071 (2022) Kat:3, Licht: 0","158071","3","3","5","05","15","2","","0","0","1","0","0"
"POINT (9.689174566000080 52.402059518999998)","Unfall 158072 (2022) Kat:3, Licht: 0","158072","3","3","5","05","18","3","","0","1","1","0","0"
"POINT (9.691907388000059 52.331360910999997)","Unfall 158076 (2022) Kat:3, Licht: 0","158076","3","3","5","05","16","3","","0","1","1","0","0"
"POINT (9.791642795000030 52.402907964000100)","Unfall 158078 (2022) Kat:3, Licht: 0","158078","3","2","5","05","15","5","","0","0","1","0","0"
"POINT (9.744092095000040 52.369676321999997)","Unfall 158092 (2022) Kat:3, Licht: 0","158092","3","2","5","05","06","2","","0","1","1","0","0"
"POINT (9.793142332000061 52.403379559000001)","Unfall 158103 (2022) Kat:3, Licht: 2","158103","3","7","8","05","23","4","","2","0","0","0","1"
"POINT (9.781561988000020 52.414015614999997)","Unfall 158115 (2022) Kat:3, Licht: 0","158115","3","6","6","05","07","5","","0","1","0","1","0"
"POINT (9.768061351000030 52.418130439999999)","Unfall 158121 (2022) Kat:3, Licht: 0","158121","3","2","5","05","17","6","","0","1","1","0","0"
"POINT (9.705803696000030 52.390722852000103)","Unfall 158132 (2022) Kat:3, Licht: 0","158132","3","3","5","05","13","5","","0","1","1","0","0"
"POINT (9.722959090000071 52.350006127000000)","Unfall 158137 (2022) Kat:3, Licht: 0","158137","3","6","3","05","15","5","","0","1","1","0","0"
"POINT (9.666327478000030 52.374778219000099)","Unfall 158138 (2022) Kat:3, Licht: 0","158138","3","4","6","05","06","6","","0","1","0","1","0"
"POINT (9.773424837000050 52.361851221999999)","Unfall 158145 (2022) Kat:3, Licht: 0","158145","3","6","2","05","09","7","","0","0","1","0","0"
"POINT (9.806773289000031 52.388675208000102)","Unfall 158148 (2022) Kat:2, Licht: 0","158148","2","2","5","05","08","6","","0","1","1","0","0"
"POINT (9.737273389000050 52.381554258000101)","Unfall 158166 (2022) Kat:3, Licht: 0","158166","3","2","5","05","13","2","","0","1","1","0","0"
"POINT (9.729815619000020 52.398275231000099)","Unfall 158179 (2022) Kat:3, Licht: 0","158179","3","3","5","05","15","3","","0","0","1","0","0"
"POINT (9.752963502000060 52.388640281999997)","Unfall 158191 (2022) Kat:3, Licht: 0","158191","3","6","2","06","17","6","","0","0","1","0","0"
"POINT (9.762779252000030 52.409860455000100)","Unfall 158197 (2022) Kat:3, Licht: 0","158197","3","4","0","05","15","5","","0","1","0","1","0"
"POINT (9.733556837000039 52.373847019000003)","Unfall 158199 (2022) Kat:3, Licht: 1","158199","3","7","0","05","19","1","","1","0","0","0","0"
"POINT (9.791186990000030 52.374452341999998)","Unfall 158203 (2022) Kat:3, Licht: 0","158203","3","3","5","05","13","2","","0","0","1","0","0"
"POINT (9.683542548000050 52.411520014000097)","Unfall 158208 (2022) Kat:3, Licht: 0","158208","3","5","1","05","09","3","","0","1","1","0","0"
"POINT (9.811489285000050 52.410953863000003)","Unfall 158209 (2022) Kat:3, Licht: 0","158209","3","3","5","05","16","4","","0","1","1","0","0"
"POINT (9.735152104000059 52.369991466999998)","Unfall 158211 (2022) Kat:3, Licht: 0","158211","3","2","6","05","12","6","","0","0","1","1","0"
"POINT (9.748784749000039 52.392600346999998)","Unfall 158213 (2022) Kat:3, Licht: 0","158213","3","3","5","05","18","1","","0","1","0","0","0"
"POINT (9.749228431000059 52.400760698000099)","Unfall 158222 (2022) Kat:3, Licht: 0","158222","3","6","4","05","09","5","","0","1","0","0","0"
"POINT (9.733863815000060 52.380989251000102)","Unfall 158224 (2022) Kat:3, Licht: 0","158224","3","3","5","05","16","2","","0","1","1","0","0"
"POINT (9.751891706000039 52.389333047999997)","Unfall 158233 (2022) Kat:2, Licht: 0","158233","2","7","8","05","11","1","","0","1","0","0","0"
"POINT (9.738420283000041 52.372006044999999)","Unfall 158237 (2022) Kat:3, Licht: 0","158237","3","3","5","05","18","6","","0","0","0","0","1"
"POINT (9.737644486000020 52.381782305999998)","Unfall 158240 (2022) Kat:3, Licht: 0","158240","3","6","2","05","10","3","","0","0","1","0","0"
"POINT (9.754844278000061 52.389804173000101)","Unfall 158250 (2022) Kat:3, Licht: 0","158250","3","7","0","05","17","7","","0","1","0","0","0"
"POINT (9.728866259000030 52.376580635000003)","Unfall 158253 (2022) Kat:3, Licht: 0","158253","3","5","1","06","14","5","","0","0","1","0","0"
"POINT (9.735586403000070 52.376754126999998)","Unfall 158260 (2022) Kat:3, Licht: 0","158260","3","1","0","05","13","7","","0","1","0","0","0"
"POINT (9.762675197000020 52.401539030999999)","Unfall 158270 (2022) Kat:3, Licht: 0","158270","3","5","1","05","17","4","","0","1","1","0","0"
"POINT (9.755679233000020 52.392632283000097)","Unfall 158275 (2022) Kat:3, Licht: 0","158275","3","3","5","05","09","2","","0","1","1","0","0"
"POINT (9.671660002000070 52.355572998000099)","Unfall 158289 (2022) Kat:3, Licht: 0","158289","3","6","2","05","18","2","","0","1","1","0","0"
"POINT (9.693899036000060 52.401000895999999)","Unfall 158315 (2022) Kat:3, Licht: 0","158315","3","2","5","05","14","1","","0","0","1","0","0"
"POINT (9.730131725000041 52.369026642999998)","Unfall 158317 (2022) Kat:3, Licht: 0","158317","3","3","5","05","14","3","","0","1","1","0","0"
"POINT (9.744074806000070 52.383694128999998)","Unfall 158321 (2022) Kat:3, Licht: 2","158321","3","5","1","05","03","1","","2","0","1","0","0"
"POINT (9.740634488000071 52.361100223000101)","Unfall 158327 (2022) Kat:3, Licht: 1","158327","3","7","3","05","20","3","","1","0","1","0","1"
"POINT (9.740429656000060 52.361371490000103)","Unfall 158335 (2022) Kat:3, Licht: 0","158335","3","7","0","05","16","1","","0","0","0","0","1"
"POINT (9.774643884000060 52.371976221000097)","Unfall 158342 (2022) Kat:3, Licht: 0","158342","3","6","2","05","13","3","","0","0","1","0","0"
"POINT (9.696853885000049 52.365755679000102)","Unfall 158350 (2022) Kat:3, Licht: 0","158350","3","6","2","05","13","5","","0","1","0","0","0"
"POINT (9.742081400000069 52.375542392000099)","Unfall 158354 (2022) Kat:3, Licht: 0","158354","3","7","0","06","17","4","","0","0","0","0","0"
"POINT (9.706840753000050 52.407831929000103)","Unfall 158368 (2022) Kat:3, Licht: 0","158368","3","3","5","05","08","2","","0","0","1","0","0"
"POINT (9.732786120000069 52.379278454000001)","Unfall 158371 (2022) Kat:3, Licht: 1","158371","3","6","3","06","20","6","","1","0","1","0","0"
"POINT (9.755920028000050 52.365967470000001)","Unfall 158372 (2022) Kat:3, Licht: 0","158372","3","5","1","05","12","6","","0","1","1","0","0"
"POINT (9.713218560000030 52.371466258000098)","Unfall 158373 (2022) Kat:3, Licht: 0","158373","3","7","0","05","19","1","","0","1","0","0","0"
"POINT (9.656659858000070 52.407309447000003)","Unfall 158374 (2022) Kat:3, Licht: 0","158374","3","3","5","05","17","3","","0","1","1","0","0"
"POINT (9.761130545000070 52.365875016000103)","Unfall 158384 (2022) Kat:3, Licht: 0","158384","3","3","5","05","08","2","","0","1","1","0","0"
"POINT (9.694805403000030 52.327241217999998)","Unfall 158387 (2022) Kat:3, Licht: 0","158387","3","3","5","05","16","5","","0","1","1","0","0"
"POINT (9.717578717000039 52.368479471000100)","Unfall 158401 (2022) Kat:3, Licht: 0","158401","3","3","5","06","12","7","","0","1","1","0","0"
"POINT (9.694742529000051 52.342544396000100)","Unfall 158422 (2022) Kat:3, Licht: 0","158422","3","6","2","06","08","4","","0","0","1","0","0"
"POINT (9.699170734000059 52.403700601000097)","Unfall 158428 (2022) Kat:3, Licht: 0","158428","3","4","6","06","12","1","","0","1","0","1","0"
"POINT (9.751239109000039 52.372416823000002)","Unfall 158430 (2022) Kat:3, Licht: 0","158430","3","1","0","06","19","5","","0","1","0","0","0"
"POINT (9.736108627000020 52.362657302000102)","Unfall 158435 (2022) Kat:3, Licht: 0","158435","3","3","0","06","19","4","","0","1","0","0","0"
"POINT (9.744570966000030 52.395001944000100)","Unfall 158458 (2022) Kat:3, Licht: 0","158458","3","6","2","06","16","6","","0","0","1","0","1"
"POINT (9.749248258000019 52.389855545000003)","Unfall 158463 (2022) Kat:3, Licht: 0","158463","3","3","5","06","19","2","","0","1","1","0","0"
"POINT (9.762024246000070 52.346686783000102)","Unfall 158464 (2022) Kat:3, Licht: 0","158464","3","3","5","06","14","2","","0","0","1","0","0"
"POINT (9.741454164000061 52.366120821999999)","Unfall 158467 (2022) Kat:3, Licht: 0","158467","3","7","0","06","16","4","","0","1","0","0","0"
"POINT (9.758628322000050 52.362450438000103)","Unfall 158492 (2022) Kat:3, Licht: 0","158492","3","6","4","06","16","6","","0","1","0","0","0"
"POINT (9.739051080000021 52.379665596999999)","Unfall 158505 (2022) Kat:3, Licht: 0","158505","3","3","5","06","18","6","","0","0","1","0","1"
"POINT (9.713310355000029 52.335088739000099)","Unfall 158512 (2022) Kat:3, Licht: 0","158512","3","1","0","06","12","5","","0","1","0","0","0"
"POINT (9.717272270000020 52.346515730000100)","Unfall 158513 (2022) Kat:3, Licht: 0","158513","3","2","5","06","10","4","","0","1","1","0","0"
"POINT (9.732715837000059 52.379250361000103)","Unfall 158533 (2022) Kat:3, Licht: 0","158533","3","2","2","06","14","7","","0","1","1","0","0"
"POINT (9.661536462000070 52.377695887000101)","Unfall 158534 (2022) Kat:3, Licht: 0","158534","3","6","6","06","14","3","","0","0","1","1","0"
"POINT (9.733737490000070 52.362094243999998)","Unfall 158537 (2022) Kat:3, Licht: 0","158537","3","3","5","06","16","5","","0","1","1","0","0"
"POINT (9.802173708000050 52.411503287000102)","Unfall 158541 (2022) Kat:3, Licht: 0","158541","3","7","6","06","18","6","","0","0","0","1","0"
"POINT (9.781408862000029 52.407648319000003)","Unfall 158545 (2022) Kat:3, Licht: 0","158545","3","3","5","06","18","2","","0","0","1","0","0"
"POINT (9.750483723000061 52.415935619999999)","Unfall 158549 (2022) Kat:3, Licht: 0","158549","3","6","3","06","15","2","","0","1","0","0","0"
"POINT (9.821083605000069 52.374284691000099)","Unfall 158556 (2022) Kat:3, Licht: 0","158556","3","7","8","06","16","7","","0","1","1","0","0"
"POINT (9.714500375000060 52.343708122000102)","Unfall 158571 (2022) Kat:2, Licht: 0","158571","2","3","5","07","19","6","","0","1","1","0","0"
"POINT (9.678099731000030 52.416160185000102)","Unfall 158586 (2022) Kat:3, Licht: 0","158586","3","6","2","06","14","3","","0","0","1","0","0"
"POINT (9.778097566000040 52.414196435000100)","Unfall 158606 (2022) Kat:3, Licht: 0","158606","3","6","1","06","17","4","","0","0","1","0","0"
"POINT (9.756578043000051 52.339405858000099)","Unfall 158612 (2022) Kat:3, Licht: 0","158612","3","6","4","06","17","7","","0","1","0","0","0"
"POINT (9.723700569000069 52.348094142999997)","Unfall 158622 (2022) Kat:3, Licht: 0","158622","3","4","0","06","08","4","","0","0","0","1","0"
"POINT (9.670539111000039 52.399425016000102)","Unfall 158628 (2022) Kat:3, Licht: 0","158628","3","3","5","06","20","2","","0","1","1","0","0"
"POINT (9.740948729000021 52.388088306999997)","Unfall 158633 (2022) Kat:3, Licht: 0","158633","3","5","1","06","15","4","","0","0","1","0","0"
"POINT (9.731233062000060 52.394957603000101)","Unfall 158641 (2022) Kat:3, Licht: 0","158641","3","5","1","06","18","1","","0","0","1","0","0"
"POINT (9.712268470000030 52.370867904000100)","Unfall 158643 (2022) Kat:3, Licht: 0","158643","3","6","3","06","19","5","","0","0","1","0","1"
"POINT (9.725889071000040 52.383994131000101)","Unfall 158649 (2022) Kat:3, Licht: 0","158649","3","6","9","06","18","2","","0","1","1","0","0"
"POINT (9.731953403000031 52.375803183000102)","Unfall 158652 (2022) Kat:3, Licht: 0","158652","3","6","0","06","18","4","","0","0","1","0","0"
"POINT (9.723201170000040 52.371094036999999)","Unfall 158655 (2022) Kat:3, Licht: 0","158655","3","3","5","06","10","4","","0","0","1","0","0"
"POINT (9.856347897000029 52.372536163000099)","Unfall 158664 (2022) Kat:2, Licht: 0","158664","2","1","0","07","10","6","","0","1","0","0","0"