WKT,Name,OBJECTID,UKATEGORIE,UTYP1,UART,UMONAT,USTUNDE,UWOCHENTAG,STRZUSTAND,ULICHTVERH,ISTRAD,ISTPKW,ISTFUSS,ISTKRAD
"POINT (9.712327780000070 52.371774950000002)","Unfall 158666 (2022) Kat:3, Licht: 0","158666","3","4","6","06","11","3","","0","1","0","1","0"
"POINT (9.735032891000060 52.380011748000101)","Unfall 158697 (2022) Kat:3, Licht: 0","158697","3","6","2","06","09","2","","0","0","1","0","0"
"POINT (9.726425101000070 52.370017307000097)","Unfall 158702 (2022) Kat:1, Licht: 0","158702","1","5","1","06","18","5","","0","1","1","0","0"
"POINT (9.718317873000050 52.381094246000004)","Unfall 158709 (2022) Kat:3, Licht: 0","158709","3","4","6","06","13","6","","0","0","1","1","0"
"POINT (9.802256666000060 52.416099981999999)","Unfall 158723 (2022) Kat:3, Licht: 2","158723","3","6","0","06","22","7","","2","1","0","1","0"
"POINT (9.716356105000051 52.377587910999999)","Unfall 158725 (2022) Kat:3, Licht: 0","158725","3","2","5","06","20","5","","0","1","0","0","0"
"POINT (9.759491790000030 52.335332174000001)","Unfall 158731 (2022) Kat:3, Licht: 1","158731","3","7","8","06","22","7","","1","1","0","0","0"
"POINT (9.673290358000029 52.355079169000099)","Unfall 158734 (2022) Kat:3, Licht: 0","158734","3","5","1","06","18","3","","0","0","1","0","0"
"POINT (9.715367118000071 52.392751964000098)","Unfall 158745 (2022) Kat:3, Licht: 0","158745","3","6","3","06","11","1","","0","0","1","0","0"
"POINT (9.718799172000050 52.373752475000103)","Unfall 158754 (2022) Kat:3, Licht: 0","158754","3","7","0","06","18","7","","0","1","0","0","0"
"POINT (9.724792303000070 52.345040116000099)","Unfall 158765 (2022) Kat:3, Licht: 0","158765","3","2","5","06","17","5","","0","0","1","0","0"
"POINT (9.664707670000039 52.411981276000098)","Unfall 158771 (2022) Kat:2, Licht: 0","158771","2","1","0","06","18","4","","0","0","0","0","1"
"POINT (9.671187713000050 52.402654931000001)","Unfall 158782 (2022) Kat:3, Licht: 0","158782","3","3","5","06","05","3","","0","1","1","0","0"
"POINT (9.762787873000040 52.413705419000102)","Unfall 158800 (2022) Kat:3, Licht: 0","158800","3","2","5","06","17","7","","0","0","1","0","1"
"POINT (9.737957240000069 52.381939871999997)","Unfall 158807 (2022) Kat:3, Licht: 0","158807","3","3","5","06","08","4","","0","0","1","0","0"
"POINT (9.656017597000069 52.408691518000097)","Unfall 158827 (2022) Kat:3, Licht: 0","158827","3","2","5","06","07","4","","0","1","1","0","0"
"POINT (9.787235420000060 52.349845975000100)","Unfall 158832 (2022) Kat:3, Licht: 0","158832","3","3","5","06","14","6","","0","1","1","0","0"
"POINT (9.690184145000050 52.394689153000101)","Unfall 158836 (2022) Kat:3, Licht: 0","158836","3","3","5","06","08","4","","0","1","1","0","0"
"POINT (9.779262923000029 52.412998705000099)","Unfall 158848 (2022) Kat:3, Licht: 0","158848","3","2","5","06","18","7","","0","1","1","0","0"
"POINT (9.762832955000020 52.356754345000098)","Unfall 158851 (2022) Kat:3, Licht: 0","158851","3","2","5","06","09","5","","0","1","1","0","0"
"POINT (9.730541516000070 52.396164323999997)","Unfall 158854 (2022) Kat:2, Licht: 0","158854","2","3","5","06","11","6","","0","0","1","0","0"
"POINT (9.760551961000029 52.369476867000103)","Unfall 158863 (2022) Kat:3, Licht: 2","158863","3","1","0","06","00","4","","2","1","0","0","0"
"POINT (9.731059323000069 52.378663501000098)","Unfall 158866 (2022) Kat:3, Licht: 0","158866","3","2","5","06","19","4","","0","1","1","0","0"
"POINT (9.746306555000050 52.381123748000000)","Unfall 158868 (2022) Kat:3, Licht: 0","158868","3","5","1","06","20","1","","0","1","1","0","0"
"POINT (9.720482919000061 52.373418223999998)","Unfall 158870 (2022) Kat:3, Licht: 0","158870","3","6","6","06","17","1","","0","0","0","1","1"
"POINT (9.756354750000069 52.390636453000099)","Unfall 158872 (2022) Kat:3, Licht: 0","158872","3","6","2","06","12","7","","0","1","1","0","0"
"POINT (9.736446242000060 52.387012378000101)","Unfall 158877 (2022) Kat:3, Licht: 0","158877","3","5","1","06","08","4","","0","1","0","0","0"
"POINT (9.781018472000030 52.398303935000101)","Unfall 158880 (2022) Kat:3, Licht: 0","158880","3","3","5","06","14","4","","0","1","0","0","0"
"POINT (9.702303251000050 52.391259355000003)","Unfall 158887 (2022) Kat:3, Licht: 0","158887","3","6","2","06","12","1","","0","0","1","0","0"
"POINT (9.814015050000020 52.331899186000001)","Unfall 158896 (2022) Kat:3, Licht: 0","158896","3","6","2","06","08","2","","0","1","1","0","0"
"POINT (9.737789081000070 52.374769070000099)","Unfall 158920 (2022) Kat:3, Licht: 0","158920","3","4","6","06","17","2","","0","0","0","1","0"
"POINT (9.818135478000039 52.350514107999999)","Unfall 158943 (2022) Kat:3, Licht: 0","158943","3","7","0","06","11","7","","0","1","0","0","0"
"POINT (9.658536269000020 52.406191728000103)","Unfall 158944 (2022) Kat:3, Licht: 0","158944","3","2","5","06","12","3","","0","1","1","0","0"
"POINT (9.718985016000030 52.374221184000099)","Unfall 158956 (2022) Kat:3, Licht: 0","158956","3","1","0","06","21","2","","0","0","0","0","0"
"POINT (9.734927223000060 52.380191786000097)","Unfall 158962 (2022) Kat:3, Licht: 0","158962","3","3","0","06","11","5","","0","1","0","0","0"
"POINT (9.754450635000071 52.389481993000103)","Unfall 158965 (2022) Kat:3, Licht: 0","158965","3","2","0","06","17","5","","0","1","0","0","0"
"POINT (9.701440561000030 52.396686731000003)","Unfall 158975 (2022) Kat:2, Licht: 0","158975","2","6","4","06","10","4","","0","1","0","0","0"
"POINT (9.715985274000049 52.362325990999999)","Unfall 158976 (2022) Kat:3, Licht: 0","158976","3","2","5","06","09","7","","0","0","1","0","1"
"POINT (9.781262861000069 52.404834229000102)","Unfall 158982 (2022) Kat:3, Licht: 0","158982","3","3","5","07","13","6","","0","1","1","0","0"
"POINT (9.749736116000070 52.388723552999998)","Unfall 159013 (2022) Kat:3, Licht: 0","159013","3","6","6","06","13","7","","0","0","0","1","0"
"POINT (9.703969395000060 52.366933013000100)","Unfall 159021 (2022) Kat:3, Licht: 1","159021","3","3","5","06","21","7","","1","0","1","0","0"
"POINT (9.752444979000069 52.340440204000103)","Unfall 159025 (2022) Kat:3, Licht: 0","159025","3","6","0","06","18","3","","0","0","0","0","0"
"POINT (9.709195164000050 52.413381164000000)","Unfall 159030 (2022) Kat:3, Licht: 0","159030","3","3","5","06","06","3","","0","0","1","0","1"
"POINT (9.791661405000070 52.402819808000103)","Unfall 159048 (2022) Kat:3, Licht: 0","159048","3","2","3","06","10","7","","0","1","0","0","0"
"POINT (9.728525489000051 52.394595375999998)","Unfall 159057 (2022) Kat:3, Licht: 0","159057","3","3","5","06","07","6","","0","0","1","0","0"
"POINT (9.719676495000041 52.366555688000098)","Unfall 159058 (2022) Kat:3, Licht: 0","159058","3","7","0","06","14","7","","0","0","0","0","0"
"POINT (9.717931447000071 52.392007472000003)","Unfall 159062 (2022) Kat:3, Licht: 0","159062","3","2","5","06","16","7","","0","1","1","0","0"
"POINT (9.739417051000030 52.376849927000102)","Unfall 159064 (2022) Kat:3, Licht: 0","159064","3","6","0","06","16","4","","0","1","0","0","0"
"POINT (9.689350465000080 52.348839947000002)","Unfall 159074 (2022) Kat:3, Licht: 0","159074","3","6","2","06","14","2","","0","0","1","0","0"
"POINT (9.783351982000060 52.323216413000097)","Unfall 159079 (2022) Kat:3, Licht: 0","159079","3","3","5","06","18","4","","0","0","1","0","0"
"POINT (9.830701338000040 52.359464465000002)","Unfall 159081 (2022) Kat:3, Licht: 0","159081","3","3","5","06","10","6","","0","1","0","0","0"
"POINT (9.765580507000040 52.383175747000102)","Unfall 159084 (2022) Kat:3, Licht: 0","159084","3","5","1","06","09","1","","0","0","1","0","0"
"POINT (9.667470327000050 52.386301236000101)","Unfall 159099 (2022) Kat:3, Licht: 0","159099","3","3","5","06","11","4","","0","0","1","0","0"
"POINT (9.807756954000070 52.387208346000101)","Unfall 159101 (2022) Kat:3, Licht: 1","159101","3","7","7","07","22","6","","1","1","0","0","0"
"POINT (9.706275176000080 52.374740138000000)","Unfall 159109 (2022) Kat:3, Licht: 0","159109","3","3","0","06","08","2","","0","1","0","0","0"
"POINT (9.743960522000069 52.371128179999999)","Unfall 159116 (2022) Kat:3, Licht: 0","159116","3","2","2","06","14","6","","0","0","1","0","0"
"POINT (9.698440999000070 52.368533804999998)","Unfall 159119 (2022) Kat:3, Licht: 2","159119","3","7","0","06","01","1","","2","1","0","0","0"
"POINT (9.690296548000051 52.350758504000098)","Unfall 159120 (2022) Kat:2, Licht: 0","159120","2","1","0","06","20","1","","0","1","0","0","0"
"POINT (9.804191635000050 52.391252914000098)","Unfall 159122 (2022) Kat:3, Licht: 0","159122","3","4","6","06","13","3","","0","0","0","1","0"
"POINT (9.771334039000070 52.338723780000102)","Unfall 159124 (2022) Kat:3, Licht: 0","159124","3","3","5","06","10","6","","0","1","1","0","0"
"POINT (9.742760885000051 52.369721009000003)","Unfall 159129 (2022) Kat:2, Licht: 2","159129","2","1","0","06","23","4","","2","0","0","0","0"
"POINT (9.669467830000031 52.354832594000101)","Unfall 159144 (2022) Kat:3, Licht: 0","159144","3","6","6","06","13","4","","0","1","0","1","0"
"POINT (9.729133515000060 52.390504013000097)","Unfall 159153 (2022) Kat:3, Licht: 0","159153","3","7","0","06","19","3","","0","1","0","0","0"
"POINT (9.762870872000059 52.410286720999999)","Unfall 159156 (2022) Kat:3, Licht: 0","159156","3","2","3","06","08","6","","0","1","0","0","0"
"POINT (9.717998810000040 52.341845432000099)","Unfall 159171 (2022) Kat:3, Licht: 0","159171","3","6","4","06","18","7","","0","1","0","0","0"
"POINT (9.714326360000030 52.371315709999998)","Unfall 159176 (2022) Kat:3, Licht: 0","159176","3","6","2","06","13","5","","0","0","1","0","0"
"POINT (9.738202218000030 52.382027650000097)","Unfall 159179 (2022) Kat:3, Licht: 2","159179","3","3","5","06","23","7","","2","0","1","0","0"
"POINT (9.704505675000060 52.369692495000002)","Unfall 159184 (2022) Kat:3, Licht: 0","159184","3","2","5","07","10","6","","0","1","1","0","0"
"POINT (9.670153400000061 52.399825285000098)","Unfall 159194 (2022) Kat:3, Licht: 2","159194","3","7","0","06","22","1","","2","0","0","0","0"
"POINT (9.819781460000060 52.389834569000101)","Unfall 159201 (2022) Kat:3, Licht: 0","159201","3","2","2","07","09","6","","0","0","1","0","1"
"POINT (9.733810386000069 52.384690843999998)","Unfall 159204 (2022) Kat:3, Licht: 0","159204","3","2","3","06","08","6","","0","1","0","0","0"
"POINT (9.762248856000040 52.357723235999998)","Unfall 159205 (2022) Kat:3, Licht: 0","159205","3","3","5","06","08","6","","0","1","1","0","0"
"POINT (9.693749954000049 52.406172420000097)","Unfall 159213 (2022) Kat:3, Licht: 0","159213","3","5","1","06","16","5","","0","0","1","0","0"
"POINT (9.691453354000030 52.345491166000002)","Unfall 159225 (2022) Kat:3, Licht: 0","159225","3","6","2","06","08","5","","0","0","1","0","1"
"POINT (9.748922120000030 52.378535642000003)","Unfall 159227 (2022) Kat:3, Licht: 2","159227","3","1","0","06","23","4","","2","1","0","0","0"
"POINT (9.737447717000070 52.381669352000102)","Unfall 159235 (2022) Kat:3, Licht: 2","159235","3","6","2","07","21","6","","2","0","1","0","0"
"POINT (9.717065708000060 52.369078138000098)","Unfall 159241 (2022) Kat:3, Licht: 0","159241","3","5","1","06","15","4","","0","0","1","0","1"
"POINT (9.825672760000030 52.400055573000003)","Unfall 159250 (2022) Kat:3, Licht: 2","159250","3","6","2","06","22","4","","2","0","1","1","0"
"POINT (9.727754023000051 52.360356943000099)","Unfall 159252 (2022) Kat:3, Licht: 0","159252","3","7","0","06","19","6","","0","1","0","0","0"
"POINT (9.744229855000070 52.373308479000102)","Unfall 159258 (2022) Kat:3, Licht: 0","159258","3","7","0","06","08","1","","0","0","0","0","0"
"POINT (9.681608802000030 52.416286950000000)","Unfall 159266 (2022) Kat:3, Licht: 2","159266","3","6","2","06","22","2","","2","0","1","0","1"
"POINT (9.792197136000031 52.396706403000103)","Unfall 159270 (2022) Kat:3, Licht: 0","159270","3","6","2","06","16","5","","0","0","1","0","0"
"POINT (9.751268981000070 52.372153101000002)","Unfall 159300 (2022) Kat:3, Licht: 0","159300","3","6","3","06","16","7","","0","0","1","0","0"
"POINT (9.800714698000039 52.405749688000100)","Unfall 159303 (2022) Kat:3, Licht: 0","159303","3","3","5","06","09","4","","0","1","1","0","0"
"POINT (9.694301875000059 52.392283102000100)","Unfall 159305 (2022) Kat:3, Licht: 0","159305","3","6","4","06","18","3","","0","1","0","0","0"
"POINT (9.717149661000059 52.339765731000099)","Unfall 159306 (2022) Kat:3, Licht: 0","159306","3","2","3","06","18","3","","0","1","1","0","0"
"POINT (9.756129596000051 52.342662353999998)","Unfall 159317 (2022) Kat:3, Licht: 0","159317","3","2","5","06","13","4","","0","1","1","0","0"
"POINT (9.710096055000070 52.367280703000098)","Unfall 159330 (2022) Kat:3, Licht: 0","159330","3","1","0","06","12","3","","0","1","0","0","0"
"POINT (9.734885579000039 52.384566097000103)","Unfall 159335 (2022) Kat:3, Licht: 0","159335","3","6","4","06","20","4","","0","1","0","0","0"
"POINT (9.717309034000040 52.381698980000102)","Unfall 159339 (2022) Kat:3, Licht: 0","159339","3","4","6","06","11","2","","0","0","1","1","0"
"POINT (9.725425124000029 52.382846350000101)","Unfall 159344 (2022) Kat:3, Licht: 0","159344","3","5","1","06","16","3","","0","1","1","0","0"
"POINT (9.697318671000060 52.413652161000101)","Unfall 159349 (2022) Kat:3, Licht: 0","159349","3","2","3","06","17","3","","0","1","1","0","0"
"POINT (9.805298493000070 52.412396948999998)","Unfall 159353 (2022) Kat:3, Licht: 0","159353","3","2","5","06","19","3","","0","1","1","0","0"
"POINT (9.802384869000040 52.415979607000097)","Unfall 159354 (2022) Kat:3, Licht: 0","159354","3","3","5","06","18","4","","0","1","0","0","0"
"POINT (9.745044817000061 52.387599441000098)","Unfall 159373 (2022) Kat:3, Licht: 0","159373","3","3","5","06","19","2","","0","1","1","0","0"
"POINT (9.742070035000040 52.369025362999999)","Unfall 159382 (2022) Kat:3, Licht: 0","159382","3","5","5","06","18","5","","0","1","1","0","0"
"POINT (9.708810752000030 52.334805748000100)","Unfall 159387 (2022) Kat:3, Licht: 0","159387","3","6","3","06","17","5","","0","1","0","0","0"
"POINT (9.717651840000030 52.381495383000100)","Unfall 159388 (2022) Kat:3, Licht: 0","159388","3","6","2","06","11","4","","0","0","1","0","1"
"POINT (9.791335280000061 52.369434161000100)","Unfall 159391 (2022) Kat:3, Licht: 1","159391","3","1","0","06","21","4","","1","1","0","0","0"
"POINT (9.653080044000030 52.412926926000097)","Unfall 159399 (2022) Kat:3, Licht: 0","159399","3","1","0","06","11","3","","0","1","0","0","0"
"POINT (9.751484127000030 52.357416905999997)","Unfall 159404 (2022) Kat:3, Licht: 0","159404","3","3","5","06","09","6","","0","1","1","0","0"
"POINT (9.740044357000039 52.366612718000098)","Unfall 159417 (2022) Kat:3, Licht: 0","159417","3","3","5","06","16","7","","0","1","1","0","0"
"POINT (9.803111207000031 52.396498752000099)","Unfall 159418 (2022) Kat:3, Licht: 0","159418","3","3","5","06","15","2","","0","1","1","0","0"
"POINT (9.741629897000051 52.371819619000100)","Unfall 159422 (2022) Kat:3, Licht: 0","159422","3","5","4","06","17","5","","0","0","1","0","1"
"POINT (9.808915315000039 52.386203387000101)","Unfall 159424 (2022) Kat:3, Licht: 0","159424","3","3","5","06","17","4","","0","1","1","0","0"
"POINT (9.709168339000030 52.359983869000096)","Unfall 159426 (2022) Kat:3, Licht: 0","159426","3","7","0","07","10","3","","0","0","0","0","1"
"POINT (9.755981417000040 52.360497622000103)","Unfall 159427 (2022) Kat:3, Licht: 0","159427","3","7","0","07","12","5","","0","1","0","0","0"
"POINT (9.752061180000061 52.410421460000101)","Unfall 159441 (2022) Kat:3, Licht: 0","159441","3","3","5","07","17","3","","0","0","1","0","0"
"POINT (9.713541257000029 52.371163101000000)","Unfall 159462 (2022) Kat:3, Licht: 2","159462","3","7","0","07","22","2","","2","1","0","0","0"
"POINT (9.789145078000050 52.376379555000000)","Unfall 159465 (2022) Kat:3, Licht: 0","159465","3","3","5","07","10","4","","0","1","1","0","0"
"POINT (9.742532038000039 52.375322739000097)","Unfall 159470 (2022) Kat:3, Licht: 0","159470","3","7","0","07","18","4","","0","1","0","0","0"
"POINT (9.734186734000049 52.376679916999997)","Unfall 159472 (2022) Kat:3, Licht: 0","159472","3","1","0","07","15","1","","0","1","0","0","0"
"POINT (9.719183694000041 52.352421326000098)","Unfall 159473 (2022) Kat:2, Licht: 0","159473","2","1","7","07","17","2","","0","1","0","0","0"
"POINT (9.792380185000070 52.399911854999999)","Unfall 159495 (2022) Kat:3, Licht: 2","159495","3","1","0","07","23","6","","2","0","0","0","1"
"POINT (9.739974590000029 52.362011852000101)","Unfall 159511 (2022) Kat:3, Licht: 1","159511","3","2","5","07","21","4","","1","1","1","0","0"
"POINT (9.736895559000059 52.404611064000100)","Unfall 159512 (2022) Kat:2, Licht: 0","159512","2","3","5","07","06","5","","0","0","1","0","0"
"POINT (9.707391910000069 52.372150739000098)","Unfall 159513 (2022) Kat:3, Licht: 1","159513","3","7","0","07","22","7","","1","0","0","0","0"
"POINT (9.693716398000049 52.400978776999999)","Unfall 159522 (2022) Kat:3, Licht: 0","159522","3","2","5","07","07","5","","0","1","1","0","0"
"POINT (9.854813122000049 52.388931387000099)","Unfall 159523 (2022) Kat:3, Licht: 2","159523","3","6","4","07","22","3","","2","0","1","0","0"
"POINT (9.751354108000040 52.391392903000103)","Unfall 159525 (2022) Kat:3, Licht: 0","159525","3","6","4","07","12","4","","0","1","0","0","0"
"POINT (9.815937640000071 52.318211414000103)","Unfall 159527 (2022) Kat:3, Licht: 0","159527","3","7","0","07","08","6","","0","0","1","0","0"
"POINT (9.747017253000021 52.387248138000103)","Unfall 159534 (2022) Kat:3, Licht: 0","159534","3","3","5","07","17","3","","0","1","0","0","0"
"POINT (9.740636480000029 52.380754547000002)","Unfall 159538 (2022) Kat:3, Licht: 0","159538","3","6","4","07","17","1","","0","1","0","0","0"
"POINT (9.734591661000019 52.362283181000102)","Unfall 159541 (2022) Kat:3, Licht: 0","159541","3","3","5","08","14","2","","0","1","0","0","0"
"POINT (9.780729028000049 52.328518012000103)","Unfall 159557 (2022) Kat:3, Licht: 0","159557","3","3","5","07","13","4","","0","1","1","0","0"
"POINT (9.757033819000069 52.420294556999998)","Unfall 159563 (2022) Kat:3, Licht: 0","159563","3","3","5","07","14","6","","0","1","1","0","0"
"POINT (9.781369861000030 52.328733838000097)","Unfall 159566 (2022) Kat:3, Licht: 2","159566","3","4","6","07","23","3","","2","0","1","1","0"
"POINT (9.811548707000039 52.401869454000099)","Unfall 159574 (2022) Kat:3, Licht: 0","159574","3","6","4","07","15","4","","0","1","0","0","0"
"POINT (9.732632581000081 52.397738176000097)","Unfall 159599 (2022) Kat:3, Licht: 0","159599","3","7","0","07","10","3","","0","0","1","0","0"
"POINT (9.684954301000060 52.365038900000101)","Unfall 159601 (2022) Kat:3, Licht: 0","159601","3","3","5","07","11","7","","0","0","1","0","1"
"POINT (9.750576476000051 52.375312462000103)","Unfall 159602 (2022) Kat:3, Licht: 0","159602","3","6","2","07","17","1","","0","0","1","0","0"
"POINT (9.820138776000020 52.353104072000100)","Unfall 159605 (2022) Kat:3, Licht: 0","159605","3","6","6","07","19","6","","0","0","0","1","0"
"POINT (9.761173414000041 52.332832302000000)","Unfall 159616 (2022) Kat:3, Licht: 0","159616","3","3","5","07","18","2","","0","1","0","0","0"
"POINT (9.855071380000030 52.392179384000002)","Unfall 159619 (2022) Kat:3, Licht: 0","159619","3","3","5","07","12","4","","0","0","1","0","0"
"POINT (9.689431794000029 52.348128924999997)","Unfall 159622 (2022) Kat:3, Licht: 0","159622","3","7","7","07","21","4","","0","1","0","0","0"
"POINT (9.725655252000021 52.362523371000101)","Unfall 159629 (2022) Kat:3, Licht: 2","159629","3","7","1","07","20","6","","2","0","1","1","0"
"POINT (9.724140917000060 52.347031317000102)","Unfall 159631 (2022) Kat:3, Licht: 0","159631","3","2","5","07","14","5","","0","1","1","0","0"
"POINT (9.744776750000030 52.391417210000000)","Unfall 159645 (2022) Kat:3, Licht: 1","159645","3","4","6","08","21","4","","1","1","0","1","0"
"POINT (9.854491294000070 52.391731462000102)","Unfall 159654 (2022) Kat:3, Licht: 0","159654","3","7","0","08","15","3","","0","0","0","0","0"
"POINT (9.806303468000070 52.378382565000003)","Unfall 159661 (2022) Kat:3, Licht: 0","159661","3","6","2","07","15","2","","0","0","1","0","0"
"POINT (9.790070404000060 52.346612516000100)","Unfall 159669 (2022) Kat:3, Licht: 0","159669","3","3","5","07","07","2","","0","0","0","0","0"
"POINT (9.794242568000071 52.373438536000002)","Unfall 159676 (2022) Kat:3, Licht: 0","159676","3","2","3","07","12","4","","0","1","0","0","0"
"POINT (9.726662050000069 52.384029620000000)","Unfall 159698 (2022) Kat:3, Licht: 0","159698","3","7","0","08","16","4","","0","1","1","0","0"
"POINT (9.672730880000071 52.398348851000002)","Unfall 159702 (2022) Kat:3, Licht: 0","159702","3","2","5","07","13","3","","0","0","1","0","0"
"POINT (9.733711553000029 52.362206708000002)","Unfall 159727 (2022) Kat:3, Licht: 2","159727","3","6","6","07","00","7","","2","0","1","1","0"
"POINT (9.752091895000040 52.410507457999998)","Unfall 159746 (2022) Kat:3, Licht: 0","159746","3","3","5","07","14","2","","0","1","1","0","0"
"POINT (9.729477099000061 52.393099306000103)","Unfall 159750 (2022) Kat:3, Licht: 0","159750","3","7","0","07","12","3","","0","1","1","0","0"
"POINT (9.726957610000060 52.351868326999998)","Unfall 159753 (2022) Kat:3, Licht: 2","159753","3","7","9","07","23","6","","2","1","0","0","0"
"POINT (9.705859834000020 52.407524584000001)","Unfall 159756 (2022) Kat:3, Licht: 0","159756","3","1","0","08","11","3","","0","1","0","0","0"
"POINT (9.738816454000069 52.363324410000097)","Unfall 159762 (2022) Kat:3, Licht: 0","159762","3","7","7","07","19","1","","0","1","0","0","0"
"POINT (9.737778643000070 52.373130795000101)","Unfall 159770 (2022) Kat:3, Licht: 0","159770","3","6","6","07","18","2","","0","1","0","1","0"
"POINT (9.752556552000041 52.373862037000002)","Unfall 159773 (2022) Kat:3, Licht: 0","159773","3","6","4","07","18","6","","0","1","0","0","0"
"POINT (9.738471130000050 52.376950847000003)","Unfall 159787 (2022) Kat:3, Licht: 0","159787","3","6","6","07","20","6","","0","0","0","1","0"
"POINT (9.712791706000081 52.368797583999999)","Unfall 159792 (2022) Kat:3, Licht: 0","159792","3","5","1","08","18","3","","0","0","0","0","1"
"POINT (9.736126517000059 52.374233007000001)","Unfall 159807 (2022) Kat:3, Licht: 0","159807","3","6","0","07","16","3","","0","0","0","1","0"
"POINT (9.754831112000030 52.367373606999998)","Unfall 159810 (2022) Kat:3, Licht: 0","159810","3","2","5","07","13","1","","0","0","1","0","0"
"POINT (9.740065835000051 52.366998109000100)","Unfall 159813 (2022) Kat:3, Licht: 0","159813","3","2","3","08","07","2","","0","1","1","0","0"
"POINT (9.739626286000030 52.376899891000100)","Unfall 159832 (2022) Kat:3, Licht: 0","159832","3","2","6","07","09","6","","0","1","0","1","0"
"POINT (9.729428398000040 52.369489862000101)","Unfall 159833 (2022) Kat:3, Licht: 0","159833","3","5","1","07","16","6","","0","1","1","0","0"
"POINT (9.743666855000070 52.369751892000103)","Unfall 159848 (2022) Kat:3, Licht: 0","159848","3","7","0","07","18","4","","0","0","0","0","0"
"POINT (9.854197021000060 52.391261749000101)","Unfall 159857 (2022) Kat:3, Licht: 0","159857","3","5","1","07","12","4","","0","0","1","1","0"
"POINT (9.749297770000060 52.389912295999999)","Unfall 159858 (2022) Kat:3, Licht: 0","159858","3","6","3","07","08","6","","0","1","0","0","0"
"POINT (9.719480732000020 52.391747892000097)","Unfall 159868 (2022) Kat:3, Licht: 0","159868","3","6","4","07","18","4","","0","1","1","0","0"
"POINT (9.773493930000029 52.364410807000098)","Unfall 159869 (2022) Kat:3, Licht: 0","159869","3","3","5","07","18","3","","0","1","1","0","0"
"POINT (9.782219559000049 52.340874624000001)","Unfall 159888 (2022) Kat:3, Licht: 0","159888","3","7","0","07","08","2","","0","1","0","0","0"
"POINT (9.822923739000030 52.383185982000001)","Unfall 159895 (2022) Kat:3, Licht: 0","159895","3","3","0","07","11","4","","0","1","1","0","0"
"POINT (9.832513843000070 52.337038991999997)","Unfall 159897 (2022) Kat:3, Licht: 0","159897","3","7","0","07","19","1","","0","1","0","0","0"
"POINT (9.765570325000059 52.397302715000102)","Unfall 159923 (2022) Kat:3, Licht: 0","159923","3","1","0","08","09","3","","0","1","0","0","0"
"POINT (9.762867740000051 52.419233853999998)","Unfall 159927 (2022) Kat:3, Licht: 0","159927","3","7","0","07","08","3","","0","1","0","0","0"
"POINT (9.730195491000069 52.373170119000100)","Unfall 159928 (2022) Kat:3, Licht: 0","159928","3","7","0","07","11","4","","0","1","0","0","0"
"POINT (9.690453384000021 52.395110493000097)","Unfall 159935 (2022) Kat:3, Licht: 0","159935","3","6","4","07","17","5","","0","1","1","0","0"
"POINT (9.731715913000070 52.367023790000097)","Unfall 159941 (2022) Kat:3, Licht: 1","159941","3","6","0","07","23","4","","1","1","1","0","0"
"POINT (9.708207828000070 52.367156348000002)","Unfall 159957 (2022) Kat:3, Licht: 0","159957","3","7","0","07","13","6","","0","1","0","0","0"
"POINT (9.806950239000059 52.414044574000101)","Unfall 159959 (2022) Kat:3, Licht: 0","159959","3","7","0","07","10","3","","0","0","0","0","0"
"POINT (9.746598927000040 52.353926541000099)","Unfall 159963 (2022) Kat:3, Licht: 0","159963","3","6","3","07","15","3","","0","0","1","0","1"
"POINT (9.719891798000051 52.358681611000101)","Unfall 159967 (2022) Kat:3, Licht: 0","159967","3","1","0","07","19","7","","0","1","0","0","0"
"POINT (9.668040132000041 52.355837429000097)","Unfall 159969 (2022) Kat:3, Licht: 0","159969","3","7","0","07","17","5","","0","0","0","0","0"
"POINT (9.716898670000029 52.372768872000101)","Unfall 159981 (2022) Kat:3, Licht: 0","159981","3","1","0","07","05","7","","0","1","0","0","0"
"POINT (9.747794155000070 52.378230371000001)","Unfall 159985 (2022) Kat:3, Licht: 0","159985","3","3","5","07","13","5","","0","1","1","0","0"
"POINT (9.694635213000030 52.352978057000001)","Unfall 159993 (2022) Kat:3, Licht: 0","159993","3","2","5","07","13","3","","0","1","1","0","0"
"POINT (9.726604685000041 52.382048320000102)","Unfall 159996 (2022) Kat:3, Licht: 0","159996","3","7","1","07","15","1","","0","1","1","0","0"
"POINT (9.817514236000020 52.393310812999999)","Unfall 160003 (2022) Kat:3, Licht: 0","160003","3","6","0","07","17","6","","0","1","1","0","0"
"POINT (9.746842577000050 52.387079522000100)","Unfall 160007 (2022) Kat:3, Licht: 0","160007","3","2","6","07","17","2","","0","1","0","1","0"
"POINT (9.666024957000049 52.381692835000102)","Unfall 160013 (2022) Kat:3, Licht: 2","160013","3","7","0","07","00","4","","2","0","0","0","1"
"POINT (9.789911512000060 52.410144482000099)","Unfall 160018 (2022) Kat:3, Licht: 0","160018","3","2","3","07","18","5","","0","1","0","0","0"