WKT,Name,OBJECTID,UKATEGORIE,UTYP1,UART,UMONAT,USTUNDE,UWOCHENTAG,STRZUSTAND,ULICHTVERH,ISTRAD,ISTPKW,ISTFUSS,ISTKRAD
"POINT (9.734889238000051 52.380316154000099)","Unfall 160020 (2022) Kat:3, Licht: 2","160020","3","3","5","07","23","4","","2","0","1","0","0"
"POINT (9.724994125000020 52.387493075000101)","Unfall 160027 (2022) Kat:3, Licht: 0","160027","3","3","5","07","18","7","","0","0","1","0","0"
"POINT (9.658828286000070 52.406156551999999)","Unfall 160028 (2022) Kat:2, Licht: 0","160028","2","3","5","07","19","4","","0","1","0","0","0"
"POINT (9.729326566000051 52.390691691000001)","Unfall 160029 (2022) Kat:3, Licht: 0","160029","3","3","0","07","18","3","","0","0","1","0","0"
"POINT (9.707742748000040 52.367164876000103)","Unfall 160034 (2022) Kat:2, Licht: 0","160034","2","1","9","07","17","6","","0","1","0","0","0"
"POINT (9.768178509000050 52.345402195000098)","Unfall 160042 (2022) Kat:2, Licht: 0","160042","2","2","4","07","14","2","","0","0","1","0","1"
"POINT (9.785807242000031 52.398041826000103)","Unfall 160045 (2022) Kat:3, Licht: 0","160045","3","3","5","08","14","2","","0","0","1","0","0"
"POINT (9.661784326000030 52.415312921000101)","Unfall 160054 (2022) Kat:3, Licht: 0","160054","3","6","2","07","21","6","","0","0","1","0","0"
"POINT (9.717195490000050 52.344979182000003)","Unfall 160058 (2022) Kat:3, Licht: 0","160058","3","3","5","07","12","7","","0","1","1","0","0"
"POINT (9.750744170000081 52.388247112000002)","Unfall 160062 (2022) Kat:3, Licht: 0","160062","3","3","5","07","18","3","","0","1","1","0","0"
"POINT (9.753711002000051 52.380292047000097)","Unfall 160070 (2022) Kat:3, Licht: 0","160070","3","3","5","07","13","4","","0","1","1","0","0"
"POINT (9.802683406000030 52.387941742000102)","Unfall 160087 (2022) Kat:3, Licht: 0","160087","3","3","5","07","16","3","","0","1","1","0","0"
"POINT (9.725344270000051 52.383952818000097)","Unfall 160099 (2022) Kat:3, Licht: 0","160099","3","2","5","07","10","2","","0","1","1","0","0"
"POINT (9.721917088000049 52.389287844000101)","Unfall 160103 (2022) Kat:3, Licht: 0","160103","3","7","3","07","11","7","","0","0","1","0","0"
"POINT (9.716985765000061 52.386179135000098)","Unfall 160110 (2022) Kat:2, Licht: 0","160110","2","1","0","07","19","2","","0","0","0","0","1"
"POINT (9.718204803000051 52.360579035999997)","Unfall 160128 (2022) Kat:3, Licht: 0","160128","3","1","0","07","20","4","","0","0","0","0","0"
"POINT (9.790908802000050 52.401080643000100)","Unfall 160132 (2022) Kat:2, Licht: 2","160132","2","7","1","07","01","1","","2","0","1","0","1"
"POINT (9.746218875000070 52.378634763999997)","Unfall 160134 (2022) Kat:3, Licht: 0","160134","3","1","0","07","18","6","","0","1","0","0","0"
"POINT (9.743251850000039 52.390694132000100)","Unfall 160150 (2022) Kat:3, Licht: 0","160150","3","7","0","07","13","5","","0","1","0","0","0"
"POINT (9.720055332000070 52.364671230000098)","Unfall 160156 (2022) Kat:3, Licht: 2","160156","3","7","0","07","00","7","","2","1","0","0","0"
"POINT (9.728127828000030 52.374215618999997)","Unfall 160175 (2022) Kat:3, Licht: 2","160175","3","2","5","07","04","1","","2","0","1","0","0"
"POINT (9.783760592000020 52.410197164000103)","Unfall 160179 (2022) Kat:3, Licht: 0","160179","3","6","2","07","07","6","","0","0","1","0","0"
"POINT (9.685612670000070 52.375147405000099)","Unfall 160183 (2022) Kat:3, Licht: 0","160183","3","3","5","08","18","3","","0","0","1","0","0"
"POINT (9.761723513000049 52.356472279000101)","Unfall 160186 (2022) Kat:3, Licht: 0","160186","3","3","5","07","15","3","","0","1","1","0","0"
"POINT (9.747555846000070 52.389363902000099)","Unfall 160192 (2022) Kat:3, Licht: 0","160192","3","1","0","07","12","5","","0","1","0","0","0"
"POINT (9.662975422000050 52.382896852000002)","Unfall 160198 (2022) Kat:3, Licht: 2","160198","3","5","1","07","23","4","","2","0","1","0","0"
"POINT (9.742117891000021 52.378472668000001)","Unfall 160200 (2022) Kat:3, Licht: 0","160200","3","7","6","07","10","7","","0","0","1","1","0"
"POINT (9.725172805000060 52.383935694000101)","Unfall 160210 (2022) Kat:3, Licht: 0","160210","3","3","0","07","15","5","","0","0","1","0","1"
"POINT (9.836222093000060 52.338494125000103)","Unfall 160217 (2022) Kat:3, Licht: 0","160217","3","3","5","07","20","3","","0","1","1","0","0"
"POINT (9.718383503000039 52.381053478000098)","Unfall 160224 (2022) Kat:3, Licht: 0","160224","3","3","5","07","08","4","","0","1","1","0","0"
"POINT (9.746645147000040 52.392684792000097)","Unfall 160227 (2022) Kat:3, Licht: 0","160227","3","2","3","07","18","7","","0","1","1","0","0"
"POINT (9.720409149000030 52.397383103999999)","Unfall 160233 (2022) Kat:3, Licht: 0","160233","3","3","5","07","07","2","","0","0","1","0","0"
"POINT (9.772696871000051 52.361393872000100)","Unfall 160244 (2022) Kat:3, Licht: 1","160244","3","2","5","07","21","4","","1","1","1","0","0"
"POINT (9.707968408000060 52.376417735000103)","Unfall 160253 (2022) Kat:3, Licht: 0","160253","3","3","5","07","07","3","","0","1","1","0","0"
"POINT (9.804135113000029 52.420867860999998)","Unfall 160257 (2022) Kat:3, Licht: 0","160257","3","6","0","07","18","1","","0","0","0","1","0"
"POINT (9.744441657000040 52.395147723999997)","Unfall 160268 (2022) Kat:3, Licht: 0","160268","3","2","5","07","19","3","","0","0","1","0","0"
"POINT (9.734766100000060 52.373199485000001)","Unfall 160271 (2022) Kat:3, Licht: 0","160271","3","7","3","07","16","6","","0","1","1","0","0"
"POINT (9.752800180000071 52.370141613999998)","Unfall 160278 (2022) Kat:3, Licht: 0","160278","3","6","0","07","18","1","","0","0","1","0","0"
"POINT (9.742958889000020 52.379295806000101)","Unfall 160291 (2022) Kat:3, Licht: 0","160291","3","2","6","07","14","4","","0","0","1","1","0"
"POINT (9.733634957000049 52.399003231000101)","Unfall 160292 (2022) Kat:3, Licht: 0","160292","3","3","5","07","17","6","","0","0","1","0","1"
"POINT (9.719854875000070 52.368032261000103)","Unfall 160311 (2022) Kat:3, Licht: 0","160311","3","2","5","07","12","6","","0","1","1","0","0"
"POINT (9.742649414000031 52.369840207000003)","Unfall 160332 (2022) Kat:3, Licht: 0","160332","3","6","6","07","16","4","","0","0","0","1","0"
"POINT (9.696098000000060 52.328958356999998)","Unfall 160342 (2022) Kat:2, Licht: 0","160342","2","1","0","07","14","6","","0","0","0","0","0"
"POINT (9.721883482000070 52.378825998000103)","Unfall 160350 (2022) Kat:3, Licht: 0","160350","3","1","0","07","16","5","","0","0","1","0","0"
"POINT (9.697450627000020 52.391915545000103)","Unfall 160359 (2022) Kat:3, Licht: 2","160359","3","2","5","07","01","2","","2","0","0","0","0"
"POINT (9.791881116000070 52.402701250000099)","Unfall 160363 (2022) Kat:3, Licht: 0","160363","3","6","3","07","17","6","","0","0","1","0","0"
"POINT (9.790463294000061 52.328698851000098)","Unfall 160365 (2022) Kat:3, Licht: 0","160365","3","3","5","07","12","4","","0","0","1","0","0"
"POINT (9.675883051000030 52.396806300000001)","Unfall 160366 (2022) Kat:3, Licht: 0","160366","3","6","4","07","14","3","","0","1","0","0","0"
"POINT (9.721901105000031 52.382448065000098)","Unfall 160389 (2022) Kat:3, Licht: 2","160389","3","7","0","07","00","6","","2","1","0","0","0"
"POINT (9.835586598000081 52.351692220000103)","Unfall 160398 (2022) Kat:2, Licht: 0","160398","2","3","5","07","14","1","","0","1","1","0","0"
"POINT (9.829018052000039 52.332688202999996)","Unfall 160413 (2022) Kat:3, Licht: 0","160413","3","1","0","07","15","7","","0","1","0","0","0"
"POINT (9.760295382000040 52.375458977999998)","Unfall 160421 (2022) Kat:3, Licht: 0","160421","3","3","5","07","13","4","","0","1","1","0","0"
"POINT (9.712871240000030 52.372467771000103)","Unfall 160425 (2022) Kat:3, Licht: 1","160425","3","2","4","07","21","3","","1","1","1","0","0"
"POINT (9.764847496000071 52.379571865999999)","Unfall 160426 (2022) Kat:3, Licht: 1","160426","3","3","5","07","05","2","","1","0","1","0","0"
"POINT (9.775108882000040 52.334602163000099)","Unfall 160436 (2022) Kat:3, Licht: 2","160436","3","7","8","07","01","4","","2","0","1","0","0"
"POINT (9.727127217000030 52.370140603000003)","Unfall 160442 (2022) Kat:3, Licht: 0","160442","3","3","5","07","08","7","","0","1","1","0","0"
"POINT (9.774460116000061 52.371360482999997)","Unfall 160467 (2022) Kat:3, Licht: 0","160467","3","7","0","07","09","6","","0","1","0","0","0"
"POINT (9.677762377000020 52.395713022000102)","Unfall 160469 (2022) Kat:3, Licht: 0","160469","3","6","2","07","17","4","","0","0","1","0","0"
"POINT (9.701342879000039 52.365622384000098)","Unfall 160477 (2022) Kat:3, Licht: 0","160477","3","7","0","07","18","7","","0","0","1","1","0"
"POINT (9.740794712000019 52.411707302000103)","Unfall 160480 (2022) Kat:3, Licht: 0","160480","3","7","1","07","09","5","","0","1","1","0","0"
"POINT (9.748801977000030 52.390427375999998)","Unfall 160490 (2022) Kat:2, Licht: 0","160490","2","6","4","07","16","2","","0","1","0","0","0"
"POINT (9.705420827000070 52.376442213000097)","Unfall 160510 (2022) Kat:2, Licht: 0","160510","2","5","3","09","15","5","","0","1","1","0","0"
"POINT (9.808716954000030 52.386160372000099)","Unfall 160515 (2022) Kat:3, Licht: 0","160515","3","6","2","08","16","4","","0","0","1","0","0"
"POINT (9.763014495000050 52.342367609000100)","Unfall 160516 (2022) Kat:3, Licht: 0","160516","3","3","5","09","16","7","","0","0","1","0","1"
"POINT (9.780190508000031 52.343337237000100)","Unfall 160528 (2022) Kat:3, Licht: 0","160528","3","5","0","08","17","1","","0","1","0","0","0"
"POINT (9.702071468000041 52.366572042000001)","Unfall 160536 (2022) Kat:3, Licht: 0","160536","3","2","2","08","16","4","","0","1","1","0","0"
"POINT (9.739960862000030 52.377158677000097)","Unfall 160542 (2022) Kat:2, Licht: 0","160542","2","7","0","08","16","7","","0","1","0","0","0"
"POINT (9.780968608000020 52.401778496000098)","Unfall 160544 (2022) Kat:3, Licht: 0","160544","3","2","5","08","06","3","","0","0","1","0","0"
"POINT (9.737203567000050 52.384516069000000)","Unfall 160553 (2022) Kat:2, Licht: 0","160553","2","3","5","08","12","4","","0","1","1","0","0"
"POINT (9.806707567000050 52.414028288000097)","Unfall 160554 (2022) Kat:3, Licht: 0","160554","3","2","2","09","13","7","","0","0","1","0","0"
"POINT (9.764254325000021 52.333258307000101)","Unfall 160561 (2022) Kat:3, Licht: 0","160561","3","6","4","09","18","5","","0","1","1","0","0"
"POINT (9.739917377000040 52.366634091999998)","Unfall 160564 (2022) Kat:3, Licht: 0","160564","3","1","9","08","13","6","","0","0","1","0","0"
"POINT (9.765324013000050 52.378164648999999)","Unfall 160568 (2022) Kat:3, Licht: 0","160568","3","3","5","08","12","2","","0","0","1","0","0"
"POINT (9.701630973000020 52.408708071000000)","Unfall 160570 (2022) Kat:3, Licht: 0","160570","3","3","5","08","15","2","","0","1","1","0","0"
"POINT (9.714396769000070 52.342331500000100)","Unfall 160578 (2022) Kat:2, Licht: 0","160578","2","2","5","08","11","7","","0","1","1","0","0"
"POINT (9.827157106000071 52.342386938000097)","Unfall 160583 (2022) Kat:3, Licht: 0","160583","3","3","5","08","07","5","","0","1","0","0","1"
"POINT (9.669981697000029 52.361483681999999)","Unfall 160584 (2022) Kat:2, Licht: 0","160584","2","4","6","08","11","4","","0","0","1","1","0"
"POINT (9.771828259000070 52.338773224000100)","Unfall 160598 (2022) Kat:3, Licht: 0","160598","3","2","4","09","18","5","","0","1","1","0","0"
"POINT (9.655829977000050 52.408718639000000)","Unfall 160623 (2022) Kat:3, Licht: 1","160623","3","7","0","08","06","6","","1","0","1","0","0"
"POINT (9.693893015000070 52.361324903000103)","Unfall 160635 (2022) Kat:3, Licht: 0","160635","3","7","0","09","11","1","","0","0","0","0","0"
"POINT (9.688216335000050 52.378105701000003)","Unfall 160639 (2022) Kat:3, Licht: 0","160639","3","5","1","08","07","7","","0","1","1","0","0"
"POINT (9.829737010000031 52.333651421000098)","Unfall 160652 (2022) Kat:3, Licht: 0","160652","3","7","0","08","13","4","","0","1","0","0","0"
"POINT (9.740956242000040 52.410991848000002)","Unfall 160659 (2022) Kat:3, Licht: 0","160659","3","7","0","08","18","2","","0","1","0","0","0"
"POINT (9.739978813000050 52.383031077000098)","Unfall 160662 (2022) Kat:3, Licht: 0","160662","3","3","0","08","05","4","","0","0","1","0","0"
"POINT (9.773814643000041 52.350027700000098)","Unfall 160666 (2022) Kat:3, Licht: 0","160666","3","6","3","09","13","6","","0","1","0","0","0"
"POINT (9.730172752000041 52.368593716000099)","Unfall 160667 (2022) Kat:3, Licht: 0","160667","3","3","5","08","20","7","","0","1","1","0","0"
"POINT (9.790356957000030 52.377604718999997)","Unfall 160692 (2022) Kat:3, Licht: 0","160692","3","1","0","08","09","7","","0","0","0","0","0"
"POINT (9.732173511000040 52.404984872999997)","Unfall 160694 (2022) Kat:3, Licht: 0","160694","3","3","5","08","18","6","","0","1","1","0","0"
"POINT (9.755338122000071 52.390076088999997)","Unfall 160696 (2022) Kat:3, Licht: 0","160696","3","6","3","08","19","3","","0","1","0","0","0"
"POINT (9.729235700000061 52.374355993999998)","Unfall 160702 (2022) Kat:3, Licht: 1","160702","3","2","5","08","20","4","","1","1","1","0","0"
"POINT (9.792105878000029 52.329239696999998)","Unfall 160720 (2022) Kat:3, Licht: 0","160720","3","6","3","08","17","3","","0","1","1","0","0"
"POINT (9.772340062000071 52.397843454000103)","Unfall 160725 (2022) Kat:3, Licht: 0","160725","3","6","2","08","13","5","","0","0","1","0","0"
"POINT (9.714554153000050 52.371521630000103)","Unfall 160726 (2022) Kat:3, Licht: 0","160726","3","6","3","08","18","7","","0","0","1","0","0"
"POINT (9.762058186000051 52.392712962000097)","Unfall 160727 (2022) Kat:3, Licht: 0","160727","3","2","5","09","08","5","","0","0","1","0","1"
"POINT (9.834081897000029 52.347418443000002)","Unfall 160738 (2022) Kat:3, Licht: 0","160738","3","5","1","08","18","4","","0","1","1","0","0"
"POINT (9.718276776000041 52.396626640000100)","Unfall 160759 (2022) Kat:3, Licht: 2","160759","3","7","0","09","23","6","","2","0","1","0","0"
"POINT (9.746304407000030 52.381123318000000)","Unfall 160777 (2022) Kat:3, Licht: 0","160777","3","5","1","08","14","5","","0","1","1","0","0"
"POINT (9.816986792000019 52.407793138999999)","Unfall 160780 (2022) Kat:3, Licht: 0","160780","3","3","5","08","15","3","","0","1","1","0","0"
"POINT (9.732715837000059 52.379250361000103)","Unfall 160784 (2022) Kat:3, Licht: 0","160784","3","5","1","08","14","4","","0","1","1","0","0"
"POINT (9.728595359000050 52.394554997999997)","Unfall 160786 (2022) Kat:3, Licht: 0","160786","3","6","2","08","19","2","","0","0","1","0","0"
"POINT (9.738207641000029 52.374588502000101)","Unfall 160802 (2022) Kat:3, Licht: 2","160802","3","7","0","09","04","1","","2","0","0","0","0"
"POINT (9.751239109000039 52.372416823000002)","Unfall 160809 (2022) Kat:3, Licht: 0","160809","3","7","0","08","20","1","","0","1","0","0","0"
"POINT (9.704120657000029 52.374571603000000)","Unfall 160811 (2022) Kat:3, Licht: 2","160811","3","7","0","08","01","6","","2","1","0","0","0"
"POINT (9.781460547000050 52.421767444000103)","Unfall 160824 (2022) Kat:2, Licht: 0","160824","2","1","0","08","07","3","","0","1","0","0","0"
"POINT (9.727534416000029 52.382366004000097)","Unfall 160830 (2022) Kat:3, Licht: 2","160830","3","3","5","08","21","6","","2","0","1","0","0"
"POINT (9.660950125000060 52.404419599999997)","Unfall 160831 (2022) Kat:3, Licht: 0","160831","3","6","3","09","18","5","","0","1","1","0","0"
"POINT (9.711568474000050 52.370858801000097)","Unfall 160832 (2022) Kat:3, Licht: 0","160832","3","6","2","08","08","2","","0","0","1","0","0"
"POINT (9.751808282000070 52.421057888000099)","Unfall 160837 (2022) Kat:2, Licht: 2","160837","2","4","6","09","23","7","","2","0","1","1","0"
"POINT (9.765562792000029 52.418561265999998)","Unfall 160838 (2022) Kat:3, Licht: 2","160838","3","6","3","08","21","2","","2","0","1","0","0"
"POINT (9.704733592000030 52.374397601000098)","Unfall 160842 (2022) Kat:2, Licht: 2","160842","2","7","0","08","23","6","","2","1","0","0","0"
"POINT (9.740082298000059 52.366997370000000)","Unfall 160859 (2022) Kat:3, Licht: 0","160859","3","2","5","08","12","3","","0","1","0","1","0"
"POINT (9.683459019000050 52.395778162000099)","Unfall 160868 (2022) Kat:3, Licht: 0","160868","3","2","5","08","14","6","","0","1","1","0","0"
"POINT (9.716707260000019 52.362185169999997)","Unfall 160869 (2022) Kat:3, Licht: 0","160869","3","2","2","08","18","2","","0","0","1","0","0"
"POINT (9.692231799000069 52.351951882999998)","Unfall 160880 (2022) Kat:3, Licht: 0","160880","3","3","5","08","09","5","","0","1","0","0","0"
"POINT (9.792687708000070 52.396947320999999)","Unfall 160883 (2022) Kat:3, Licht: 2","160883","3","2","2","08","21","4","","2","1","1","0","0"
"POINT (9.784374574000029 52.326140352000003)","Unfall 160888 (2022) Kat:3, Licht: 2","160888","3","6","0","08","22","6","","2","0","1","0","0"
"POINT (9.736488803000039 52.371309646999997)","Unfall 160895 (2022) Kat:3, Licht: 2","160895","3","1","0","08","05","1","","2","0","0","0","0"
"POINT (9.830178355000040 52.334231172000003)","Unfall 160907 (2022) Kat:3, Licht: 0","160907","3","6","0","08","18","2","","0","0","1","0","0"
"POINT (9.740026209000060 52.367310175000100)","Unfall 160908 (2022) Kat:3, Licht: 2","160908","3","7","0","08","22","7","","2","1","0","0","0"
"POINT (9.700348222000059 52.326618386000099)","Unfall 160911 (2022) Kat:3, Licht: 0","160911","3","3","5","08","19","3","","0","1","0","0","0"
"POINT (9.819880567000039 52.357727551000004)","Unfall 160934 (2022) Kat:3, Licht: 2","160934","3","7","0","08","22","3","","2","1","0","0","0"
"POINT (9.739229214000030 52.383768086000003)","Unfall 160935 (2022) Kat:3, Licht: 2","160935","3","5","1","08","22","3","","2","1","1","0","0"
"POINT (9.712705841000060 52.366872331000103)","Unfall 160937 (2022) Kat:3, Licht: 0","160937","3","1","0","08","13","6","","0","1","0","0","0"
"POINT (9.714155475000039 52.342207452000103)","Unfall 160945 (2022) Kat:3, Licht: 0","160945","3","3","5","09","10","6","","0","1","1","0","0"
"POINT (9.694443199000030 52.404420342999998)","Unfall 160954 (2022) Kat:3, Licht: 0","160954","3","3","5","08","09","7","","0","1","1","0","0"
"POINT (9.710443404000049 52.360253720999999)","Unfall 160970 (2022) Kat:3, Licht: 0","160970","3","6","2","08","10","5","","0","0","1","0","0"
"POINT (9.666500308000019 52.384821784000103)","Unfall 160974 (2022) Kat:3, Licht: 0","160974","3","1","0","08","17","2","","0","1","0","0","0"
"POINT (9.751106414000050 52.375265980000101)","Unfall 160984 (2022) Kat:3, Licht: 0","160984","3","6","2","08","13","3","","0","0","1","0","0"
"POINT (9.731719894000040 52.344770887999999)","Unfall 160988 (2022) Kat:3, Licht: 0","160988","3","7","0","08","15","3","","0","1","0","0","0"
"POINT (9.820775663000060 52.388307516000097)","Unfall 160998 (2022) Kat:3, Licht: 0","160998","3","3","5","09","09","7","","0","1","1","0","0"
"POINT (9.713347282000029 52.371426151999998)","Unfall 161001 (2022) Kat:3, Licht: 1","161001","3","7","0","08","22","4","","1","1","0","0","0"
"POINT (9.775680083000051 52.396703383000002)","Unfall 161010 (2022) Kat:3, Licht: 0","161010","3","1","0","08","10","2","","0","0","0","0","1"
"POINT (9.730925715000071 52.395068027999997)","Unfall 161014 (2022) Kat:2, Licht: 0","161014","2","5","0","08","17","2","","0","1","0","0","0"
"POINT (9.750605110000039 52.375541397000099)","Unfall 161017 (2022) Kat:3, Licht: 0","161017","3","6","2","08","17","2","","0","0","1","0","0"
"POINT (9.706087705000069 52.403292682000000)","Unfall 161018 (2022) Kat:3, Licht: 0","161018","3","3","5","08","14","4","","0","1","1","0","0"
"POINT (9.739877344000041 52.377085216000097)","Unfall 161025 (2022) Kat:3, Licht: 1","161025","3","1","0","08","05","7","","1","0","0","0","0"
"POINT (9.800593331000069 52.335214952000101)","Unfall 161031 (2022) Kat:3, Licht: 1","161031","3","3","5","08","05","4","","1","1","1","0","0"
"POINT (9.736715256000020 52.420968802000097)","Unfall 161044 (2022) Kat:3, Licht: 0","161044","3","6","2","09","18","5","","0","0","1","0","0"
"POINT (9.789783013000029 52.410253978000100)","Unfall 161049 (2022) Kat:3, Licht: 0","161049","3","3","5","08","06","5","","0","0","1","0","0"
"POINT (9.769117806000050 52.358429194000102)","Unfall 161050 (2022) Kat:3, Licht: 0","161050","3","7","0","08","08","4","","0","1","0","0","0"
"POINT (9.675146749000019 52.397210551000100)","Unfall 161057 (2022) Kat:3, Licht: 0","161057","3","6","4","08","17","5","","0","1","0","0","0"
"POINT (9.739602256000071 52.391826569999999)","Unfall 161061 (2022) Kat:3, Licht: 0","161061","3","1","0","08","18","1","","0","0","0","0","1"
"POINT (9.688666780000061 52.401172600000102)","Unfall 161071 (2022) Kat:3, Licht: 0","161071","3","7","0","08","13","7","","0","1","0","0","0"
"POINT (9.733097462000050 52.344937530999999)","Unfall 161072 (2022) Kat:3, Licht: 0","161072","3","7","7","09","13","5","","0","1","0","0","0"
"POINT (9.718199313000071 52.374730342000099)","Unfall 161076 (2022) Kat:3, Licht: 0","161076","3","7","0","08","18","1","","0","1","0","0","0"
"POINT (9.714484027000029 52.371235699000103)","Unfall 161082 (2022) Kat:3, Licht: 0","161082","3","6","2","08","12","3","","0","0","1","0","0"
"POINT (9.704967380000030 52.374316856000100)","Unfall 161091 (2022) Kat:3, Licht: 0","161091","3","7","0","08","20","3","","0","1","0","0","0"
"POINT (9.793394237000030 52.332807955000099)","Unfall 161093 (2022) Kat:3, Licht: 0","161093","3","1","0","08","18","6","","0","0","0","0","0"
"POINT (9.704811882000060 52.374456336000001)","Unfall 161100 (2022) Kat:3, Licht: 0","161100","3","5","0","08","14","5","","0","1","1","0","0"
"POINT (9.757698575000060 52.343101395000097)","Unfall 161112 (2022) Kat:3, Licht: 0","161112","3","5","0","09","16","6","","0","0","1","0","1"
"POINT (9.720184611000040 52.354723214000003)","Unfall 161125 (2022) Kat:3, Licht: 1","161125","3","1","0","08","22","4","","1","1","0","0","0"
"POINT (9.693820083000050 52.361749961000001)","Unfall 161131 (2022) Kat:3, Licht: 0","161131","3","5","1","08","17","6","","0","1","1","0","0"
"POINT (9.663683150000050 52.380121039000102)","Unfall 161144 (2022) Kat:3, Licht: 1","161144","3","3","5","08","21","5","","1","0","1","0","0"
"POINT (9.735665128000051 52.384284186999999)","Unfall 161145 (2022) Kat:2, Licht: 2","161145","2","1","8","08","22","6","","2","0","0","0","1"
"POINT (9.737303367000040 52.375696212000001)","Unfall 161175 (2022) Kat:3, Licht: 0","161175","3","7","6","08","15","4","","0","0","0","1","0"
"POINT (9.735061791000019 52.380271064000098)","Unfall 161199 (2022) Kat:3, Licht: 0","161199","3","2","5","09","11","6","","0","1","1","0","0"
"POINT (9.690462205000070 52.350733677999997)","Unfall 161218 (2022) Kat:3, Licht: 0","161218","3","1","9","08","14","7","","0","0","1","0","0"
"POINT (9.721113031000071 52.370508046000097)","Unfall 161220 (2022) Kat:3, Licht: 0","161220","3","3","5","08","11","3","","0","1","1","0","0"
"POINT (9.727898720000040 52.382485090000003)","Unfall 161224 (2022) Kat:3, Licht: 0","161224","3","5","1","08","11","4","","0","0","1","0","0"
"POINT (9.782769632000051 52.334478315000098)","Unfall 161225 (2022) Kat:3, Licht: 2","161225","3","1","0","09","03","7","","2","0","0","0","0"
"POINT (9.731378910000050 52.367577081000000)","Unfall 161231 (2022) Kat:3, Licht: 2","161231","3","1","0","08","01","5","","2","0","0","0","0"
"POINT (9.651241171000040 52.420272059000098)","Unfall 161248 (2022) Kat:3, Licht: 0","161248","3","7","0","08","11","1","","0","1","0","0","0"
"POINT (9.753037652000049 52.377778781000103)","Unfall 161249 (2022) Kat:3, Licht: 0","161249","3","2","5","08","16","3","","0","0","1","0","1"
"POINT (9.697077732000031 52.393217037000099)","Unfall 161251 (2022) Kat:3, Licht: 0","161251","3","6","4","09","12","7","","0","1","0","0","0"
"POINT (9.722085977000059 52.382516342000002)","Unfall 161262 (2022) Kat:3, Licht: 1","161262","3","1","1","08","19","4","","1","1","1","0","0"
"POINT (9.748927772000060 52.373409097000000)","Unfall 161266 (2022) Kat:3, Licht: 0","161266","3","5","1","08","18","4","","0","1","0","0","0"
"POINT (9.749069858000039 52.377800643999997)","Unfall 161274 (2022) Kat:3, Licht: 0","161274","3","3","5","08","14","2","","0","1","0","0","0"
"POINT (9.717173801000060 52.344577333000103)","Unfall 161278 (2022) Kat:3, Licht: 0","161278","3","3","5","08","11","2","","0","1","1","0","0"
"POINT (9.806314384000069 52.417213172000103)","Unfall 161279 (2022) Kat:3, Licht: 0","161279","3","3","5","08","16","2","","0","1","1","0","0"
"POINT (9.725730372000040 52.397759684000100)","Unfall 161282 (2022) Kat:3, Licht: 0","161282","3","2","5","08","20","6","","0","1","1","0","0"
"POINT (9.718192046000070 52.379692005999999)","Unfall 161288 (2022) Kat:3, Licht: 0","161288","3","5","0","08","15","7","","0","1","1","0","0"
"POINT (9.850472682000030 52.388502281999997)","Unfall 161293 (2022) Kat:3, Licht: 0","161293","3","1","0","08","14","5","","0","0","0","0","0"
"POINT (9.779026821000061 52.399484592000100)","Unfall 161297 (2022) Kat:3, Licht: 0","161297","3","6","2","08","16","3","","0","0","1","0","0"
"POINT (9.737715872000020 52.372932706000000)","Unfall 161308 (2022) Kat:3, Licht: 0","161308","3","7","6","08","14","5","","0","0","0","1","0"
"POINT (9.745384050000039 52.378718818000003)","Unfall 161319 (2022) Kat:3, Licht: 2","161319","3","2","5","08","21","4","","2","1","1","0","0"
"POINT (9.705396614000049 52.367058354999998)","Unfall 161335 (2022) Kat:3, Licht: 2","161335","3","1","0","08","21","5","","2","0","0","0","1"
"POINT (9.706909301000049 52.376801651999997)","Unfall 161340 (2022) Kat:3, Licht: 0","161340","3","1","0","08","18","1","","0","0","0","0","0"
"POINT (9.743697750000020 52.369176600999999)","Unfall 161342 (2022) Kat:3, Licht: 0","161342","3","4","6","08","17","3","","0","1","0","1","0"
"POINT (9.745407405000041 52.379064469000099)","Unfall 161351 (2022) Kat:3, Licht: 0","161351","3","3","5","08","16","3","","0","1","0","0","0"
"POINT (9.740233760000020 52.372515190999998)","Unfall 161354 (2022) Kat:3, Licht: 0","161354","3","6","0","08","18","6","","0","0","0","1","0"
"POINT (9.729615442000069 52.346079963000101)","Unfall 161356 (2022) Kat:3, Licht: 2","161356","3","5","1","08","22","3","","2","1","1","0","0"
"POINT (9.692973299000069 52.392378337000103)","Unfall 161361 (2022) Kat:3, Licht: 0","161361","3","2","4","08","19","2","","0","1","1","0","0"
"POINT (9.749728758000060 52.349825054000100)","Unfall 161369 (2022) Kat:3, Licht: 0","161369","3","6","2","08","17","2","","0","0","1","0","0"
"POINT (9.795495499000030 52.375659343000102)","Unfall 161375 (2022) Kat:3, Licht: 0","161375","3","3","5","08","14","3","","0","1","1","0","0"