WKT,Name,OBJECTID,UKATEGORIE,UTYP1,UART,UMONAT,USTUNDE,UWOCHENTAG,STRZUSTAND,ULICHTVERH,ISTRAD,ISTPKW,ISTFUSS,ISTKRAD
"POINT (9.762058806000031 52.379277950000102)","Unfall 161390 (2022) Kat:3, Licht: 0","161390","3","3","5","08","10","6","","0","0","1","0","0"
"POINT (9.727713376000050 52.376847249000001)","Unfall 161394 (2022) Kat:3, Licht: 0","161394","3","1","0","08","15","2","","0","0","0","0","0"
"POINT (9.744751384000040 52.367471833000103)","Unfall 161395 (2022) Kat:3, Licht: 0","161395","3","3","5","08","18","4","","0","1","1","0","0"
"POINT (9.760551961000029 52.369476867000103)","Unfall 161398 (2022) Kat:3, Licht: 0","161398","3","6","4","08","13","6","","0","1","0","0","0"
"POINT (9.762735997000050 52.344420206999999)","Unfall 161404 (2022) Kat:3, Licht: 0","161404","3","3","5","08","17","2","","0","1","1","0","0"
"POINT (9.751163953000059 52.387350707000103)","Unfall 161408 (2022) Kat:3, Licht: 0","161408","3","2","6","08","11","3","","0","0","0","1","0"
"POINT (9.723985226000019 52.394134488000098)","Unfall 161426 (2022) Kat:3, Licht: 0","161426","3","6","3","08","06","4","","0","0","1","0","1"
"POINT (9.719056283000040 52.374277758000098)","Unfall 161444 (2022) Kat:3, Licht: 2","161444","3","1","0","08","01","5","","2","0","0","0","0"
"POINT (9.755821790000031 52.342635347000098)","Unfall 161457 (2022) Kat:3, Licht: 0","161457","3","2","4","08","19","1","","0","1","0","0","0"
"POINT (9.739956298000040 52.369120989000102)","Unfall 161461 (2022) Kat:3, Licht: 2","161461","3","3","5","08","23","5","","2","0","1","0","0"
"POINT (9.762257004000050 52.411435852000103)","Unfall 161467 (2022) Kat:3, Licht: 0","161467","3","3","5","09","07","6","","0","1","1","0","0"
"POINT (9.804756617000070 52.396799930999997)","Unfall 161478 (2022) Kat:3, Licht: 0","161478","3","3","5","08","09","4","","0","1","1","0","0"
"POINT (9.725633277000041 52.397851287999998)","Unfall 161479 (2022) Kat:3, Licht: 0","161479","3","2","0","08","07","4","","0","0","1","0","1"
"POINT (9.800304940000050 52.335120406999998)","Unfall 161481 (2022) Kat:3, Licht: 0","161481","3","3","5","08","10","7","","0","0","1","0","0"
"POINT (9.781091307000050 52.403912677000100)","Unfall 161489 (2022) Kat:3, Licht: 0","161489","3","3","5","08","13","6","","0","1","1","0","0"
"POINT (9.777456839000020 52.399100967999999)","Unfall 161490 (2022) Kat:3, Licht: 0","161490","3","3","3","09","11","5","","0","1","1","0","0"
"POINT (9.785018534000070 52.391877244000099)","Unfall 161493 (2022) Kat:2, Licht: 0","161493","2","7","0","08","16","7","","0","1","0","0","0"
"POINT (9.713401529000070 52.384314955000001)","Unfall 161498 (2022) Kat:3, Licht: 0","161498","3","6","6","08","14","2","","0","1","0","1","0"
"POINT (9.747783981000049 52.375616535000098)","Unfall 161499 (2022) Kat:3, Licht: 2","161499","3","3","5","08","22","2","","2","0","1","0","0"
"POINT (9.857481963000049 52.365997290000102)","Unfall 161502 (2022) Kat:3, Licht: 0","161502","3","3","5","08","20","4","","0","1","0","0","0"
"POINT (9.763328145000060 52.401578852999997)","Unfall 161507 (2022) Kat:3, Licht: 2","161507","3","1","0","08","01","1","","2","1","0","0","0"
"POINT (9.768630599000060 52.331941606000001)","Unfall 161511 (2022) Kat:3, Licht: 0","161511","3","1","0","08","18","5","","0","1","0","0","0"
"POINT (9.739242307000040 52.363731119000100)","Unfall 161538 (2022) Kat:3, Licht: 0","161538","3","4","6","08","16","6","","0","1","0","1","0"
"POINT (9.664181090000060 52.356236581000097)","Unfall 161546 (2022) Kat:2, Licht: 0","161546","2","3","5","08","09","4","","0","1","1","0","0"
"POINT (9.741800280000060 52.378584730000100)","Unfall 161548 (2022) Kat:3, Licht: 2","161548","3","2","5","08","23","2","","2","0","1","0","0"
"POINT (9.731956041000050 52.377127389000101)","Unfall 161570 (2022) Kat:3, Licht: 0","161570","3","7","0","08","13","7","","0","1","0","0","0"
"POINT (9.742146002000030 52.369021627999999)","Unfall 161573 (2022) Kat:3, Licht: 0","161573","3","3","5","08","13","3","","0","1","0","0","0"
"POINT (9.739163970000050 52.389663859999999)","Unfall 161575 (2022) Kat:3, Licht: 0","161575","3","2","4","08","17","6","","0","1","1","0","0"
"POINT (9.717110688000050 52.341850563000001)","Unfall 161582 (2022) Kat:3, Licht: 0","161582","3","7","0","08","09","3","","0","0","0","0","0"
"POINT (9.709716076000060 52.360208061999998)","Unfall 161599 (2022) Kat:3, Licht: 0","161599","3","6","2","09","18","5","","0","0","1","0","0"
"POINT (9.750290176000020 52.376513423000098)","Unfall 161605 (2022) Kat:3, Licht: 0","161605","3","2","5","09","13","6","","0","1","1","0","0"
"POINT (9.781461926000080 52.399438530000097)","Unfall 161621 (2022) Kat:3, Licht: 0","161621","3","2","5","09","16","6","","0","0","1","0","0"
"POINT (9.762782389000050 52.339982386000003)","Unfall 161638 (2022) Kat:3, Licht: 0","161638","3","2","5","09","16","6","","0","1","1","0","0"
"POINT (9.732601082000031 52.379119973000101)","Unfall 161644 (2022) Kat:3, Licht: 0","161644","3","3","5","09","12","5","","0","0","1","0","0"
"POINT (9.781596960000060 52.415641277000098)","Unfall 161645 (2022) Kat:3, Licht: 2","161645","3","2","5","09","20","5","","2","0","0","0","1"
"POINT (9.695850021000069 52.409228423999998)","Unfall 161648 (2022) Kat:3, Licht: 0","161648","3","6","2","09","15","3","","0","0","1","0","1"
"POINT (9.738364319000031 52.382149575000000)","Unfall 161655 (2022) Kat:3, Licht: 0","161655","3","6","6","09","11","5","","0","1","0","1","0"
"POINT (9.733727033000040 52.362139583999998)","Unfall 161665 (2022) Kat:3, Licht: 0","161665","3","3","5","09","17","5","","0","1","1","0","0"
"POINT (9.732565098000070 52.374451069000003)","Unfall 161678 (2022) Kat:3, Licht: 0","161678","3","4","6","10","15","7","","0","0","1","1","0"
"POINT (9.761009625000041 52.335998840000101)","Unfall 161679 (2022) Kat:3, Licht: 0","161679","3","1","0","10","14","4","","0","1","0","0","0"
"POINT (9.745228678000050 52.380895356000103)","Unfall 161687 (2022) Kat:3, Licht: 0","161687","3","7","0","10","17","3","","0","0","1","0","1"
"POINT (9.746939795000060 52.403953671000103)","Unfall 161693 (2022) Kat:3, Licht: 2","161693","3","5","1","09","23","6","","2","0","1","0","0"
"POINT (9.831214383000029 52.361216835999997)","Unfall 161695 (2022) Kat:3, Licht: 0","161695","3","7","0","09","15","3","","0","1","0","0","0"
"POINT (9.791174382000071 52.404980927000103)","Unfall 161696 (2022) Kat:3, Licht: 0","161696","3","6","4","09","14","2","","0","1","0","0","0"
"POINT (9.757273620000030 52.415196609000098)","Unfall 161699 (2022) Kat:2, Licht: 0","161699","2","7","0","09","10","4","","0","0","0","0","0"
"POINT (9.696166188000060 52.336426204000098)","Unfall 161700 (2022) Kat:3, Licht: 0","161700","3","3","5","09","15","6","","0","1","1","0","0"
"POINT (9.804146201000041 52.391420246999999)","Unfall 161701 (2022) Kat:3, Licht: 0","161701","3","6","2","09","15","5","","0","0","1","0","0"
"POINT (9.804743171000039 52.330508158000001)","Unfall 161706 (2022) Kat:3, Licht: 0","161706","3","7","9","09","16","7","","0","0","1","0","0"
"POINT (9.759979665000060 52.364294254000100)","Unfall 161718 (2022) Kat:3, Licht: 0","161718","3","5","1","09","08","2","","0","1","1","0","0"
"POINT (9.643732590000070 52.415131731000002)","Unfall 161729 (2022) Kat:3, Licht: 0","161729","3","6","2","09","10","5","","0","0","1","0","0"
"POINT (9.745401076000061 52.378739836000101)","Unfall 161730 (2022) Kat:3, Licht: 0","161730","3","2","3","09","12","6","","0","1","1","0","0"
"POINT (9.687634903000060 52.380278173000100)","Unfall 161740 (2022) Kat:3, Licht: 0","161740","3","3","5","09","11","6","","0","0","1","0","0"
"POINT (9.714529554000020 52.403401508000101)","Unfall 161772 (2022) Kat:3, Licht: 0","161772","3","7","0","09","13","6","","0","0","0","0","1"
"POINT (9.756448182000041 52.341531240000101)","Unfall 161774 (2022) Kat:2, Licht: 2","161774","2","6","2","09","19","5","","2","1","0","0","0"
"POINT (9.749135633000041 52.377188187000101)","Unfall 161778 (2022) Kat:3, Licht: 1","161778","3","6","3","10","18","4","","1","0","1","0","0"
"POINT (9.695240689000061 52.337646898999999)","Unfall 161793 (2022) Kat:3, Licht: 0","161793","3","6","2","09","07","4","","0","0","1","0","0"
"POINT (9.739268567000069 52.380676118000103)","Unfall 161798 (2022) Kat:3, Licht: 0","161798","3","1","0","09","17","6","","0","1","0","0","0"
"POINT (9.824609927000040 52.322480733000098)","Unfall 161815 (2022) Kat:2, Licht: 0","161815","2","1","0","09","09","6","","0","1","0","0","0"
"POINT (9.781694620000049 52.400382770000100)","Unfall 161822 (2022) Kat:3, Licht: 2","161822","3","2","2","09","20","6","","2","0","1","0","0"
"POINT (9.791678398000039 52.421194233999998)","Unfall 161824 (2022) Kat:3, Licht: 0","161824","3","3","5","09","12","1","","0","1","1","0","0"
"POINT (9.699295260000040 52.368697041000097)","Unfall 161875 (2022) Kat:3, Licht: 0","161875","3","6","2","09","15","4","","0","0","1","0","0"
"POINT (9.720421567000070 52.391430226000097)","Unfall 161877 (2022) Kat:3, Licht: 0","161877","3","7","0","09","12","4","","0","1","0","0","0"
"POINT (9.808799124000069 52.386036674000103)","Unfall 161880 (2022) Kat:2, Licht: 1","161880","2","3","0","10","18","7","","1","0","1","0","0"
"POINT (9.706306536000060 52.372635796000097)","Unfall 161900 (2022) Kat:3, Licht: 0","161900","3","3","0","09","18","3","","0","1","1","0","0"
"POINT (9.808259224000039 52.411900479000103)","Unfall 161904 (2022) Kat:3, Licht: 1","161904","3","3","5","09","06","5","","1","0","1","0","0"
"POINT (9.751602748000041 52.420996223000003)","Unfall 161907 (2022) Kat:3, Licht: 0","161907","3","2","5","09","17","2","","0","1","1","0","0"
"POINT (9.694330082000020 52.403735782000098)","Unfall 161916 (2022) Kat:3, Licht: 0","161916","3","6","2","09","12","7","","0","0","1","0","0"
"POINT (9.661141779000049 52.410184342000001)","Unfall 161919 (2022) Kat:3, Licht: 1","161919","3","5","1","09","21","4","","1","1","1","1","0"
"POINT (9.740413824000029 52.383270224000100)","Unfall 161926 (2022) Kat:3, Licht: 1","161926","3","2","2","09","18","3","","1","0","1","0","0"
"POINT (9.685656949000080 52.392986387000100)","Unfall 161928 (2022) Kat:3, Licht: 0","161928","3","1","0","10","16","7","","0","0","0","0","1"
"POINT (9.745057106000051 52.420065880999999)","Unfall 161937 (2022) Kat:3, Licht: 0","161937","3","5","1","09","18","6","","0","0","1","0","0"
"POINT (9.800992650000071 52.403480538000103)","Unfall 161939 (2022) Kat:3, Licht: 0","161939","3","6","4","09","11","5","","0","1","0","0","0"
"POINT (9.693703726000020 52.400981780000102)","Unfall 161944 (2022) Kat:3, Licht: 0","161944","3","3","5","09","08","4","","0","1","1","0","0"
"POINT (9.669864108000070 52.370561656000099)","Unfall 161965 (2022) Kat:2, Licht: 0","161965","2","7","0","09","17","1","","0","1","0","0","0"
"POINT (9.700499060000030 52.371880789999999)","Unfall 161966 (2022) Kat:3, Licht: 1","161966","3","7","7","09","16","5","","1","1","0","0","0"
"POINT (9.737575435000050 52.399121268999998)","Unfall 161991 (2022) Kat:3, Licht: 0","161991","3","2","5","09","13","4","","0","1","1","0","0"
"POINT (9.704556642000060 52.404967657999997)","Unfall 161993 (2022) Kat:3, Licht: 0","161993","3","5","1","09","17","7","","0","0","1","0","0"
"POINT (9.652395957000071 52.414839651000101)","Unfall 162009 (2022) Kat:2, Licht: 2","162009","2","3","5","09","06","6","","2","0","1","0","1"
"POINT (9.781364692000070 52.410210386000102)","Unfall 162014 (2022) Kat:3, Licht: 0","162014","3","2","3","09","07","2","","0","1","1","0","0"
"POINT (9.739353736000060 52.394399258000099)","Unfall 162041 (2022) Kat:3, Licht: 0","162041","3","4","6","09","16","5","","0","1","0","1","0"
"POINT (9.718219191000060 52.360421703999997)","Unfall 162059 (2022) Kat:3, Licht: 0","162059","3","5","1","09","09","2","","0","1","1","0","0"
"POINT (9.674345109000059 52.399520785000000)","Unfall 162090 (2022) Kat:3, Licht: 0","162090","3","3","5","10","16","4","","0","0","1","0","0"
"POINT (9.698707303000051 52.368583997000002)","Unfall 162102 (2022) Kat:3, Licht: 0","162102","3","3","5","09","14","6","","0","1","1","0","0"
"POINT (9.702046387000051 52.334034312000000)","Unfall 162104 (2022) Kat:3, Licht: 0","162104","3","3","5","09","08","3","","0","1","1","0","0"
"POINT (9.798375331000051 52.334503805000097)","Unfall 162105 (2022) Kat:3, Licht: 2","162105","3","6","2","09","21","2","","2","0","1","0","0"
"POINT (9.692261128000039 52.344366810000103)","Unfall 162107 (2022) Kat:3, Licht: 0","162107","3","4","6","10","14","1","","0","0","1","1","0"
"POINT (9.721641541000050 52.350354643999999)","Unfall 162108 (2022) Kat:2, Licht: 0","162108","2","4","6","09","17","4","","0","0","1","1","0"
"POINT (9.673762537000069 52.415735253000001)","Unfall 162116 (2022) Kat:3, Licht: 0","162116","3","3","5","09","15","7","","0","1","1","0","0"
"POINT (9.738764870000070 52.377084316999998)","Unfall 162153 (2022) Kat:3, Licht: 0","162153","3","6","0","09","11","4","","0","1","0","0","0"
"POINT (9.732623776000031 52.371534251000099)","Unfall 162154 (2022) Kat:3, Licht: 0","162154","3","2","3","09","16","3","","0","1","0","0","0"
"POINT (9.687542959000041 52.341295809000002)","Unfall 162159 (2022) Kat:3, Licht: 0","162159","3","3","5","09","07","6","","0","1","1","0","0"
"POINT (9.723496900000040 52.348555740000101)","Unfall 162163 (2022) Kat:3, Licht: 0","162163","3","1","0","09","16","5","","0","1","0","0","0"
"POINT (9.824024140000059 52.384073661000102)","Unfall 162176 (2022) Kat:3, Licht: 0","162176","3","6","2","09","17","5","","0","1","1","0","0"
"POINT (9.835408898000029 52.382352648000101)","Unfall 162205 (2022) Kat:3, Licht: 0","162205","3","3","5","09","08","7","","0","1","1","0","0"
"POINT (9.752842405000020 52.370110571000097)","Unfall 162207 (2022) Kat:3, Licht: 0","162207","3","2","3","09","16","6","","0","1","1","0","0"
"POINT (9.803167113000031 52.396508985000096)","Unfall 162208 (2022) Kat:3, Licht: 0","162208","3","3","5","09","08","5","","0","1","1","0","0"
"POINT (9.709266285000069 52.360314748000100)","Unfall 162210 (2022) Kat:3, Licht: 2","162210","3","2","4","09","20","4","","2","1","1","0","0"
"POINT (9.719607198000061 52.362009269000097)","Unfall 162227 (2022) Kat:3, Licht: 0","162227","3","3","5","09","07","2","","0","0","1","0","0"
"POINT (9.736781293000041 52.376924092000102)","Unfall 162240 (2022) Kat:2, Licht: 0","162240","2","2","0","09","10","4","","0","1","1","0","0"
"POINT (9.756435087000060 52.341662944000099)","Unfall 162247 (2022) Kat:3, Licht: 2","162247","3","6","2","10","23","4","","2","0","1","0","0"
"POINT (9.756443351000030 52.341579832000001)","Unfall 162263 (2022) Kat:3, Licht: 2","162263","3","1","7","09","20","3","","2","0","1","0","0"
"POINT (9.742783069000041 52.388137323000102)","Unfall 162286 (2022) Kat:3, Licht: 0","162286","3","1","0","09","12","4","","0","1","0","0","0"
"POINT (9.819825878000071 52.357601166000102)","Unfall 162288 (2022) Kat:3, Licht: 1","162288","3","3","5","09","06","3","","1","1","0","0","1"
"POINT (9.840498446000030 52.341479704999998)","Unfall 162304 (2022) Kat:3, Licht: 0","162304","3","3","5","09","16","6","","0","1","1","0","0"
"POINT (9.752115972000070 52.377994774999998)","Unfall 162306 (2022) Kat:3, Licht: 0","162306","3","3","5","09","08","3","","0","1","1","0","0"
"POINT (9.744798382000059 52.389213865000002)","Unfall 162310 (2022) Kat:3, Licht: 0","162310","3","4","0","09","07","4","","0","1","0","1","0"
"POINT (9.750530807000080 52.375293118000101)","Unfall 162312 (2022) Kat:3, Licht: 0","162312","3","3","5","09","15","5","","0","1","1","0","0"
"POINT (9.731685743000069 52.364863006000100)","Unfall 162316 (2022) Kat:3, Licht: 0","162316","3","6","3","09","13","5","","0","1","0","1","0"
"POINT (9.666098391000050 52.353498393999999)","Unfall 162320 (2022) Kat:3, Licht: 2","162320","3","7","8","09","21","3","","2","1","0","0","0"
"POINT (9.734813400000061 52.380363807000002)","Unfall 162321 (2022) Kat:3, Licht: 2","162321","3","2","4","09","21","2","","2","1","1","0","0"
"POINT (9.769341582000040 52.331850212000099)","Unfall 162323 (2022) Kat:3, Licht: 0","162323","3","1","1","10","15","1","","0","0","1","0","0"
"POINT (9.804882499000030 52.409959291000099)","Unfall 162327 (2022) Kat:3, Licht: 0","162327","3","3","5","09","13","7","","0","1","1","0","0"
"POINT (9.758299905000060 52.373147928000002)","Unfall 162332 (2022) Kat:3, Licht: 2","162332","3","7","0","09","23","7","","2","1","0","0","0"
"POINT (9.719457843000040 52.390623163999997)","Unfall 162339 (2022) Kat:3, Licht: 0","162339","3","3","5","09","12","3","","0","0","1","0","0"
"POINT (9.740574812000030 52.398720404000102)","Unfall 162340 (2022) Kat:3, Licht: 2","162340","3","2","2","10","19","7","","2","0","1","0","0"
"POINT (9.702103938000050 52.398885249999999)","Unfall 162347 (2022) Kat:3, Licht: 2","162347","3","1","0","10","22","4","","2","1","0","0","0"
"POINT (9.719746709000050 52.367133881000001)","Unfall 162359 (2022) Kat:3, Licht: 0","162359","3","7","0","09","08","3","","0","1","0","0","0"
"POINT (9.726788712000030 52.403050723000000)","Unfall 162363 (2022) Kat:3, Licht: 1","162363","3","1","0","09","18","4","","1","1","0","0","0"
"POINT (9.752500231000059 52.377270142000000)","Unfall 162375 (2022) Kat:3, Licht: 0","162375","3","3","5","09","08","3","","0","1","0","0","0"
"POINT (9.741874810000070 52.373551546000002)","Unfall 162376 (2022) Kat:3, Licht: 0","162376","3","6","3","09","13","2","","0","1","1","0","0"
"POINT (9.752246978000070 52.410941661999999)","Unfall 162380 (2022) Kat:3, Licht: 0","162380","3","3","0","09","08","5","","0","0","1","0","1"
"POINT (9.725569588000040 52.397946408999999)","Unfall 162382 (2022) Kat:3, Licht: 0","162382","3","2","4","09","14","2","","0","1","1","0","0"
"POINT (9.716088371000071 52.362325332000097)","Unfall 162393 (2022) Kat:3, Licht: 0","162393","3","2","2","09","07","5","","0","0","1","0","1"
"POINT (9.754094171000080 52.360085298999998)","Unfall 162394 (2022) Kat:3, Licht: 0","162394","3","4","6","09","08","6","","0","1","1","1","0"
"POINT (9.692735830000061 52.365127544000103)","Unfall 162395 (2022) Kat:3, Licht: 0","162395","3","3","5","09","07","5","","0","0","1","0","0"
"POINT (9.728946349000070 52.378042807000000)","Unfall 162399 (2022) Kat:3, Licht: 0","162399","3","6","2","09","15","2","","0","0","1","0","0"
"POINT (9.713317854000019 52.361015584000000)","Unfall 162400 (2022) Kat:2, Licht: 0","162400","2","6","3","10","10","3","","0","0","1","0","0"
"POINT (9.702429898000050 52.375015989000097)","Unfall 162406 (2022) Kat:3, Licht: 2","162406","3","2","5","09","21","5","","2","1","1","0","0"
"POINT (9.812863238000030 52.386145341000002)","Unfall 162407 (2022) Kat:3, Licht: 0","162407","3","3","5","09","12","4","","0","0","1","0","0"
"POINT (9.731178068000080 52.378704310000003)","Unfall 162411 (2022) Kat:3, Licht: 2","162411","3","6","2","10","02","2","","2","0","1","0","0"
"POINT (9.737556409000041 52.401552896000098)","Unfall 162422 (2022) Kat:3, Licht: 0","162422","3","3","5","09","14","6","","0","0","1","0","0"
"POINT (9.814011791000040 52.331899431000103)","Unfall 162425 (2022) Kat:3, Licht: 0","162425","3","2","0","09","13","3","","0","0","0","0","1"
"POINT (9.742896867000070 52.384432615000001)","Unfall 162427 (2022) Kat:3, Licht: 0","162427","3","2","4","09","13","6","","0","1","1","0","0"
"POINT (9.737841219000069 52.382028196000100)","Unfall 162429 (2022) Kat:3, Licht: 0","162429","3","7","0","09","18","5","","0","0","0","0","0"
"POINT (9.699157072000050 52.368670416999997)","Unfall 162441 (2022) Kat:3, Licht: 0","162441","3","3","5","09","16","5","","0","1","1","0","0"
"POINT (9.673577625000060 52.397862504999999)","Unfall 162447 (2022) Kat:3, Licht: 0","162447","3","3","5","09","17","1","","0","0","1","0","0"
"POINT (9.739755032000060 52.376984903000100)","Unfall 162451 (2022) Kat:3, Licht: 2","162451","3","7","0","09","23","6","","2","1","0","0","0"
"POINT (9.741688459000040 52.372200208999999)","Unfall 162456 (2022) Kat:3, Licht: 0","162456","3","4","0","09","17","7","","0","1","0","1","0"
"POINT (9.787168088000040 52.412439038999999)","Unfall 162476 (2022) Kat:3, Licht: 2","162476","3","3","5","09","20","2","","2","1","1","0","0"
"POINT (9.740751161000050 52.398700699000102)","Unfall 162490 (2022) Kat:2, Licht: 0","162490","2","3","5","09","08","4","","0","1","1","0","0"
"POINT (9.751152515000060 52.387375264000099)","Unfall 162493 (2022) Kat:3, Licht: 0","162493","3","6","0","09","15","3","","0","1","0","0","0"
"POINT (9.733237251000050 52.376714053999997)","Unfall 162511 (2022) Kat:3, Licht: 2","162511","3","6","2","09","20","6","","2","0","1","0","0"
"POINT (9.699338668000051 52.415922584000000)","Unfall 162517 (2022) Kat:3, Licht: 0","162517","3","2","0","09","15","5","","0","1","1","0","0"
"POINT (9.757421895000050 52.374420121000099)","Unfall 162523 (2022) Kat:3, Licht: 0","162523","3","1","0","09","07","3","","0","1","1","0","0"
"POINT (9.781022341000041 52.399997621000097)","Unfall 162525 (2022) Kat:3, Licht: 2","162525","3","2","5","09","21","1","","2","0","1","0","0"
"POINT (9.744227095000040 52.377436580000101)","Unfall 162529 (2022) Kat:3, Licht: 0","162529","3","7","0","09","14","5","","0","1","0","0","0"
"POINT (9.770750973000080 52.384060637000097)","Unfall 162550 (2022) Kat:3, Licht: 2","162550","3","7","0","09","05","1","","2","0","0","0","0"
"POINT (9.736562441000050 52.371256492000001)","Unfall 162561 (2022) Kat:3, Licht: 2","162561","3","2","2","09","20","7","","2","0","1","0","0"
"POINT (9.756584565000029 52.340725096000000)","Unfall 162565 (2022) Kat:3, Licht: 0","162565","3","2","5","09","12","6","","0","1","1","0","0"
"POINT (9.756430070000020 52.342733490999997)","Unfall 162576 (2022) Kat:3, Licht: 0","162576","3","3","5","10","14","1","","0","1","1","0","0"
"POINT (9.641746754000049 52.416163018000098)","Unfall 162582 (2022) Kat:3, Licht: 0","162582","3","4","6","09","14","3","","0","0","1","1","0"
"POINT (9.780750209000081 52.328501303000102)","Unfall 162583 (2022) Kat:3, Licht: 0","162583","3","2","5","09","07","2","","0","1","1","0","0"
"POINT (9.821385891000030 52.341675490000100)","Unfall 162588 (2022) Kat:3, Licht: 2","162588","3","7","0","09","05","4","","2","1","0","0","0"
"POINT (9.671122531000041 52.402710497000001)","Unfall 162603 (2022) Kat:3, Licht: 2","162603","3","3","5","09","21","6","","2","1","1","0","0"
"POINT (9.727750615000049 52.373966295999999)","Unfall 162610 (2022) Kat:3, Licht: 2","162610","3","6","2","10","21","1","","2","0","1","0","0"
"POINT (9.739106651000039 52.391902842000000)","Unfall 162618 (2022) Kat:3, Licht: 0","162618","3","6","0","10","08","4","","0","0","1","0","0"
"POINT (9.756539431000020 52.340075517999999)","Unfall 162638 (2022) Kat:3, Licht: 0","162638","3","2","5","11","13","4","","0","1","1","0","0"
"POINT (9.683106825000040 52.346616577000098)","Unfall 162643 (2022) Kat:3, Licht: 2","162643","3","5","1","10","20","7","","2","1","1","0","0"
"POINT (9.756557639000050 52.420401261000102)","Unfall 162653 (2022) Kat:3, Licht: 0","162653","3","3","0","11","15","6","","0","1","1","0","0"
"POINT (9.789919661000059 52.376117260999997)","Unfall 162655 (2022) Kat:3, Licht: 1","162655","3","7","0","10","06","3","","1","1","0","0","0"
"POINT (9.700661281000070 52.387452503000098)","Unfall 162673 (2022) Kat:3, Licht: 2","162673","3","7","8","11","17","7","","2","0","0","0","0"
"POINT (9.719746329000030 52.367240792000104)","Unfall 162674 (2022) Kat:3, Licht: 0","162674","3","4","6","10","13","6","","0","0","1","1","0"
"POINT (9.744760942000029 52.420058782000098)","Unfall 162679 (2022) Kat:3, Licht: 0","162679","3","5","4","10","13","3","","0","0","1","0","0"
"POINT (9.672236289000070 52.354123886000103)","Unfall 162692 (2022) Kat:3, Licht: 0","162692","3","3","0","10","09","3","","0","1","1","0","0"
"POINT (9.733832598000051 52.394776305999997)","Unfall 162710 (2022) Kat:3, Licht: 1","162710","3","2","5","10","07","5","","1","0","1","0","1"
"POINT (9.757265615000049 52.366051640000101)","Unfall 162723 (2022) Kat:3, Licht: 0","162723","3","3","5","10","15","6","","0","1","1","0","0"
"POINT (9.787076207000039 52.410246966000003)","Unfall 162725 (2022) Kat:3, Licht: 0","162725","3","3","5","10","08","5","","0","1","1","0","0"
"POINT (9.761542739000051 52.342212823000096)","Unfall 162736 (2022) Kat:3, Licht: 2","162736","3","6","3","10","18","2","","2","0","1","0","0"
"POINT (9.724970479000040 52.344246858000098)","Unfall 162746 (2022) Kat:3, Licht: 0","162746","3","4","6","11","15","3","","0","0","1","1","0"
"POINT (9.721382818000050 52.379248608000097)","Unfall 162750 (2022) Kat:3, Licht: 2","162750","3","2","4","10","18","2","","2","1","1","0","0"
"POINT (9.728177443000050 52.340663964999997)","Unfall 162754 (2022) Kat:3, Licht: 0","162754","3","3","5","11","14","5","","0","1","1","0","0"
"POINT (9.764195463000020 52.381228471999997)","Unfall 162764 (2022) Kat:3, Licht: 0","162764","3","7","0","10","17","3","","0","1","0","0","0"
"POINT (9.808322567000060 52.385810295000098)","Unfall 162765 (2022) Kat:3, Licht: 2","162765","3","6","2","10","20","1","","2","0","1","0","0"
"POINT (9.791790372000040 52.402371201000101)","Unfall 162773 (2022) Kat:3, Licht: 0","162773","3","1","0","10","12","6","","0","1","0","0","0"
"POINT (9.756819791000050 52.367677957000097)","Unfall 162776 (2022) Kat:3, Licht: 0","162776","3","3","5","10","15","1","","0","1","1","0","0"
"POINT (9.777603861000051 52.331843951000103)","Unfall 162781 (2022) Kat:3, Licht: 2","162781","3","3","5","10","19","6","","2","0","1","0","0"
"POINT (9.747889718000071 52.395240330000000)","Unfall 162795 (2022) Kat:3, Licht: 0","162795","3","3","5","10","13","5","","0","1","1","0","0"
"POINT (9.691325775000051 52.409784235000103)","Unfall 162797 (2022) Kat:3, Licht: 0","162797","3","5","1","10","10","7","","0","1","1","0","0"
"POINT (9.762774164000060 52.409948557000099)","Unfall 162804 (2022) Kat:3, Licht: 0","162804","3","6","2","11","12","7","","0","0","1","0","0"
"POINT (9.820996694000030 52.419158752999998)","Unfall 162807 (2022) Kat:3, Licht: 0","162807","3","3","5","10","10","7","","0","1","0","0","0"
"POINT (9.686917909000041 52.377087574000001)","Unfall 162824 (2022) Kat:3, Licht: 1","162824","3","7","0","10","17","3","","1","1","0","0","0"
"POINT (9.783678429000080 52.398354425999997)","Unfall 162838 (2022) Kat:3, Licht: 0","162838","3","5","3","10","13","6","","0","0","1","0","0"
"POINT (9.758905817000031 52.364750547000000)","Unfall 162849 (2022) Kat:3, Licht: 0","162849","3","2","6","11","13","7","","0","1","0","1","0"
"POINT (9.824757571000021 52.360553350000004)","Unfall 162852 (2022) Kat:3, Licht: 2","162852","3","5","1","10","19","4","","2","0","1","0","0"
"POINT (9.710846905000039 52.373207772000100)","Unfall 162867 (2022) Kat:3, Licht: 0","162867","3","3","5","11","09","5","","0","0","1","0","0"