WKT,Name,OBJECTID,UKATEGORIE,UTYP1,UART,UMONAT,USTUNDE,UWOCHENTAG,STRZUSTAND,ULICHTVERH,ISTRAD,ISTPKW,ISTFUSS,ISTKRAD
"POINT (9.724158642000081 52.346606479000101)","Unfall 162876 (2022) Kat:3, Licht: 1","162876","3","5","3","11","18","3","","1","1","1","0","0"
"POINT (9.717958679000050 52.381313145000000)","Unfall 162881 (2022) Kat:1, Licht: 0","162881","1","6","4","11","14","6","","0","1","0","0","0"
"POINT (9.755691267000030 52.374164769000103)","Unfall 162895 (2022) Kat:2, Licht: 0","162895","2","4","6","10","08","4","","0","1","0","1","0"
"POINT (9.713872398000030 52.342241702000102)","Unfall 162897 (2022) Kat:2, Licht: 0","162897","2","1","0","10","16","7","","0","1","0","0","0"
"POINT (9.780097315000029 52.399751636000097)","Unfall 162900 (2022) Kat:3, Licht: 2","162900","3","2","5","10","06","6","","2","0","1","0","0"
"POINT (9.708341598000059 52.394430145999998)","Unfall 162902 (2022) Kat:3, Licht: 1","162902","3","7","0","10","07","4","","1","1","0","0","0"
"POINT (9.726490953000051 52.394714821000001)","Unfall 162914 (2022) Kat:3, Licht: 1","162914","3","3","5","10","20","2","","1","1","1","0","0"
"POINT (9.704319442000040 52.369658183000098)","Unfall 162921 (2022) Kat:3, Licht: 1","162921","3","3","5","10","16","7","","1","0","1","0","0"
"POINT (9.781911455000060 52.328916236000097)","Unfall 162925 (2022) Kat:3, Licht: 1","162925","3","4","6","11","16","5","","1","1","0","1","0"
"POINT (9.775027461000040 52.369054743000000)","Unfall 162934 (2022) Kat:3, Licht: 2","162934","3","1","0","11","19","4","","2","1","0","0","0"
"POINT (9.684621064000050 52.393382086000003)","Unfall 162935 (2022) Kat:3, Licht: 0","162935","3","7","0","11","09","7","","0","1","1","0","0"
"POINT (9.792488958000041 52.396997556000002)","Unfall 162946 (2022) Kat:3, Licht: 0","162946","3","2","5","10","13","4","","0","1","1","0","0"
"POINT (9.748989725000060 52.378554435000098)","Unfall 162949 (2022) Kat:3, Licht: 0","162949","3","7","0","11","15","7","","0","1","0","1","0"
"POINT (9.717197375000071 52.345033912000098)","Unfall 162959 (2022) Kat:3, Licht: 0","162959","3","3","5","11","10","6","","0","1","1","0","0"
"POINT (9.740759985000070 52.360934022000002)","Unfall 162960 (2022) Kat:3, Licht: 0","162960","3","1","0","11","12","3","","0","1","0","0","0"
"POINT (9.723487051000060 52.355034470000099)","Unfall 162970 (2022) Kat:3, Licht: 0","162970","3","3","5","11","09","2","","0","1","1","0","0"
"POINT (9.730900683000071 52.392812112000101)","Unfall 163010 (2022) Kat:3, Licht: 0","163010","3","3","5","11","16","3","","0","1","0","0","0"
"POINT (9.738105399000061 52.381828048000003)","Unfall 163021 (2022) Kat:3, Licht: 2","163021","3","3","5","10","18","5","","2","1","1","0","0"
"POINT (9.816695692000049 52.392589239000102)","Unfall 163028 (2022) Kat:3, Licht: 2","163028","3","7","0","10","01","7","","2","1","0","0","0"
"POINT (9.672922109000069 52.359713184000000)","Unfall 163043 (2022) Kat:3, Licht: 2","163043","3","3","5","10","22","6","","2","0","1","0","1"
"POINT (9.695237606000029 52.337684222000100)","Unfall 163053 (2022) Kat:3, Licht: 0","163053","3","3","5","10","17","2","","0","1","1","0","0"
"POINT (9.747421480000069 52.387565752999997)","Unfall 163054 (2022) Kat:3, Licht: 0","163054","3","3","5","11","10","5","","0","1","1","0","0"
"POINT (9.720757625000029 52.375730881999999)","Unfall 163056 (2022) Kat:3, Licht: 0","163056","3","6","2","10","12","1","","0","0","1","0","0"
"POINT (9.717211635000069 52.345447744000097)","Unfall 163059 (2022) Kat:3, Licht: 0","163059","3","2","5","10","12","7","","0","1","0","0","0"
"POINT (9.750641895000060 52.383919102000000)","Unfall 163067 (2022) Kat:3, Licht: 0","163067","3","1","0","10","16","3","","0","1","0","0","0"
"POINT (9.815640516000030 52.406123428000100)","Unfall 163068 (2022) Kat:3, Licht: 0","163068","3","1","0","11","16","5","","0","1","0","0","0"
"POINT (9.715250652000069 52.386572635999997)","Unfall 163070 (2022) Kat:3, Licht: 0","163070","3","2","3","10","09","2","","0","1","1","0","0"
"POINT (9.732468829000030 52.374157789000002)","Unfall 163073 (2022) Kat:3, Licht: 0","163073","3","7","0","10","15","5","","0","1","0","0","0"
"POINT (9.691083866000040 52.394474613000099)","Unfall 163074 (2022) Kat:3, Licht: 0","163074","3","7","0","11","13","4","","0","1","0","0","0"
"POINT (9.705835097000030 52.390740614000002)","Unfall 163090 (2022) Kat:3, Licht: 2","163090","3","3","5","10","18","2","","2","1","1","0","0"
"POINT (9.781443380000040 52.400109804000103)","Unfall 163099 (2022) Kat:3, Licht: 0","163099","3","2","2","10","15","5","","0","0","1","0","0"
"POINT (9.841549997000071 52.414699793000104)","Unfall 163115 (2022) Kat:3, Licht: 0","163115","3","1","6","10","17","3","","0","0","1","1","0"
"POINT (9.765999517000070 52.365598648999999)","Unfall 163132 (2022) Kat:3, Licht: 0","163132","3","5","1","10","11","5","","0","1","1","0","0"
"POINT (9.713358928000050 52.371422524000103)","Unfall 163136 (2022) Kat:3, Licht: 0","163136","3","1","0","10","08","2","","0","1","0","0","0"
"POINT (9.705742284000049 52.329071878000001)","Unfall 163137 (2022) Kat:3, Licht: 0","163137","3","7","0","11","13","6","","0","1","0","0","0"
"POINT (9.744079975000030 52.372581977999999)","Unfall 163145 (2022) Kat:3, Licht: 1","163145","3","7","0","10","20","5","","1","1","0","0","0"
"POINT (9.727985637000071 52.340587263000003)","Unfall 163153 (2022) Kat:3, Licht: 2","163153","3","5","0","10","20","7","","2","1","1","0","0"
"POINT (9.771444587000079 52.338751665000103)","Unfall 163161 (2022) Kat:3, Licht: 1","163161","3","4","6","11","16","3","","1","0","1","1","0"
"POINT (9.765735052000030 52.395902045000099)","Unfall 163163 (2022) Kat:3, Licht: 0","163163","3","3","5","10","17","3","","0","0","1","0","1"
"POINT (9.726319533000041 52.417433032000098)","Unfall 163168 (2022) Kat:2, Licht: 2","163168","2","1","9","10","02","6","","2","0","0","0","0"
"POINT (9.750880439000071 52.376829585000102)","Unfall 163170 (2022) Kat:3, Licht: 0","163170","3","2","5","10","09","6","","0","1","0","0","0"
"POINT (9.870701793000020 52.366728371000100)","Unfall 163180 (2022) Kat:3, Licht: 2","163180","3","6","8","10","21","5","","2","0","1","0","0"
"POINT (9.692349860000039 52.344521610000101)","Unfall 163183 (2022) Kat:3, Licht: 0","163183","3","1","0","10","13","1","","0","1","0","0","0"
"POINT (9.707211012000069 52.369301595000103)","Unfall 163188 (2022) Kat:3, Licht: 0","163188","3","3","5","11","10","5","","0","1","0","0","0"
"POINT (9.820424432000040 52.358969442999999)","Unfall 163194 (2022) Kat:3, Licht: 0","163194","3","7","0","10","14","5","","0","1","0","0","0"
"POINT (9.720228566000060 52.354723029000098)","Unfall 163195 (2022) Kat:3, Licht: 0","163195","3","3","5","10","10","5","","0","1","1","0","0"
"POINT (9.714734234000050 52.392933809000098)","Unfall 163201 (2022) Kat:2, Licht: 2","163201","2","4","6","11","19","4","","2","0","1","1","0"
"POINT (9.730593355000050 52.391425124000101)","Unfall 163207 (2022) Kat:3, Licht: 0","163207","3","6","0","11","10","7","","0","0","1","0","0"
"POINT (9.750573130000021 52.375311044999997)","Unfall 163215 (2022) Kat:3, Licht: 1","163215","3","3","5","10","17","3","","1","0","1","0","0"
"POINT (9.753302282000050 52.382820518000102)","Unfall 163217 (2022) Kat:3, Licht: 0","163217","3","3","5","11","11","6","","0","0","1","0","0"
"POINT (9.708607303000059 52.388385411000101)","Unfall 163224 (2022) Kat:3, Licht: 0","163224","3","3","5","10","16","2","","0","1","1","0","0"
"POINT (9.692522146000041 52.398395839999999)","Unfall 163229 (2022) Kat:3, Licht: 0","163229","3","6","2","10","16","2","","0","0","1","0","0"
"POINT (9.741573379000039 52.383908900999998)","Unfall 163236 (2022) Kat:3, Licht: 0","163236","3","7","0","10","09","2","","0","0","1","0","0"
"POINT (9.656351826000050 52.407445026000097)","Unfall 163238 (2022) Kat:2, Licht: 0","163238","2","3","5","11","07","4","","0","1","1","0","0"
"POINT (9.766610575000071 52.418359479999999)","Unfall 163245 (2022) Kat:3, Licht: 0","163245","3","6","2","10","07","3","","0","0","1","0","0"
"POINT (9.739658708000039 52.376918719999999)","Unfall 163251 (2022) Kat:3, Licht: 2","163251","3","2","6","11","22","6","","2","0","0","1","0"
"POINT (9.744840247000070 52.374690466000096)","Unfall 163254 (2022) Kat:2, Licht: 0","163254","2","6","3","10","18","4","","0","1","1","0","0"
"POINT (9.776503449000071 52.362931455000101)","Unfall 163276 (2022) Kat:3, Licht: 0","163276","3","7","0","10","07","3","","0","1","0","0","0"
"POINT (9.739529694000050 52.376865478000099)","Unfall 163281 (2022) Kat:3, Licht: 0","163281","3","7","0","10","11","5","","0","0","1","0","0"
"POINT (9.744048100000040 52.379760588000103)","Unfall 163284 (2022) Kat:3, Licht: 0","163284","3","7","0","11","15","1","","0","1","0","0","0"
"POINT (9.717103831000030 52.341888197000102)","Unfall 163285 (2022) Kat:3, Licht: 2","163285","3","3","5","10","18","7","","2","1","0","0","0"
"POINT (9.690638265000080 52.346134630999998)","Unfall 163287 (2022) Kat:3, Licht: 0","163287","3","2","4","10","15","4","","0","0","1","0","0"
"POINT (9.764638358000070 52.394542365000099)","Unfall 163290 (2022) Kat:3, Licht: 0","163290","3","3","5","10","16","3","","0","1","1","0","0"
"POINT (9.699805646000071 52.334381517000097)","Unfall 163294 (2022) Kat:3, Licht: 0","163294","3","4","6","10","16","3","","0","0","1","1","0"
"POINT (9.735490026000040 52.372186306000103)","Unfall 163303 (2022) Kat:3, Licht: 0","163303","3","4","6","11","14","5","","0","0","1","1","0"
"POINT (9.792483760000041 52.397511461000100)","Unfall 163307 (2022) Kat:1, Licht: 0","163307","1","3","5","10","09","2","","0","1","1","0","0"
"POINT (9.809118629000070 52.332193436000097)","Unfall 163309 (2022) Kat:3, Licht: 0","163309","3","6","2","10","17","5","","0","0","1","0","1"
"POINT (9.828885585000020 52.347062483000101)","Unfall 163322 (2022) Kat:3, Licht: 0","163322","3","7","1","10","17","5","","0","0","1","1","0"
"POINT (9.792256419000070 52.403025094000000)","Unfall 163328 (2022) Kat:3, Licht: 0","163328","3","3","5","10","13","2","","0","1","1","0","0"
"POINT (9.780260566000040 52.401774257000099)","Unfall 163330 (2022) Kat:3, Licht: 2","163330","3","5","1","10","02","4","","2","1","1","0","0"
"POINT (9.751903426000069 52.372936129999999)","Unfall 163337 (2022) Kat:3, Licht: 0","163337","3","3","5","11","08","4","","0","1","1","0","0"
"POINT (9.750853213000029 52.388017863000101)","Unfall 163353 (2022) Kat:2, Licht: 0","163353","2","7","0","10","17","5","","0","0","0","0","0"
"POINT (9.792919299000060 52.394776469000099)","Unfall 163362 (2022) Kat:3, Licht: 1","163362","3","6","2","10","19","1","","1","0","1","0","0"
"POINT (9.714280629000029 52.404794831000103)","Unfall 163363 (2022) Kat:3, Licht: 0","163363","3","5","1","10","11","4","","0","0","1","0","0"
"POINT (9.762683789000050 52.368622143000003)","Unfall 163376 (2022) Kat:3, Licht: 0","163376","3","3","5","10","15","6","","0","1","1","0","0"
"POINT (9.747783725000030 52.391508242999997)","Unfall 163381 (2022) Kat:3, Licht: 0","163381","3","4","6","11","08","4","","0","1","0","1","0"
"POINT (9.763469362000020 52.339327246000003)","Unfall 163390 (2022) Kat:3, Licht: 2","163390","3","2","2","11","17","6","","2","1","1","0","0"
"POINT (9.760919655000070 52.339527396000101)","Unfall 163391 (2022) Kat:3, Licht: 1","163391","3","5","1","11","07","3","","1","1","1","0","0"
"POINT (9.766805871000029 52.418321836000104)","Unfall 163394 (2022) Kat:2, Licht: 0","163394","2","6","4","10","09","6","","0","1","0","0","0"
"POINT (9.703109810000059 52.341233011999996)","Unfall 163396 (2022) Kat:3, Licht: 0","163396","3","7","7","10","07","6","","0","1","0","0","0"
"POINT (9.744228694000070 52.388921887999999)","Unfall 163412 (2022) Kat:3, Licht: 0","163412","3","5","0","10","10","1","","0","1","1","0","0"
"POINT (9.722565487000050 52.387111632000000)","Unfall 163429 (2022) Kat:3, Licht: 0","163429","3","5","1","11","16","6","","0","1","1","0","0"
"POINT (9.790568552000019 52.354212000000103)","Unfall 163431 (2022) Kat:3, Licht: 0","163431","3","7","9","11","13","3","","0","0","1","0","0"
"POINT (9.763414219000030 52.402101901999998)","Unfall 163437 (2022) Kat:3, Licht: 1","163437","3","1","0","11","16","5","","1","1","0","0","0"
"POINT (9.802875871000030 52.416830902000100)","Unfall 163438 (2022) Kat:3, Licht: 0","163438","3","3","0","10","11","3","","0","0","1","0","1"
"POINT (9.748499104000080 52.361798401999998)","Unfall 163442 (2022) Kat:3, Licht: 0","163442","3","3","5","10","10","4","","0","1","1","0","0"
"POINT (9.763334513000069 52.356501959000099)","Unfall 163459 (2022) Kat:3, Licht: 2","163459","3","7","0","10","04","1","","2","1","0","0","0"
"POINT (9.691062560000031 52.335970336000102)","Unfall 163463 (2022) Kat:2, Licht: 0","163463","2","4","0","10","09","1","","0","1","0","1","0"
"POINT (9.717269067000069 52.346372108000097)","Unfall 163475 (2022) Kat:3, Licht: 0","163475","3","2","5","10","16","6","","0","0","1","0","0"
"POINT (9.730801000000040 52.408017734000097)","Unfall 163492 (2022) Kat:3, Licht: 0","163492","3","5","1","11","06","5","","0","0","1","0","0"
"POINT (9.712603441000059 52.384984885000101)","Unfall 163499 (2022) Kat:3, Licht: 0","163499","3","3","5","11","10","7","","0","1","1","0","0"
"POINT (9.798990346000039 52.392248434000102)","Unfall 163526 (2022) Kat:3, Licht: 2","163526","3","6","2","10","19","6","","2","0","1","0","0"
"POINT (9.746320755000060 52.354363833999997)","Unfall 163529 (2022) Kat:3, Licht: 0","163529","3","1","0","10","08","6","","0","1","0","0","0"
"POINT (9.663696877000060 52.380121234000100)","Unfall 163550 (2022) Kat:3, Licht: 0","163550","3","3","5","10","16","4","","0","1","1","0","0"
"POINT (9.664361974000030 52.411840455000103)","Unfall 163565 (2022) Kat:3, Licht: 0","163565","3","3","5","11","12","5","","0","1","1","0","0"
"POINT (9.751790378000070 52.373576705000097)","Unfall 163568 (2022) Kat:2, Licht: 0","163568","2","1","0","10","17","5","","0","1","0","0","0"
"POINT (9.773588400000049 52.335475004000003)","Unfall 163578 (2022) Kat:3, Licht: 0","163578","3","6","3","10","16","3","","0","1","0","0","0"
"POINT (9.755262408000020 52.344335768000100)","Unfall 163587 (2022) Kat:3, Licht: 0","163587","3","6","0","11","09","5","","0","1","0","0","0"
"POINT (9.663845257000050 52.366877681000098)","Unfall 163603 (2022) Kat:3, Licht: 0","163603","3","6","2","10","14","3","","0","1","1","0","0"
"POINT (9.753803835000040 52.351891147000103)","Unfall 163622 (2022) Kat:3, Licht: 0","163622","3","3","5","11","09","5","","0","1","0","0","0"
"POINT (9.705917760000030 52.372033189000000)","Unfall 163627 (2022) Kat:3, Licht: 0","163627","3","3","5","11","11","4","","0","1","0","0","0"
"POINT (9.727735598000040 52.361288363000000)","Unfall 163652 (2022) Kat:2, Licht: 0","163652","2","1","0","10","17","1","","0","0","0","0","1"
"POINT (9.692172530000050 52.397252666999997)","Unfall 163655 (2022) Kat:3, Licht: 0","163655","3","3","5","10","16","7","","0","1","0","0","1"
"POINT (9.716086890000041 52.388052854000101)","Unfall 163671 (2022) Kat:3, Licht: 0","163671","3","5","1","10","15","5","","0","0","1","0","0"
"POINT (9.754349628000060 52.375622812000103)","Unfall 163687 (2022) Kat:3, Licht: 0","163687","3","5","1","11","07","3","","0","1","1","0","0"
"POINT (9.686695479000040 52.417527559000099)","Unfall 163689 (2022) Kat:3, Licht: 0","163689","3","6","0","10","08","2","","0","0","1","0","0"
"POINT (9.717132416000030 52.342721967999999)","Unfall 163696 (2022) Kat:3, Licht: 2","163696","3","7","6","10","00","1","","2","1","0","1","0"
"POINT (9.677780066000031 52.415995391000102)","Unfall 163698 (2022) Kat:3, Licht: 2","163698","3","2","5","10","04","5","","2","1","1","0","0"
"POINT (9.775266426000030 52.363533215000103)","Unfall 163706 (2022) Kat:3, Licht: 0","163706","3","2","5","12","10","6","","0","0","0","0","0"
"POINT (9.815606070000060 52.319401840000097)","Unfall 163707 (2022) Kat:3, Licht: 2","163707","3","6","2","11","17","2","","2","0","1","0","0"
"POINT (9.701338875000030 52.395879330000099)","Unfall 163720 (2022) Kat:3, Licht: 2","163720","3","3","5","12","23","3","","2","0","1","0","0"
"POINT (9.791083217000050 52.405364933000001)","Unfall 163731 (2022) Kat:3, Licht: 2","163731","3","6","2","11","17","3","","2","0","1","0","0"
"POINT (9.676641050000059 52.377290246000001)","Unfall 163739 (2022) Kat:3, Licht: 1","163739","3","6","2","12","07","2","","1","0","1","0","0"
"POINT (9.797113826000039 52.375903128000097)","Unfall 163740 (2022) Kat:3, Licht: 0","163740","3","1","0","11","09","6","","0","1","0","0","0"
"POINT (9.706811740000029 52.407822839000097)","Unfall 163746 (2022) Kat:3, Licht: 0","163746","3","3","5","11","11","4","","0","0","1","0","0"
"POINT (9.667035502000029 52.372991616000000)","Unfall 163749 (2022) Kat:3, Licht: 0","163749","3","7","0","11","09","2","","0","0","0","0","0"
"POINT (9.726198958000049 52.403696967000002)","Unfall 163754 (2022) Kat:3, Licht: 0","163754","3","1","0","11","12","4","","0","1","0","0","0"
"POINT (9.734881917000051 52.380312394999997)","Unfall 163767 (2022) Kat:3, Licht: 1","163767","3","2","2","11","16","6","","1","0","1","0","0"
"POINT (9.762753396000051 52.410685045000001)","Unfall 163775 (2022) Kat:3, Licht: 1","163775","3","6","2","11","16","5","","1","0","1","0","0"
"POINT (9.745954994000041 52.362183432999998)","Unfall 163788 (2022) Kat:3, Licht: 0","163788","3","4","0","12","13","6","","0","0","0","1","0"
"POINT (9.768600054000050 52.394395531000001)","Unfall 163793 (2022) Kat:3, Licht: 0","163793","3","7","5","11","09","6","","0","0","1","0","0"
"POINT (9.767704559000039 52.410329160000103)","Unfall 163795 (2022) Kat:3, Licht: 0","163795","3","2","4","12","08","3","","0","0","1","0","0"
"POINT (9.792506763000061 52.396840484999998)","Unfall 163798 (2022) Kat:3, Licht: 2","163798","3","3","5","11","18","4","","2","0","1","0","0"
"POINT (9.795492483000031 52.375468145000099)","Unfall 163799 (2022) Kat:3, Licht: 2","163799","3","4","6","12","07","3","","2","0","1","1","0"
"POINT (9.784771434000049 52.325854704999998)","Unfall 163803 (2022) Kat:3, Licht: 0","163803","3","3","5","12","14","5","","0","0","1","0","0"
"POINT (9.737217936000039 52.370045969000003)","Unfall 163808 (2022) Kat:3, Licht: 2","163808","3","5","1","11","20","4","","2","0","1","0","0"
"POINT (9.761075673000050 52.363556144000000)","Unfall 163815 (2022) Kat:3, Licht: 0","163815","3","7","0","12","13","1","","0","1","0","0","0"
"POINT (9.808630154000070 52.404027356000000)","Unfall 163825 (2022) Kat:3, Licht: 1","163825","3","2","3","11","07","3","","1","0","1","0","1"
"POINT (9.758710666000070 52.365978349999999)","Unfall 163855 (2022) Kat:3, Licht: 2","163855","3","3","5","11","06","6","","2","1","1","0","0"
"POINT (9.759005478000059 52.361947944000100)","Unfall 163864 (2022) Kat:3, Licht: 2","163864","3","1","0","12","21","1","","2","1","0","0","0"
"POINT (9.671455878000071 52.365092945000100)","Unfall 163871 (2022) Kat:2, Licht: 2","163871","2","4","6","12","18","3","","2","0","1","1","0"
"POINT (9.729274703000041 52.390715441000097)","Unfall 163878 (2022) Kat:3, Licht: 0","163878","3","3","5","12","09","6","","0","1","1","0","0"
"POINT (9.713788255000050 52.343746978000098)","Unfall 163882 (2022) Kat:3, Licht: 0","163882","3","7","0","11","12","4","","0","0","0","0","0"
"POINT (9.705098722000059 52.374268244000099)","Unfall 163886 (2022) Kat:3, Licht: 1","163886","3","7","0","11","07","5","","1","1","0","0","0"
"POINT (9.766027189000059 52.381987643999999)","Unfall 163907 (2022) Kat:3, Licht: 2","163907","3","2","5","11","07","6","","2","1","1","0","0"
"POINT (9.731203158000030 52.378712931999999)","Unfall 163921 (2022) Kat:3, Licht: 0","163921","3","2","5","11","14","4","","0","1","1","0","0"
"POINT (9.853617484000040 52.363772677999997)","Unfall 163929 (2022) Kat:3, Licht: 2","163929","3","7","0","11","07","3","","2","1","0","0","0"
"POINT (9.721159836000030 52.390387300999997)","Unfall 163941 (2022) Kat:2, Licht: 2","163941","2","6","6","12","19","4","","2","1","0","1","0"
"POINT (9.739458230000031 52.380822588999997)","Unfall 163947 (2022) Kat:3, Licht: 2","163947","3","2","5","12","18","3","","2","1","1","0","0"
"POINT (9.689452151000070 52.349547524000101)","Unfall 163948 (2022) Kat:3, Licht: 2","163948","3","1","8","11","03","4","","2","0","1","0","0"
"POINT (9.759206322000070 52.361684369000002)","Unfall 163949 (2022) Kat:2, Licht: 1","163949","2","2","6","12","16","1","","1","0","1","1","0"
"POINT (9.750878581000050 52.375558802999997)","Unfall 163969 (2022) Kat:3, Licht: 0","163969","3","2","5","11","15","6","","0","1","1","0","0"
"POINT (9.747297999000070 52.385447145000100)","Unfall 163973 (2022) Kat:3, Licht: 1","163973","3","3","1","11","15","4","","1","1","0","0","0"
"POINT (9.736948919000040 52.376486854000099)","Unfall 163990 (2022) Kat:3, Licht: 2","163990","3","6","2","11","20","2","","2","0","1","0","0"
"POINT (9.765232234000051 52.367023949000000)","Unfall 163992 (2022) Kat:3, Licht: 2","163992","3","5","1","11","19","5","","2","0","1","0","0"
"POINT (9.744813345000070 52.372304225000100)","Unfall 163997 (2022) Kat:3, Licht: 2","163997","3","4","6","12","17","7","","2","0","1","1","0"
"POINT (9.763153967000051 52.395164931000103)","Unfall 163998 (2022) Kat:3, Licht: 2","163998","3","6","2","12","19","2","","2","1","1","0","0"
"POINT (9.736363792000081 52.395355702000103)","Unfall 164004 (2022) Kat:3, Licht: 0","164004","3","2","5","11","15","5","","0","1","1","0","0"
"POINT (9.757548366000041 52.366070211000100)","Unfall 164011 (2022) Kat:3, Licht: 1","164011","3","5","4","12","16","6","","1","1","1","0","0"
"POINT (9.758749762000040 52.364545540999998)","Unfall 164015 (2022) Kat:3, Licht: 0","164015","3","6","4","11","16","4","","0","1","1","0","0"
"POINT (9.709765248000050 52.372660844999999)","Unfall 164021 (2022) Kat:3, Licht: 0","164021","3","6","3","12","14","6","","0","1","0","0","0"
"POINT (9.736436009000039 52.377797106999999)","Unfall 164026 (2022) Kat:3, Licht: 2","164026","3","4","6","11","06","4","","2","0","0","1","1"
"POINT (9.816887034000050 52.319631721000100)","Unfall 164030 (2022) Kat:3, Licht: 2","164030","3","3","5","12","20","3","","2","0","1","0","0"
"POINT (9.723709994000050 52.368491894999998)","Unfall 164038 (2022) Kat:3, Licht: 0","164038","3","5","1","11","14","4","","0","1","1","0","0"
"POINT (9.806935809000040 52.388817496999998)","Unfall 164044 (2022) Kat:3, Licht: 0","164044","3","6","2","11","10","3","","0","0","1","0","1"
"POINT (9.834029298000081 52.356315273000099)","Unfall 164048 (2022) Kat:3, Licht: 2","164048","3","7","0","12","16","4","","2","1","0","0","0"
"POINT (9.730949173000059 52.395001132000097)","Unfall 164050 (2022) Kat:3, Licht: 1","164050","3","3","5","11","07","5","","1","1","1","0","0"
"POINT (9.715161736000031 52.371783827000101)","Unfall 164060 (2022) Kat:3, Licht: 2","164060","3","3","0","11","18","5","","2","0","1","0","0"
"POINT (9.713399843000049 52.371409776000100)","Unfall 164064 (2022) Kat:3, Licht: 0","164064","3","1","0","11","11","3","","0","1","0","0","0"
"POINT (9.806290162000041 52.417207793000003)","Unfall 164071 (2022) Kat:3, Licht: 1","164071","3","2","0","11","06","5","","1","1","1","0","0"
"POINT (9.731881757000050 52.377484106000097)","Unfall 164072 (2022) Kat:3, Licht: 2","164072","3","5","1","12","23","7","","2","0","1","0","0"
"POINT (9.676281572000050 52.365537310999997)","Unfall 164089 (2022) Kat:3, Licht: 0","164089","3","5","1","11","12","6","","0","0","1","0","0"
"POINT (9.741066797000030 52.411286332000003)","Unfall 164094 (2022) Kat:3, Licht: 0","164094","3","4","6","12","15","2","","0","0","1","1","0"
"POINT (9.756627409000030 52.340734202000100)","Unfall 164096 (2022) Kat:2, Licht: 0","164096","2","2","5","12","09","6","","0","1","1","0","0"
"POINT (9.754102005000050 52.379340539000097)","Unfall 164101 (2022) Kat:3, Licht: 2","164101","3","2","6","12","07","3","","2","0","1","1","0"
"POINT (9.765725611000050 52.333090727000098)","Unfall 164118 (2022) Kat:3, Licht: 2","164118","3","7","0","12","22","7","","2","1","0","0","0"
"POINT (9.717074475000061 52.337220969999997)","Unfall 164119 (2022) Kat:3, Licht: 2","164119","3","2","2","12","16","6","","2","0","1","0","0"
"POINT (9.739720219000050 52.365527145999998)","Unfall 164125 (2022) Kat:3, Licht: 2","164125","3","6","4","11","22","2","","2","1","0","1","0"
"POINT (9.761129273000050 52.365887513000096)","Unfall 164127 (2022) Kat:3, Licht: 0","164127","3","3","5","12","08","6","","0","1","1","0","0"
"POINT (9.847603539000030 52.362848717000098)","Unfall 164131 (2022) Kat:3, Licht: 0","164131","3","7","0","11","15","7","","0","1","0","0","0"
"POINT (9.774118948000019 52.398198020999999)","Unfall 164151 (2022) Kat:3, Licht: 2","164151","3","6","3","11","17","5","","2","1","0","0","0"
"POINT (9.726835760000030 52.385144734999997)","Unfall 164158 (2022) Kat:3, Licht: 1","164158","3","5","1","11","16","2","","1","1","1","0","0"
"POINT (9.697304349000040 52.413662764999998)","Unfall 164160 (2022) Kat:3, Licht: 2","164160","3","2","5","12","17","3","","2","1","1","0","0"
"POINT (9.756352557000071 52.390635229000097)","Unfall 164162 (2022) Kat:2, Licht: 0","164162","2","3","5","11","15","7","","0","0","1","1","0"
"POINT (9.663489083000060 52.410615538000101)","Unfall 164169 (2022) Kat:3, Licht: 2","164169","3","2","5","12","17","2","","2","1","1","0","0"
"POINT (9.753465456000070 52.378278201999997)","Unfall 164171 (2022) Kat:3, Licht: 0","164171","3","7","0","12","15","3","","0","0","1","0","1"
"POINT (9.754820215000050 52.361905806000003)","Unfall 164174 (2022) Kat:3, Licht: 2","164174","3","2","5","11","19","3","","2","1","1","0","0"
"POINT (9.820898124000051 52.350838367999998)","Unfall 164184 (2022) Kat:3, Licht: 0","164184","3","3","5","12","08","2","","0","1","1","0","0"
"POINT (9.704663517000030 52.374419926000002)","Unfall 164195 (2022) Kat:3, Licht: 2","164195","3","1","0","12","16","7","","2","1","0","0","0"
"POINT (9.719622793000040 52.366793913999999)","Unfall 164208 (2022) Kat:3, Licht: 0","164208","3","7","0","11","14","6","","0","1","0","0","0"
"POINT (9.736727151000030 52.412541463000103)","Unfall 164214 (2022) Kat:3, Licht: 2","164214","3","3","5","11","18","2","","2","1","1","0","0"
"POINT (9.720737924000050 52.346598949000096)","Unfall 164221 (2022) Kat:2, Licht: 0","164221","2","3","5","11","13","7","","0","1","1","0","0"
"POINT (9.739334397000050 52.376902766999997)","Unfall 164224 (2022) Kat:3, Licht: 2","164224","3","2","6","12","19","2","","2","1","0","1","0"
"POINT (9.782263928000081 52.329127222000103)","Unfall 164234 (2022) Kat:3, Licht: 2","164234","3","2","3","12","18","6","","2","1","1","0","0"