WKT,Name,OBJECTID,UKATEGORIE,UTYP1,UART,UMONAT,USTUNDE,UWOCHENTAG,STRZUSTAND,ULICHTVERH,ISTRAD,ISTPKW,ISTFUSS,ISTKRAD
"POINT (9.812285941000029 52.400979710000101)","Unfall 164246 (2022) Kat:3, Licht: 2","164246","3","3","5","12","16","7","","2","0","1","0","0"
"POINT (9.763829685000079 52.398147005000098)","Unfall 164258 (2022) Kat:3, Licht: 2","164258","3","1","0","11","17","6","","2","1","0","0","0"
"POINT (9.785552361000040 52.408634925000101)","Unfall 164261 (2022) Kat:3, Licht: 0","164261","3","3","0","11","09","7","","0","1","0","1","0"
"POINT (9.830030402000030 52.421063065000098)","Unfall 164264 (2022) Kat:3, Licht: 0","164264","3","3","5","12","11","3","","0","0","1","0","0"
"POINT (9.689589229000029 52.349127127000003)","Unfall 164277 (2022) Kat:3, Licht: 2","164277","3","6","2","11","18","3","","2","0","1","0","0"
"POINT (9.739472647000071 52.380833723000102)","Unfall 164305 (2022) Kat:3, Licht: 0","164305","3","2","4","11","12","6","","0","1","1","0","0"
"POINT (9.744225667000020 52.373284339000101)","Unfall 164312 (2022) Kat:3, Licht: 0","164312","3","7","2","11","13","7","","0","1","1","0","0"
"POINT (9.821389359000021 52.346099230999997)","Unfall 164317 (2022) Kat:3, Licht: 2","164317","3","6","2","11","17","6","","2","0","1","0","0"
"POINT (9.822746594000019 52.400372185000002)","Unfall 164321 (2022) Kat:3, Licht: 2","164321","3","5","1","11","16","6","","2","0","1","0","0"
"POINT (9.739975118000070 52.366965555000000)","Unfall 164329 (2022) Kat:2, Licht: 2","164329","2","4","6","11","17","4","","2","0","1","1","0"
"POINT (9.777409988000040 52.410226104000103)","Unfall 164331 (2022) Kat:3, Licht: 0","164331","3","6","2","11","16","3","","0","0","1","0","0"
"POINT (9.786936996000071 52.393864395999998)","Unfall 164333 (2022) Kat:3, Licht: 2","164333","3","3","5","12","17","3","","2","1","1","0","0"
"POINT (9.737514681000050 52.372308330000102)","Unfall 164346 (2022) Kat:3, Licht: 2","164346","3","7","4","11","18","2","","2","1","1","0","0"
"POINT (9.678225014000081 52.395652919000000)","Unfall 164355 (2022) Kat:3, Licht: 2","164355","3","4","6","11","19","1","","2","0","1","1","0"
"POINT (9.855986604000069 52.395676421000097)","Unfall 164356 (2022) Kat:3, Licht: 0","164356","3","1","0","11","09","6","","0","1","0","0","0"
"POINT (9.733765831000030 52.379729720000100)","Unfall 164358 (2022) Kat:3, Licht: 2","164358","3","7","3","12","20","5","","2","0","1","0","0"
"POINT (9.699039339000020 52.347887550999999)","Unfall 164374 (2022) Kat:3, Licht: 2","164374","3","6","2","12","17","4","","2","0","1","0","0"
"POINT (9.744018999000049 52.372035449000101)","Unfall 164377 (2022) Kat:3, Licht: 0","164377","3","7","0","11","11","6","","0","1","0","0","0"
"POINT (9.720274821000030 52.394508368000103)","Unfall 164384 (2022) Kat:3, Licht: 2","164384","3","1","0","11","17","3","","2","1","0","0","0"
"POINT (9.709480930000041 52.343900738999999)","Unfall 164389 (2022) Kat:3, Licht: 1","164389","3","3","5","11","16","3","","1","0","1","0","0"
"POINT (9.694115557000030 52.352763679000098)","Unfall 164392 (2022) Kat:3, Licht: 1","164392","3","6","2","12","08","5","","1","0","1","0","0"
"POINT (9.779822044000070 52.361800633000001)","Unfall 164396 (2022) Kat:3, Licht: 0","164396","3","6","4","12","09","3","","0","0","1","0","0"
"POINT (9.677762945000040 52.416055079000003)","Unfall 164398 (2022) Kat:3, Licht: 0","164398","3","3","5","11","09","7","","0","0","1","0","0"
"POINT (9.754491485000070 52.345347152000002)","Unfall 164407 (2022) Kat:3, Licht: 2","164407","3","7","0","12","21","3","","2","1","0","0","0"
"POINT (9.666372593000061 52.414484971000000)","Unfall 164412 (2022) Kat:3, Licht: 2","164412","3","7","0","12","21","3","","2","0","0","1","0"
"POINT (9.732017407000059 52.389605698000103)","Unfall 164417 (2022) Kat:3, Licht: 1","164417","3","6","2","12","15","6","","1","0","1","0","0"
"POINT (9.670635526000069 52.358437967000000)","Unfall 164420 (2022) Kat:3, Licht: 0","164420","3","2","3","11","14","2","","0","1","1","0","0"
"POINT (9.766281095000069 52.418422988000003)","Unfall 164428 (2022) Kat:3, Licht: 0","164428","3","3","5","11","10","6","","0","1","1","0","0"
"POINT (9.756646139000051 52.340738182999999)","Unfall 164436 (2022) Kat:3, Licht: 2","164436","3","2","6","11","07","2","","2","0","1","1","0"
"POINT (9.739446188000040 52.380994599000097)","Unfall 164443 (2022) Kat:3, Licht: 2","164443","3","7","0","11","21","7","","2","0","0","0","0"
"POINT (9.733733430000029 52.362111846000097)","Unfall 164445 (2022) Kat:3, Licht: 2","164445","3","4","6","12","21","7","","2","0","1","1","0"
"POINT (9.749190105000030 52.390188590999998)","Unfall 164471 (2022) Kat:3, Licht: 0","164471","3","3","5","11","15","2","","0","1","1","0","0"
"POINT (9.710843680000041 52.372292156000100)","Unfall 164479 (2022) Kat:2, Licht: 0","164479","2","1","0","12","08","3","","0","1","0","0","0"
"POINT (9.684175197000060 52.366303090000002)","Unfall 164483 (2022) Kat:3, Licht: 2","164483","3","3","5","12","16","3","","2","0","1","0","0"
"POINT (9.712653612000050 52.375228736000103)","Unfall 164492 (2022) Kat:3, Licht: 0","164492","3","7","6","11","13","4","","0","0","1","1","0"
"POINT (9.699551567000070 52.391624007000097)","Unfall 164498 (2022) Kat:3, Licht: 0","164498","3","4","6","11","09","3","","0","0","1","1","0"
"POINT (9.724993384000070 52.397718484999999)","Unfall 164500 (2022) Kat:3, Licht: 2","164500","3","3","5","12","19","3","","2","1","1","0","0"
"POINT (9.708849048000051 52.370480083000103)","Unfall 164513 (2022) Kat:3, Licht: 0","164513","3","4","6","11","16","2","","0","1","0","1","0"
"POINT (9.736754364000030 52.412476933999997)","Unfall 164519 (2022) Kat:3, Licht: 2","164519","3","2","5","12","05","5","","2","0","1","0","0"
"POINT (9.739692873000021 52.381228640000103)","Unfall 164530 (2022) Kat:3, Licht: 2","164530","3","3","5","12","20","4","","2","1","1","0","0"
"POINT (9.731949037000049 52.375797345000102)","Unfall 164536 (2022) Kat:2, Licht: 2","164536","2","7","6","12","23","3","","2","0","0","1","0"
"POINT (9.815825781000060 52.395887854000101)","Unfall 164539 (2022) Kat:3, Licht: 2","164539","3","2","2","11","16","4","","2","0","1","0","0"
"POINT (9.717197361000050 52.345033510000100)","Unfall 164542 (2022) Kat:3, Licht: 2","164542","3","4","6","11","18","6","","2","0","0","1","0"
"POINT (9.692248257000070 52.398139070000099)","Unfall 164548 (2022) Kat:3, Licht: 0","164548","3","2","6","12","11","4","","0","0","1","1","0"
"POINT (9.740270174000051 52.412305809000003)","Unfall 164552 (2022) Kat:3, Licht: 0","164552","3","2","3","12","12","2","","0","1","1","0","0"
"POINT (9.728327156000031 52.376705291000100)","Unfall 164555 (2022) Kat:3, Licht: 1","164555","3","1","0","11","07","4","","1","0","0","0","0"
"POINT (9.721045551000030 52.361692483000098)","Unfall 164563 (2022) Kat:3, Licht: 0","164563","3","1","0","12","14","7","","0","1","0","0","0"
"POINT (9.820259470000050 52.402912223000001)","Unfall 164573 (2022) Kat:3, Licht: 2","164573","3","5","1","11","00","1","","2","0","1","0","0"
"POINT (9.770483883000050 52.353505433000102)","Unfall 164591 (2022) Kat:3, Licht: 0","164591","3","3","0","11","10","1","","0","1","1","0","0"
"POINT (9.820107918000080 52.353213128000000)","Unfall 164594 (2022) Kat:3, Licht: 2","164594","3","7","0","11","17","7","","2","0","0","0","1"
"POINT (9.785803381000051 52.398033112000100)","Unfall 164604 (2022) Kat:3, Licht: 0","164604","3","3","5","12","08","4","","0","0","1","0","0"
"POINT (9.781476233000030 52.411874999000098)","Unfall 164609 (2022) Kat:2, Licht: 0","164609","2","4","6","11","12","4","","0","0","1","1","0"
"POINT (9.834059834000071 52.339175590000103)","Unfall 164614 (2022) Kat:3, Licht: 2","164614","3","4","6","12","07","4","","2","0","1","1","0"
"POINT (9.740599956000040 52.364784995000001)","Unfall 164617 (2022) Kat:3, Licht: 0","164617","3","3","0","11","09","3","","0","1","1","0","0"
"POINT (9.742740949000050 52.378178317000000)","Unfall 164627 (2022) Kat:3, Licht: 1","164627","3","4","6","11","00","7","","1","0","1","1","0"
"POINT (9.701066338000031 52.366326190000102)","Unfall 164630 (2022) Kat:3, Licht: 0","164630","3","3","5","12","14","4","","0","1","1","0","0"
"POINT (9.734087598000031 52.381271605000101)","Unfall 164636 (2022) Kat:3, Licht: 2","164636","3","3","5","12","17","3","","2","0","1","0","0"
"POINT (9.821585251000039 52.394146735000000)","Unfall 164639 (2022) Kat:3, Licht: 0","164639","3","1","0","11","09","3","","0","0","0","0","0"
"POINT (9.773279007000040 52.335388090999999)","Unfall 164644 (2022) Kat:3, Licht: 0","164644","3","7","0","11","12","4","","0","1","0","0","0"
"POINT (9.728222709000020 52.389837362000002)","Unfall 164645 (2022) Kat:3, Licht: 0","164645","3","7","0","12","09","7","","0","0","0","0","0"
"POINT (9.669537809000079 52.397241534999999)","Unfall 164651 (2022) Kat:3, Licht: 2","164651","3","1","0","12","07","2","","2","1","0","0","0"
"POINT (9.719525235000051 52.330696062000101)","Unfall 164655 (2022) Kat:3, Licht: 0","164655","3","7","0","12","11","2","","0","1","0","0","0"
"POINT (9.704257956000051 52.341372773000003)","Unfall 164666 (2022) Kat:2, Licht: 0","164666","2","2","0","12","14","2","","0","0","1","0","0"
"POINT (9.705874136000030 52.373997363999997)","Unfall 164688 (2022) Kat:3, Licht: 0","164688","3","1","0","11","10","4","","0","1","0","0","0"
"POINT (9.756017687000050 52.366858562000097)","Unfall 164689 (2022) Kat:3, Licht: 2","164689","3","1","0","12","16","1","","2","1","0","0","0"
"POINT (9.755122021000030 52.391387741000102)","Unfall 164691 (2022) Kat:3, Licht: 0","164691","3","6","3","11","08","5","","0","0","1","0","0"
"POINT (9.734196596000061 52.374363303999999)","Unfall 164693 (2022) Kat:2, Licht: 2","164693","2","1","0","12","18","5","","2","1","0","0","0"
"POINT (9.734876097000040 52.385320053000001)","Unfall 164723 (2022) Kat:2, Licht: 0","164723","2","1","9","11","08","6","","0","1","0","0","0"
"POINT (9.705196686000020 52.409828910999998)","Unfall 164727 (2022) Kat:3, Licht: 0","164727","3","3","5","11","09","4","","0","0","1","0","0"
"POINT (9.765386287000069 52.378117702000097)","Unfall 164731 (2022) Kat:3, Licht: 0","164731","3","3","5","12","12","3","","0","0","1","0","0"
"POINT (9.705265993000070 52.409707435000001)","Unfall 164737 (2022) Kat:3, Licht: 0","164737","3","3","5","12","11","2","","0","1","1","0","0"
"POINT (9.732313844000030 52.379101136000003)","Unfall 164738 (2022) Kat:3, Licht: 2","164738","3","6","2","11","19","1","","2","0","1","0","0"
"POINT (9.762794764000031 52.414415664000003)","Unfall 164743 (2022) Kat:3, Licht: 2","164743","3","6","4","11","23","5","","2","0","1","0","0"
"POINT (9.773253735000029 52.397960368000000)","Unfall 164747 (2022) Kat:3, Licht: 2","164747","3","6","2","12","17","4","","2","0","1","0","0"
"POINT (9.745560711000049 52.378884802000101)","Unfall 164754 (2022) Kat:3, Licht: 0","164754","3","7","0","11","09","2","","0","1","0","0","0"
"POINT (9.745411689000040 52.413254213000101)","Unfall 164761 (2022) Kat:3, Licht: 0","164761","3","1","0","11","15","6","","0","1","0","0","0"
"POINT (9.763560091000040 52.368972293000098)","Unfall 164784 (2022) Kat:3, Licht: 2","164784","3","2","5","11","17","3","","2","1","1","0","0"
"POINT (9.740143979000040 52.369142463000102)","Unfall 164790 (2022) Kat:3, Licht: 2","164790","3","6","0","12","19","6","","2","1","1","0","0"
"POINT (9.702999968000031 52.368937695000099)","Unfall 164798 (2022) Kat:3, Licht: 2","164798","3","6","3","11","18","3","","2","1","1","0","0"
"POINT (9.732487643000070 52.379166477000098)","Unfall 164801 (2022) Kat:3, Licht: 2","164801","3","3","5","12","18","6","","2","1","1","0","0"
"POINT (9.744055129000060 52.379032582999997)","Unfall 164804 (2022) Kat:3, Licht: 0","164804","3","7","0","11","14","3","","0","1","0","0","0"
"POINT (9.727010831000030 52.375822868000100)","Unfall 164810 (2022) Kat:3, Licht: 2","164810","3","3","5","11","19","2","","2","1","1","0","0"
"POINT (9.716378946000081 52.370417977999999)","Unfall 164813 (2022) Kat:3, Licht: 0","164813","3","5","1","11","10","2","","0","0","1","0","0"
"POINT (9.769083193000030 52.377757537999997)","Unfall 164818 (2022) Kat:3, Licht: 2","164818","3","6","2","11","19","7","","2","0","1","0","0"
"POINT (9.687567879000030 52.379597812999997)","Unfall 164839 (2022) Kat:3, Licht: 0","164839","3","1","8","12","08","2","","0","0","1","0","0"
"POINT (9.734803634000061 52.380132975000002)","Unfall 164853 (2022) Kat:3, Licht: 0","164853","3","6","2","12","12","5","","0","0","1","0","0"
"POINT (9.763013378000039 52.360522823000103)","Unfall 164909 (2022) Kat:3, Licht: 2","164909","3","6","3","12","19","3","","2","1","1","0","0"
"POINT (9.725005584000030 52.387468153999997)","Unfall 164926 (2022) Kat:3, Licht: 2","164926","3","3","5","12","20","6","","2","1","1","0","0"
"POINT (9.733457873000081 52.398959349999998)","Unfall 164996 (2022) Kat:3, Licht: 2","164996","3","4","0","12","18","3","","2","0","0","1","0"
"POINT (9.834626021000080 52.339891947000098)","Unfall 165178 (2022) Kat:3, Licht: 0","165178","3","5","1","12","10","4","","0","0","1","0","1"
"POINT (9.739239706000030 52.379592650000099)","Unfall 165309 (2022) Kat:3, Licht: 0","165309","3","7","0","12","12","7","","0","0","1","0","0"
"POINT (9.736931383000069 52.370352074000003)","Unfall 165410 (2022) Kat:3, Licht: 2","165410","3","7","0","12","23","6","","2","1","0","0","0"
"POINT (9.727343618000081 52.377598360000000)","Unfall 165421 (2022) Kat:3, Licht: 2","165421","3","7","0","12","17","4","","2","1","1","0","0"
"POINT (9.670640692000060 52.358422883000102)","Unfall 165964 (2022) Kat:3, Licht: 0","165964","3","7","0","12","11","6","","0","1","0","0","0"
"POINT (9.733822220000039 52.399050089000099)","Unfall 166004 (2022) Kat:3, Licht: 1","166004","3","2","5","12","07","5","","1","1","1","0","0"
"POINT (9.766196343000050 52.381972685000100)","Unfall 166080 (2022) Kat:3, Licht: 2","166080","3","2","5","12","22","7","","2","0","1","0","0"
"POINT (9.721560948000047 52.368310459000043)","Unfall 7596 (2023) Kat:3, Licht: 2","7596","3","6","2","02","18","4","","2","0","1","0","0"
"POINT (9.696496501000070 52.379677655000080)","Unfall 7597 (2023) Kat:3, Licht: 0","7597","3","6","2","02","10","4","","0","0","1","0","0"
"POINT (9.855963257000042 52.408622055000080)","Unfall 7641 (2023) Kat:3, Licht: 0","7641","3","6","2","01","08","3","","0","0","0","0","0"
"POINT (9.726861124000038 52.381038739000076)","Unfall 7664 (2023) Kat:3, Licht: 1","7664","3","3","5","01","16","2","","1","1","1","0","0"
"POINT (9.855977115000030 52.388870451000059)","Unfall 7665 (2023) Kat:3, Licht: 2","7665","3","3","5","01","19","2","","2","1","1","0","0"
"POINT (9.734048251000047 52.387245153000038)","Unfall 7682 (2023) Kat:3, Licht: 2","7682","3","2","5","01","17","1","","2","0","1","0","0"
"POINT (9.732971897000027 52.420799835000082)","Unfall 7684 (2023) Kat:3, Licht: 2","7684","3","3","5","01","19","1","","2","0","1","0","0"
"POINT (9.776658879000024 52.332866606000039)","Unfall 7703 (2023) Kat:3, Licht: 0","7703","3","3","5","01","13","7","","0","1","0","0","0"
"POINT (9.670753378000029 52.382703354000057)","Unfall 7727 (2023) Kat:3, Licht: 0","7727","3","6","0","01","14","6","","0","0","1","0","0"
"POINT (9.716446047000034 52.397188284000038)","Unfall 7767 (2023) Kat:3, Licht: 0","7767","3","6","2","01","15","5","","0","0","1","0","0"
"POINT (9.712475846000075 52.362520581000069)","Unfall 7768 (2023) Kat:3, Licht: 0","7768","3","6","2","01","08","5","","0","0","1","0","0"
"POINT (9.774417099000061 52.371030065000070)","Unfall 7770 (2023) Kat:1, Licht: 0","7770","1","2","5","01","08","5","","0","1","0","0","0"
"POINT (9.727184429000033 52.427619522000043)","Unfall 7771 (2023) Kat:3, Licht: 2","7771","3","1","8","01","06","5","","2","0","1","0","0"
"POINT (9.696080691000077 52.418746819000035)","Unfall 7810 (2023) Kat:3, Licht: 0","7810","3","3","5","01","15","4","","0","1","1","0","0"
"POINT (9.734618827000077 52.389349500000037)","Unfall 7819 (2023) Kat:3, Licht: 2","7819","3","6","2","01","18","4","","2","0","1","0","0"
"POINT (9.734584761000065 52.391405658000053)","Unfall 7859 (2023) Kat:3, Licht: 2","7859","3","4","6","01","18","3","","2","0","1","1","0"
"POINT (9.735249905000046 52.394498269000053)","Unfall 7860 (2023) Kat:3, Licht: 1","7860","3","4","6","01","07","3","","1","0","1","1","0"
"POINT (9.696029053000075 52.379842954000026)","Unfall 7897 (2023) Kat:3, Licht: 2","7897","3","6","2","01","17","2","","2","0","1","0","0"
"POINT (9.725360016000025 52.376860026000031)","Unfall 7898 (2023) Kat:3, Licht: 2","7898","3","2","3","01","17","2","","2","1","1","0","0"
"POINT (9.891219225000043 52.364604756000062)","Unfall 7902 (2023) Kat:3, Licht: 1","7902","3","6","2","01","07","2","","1","0","1","0","0"
"POINT (9.695953321000047 52.379907231000061)","Unfall 7966 (2023) Kat:3, Licht: 0","7966","3","6","2","01","09","6","","0","0","1","0","0"
"POINT (9.846010413000045 52.390228074000049)","Unfall 7970 (2023) Kat:3, Licht: 0","7970","3","3","5","01","14","2","","0","1","1","0","0"
"POINT (9.697149686000046 52.341703828000050)","Unfall 8013 (2023) Kat:3, Licht: 2","8013","3","2","4","01","19","5","","2","0","1","0","0"
"POINT (9.851524151000035 52.391164795000066)","Unfall 8014 (2023) Kat:3, Licht: 0","8014","3","4","6","01","15","5","","0","0","1","1","0"
"POINT (9.841826267000044 52.395140090000041)","Unfall 8015 (2023) Kat:2, Licht: 1","8015","2","4","6","01","07","5","","1","0","1","1","0"
"POINT (9.826124362000030 52.341243243000065)","Unfall 8052 (2023) Kat:3, Licht: 2","8052","3","7","0","01","18","6","","2","0","1","0","1"
"POINT (9.676282609000054 52.355126948000077)","Unfall 8072 (2023) Kat:3, Licht: 0","8072","3","6","2","01","13","4","","0","0","1","0","0"
"POINT (9.732954165000024 52.420966964000058)","Unfall 8119 (2023) Kat:3, Licht: 0","8119","3","6","2","01","09","3","","0","0","1","0","0"
"POINT (9.798442742000077 52.412280091000071)","Unfall 8120 (2023) Kat:3, Licht: 0","8120","3","4","6","01","08","3","","0","0","1","1","0"
"POINT (9.741531532000067 52.427361373000053)","Unfall 8176 (2023) Kat:3, Licht: 1","8176","3","6","3","01","16","2","","1","0","1","0","0"
"POINT (9.647975507000069 52.426938073000031)","Unfall 8177 (2023) Kat:3, Licht: 0","8177","3","7","9","01","16","2","","0","0","1","0","0"
"POINT (9.725339649000034 52.380371388000071)","Unfall 8179 (2023) Kat:3, Licht: 0","8179","3","3","5","01","09","2","","0","1","1","0","0"
"POINT (9.759782144000042 52.370362998000076)","Unfall 8204 (2023) Kat:3, Licht: 2","8204","3","6","2","01","01","1","","2","0","1","0","0"
"POINT (9.864566793000051 52.358702947000040)","Unfall 8266 (2023) Kat:3, Licht: 0","8266","3","6","3","01","12","6","","0","0","1","0","0"
"POINT (9.670820863000074 52.377150086000029)","Unfall 8305 (2023) Kat:3, Licht: 0","8305","3","7","5","01","12","1","","0","1","1","0","0"
"POINT (9.868445600000030 52.359653851000076)","Unfall 8307 (2023) Kat:3, Licht: 2","8307","3","6","2","01","17","3","","2","0","1","0","0"
"POINT (9.723932076000040 52.363872924000077)","Unfall 8310 (2023) Kat:3, Licht: 2","8310","3","7","0","01","06","5","","2","0","0","0","0"
"POINT (9.751391032000072 52.358975122000061)","Unfall 8312 (2023) Kat:3, Licht: 0","8312","3","6","2","01","14","6","","0","0","1","0","0"
"POINT (9.627368328000045 52.423056570000028)","Unfall 8320 (2023) Kat:3, Licht: 1","8320","3","6","2","01","07","5","","1","0","1","0","0"
"POINT (9.745533119000072 52.427485931000035)","Unfall 8324 (2023) Kat:3, Licht: 0","8324","3","6","2","01","08","5","","0","0","1","0","0"
"POINT (9.691412320000040 52.421576642000048)","Unfall 8327 (2023) Kat:3, Licht: 2","8327","3","3","5","01","17","5","","2","0","1","0","0"
"POINT (9.695798593000063 52.380038554000066)","Unfall 8364 (2023) Kat:3, Licht: 0","8364","3","6","2","01","16","4","","0","0","0","0","0"
"POINT (9.722468847000073 52.378591841000059)","Unfall 8368 (2023) Kat:3, Licht: 2","8368","3","6","4","01","17","4","","2","1","0","0","0"
"POINT (9.718216260000077 52.394361975000038)","Unfall 8369 (2023) Kat:3, Licht: 1","8369","3","2","5","01","16","4","","1","1","1","0","0"
"POINT (9.740177884000047 52.368250693000050)","Unfall 8370 (2023) Kat:3, Licht: 0","8370","3","2","5","01","11","4","","0","0","1","0","0"
"POINT (9.671948966000059 52.382394804000057)","Unfall 8404 (2023) Kat:3, Licht: 0","8404","3","1","0","01","08","3","","0","1","0","0","0"
"POINT (9.715809841000066 52.359305917000029)","Unfall 8416 (2023) Kat:3, Licht: 0","8416","3","3","5","01","13","7","","0","1","0","0","0"
"POINT (9.668862454000021 52.383537569000055)","Unfall 8423 (2023) Kat:2, Licht: 1","8423","2","4","6","01","07","3","","1","0","1","1","0"
"POINT (9.726755716000071 52.375744119000046)","Unfall 8441 (2023) Kat:3, Licht: 2","8441","3","2","5","01","18","2","","2","0","1","0","0"
"POINT (9.733444401000042 52.384435806000056)","Unfall 8447 (2023) Kat:3, Licht: 0","8447","3","6","2","01","11","2","","0","0","1","0","0"
"POINT (9.733715721000067 52.384516303000055)","Unfall 8454 (2023) Kat:3, Licht: 2","8454","3","6","2","01","19","2","","2","0","1","0","0"
"POINT (9.763422460000072 52.343858786000055)","Unfall 8455 (2023) Kat:3, Licht: 0","8455","3","3","5","01","14","2","","0","1","1","0","0"
"POINT (9.830740293000076 52.417707746000076)","Unfall 8482 (2023) Kat:3, Licht: 2","8482","3","3","5","01","20","1","","2","0","1","0","0"
"POINT (9.728137584000024 52.374036854000053)","Unfall 8483 (2023) Kat:2, Licht: 2","8483","2","3","5","01","18","1","","2","0","1","0","0"
"POINT (9.744619708000073 52.427339996000057)","Unfall 8502 (2023) Kat:3, Licht: 2","8502","3","3","0","01","06","7","","2","0","1","0","0"
"POINT (9.753098801000021 52.356756876000077)","Unfall 8504 (2023) Kat:2, Licht: 0","8504","2","3","5","01","10","7","","0","1","1","0","0"
"POINT (9.651687519000063 52.417339673000072)","Unfall 8530 (2023) Kat:2, Licht: 2","8530","2","3","5","01","21","6","","2","1","1","0","0"
"POINT (9.652368112000033 52.424759085000062)","Unfall 8531 (2023) Kat:3, Licht: 0","8531","3","6","3","01","08","6","","0","0","1","0","0"
"POINT (9.733523746000060 52.369175625000082)","Unfall 8568 (2023) Kat:3, Licht: 2","8568","3","3","5","01","17","2","","2","1","1","0","0"
"POINT (9.885513257000071 52.429255538000064)","Unfall 8595 (2023) Kat:3, Licht: 2","8595","3","1","8","01","18","4","","2","0","1","0","0"
"POINT (9.801058880000028 52.429349170000080)","Unfall 8597 (2023) Kat:3, Licht: 1","8597","3","2","5","01","16","5","","1","0","1","0","0"
"POINT (9.760389143000054 52.346982471000047)","Unfall 8623 (2023) Kat:3, Licht: 0","8623","3","7","0","01","13","3","","0","1","0","0","0"
"POINT (9.832134380000070 52.338661128000069)","Unfall 8624 (2023) Kat:3, Licht: 0","8624","3","3","5","01","11","3","","0","1","1","0","0"
"POINT (9.726437854000039 52.388352486000031)","Unfall 8628 (2023) Kat:3, Licht: 2","8628","3","2","5","01","20","3","","2","1","1","0","0"
"POINT (9.782170101000077 52.325149988000078)","Unfall 8629 (2023) Kat:3, Licht: 0","8629","3","2","2","01","11","3","","0","0","1","0","0"
"POINT (9.675009988000056 52.380777177000027)","Unfall 8653 (2023) Kat:3, Licht: 0","8653","3","6","3","01","12","2","","0","0","1","0","0"
"POINT (9.712842000000023 52.362372196000081)","Unfall 8673 (2023) Kat:3, Licht: 2","8673","3","1","9","01","04","1","","2","0","1","0","0"
"POINT (9.641853512000068 52.414486994000072)","Unfall 8803 (2023) Kat:3, Licht: 0","8803","3","7","0","01","13","4","","0","0","1","0","0"
"POINT (9.730950097000061 52.370681463000039)","Unfall 8879 (2023) Kat:3, Licht: 1","8879","3","6","2","01","16","4","","1","0","1","0","0"
"POINT (9.781475747000059 52.363821555000072)","Unfall 9116 (2023) Kat:3, Licht: 1","9116","3","6","2","01","08","2","","1","0","1","0","0"
"POINT (9.712187389000064 52.362941934000048)","Unfall 9135 (2023) Kat:3, Licht: 2","9135","3","6","2","01","05","5","","2","0","1","0","0"
"POINT (9.654584442000044 52.425342722000039)","Unfall 9209 (2023) Kat:3, Licht: 2","9209","3","6","2","01","17","2","","2","0","1","0","0"
"POINT (9.780181663000064 52.378066314000080)","Unfall 9424 (2023) Kat:3, Licht: 0","9424","3","6","2","01","15","5","","0","0","1","0","0"
"POINT (9.629976781000039 52.421256023000069)","Unfall 9526 (2023) Kat:3, Licht: 2","9526","3","6","2","01","17","3","","2","0","1","0","0"
"POINT (9.628434813000069 52.422308532000045)","Unfall 9754 (2023) Kat:3, Licht: 0","9754","3","6","2","01","11","7","","0","0","1","0","0"
"POINT (9.824691455000050 52.339823221000074)","Unfall 9836 (2023) Kat:3, Licht: 0","9836","3","6","0","01","15","2","","0","1","0","0","0"
"POINT (9.733505057000059 52.369179146000079)","Unfall 9863 (2023) Kat:3, Licht: 2","9863","3","3","5","02","07","4","","2","1","1","0","0"
"POINT (9.811630876000038 52.399704276000080)","Unfall 10031 (2023) Kat:3, Licht: 0","10031","3","6","2","03","13","7","","0","0","1","0","0"
"POINT (9.734445245000074 52.412297942000066)","Unfall 10105 (2023) Kat:3, Licht: 0","10105","3","6","2","03","15","6","","0","0","1","0","0"
"POINT (9.730141871000058 52.368695051000032)","Unfall 10138 (2023) Kat:3, Licht: 2","10138","3","3","5","03","19","5","","2","1","1","0","0"
"POINT (9.801474580000047 52.430811851000044)","Unfall 10139 (2023) Kat:3, Licht: 0","10139","3","7","8","03","11","5","","0","1","0","0","0"
"POINT (9.653599916000076 52.425153278000039)","Unfall 10146 (2023) Kat:3, Licht: 0","10146","3","6","2","03","17","5","","0","0","1","0","0"
"POINT (9.727629856000021 52.374641557000075)","Unfall 10147 (2023) Kat:3, Licht: 2","10147","3","3","5","03","19","5","","2","1","1","0","0"
"POINT (9.735591883000041 52.403322194000054)","Unfall 10149 (2023) Kat:3, Licht: 0","10149","3","6","2","03","13","5","","0","0","1","0","0"
"POINT (9.642186248000030 52.414597656000069)","Unfall 10186 (2023) Kat:3, Licht: 0","10186","3","3","5","03","10","4","","0","0","1","0","0"
"POINT (9.702148693000026 52.414844371000072)","Unfall 10190 (2023) Kat:3, Licht: 0","10190","3","5","1","03","17","4","","0","1","1","0","0"
"POINT (9.744769816000030 52.367457750000028)","Unfall 10191 (2023) Kat:3, Licht: 0","10191","3","3","5","03","12","4","","0","1","1","0","0"
"POINT (9.827325032000033 52.357995704000075)","Unfall 10192 (2023) Kat:3, Licht: 1","10192","3","3","5","03","06","4","","1","1","0","0","0"
"POINT (9.743335861000048 52.338387317000070)","Unfall 10216 (2023) Kat:3, Licht: 0","10216","3","6","2","03","16","3","","0","0","1","0","0"
"POINT (9.622696942000061 52.421107478000067)","Unfall 10221 (2023) Kat:3, Licht: 0","10221","3","7","3","03","17","3","","0","0","1","0","0"
"POINT (9.720409913000026 52.338104094000073)","Unfall 10258 (2023) Kat:3, Licht: 0","10258","3","6","3","03","11","2","","0","0","1","0","0"