WKT,Name,OBJECTID,UKATEGORIE,UTYP1,UART,UMONAT,USTUNDE,UWOCHENTAG,STRZUSTAND,ULICHTVERH,ISTRAD,ISTPKW,ISTFUSS,ISTKRAD
"POINT (9.729940045000035 52.371874063000064)","Unfall 10294 (2023) Kat:3, Licht: 0","10294","3","6","2","03","11","7","","0","0","1","0","0"
"POINT (9.777745009000057 52.371226386000046)","Unfall 10295 (2023) Kat:3, Licht: 2","10295","3","6","2","03","03","7","","2","0","1","0","0"
"POINT (9.721264747000021 52.360830093000061)","Unfall 10327 (2023) Kat:3, Licht: 0","10327","3","4","6","03","15","6","","0","0","0","1","0"
"POINT (9.634728828000050 52.418451314000038)","Unfall 10332 (2023) Kat:3, Licht: 0","10332","3","6","2","03","12","6","","0","0","1","0","0"
"POINT (9.767913249000060 52.339058003000048)","Unfall 10333 (2023) Kat:3, Licht: 1","10333","3","6","3","03","07","6","","1","1","0","0","0"
"POINT (9.702581003000034 52.414822968000067)","Unfall 10406 (2023) Kat:3, Licht: 2","10406","3","6","2","03","22","4","","2","0","1","0","0"
"POINT (9.823003213000050 52.406504272000063)","Unfall 10407 (2023) Kat:3, Licht: 0","10407","3","6","2","03","13","4","","0","0","1","0","0"
"POINT (9.665827554000032 52.384398432000069)","Unfall 10408 (2023) Kat:3, Licht: 0","10408","3","2","5","03","13","4","","0","1","1","0","0"
"POINT (9.849585540000021 52.326631008000049)","Unfall 10413 (2023) Kat:3, Licht: 0","10413","3","3","5","03","11","4","","0","0","1","0","0"
"POINT (9.714447778000022 52.361043232000043)","Unfall 10451 (2023) Kat:3, Licht: 0","10451","3","2","5","02","11","3","","0","0","1","0","0"
"POINT (9.690283731000022 52.374772876000065)","Unfall 10481 (2023) Kat:3, Licht: 0","10481","3","2","5","02","13","2","","0","1","1","0","0"
"POINT (9.634275543000058 52.418732139000042)","Unfall 10482 (2023) Kat:3, Licht: 0","10482","3","6","3","02","12","2","","0","0","0","0","0"
"POINT (9.765408209000043 52.341682609000031)","Unfall 10483 (2023) Kat:3, Licht: 0","10483","3","4","6","02","09","2","","0","0","0","1","0"
"POINT (9.698795452000070 52.347750218000044)","Unfall 10535 (2023) Kat:3, Licht: 0","10535","3","2","3","02","13","7","","0","0","1","0","0"
"POINT (9.733386619000044 52.417762833000040)","Unfall 10570 (2023) Kat:3, Licht: 0","10570","3","3","5","02","15","6","","0","1","1","0","0"
"POINT (9.697775274000037 52.377112688000068)","Unfall 10572 (2023) Kat:3, Licht: 2","10572","3","6","2","02","18","6","","2","0","1","0","0"
"POINT (9.831279194000047 52.361154846000034)","Unfall 10573 (2023) Kat:3, Licht: 0","10573","3","1","0","02","15","6","","0","1","1","0","0"
"POINT (9.730280506000042 52.382263726000076)","Unfall 10578 (2023) Kat:3, Licht: 2","10578","3","2","5","02","21","6","","2","1","1","0","0"
"POINT (9.726773197000057 52.375729285000034)","Unfall 10580 (2023) Kat:3, Licht: 0","10580","3","2","5","02","14","6","","0","0","1","0","0"
"POINT (9.623854198000060 52.425439111000060)","Unfall 10624 (2023) Kat:3, Licht: 0","10624","3","6","2","02","09","5","","0","0","1","0","0"
"POINT (9.653265730000044 52.409101983000028)","Unfall 10666 (2023) Kat:3, Licht: 0","10666","3","6","1","02","14","4","","0","0","1","0","0"
"POINT (9.787739729000066 52.347919806000050)","Unfall 10672 (2023) Kat:2, Licht: 2","10672","2","7","2","02","05","4","","2","0","1","0","1"
"POINT (9.733679860000052 52.418268274000070)","Unfall 10702 (2023) Kat:3, Licht: 2","10702","3","6","2","02","18","3","","2","0","1","0","0"
"POINT (9.699764970000047 52.416396255000052)","Unfall 10704 (2023) Kat:3, Licht: 0","10704","3","6","2","02","09","3","","0","0","1","0","0"
"POINT (9.743432731000041 52.368437817000029)","Unfall 10755 (2023) Kat:3, Licht: 2","10755","3","7","3","02","04","1","","2","0","1","0","0"
"POINT (9.700501246000044 52.370614787000079)","Unfall 10760 (2023) Kat:3, Licht: 2","10760","3","1","9","02","18","1","","2","0","1","0","0"
"POINT (9.714416058000040 52.362141098000052)","Unfall 10783 (2023) Kat:3, Licht: 0","10783","3","6","2","02","13","7","","0","0","1","0","0"
"POINT (9.858883097000046 52.407082279000065)","Unfall 10789 (2023) Kat:3, Licht: 0","10789","3","1","9","02","12","7","","0","0","1","0","0"
"POINT (9.736174520000077 52.399409526000056)","Unfall 10790 (2023) Kat:3, Licht: 2","10790","3","2","5","02","17","7","","2","1","1","0","0"
"POINT (9.766164567000033 52.341141437000033)","Unfall 10823 (2023) Kat:3, Licht: 2","10823","3","7","0","02","20","6","","2","0","0","0","0"
"POINT (9.786501358000066 52.372164886000064)","Unfall 10861 (2023) Kat:3, Licht: 0","10861","3","7","0","02","11","5","","0","0","0","1","0"
"POINT (9.881198534000021 52.359367812000073)","Unfall 10862 (2023) Kat:3, Licht: 2","10862","3","6","3","02","23","5","","2","0","1","0","0"
"POINT (9.732961226000043 52.369296447000067)","Unfall 10866 (2023) Kat:3, Licht: 2","10866","3","6","3","02","18","5","","2","0","1","0","0"
"POINT (9.820512295000071 52.407878005000043)","Unfall 10868 (2023) Kat:3, Licht: 0","10868","3","7","0","02","14","5","","0","0","1","0","0"
"POINT (9.705710460000034 52.430178466000029)","Unfall 10901 (2023) Kat:3, Licht: 0","10901","3","6","9","02","15","4","","0","0","1","0","0"
"POINT (9.698498466000046 52.417221771000072)","Unfall 10943 (2023) Kat:3, Licht: 2","10943","3","1","5","02","18","3","","2","0","1","0","1"
"POINT (9.808677416000023 52.337269221000042)","Unfall 10944 (2023) Kat:3, Licht: 0","10944","3","2","5","03","16","4","","0","1","1","0","0"
"POINT (9.695508152000059 52.419087853000065)","Unfall 10945 (2023) Kat:3, Licht: 0","10945","3","3","5","02","14","3","","0","0","1","0","0"
"POINT (9.808510902000023 52.337258531000032)","Unfall 10946 (2023) Kat:3, Licht: 0","10946","3","2","4","02","08","3","","0","0","1","0","0"
"POINT (9.853706206000027 52.306367145000081)","Unfall 10955 (2023) Kat:1, Licht: 0","10955","1","6","3","02","14","3","","0","1","0","0","0"
"POINT (9.731489322000073 52.420753637000075)","Unfall 10957 (2023) Kat:3, Licht: 1","10957","3","2","5","02","07","3","","1","1","0","0","0"
"POINT (9.709607666000068 52.346841032000043)","Unfall 10992 (2023) Kat:3, Licht: 0","10992","3","3","5","02","11","2","","0","1","1","0","0"
"POINT (9.736170521000076 52.399437989000035)","Unfall 10993 (2023) Kat:3, Licht: 2","10993","3","2","5","02","18","2","","2","1","1","0","0"
"POINT (9.799514246000058 52.396184831000028)","Unfall 10999 (2023) Kat:3, Licht: 0","10999","3","6","2","02","07","2","","0","0","1","0","0"
"POINT (9.715508727000042 52.397940121000033)","Unfall 11001 (2023) Kat:3, Licht: 0","11001","3","5","1","02","10","2","","0","0","1","0","0"
"POINT (9.755160433000071 52.370098558000052)","Unfall 11044 (2023) Kat:3, Licht: 0","11044","3","6","2","02","11","7","","0","0","1","0","0"
"POINT (9.706846190000022 52.365680995000048)","Unfall 11097 (2023) Kat:3, Licht: 0","11097","3","3","5","02","15","6","","0","1","1","0","0"
"POINT (9.692307047000043 52.376565248000077)","Unfall 11098 (2023) Kat:2, Licht: 2","11098","2","1","0","02","21","6","","2","0","0","0","0"
"POINT (9.734027396000045 52.387119805000054)","Unfall 11131 (2023) Kat:3, Licht: 0","11131","3","2","5","02","10","5","","0","0","1","0","0"
"POINT (9.747090178000064 52.369124790000058)","Unfall 11135 (2023) Kat:3, Licht: 0","11135","3","7","0","02","13","5","","0","1","0","0","0"
"POINT (9.651803689000076 52.415700319000052)","Unfall 11136 (2023) Kat:3, Licht: 2","11136","3","6","4","02","05","5","","2","1","0","0","0"
"POINT (9.686697734000063 52.347444251000070)","Unfall 11180 (2023) Kat:3, Licht: 2","11180","3","6","2","02","20","4","","2","0","1","0","0"
"POINT (9.618399006000061 52.421409399000026)","Unfall 11182 (2023) Kat:3, Licht: 0","11182","3","6","2","02","14","4","","0","0","1","0","0"
"POINT (9.827212181000050 52.347067168000081)","Unfall 11221 (2023) Kat:3, Licht: 0","11221","3","7","0","02","15","3","","0","1","0","0","0"
"POINT (9.833833370000036 52.420843034000029)","Unfall 11227 (2023) Kat:3, Licht: 2","11227","3","6","3","02","20","3","","2","0","1","0","0"
"POINT (9.627149687000042 52.423341705000041)","Unfall 11229 (2023) Kat:3, Licht: 2","11229","3","7","0","02","01","3","","2","0","1","0","0"
"POINT (9.787342673000069 52.347822179000048)","Unfall 11230 (2023) Kat:3, Licht: 2","11230","3","6","2","02","18","3","","2","0","1","0","0"
"POINT (9.735666094000067 52.402842960000044)","Unfall 11297 (2023) Kat:3, Licht: 0","11297","3","6","2","02","16","2","","0","0","1","0","0"
"POINT (9.708132338000041 52.409636132000060)","Unfall 11302 (2023) Kat:3, Licht: 0","11302","3","3","5","02","12","2","","0","1","0","0","0"
"POINT (9.898250507000057 52.405487063000066)","Unfall 11303 (2023) Kat:3, Licht: 0","11303","3","6","2","02","14","5","","0","0","1","0","0"
"POINT (9.735561525000037 52.394504018000077)","Unfall 11328 (2023) Kat:3, Licht: 1","11328","3","6","2","02","20","1","","1","0","1","0","0"
"POINT (9.756184457000074 52.352841519000037)","Unfall 11354 (2023) Kat:3, Licht: 0","11354","3","6","2","02","10","7","","0","0","1","0","0"
"POINT (9.652356248000046 52.409899269000050)","Unfall 11358 (2023) Kat:3, Licht: 2","11358","3","6","2","02","18","7","","2","0","1","0","0"
"POINT (9.728107398000077 52.374079802000040)","Unfall 11362 (2023) Kat:3, Licht: 2","11362","3","2","4","02","00","7","","2","0","1","0","0"
"POINT (9.744721811000034 52.367489851000073)","Unfall 11371 (2023) Kat:3, Licht: 2","11371","3","2","5","02","06","3","","2","1","1","0","0"
"POINT (9.705379913000058 52.418164942000033)","Unfall 11397 (2023) Kat:3, Licht: 0","11397","3","6","2","02","12","6","","0","0","1","0","0"
"POINT (9.758885811000027 52.370315953000045)","Unfall 11399 (2023) Kat:3, Licht: 0","11399","3","3","5","02","08","6","","0","1","1","0","0"
"POINT (9.772871330000044 52.342923008000071)","Unfall 11442 (2023) Kat:3, Licht: 2","11442","3","6","3","02","17","7","","2","0","1","0","0"
"POINT (9.804899773000045 52.337892151000062)","Unfall 11456 (2023) Kat:3, Licht: 0","11456","3","6","2","02","13","5","","0","0","1","0","0"
"POINT (9.699465722000070 52.347354936000045)","Unfall 11457 (2023) Kat:3, Licht: 0","11457","3","2","2","02","15","5","","0","0","1","0","0"
"POINT (9.792718603000026 52.393649230000051)","Unfall 11462 (2023) Kat:3, Licht: 2","11462","3","6","2","02","23","5","","2","0","1","0","0"
"POINT (9.733992184000044 52.368886194000027)","Unfall 11463 (2023) Kat:3, Licht: 2","11463","3","2","5","02","18","5","","2","0","1","0","0"
"POINT (9.813816384000063 52.365134908000073)","Unfall 11464 (2023) Kat:3, Licht: 0","11464","3","7","0","02","13","5","","0","0","1","0","1"
"POINT (9.753098998000041 52.369971355000075)","Unfall 11504 (2023) Kat:3, Licht: 2","11504","3","6","3","05","22","7","","2","1","0","0","0"
"POINT (9.733537063000028 52.419331633000070)","Unfall 11505 (2023) Kat:3, Licht: 0","11505","3","7","0","05","22","7","","0","1","0","0","0"
"POINT (9.745304479000026 52.367260558000055)","Unfall 11510 (2023) Kat:2, Licht: 0","11510","2","6","3","05","10","7","","0","0","1","0","1"
"POINT (9.779172944000038 52.327693333000070)","Unfall 11550 (2023) Kat:3, Licht: 0","11550","3","7","0","05","19","6","","0","0","0","0","0"
"POINT (9.782188073000043 52.325117949000060)","Unfall 11553 (2023) Kat:3, Licht: 0","11553","3","2","5","05","16","6","","0","1","1","0","0"
"POINT (9.724757675000035 52.376890771000035)","Unfall 11599 (2023) Kat:3, Licht: 0","11599","3","6","3","05","11","5","","0","0","1","0","0"
"POINT (9.777308092000055 52.343769614000053)","Unfall 11600 (2023) Kat:3, Licht: 0","11600","3","1","1","05","10","5","","0","0","1","0","0"
"POINT (9.836428240000032 52.397352834000060)","Unfall 11634 (2023) Kat:3, Licht: 0","11634","3","7","6","05","16","4","","0","1","0","1","0"
"POINT (9.695470832000069 52.361347382000076)","Unfall 11635 (2023) Kat:3, Licht: 0","11635","3","3","5","05","13","4","","0","1","0","0","0"
"POINT (9.694689131000075 52.337483208000037)","Unfall 11676 (2023) Kat:3, Licht: 0","11676","3","2","5","05","14","3","","0","0","1","0","0"
"POINT (9.775586772000054 52.330041642000026)","Unfall 11714 (2023) Kat:3, Licht: 0","11714","3","3","5","05","07","2","","0","1","1","0","0"
"POINT (9.743297949000066 52.338380277000056)","Unfall 11716 (2023) Kat:3, Licht: 0","11716","3","6","2","05","13","2","","0","0","1","0","0"
"POINT (9.830216722000046 52.385451037000053)","Unfall 11717 (2023) Kat:3, Licht: 0","11717","3","2","2","05","10","2","","0","0","1","0","0"
"POINT (9.654775920000077 52.407649406000075)","Unfall 11791 (2023) Kat:3, Licht: 0","11791","3","6","2","05","11","5","","0","0","1","0","0"
"POINT (9.734013884000035 52.415754124000046)","Unfall 11799 (2023) Kat:3, Licht: 0","11799","3","1","0","05","15","6","","0","1","0","0","0"
"POINT (9.648852354000041 52.412337111000056)","Unfall 11828 (2023) Kat:3, Licht: 0","11828","3","6","2","05","16","5","","0","0","1","0","1"
"POINT (9.641076795000060 52.422744078000051)","Unfall 11830 (2023) Kat:3, Licht: 0","11830","3","6","2","05","15","5","","0","0","1","0","0"
"POINT (9.652040557000021 52.410012012000038)","Unfall 11872 (2023) Kat:3, Licht: 0","11872","3","6","2","05","07","4","","0","0","1","0","0"
"POINT (9.734853229000066 52.392640728000060)","Unfall 11873 (2023) Kat:3, Licht: 0","11873","3","4","6","05","19","4","","0","1","0","1","0"
"POINT (9.855683036000073 52.389235459000076)","Unfall 11874 (2023) Kat:3, Licht: 0","11874","3","2","5","05","18","4","","0","1","1","0","0"
"POINT (9.697328771000059 52.377908317000049)","Unfall 11875 (2023) Kat:3, Licht: 0","11875","3","6","2","05","07","4","","0","0","1","0","0"
"POINT (9.848001615000044 52.329892882000081)","Unfall 11876 (2023) Kat:3, Licht: 2","11876","3","3","5","05","20","4","","2","1","1","0","0"
"POINT (9.768875091000041 52.338103378000028)","Unfall 11885 (2023) Kat:3, Licht: 0","11885","3","3","5","05","10","4","","0","0","1","0","0"
"POINT (9.837617995000073 52.336081765000074)","Unfall 11886 (2023) Kat:3, Licht: 0","11886","3","7","0","05","14","4","","0","1","0","0","0"
"POINT (9.696056070000054 52.380091836000076)","Unfall 11919 (2023) Kat:3, Licht: 0","11919","3","6","2","05","18","3","","0","0","1","0","0"
"POINT (9.667631816000039 52.384077191000074)","Unfall 11950 (2023) Kat:3, Licht: 0","11950","3","4","6","05","18","2","","0","0","1","1","0"
"POINT (9.819706458000041 52.406203740000080)","Unfall 11953 (2023) Kat:3, Licht: 0","11953","3","6","2","05","13","2","","0","0","1","0","0"
"POINT (9.757471115000044 52.341048988000068)","Unfall 11984 (2023) Kat:3, Licht: 0","11984","3","6","2","04","12","1","","0","0","1","0","0"
"POINT (9.726424164000036 52.365873140000076)","Unfall 11985 (2023) Kat:3, Licht: 2","11985","3","6","2","04","22","1","","2","0","1","0","0"
"POINT (9.733972228000027 52.368890651000072)","Unfall 11989 (2023) Kat:2, Licht: 0","11989","2","2","4","04","19","1","","0","0","1","0","1"
"POINT (9.647206935000042 52.413552741000046)","Unfall 12015 (2023) Kat:3, Licht: 2","12015","3","3","5","04","01","7","","2","0","1","0","0"
"POINT (9.869571916000041 52.360578539000073)","Unfall 12048 (2023) Kat:3, Licht: 1","12048","3","6","2","04","05","6","","1","0","1","0","0"
"POINT (9.795287725000037 52.349131168000042)","Unfall 12050 (2023) Kat:3, Licht: 0","12050","3","6","2","04","06","6","","0","0","1","0","0"
"POINT (9.861893547000022 52.381332277000070)","Unfall 12083 (2023) Kat:3, Licht: 0","12083","3","3","5","05","15","5","","0","0","1","0","0"
"POINT (9.799512918000062 52.370907690000081)","Unfall 12087 (2023) Kat:3, Licht: 0","12087","3","3","5","04","16","5","","0","1","0","0","0"
"POINT (9.859151663000034 52.386644378000028)","Unfall 12088 (2023) Kat:3, Licht: 0","12088","3","6","2","04","14","5","","0","0","1","0","0"
"POINT (9.793667761000052 52.394776355000033)","Unfall 12089 (2023) Kat:3, Licht: 0","12089","3","2","5","04","16","5","","0","0","1","0","0"
"POINT (9.720521146000067 52.368108669000037)","Unfall 12095 (2023) Kat:3, Licht: 0","12095","3","4","6","04","17","5","","0","1","0","1","0"
"POINT (9.743095518000075 52.368278052000051)","Unfall 12106 (2023) Kat:3, Licht: 0","12106","3","3","5","05","11","3","","0","1","1","0","0"
"POINT (9.744833619000076 52.369027727000059)","Unfall 12160 (2023) Kat:3, Licht: 0","12160","3","6","2","04","17","3","","0","0","1","0","0"
"POINT (9.782097989000022 52.325278542000035)","Unfall 12161 (2023) Kat:3, Licht: 0","12161","3","6","3","04","17","3","","0","0","1","0","0"
"POINT (9.734418464000044 52.388201985000080)","Unfall 12212 (2023) Kat:3, Licht: 0","12212","3","4","6","04","19","2","","0","0","1","1","0"
"POINT (9.827281047000042 52.356037972000081)","Unfall 12213 (2023) Kat:3, Licht: 2","12213","3","3","5","04","21","2","","2","0","1","0","1"
"POINT (9.732121305000021 52.369106920000036)","Unfall 12214 (2023) Kat:3, Licht: 0","12214","3","6","3","05","09","3","","0","1","0","0","0"
"POINT (9.771421585000041 52.371069368000065)","Unfall 12215 (2023) Kat:3, Licht: 0","12215","3","2","5","04","14","2","","0","0","1","0","0"
"POINT (9.626845052000021 52.423402545000044)","Unfall 12243 (2023) Kat:3, Licht: 2","12243","3","6","2","04","22","1","","2","0","1","0","0"
"POINT (9.718235197000070 52.394317680000029)","Unfall 12244 (2023) Kat:3, Licht: 0","12244","3","2","5","04","17","1","","0","1","1","0","0"
"POINT (9.725311687000044 52.376497180000058)","Unfall 12245 (2023) Kat:3, Licht: 0","12245","3","7","0","04","15","1","","0","0","1","0","1"
"POINT (9.735066408000023 52.393613606000031)","Unfall 12297 (2023) Kat:3, Licht: 0","12297","3","6","2","04","17","7","","0","0","1","0","0"
"POINT (9.728366597000047 52.374103296000044)","Unfall 12298 (2023) Kat:3, Licht: 2","12298","3","2","5","04","22","7","","2","1","1","0","0"
"POINT (9.698479432000056 52.375345351000078)","Unfall 12300 (2023) Kat:3, Licht: 2","12300","3","1","0","04","21","7","","2","1","0","0","0"
"POINT (9.771295743000053 52.334921797000050)","Unfall 12301 (2023) Kat:3, Licht: 0","12301","3","2","5","04","19","7","","0","0","1","0","0"
"POINT (9.734273813000073 52.387151164000045)","Unfall 12305 (2023) Kat:3, Licht: 2","12305","3","3","5","04","04","7","","2","0","1","0","0"
"POINT (9.654654203000064 52.407857976000059)","Unfall 12357 (2023) Kat:3, Licht: 0","12357","3","3","5","04","18","6","","0","0","1","0","0"
"POINT (9.852006377000066 52.389881189000050)","Unfall 12358 (2023) Kat:2, Licht: 0","12358","2","4","6","04","15","6","","0","0","1","1","0"
"POINT (9.862883049000061 52.379815807000057)","Unfall 12359 (2023) Kat:3, Licht: 0","12359","3","3","5","04","11","6","","0","0","1","0","1"
"POINT (9.697299244000021 52.361590667000030)","Unfall 12360 (2023) Kat:3, Licht: 0","12360","3","3","5","04","09","6","","0","1","0","0","0"
"POINT (9.694697419000022 52.419572167000069)","Unfall 12367 (2023) Kat:3, Licht: 2","12367","3","2","4","04","21","6","","2","0","1","0","0"
"POINT (9.742913893000036 52.368443839000065)","Unfall 12368 (2023) Kat:3, Licht: 2","12368","3","3","5","04","23","6","","2","0","1","0","0"
"POINT (9.668893851000064 52.358120013000075)","Unfall 12426 (2023) Kat:3, Licht: 1","12426","3","3","5","05","05","6","","1","1","1","0","0"
"POINT (9.776636315000076 52.332859066000026)","Unfall 12438 (2023) Kat:3, Licht: 2","12438","3","3","5","04","20","4","","2","1","1","0","0"
"POINT (9.822946494000064 52.407849265000038)","Unfall 12441 (2023) Kat:3, Licht: 0","12441","3","6","2","04","07","4","","0","0","0","0","0"
"POINT (9.734565989000032 52.411519831000078)","Unfall 12477 (2023) Kat:3, Licht: 0","12477","3","6","2","04","17","3","","0","0","1","0","0"
"POINT (9.734901844000035 52.391498344000070)","Unfall 12504 (2023) Kat:3, Licht: 0","12504","3","2","5","05","15","4","","0","0","1","0","0"
"POINT (9.745472965000033 52.369053491000045)","Unfall 12519 (2023) Kat:3, Licht: 0","12519","3","3","0","04","20","2","","0","1","0","0","0"
"POINT (9.698666320000029 52.347568094000053)","Unfall 12520 (2023) Kat:3, Licht: 0","12520","3","2","5","04","14","2","","0","0","1","0","1"
"POINT (9.753269163000027 52.369996044000061)","Unfall 12553 (2023) Kat:3, Licht: 0","12553","3","3","5","04","13","1","","0","0","1","0","0"
"POINT (9.701397460000067 52.380055879000054)","Unfall 12570 (2023) Kat:3, Licht: 0","12570","3","7","2","04","13","7","","0","0","1","0","0"
"POINT (9.832293044000039 52.386085114000082)","Unfall 12576 (2023) Kat:3, Licht: 0","12576","3","7","0","04","16","7","","0","1","0","0","0"
"POINT (9.717503573000045 52.346139623000056)","Unfall 12611 (2023) Kat:3, Licht: 0","12611","3","6","2","04","15","6","","0","0","1","0","1"
"POINT (9.712789308000026 52.401745105000032)","Unfall 12613 (2023) Kat:3, Licht: 2","12613","3","6","2","04","21","6","","2","0","1","0","0"
"POINT (9.707486953000057 52.424351217000037)","Unfall 12615 (2023) Kat:3, Licht: 0","12615","3","3","5","04","15","6","","0","1","1","0","0"
"POINT (9.723275321000074 52.363369676000048)","Unfall 12616 (2023) Kat:3, Licht: 2","12616","3","6","2","04","21","6","","2","0","1","0","0"
"POINT (9.732932412000025 52.421178015000066)","Unfall 12620 (2023) Kat:3, Licht: 0","12620","3","6","3","04","11","6","","0","0","1","0","1"
"POINT (9.808545974000026 52.337128892000067)","Unfall 12660 (2023) Kat:3, Licht: 0","12660","3","6","2","04","17","5","","0","0","1","0","0"
"POINT (9.831264988000044 52.422463047000065)","Unfall 12661 (2023) Kat:3, Licht: 0","12661","3","6","2","04","16","5","","0","0","1","0","0"
"POINT (9.851986091000072 52.390976517000070)","Unfall 12698 (2023) Kat:3, Licht: 0","12698","3","3","5","04","18","4","","0","1","1","0","0"
"POINT (9.896229154000025 52.411533145000078)","Unfall 12703 (2023) Kat:3, Licht: 0","12703","3","6","3","04","15","4","","0","0","1","0","0"
"POINT (9.804222081000034 52.338534546000062)","Unfall 12704 (2023) Kat:3, Licht: 0","12704","3","6","2","04","07","4","","0","0","1","0","0"
"POINT (9.675756869000054 52.353241606000040)","Unfall 12719 (2023) Kat:3, Licht: 0","12719","3","7","0","04","13","6","","0","0","1","0","0"
"POINT (9.664044180000076 52.376963746000058)","Unfall 12739 (2023) Kat:3, Licht: 0","12739","3","4","6","04","12","3","","0","0","0","1","0"
"POINT (9.723340193000070 52.378011016000073)","Unfall 12766 (2023) Kat:3, Licht: 0","12766","3","1","0","04","09","2","","0","0","0","0","1"
"POINT (9.827560045000041 52.360275869000077)","Unfall 12768 (2023) Kat:3, Licht: 0","12768","3","4","6","04","17","2","","0","0","1","1","0"
"POINT (9.727014549000046 52.388061605000075)","Unfall 12775 (2023) Kat:3, Licht: 2","12775","3","7","0","04","03","2","","2","1","0","0","0"
"POINT (9.757108694000067 52.340990924000039)","Unfall 12800 (2023) Kat:3, Licht: 0","12800","3","7","7","04","09","1","","0","0","1","0","0"
"POINT (9.864703059000021 52.336076127000069)","Unfall 12806 (2023) Kat:2, Licht: 0","12806","2","7","6","04","14","1","","0","0","1","1","0"
"POINT (9.726566926000032 52.366758375000074)","Unfall 12815 (2023) Kat:3, Licht: 0","12815","3","6","2","04","07","4","","0","0","1","0","0"
"POINT (9.670696359000033 52.382728590000056)","Unfall 12832 (2023) Kat:3, Licht: 0","12832","3","7","0","04","18","7","","0","0","0","0","0"
"POINT (9.654393327000037 52.425305948000073)","Unfall 12834 (2023) Kat:3, Licht: 2","12834","3","6","2","04","06","7","","2","0","1","0","0"
"POINT (9.729385204000039 52.385242150000067)","Unfall 12845 (2023) Kat:3, Licht: 0","12845","3","5","1","04","16","6","","0","0","1","0","0"
"POINT (9.664304147000053 52.384351783000056)","Unfall 12846 (2023) Kat:3, Licht: 2","12846","3","4","6","04","21","6","","2","0","1","1","0"
"POINT (9.724887962000025 52.427771735000078)","Unfall 12903 (2023) Kat:3, Licht: 0","12903","3","6","2","04","18","5","","0","0","1","0","0"
"POINT (9.645393880000029 52.423573623000038)","Unfall 12904 (2023) Kat:3, Licht: 0","12904","3","6","2","04","16","5","","0","0","1","0","0"
"POINT (9.697165831000063 52.378306042000077)","Unfall 12910 (2023) Kat:3, Licht: 0","12910","3","6","2","04","14","5","","0","0","1","0","1"
"POINT (9.728018581000072 52.374192214000061)","Unfall 12912 (2023) Kat:3, Licht: 0","12912","3","2","0","04","10","5","","0","1","1","0","0"
"POINT (9.823964645000046 52.413838387000055)","Unfall 12928 (2023) Kat:2, Licht: 1","12928","2","1","0","05","21","2","","1","0","0","0","0"
"POINT (9.760749951000037 52.370359545000042)","Unfall 13002 (2023) Kat:3, Licht: 0","13002","3","4","6","04","11","5","","0","0","1","1","0"
"POINT (9.782034750000037 52.362900046000050)","Unfall 13011 (2023) Kat:3, Licht: 0","13011","3","6","2","04","12","3","","0","0","1","0","0"
"POINT (9.649818998000057 52.414620196000044)","Unfall 13054 (2023) Kat:3, Licht: 0","13054","3","6","3","04","09","2","","0","0","1","0","0"
"POINT (9.801575221000064 52.431221897000057)","Unfall 13055 (2023) Kat:3, Licht: 0","13055","3","7","0","04","10","2","","0","1","0","0","0"
"POINT (9.719502239000064 52.351086780000060)","Unfall 13059 (2023) Kat:3, Licht: 0","13059","3","3","5","04","11","2","","0","1","1","0","0"
"POINT (9.696337972000038 52.379852599000060)","Unfall 13060 (2023) Kat:3, Licht: 2","13060","3","2","5","04","05","2","","2","0","1","0","0"
"POINT (9.729354944000022 52.385410755000066)","Unfall 13084 (2023) Kat:3, Licht: 2","13084","3","1","0","04","03","1","","2","0","0","0","0"
"POINT (9.687432909000051 52.389404928000033)","Unfall 13116 (2023) Kat:3, Licht: 0","13116","3","6","2","04","18","2","","0","0","1","0","0"
"POINT (9.813421901000027 52.319136899000057)","Unfall 13121 (2023) Kat:3, Licht: 2","13121","3","1","0","04","19","7","","2","0","1","0","0"
"POINT (9.831189695000035 52.399207980000028)","Unfall 13170 (2023) Kat:3, Licht: 0","13170","3","6","2","03","17","6","","0","0","1","0","0"
"POINT (9.722393635000060 52.355995471000028)","Unfall 13203 (2023) Kat:2, Licht: 0","13203","2","1","0","04","17","6","","0","0","0","0","1"
"POINT (9.793247218000033 52.393670118000045)","Unfall 13218 (2023) Kat:3, Licht: 0","13218","3","2","5","03","15","5","","0","0","1","0","0"
"POINT (9.720352364000064 52.391526525000074)","Unfall 13220 (2023) Kat:3, Licht: 1","13220","3","1","0","03","06","5","","1","1","0","0","0"
"POINT (9.646494227000062 52.413710030000061)","Unfall 13225 (2023) Kat:3, Licht: 0","13225","3","6","2","04","14","6","","0","0","1","0","0"
"POINT (9.748031329000071 52.427297541000030)","Unfall 13250 (2023) Kat:3, Licht: 0","13250","3","6","3","03","16","4","","0","0","1","0","0"
"POINT (9.697329667000076 52.377906120000034)","Unfall 13287 (2023) Kat:3, Licht: 0","13287","3","6","2","03","15","3","","0","0","1","0","0"
"POINT (9.712379550000037 52.403847290000044)","Unfall 13289 (2023) Kat:3, Licht: 0","13289","3","6","2","03","17","3","","0","0","1","0","0"
"POINT (9.722954089000041 52.377971137000031)","Unfall 13328 (2023) Kat:3, Licht: 0","13328","3","2","0","03","17","2","","0","0","1","0","0"
"POINT (9.735589840000046 52.394648766000046)","Unfall 13331 (2023) Kat:3, Licht: 0","13331","3","2","5","03","06","2","","0","1","1","0","0"