WKT,Name,OBJECTID,UKATEGORIE,UTYP1,UART,UMONAT,USTUNDE,UWOCHENTAG,STRZUSTAND,ULICHTVERH,ISTRAD,ISTPKW,ISTFUSS,ISTKRAD
"POINT (9.834806113000070 52.420660185000031)","Unfall 13371 (2023) Kat:3, Licht: 0","13371","3","6","2","04","08","4","","0","0","0","0","0"
"POINT (9.823532181000076 52.413588085000072)","Unfall 13372 (2023) Kat:3, Licht: 0","13372","3","7","9","03","14","1","","0","0","1","0","0"
"POINT (9.673341341000025 52.377229766000028)","Unfall 13373 (2023) Kat:1, Licht: 2","13373","1","7","6","03","00","1","","2","0","0","1","0"
"POINT (9.793223585000021 52.393669346000081)","Unfall 13410 (2023) Kat:3, Licht: 0","13410","3","2","3","03","16","7","","0","0","1","0","0"
"POINT (9.711809992000042 52.429262941000047)","Unfall 13412 (2023) Kat:1, Licht: 1","13412","1","6","2","03","06","7","","1","0","1","0","0"
"POINT (9.696387224000034 52.379940649000048)","Unfall 13447 (2023) Kat:3, Licht: 0","13447","3","6","2","03","16","6","","0","0","1","0","0"
"POINT (9.697764005000067 52.376332939000065)","Unfall 13448 (2023) Kat:3, Licht: 0","13448","3","6","2","03","07","6","","0","0","1","0","0"
"POINT (9.735790935000068 52.402036699000064)","Unfall 13457 (2023) Kat:3, Licht: 0","13457","3","4","6","03","13","6","","0","0","0","1","0"
"POINT (9.841771784000059 52.395162143000050)","Unfall 13466 (2023) Kat:2, Licht: 0","13466","2","4","6","04","14","1","","0","0","1","1","0"
"POINT (9.799535220000053 52.396169497000074)","Unfall 13468 (2023) Kat:3, Licht: 0","13468","3","6","2","04","16","1","","0","0","1","0","0"
"POINT (9.746353075000059 52.365505471000063)","Unfall 13521 (2023) Kat:3, Licht: 0","13521","3","6","2","03","07","5","","0","0","1","0","0"
"POINT (9.842276826000045 52.388077033000059)","Unfall 13522 (2023) Kat:3, Licht: 0","13522","3","3","5","03","16","5","","0","1","1","0","0"
"POINT (9.722402689000035 52.378517839000040)","Unfall 13524 (2023) Kat:3, Licht: 0","13524","3","2","5","03","10","5","","0","1","1","0","0"
"POINT (9.733640881000042 52.368962521000071)","Unfall 13544 (2023) Kat:3, Licht: 0","13544","3","1","0","04","13","3","","0","1","0","0","0"
"POINT (9.734034519000033 52.412592723000046)","Unfall 13557 (2023) Kat:3, Licht: 2","13557","3","7","0","03","22","4","","2","0","0","0","0"
"POINT (9.863804201000050 52.374980137000080)","Unfall 13558 (2023) Kat:3, Licht: 2","13558","3","3","5","03","19","4","","2","1","0","0","0"
"POINT (9.861794055000075 52.368664464000062)","Unfall 13560 (2023) Kat:3, Licht: 0","13560","3","2","5","03","18","4","","0","0","1","0","1"
"POINT (9.726735331000043 52.375761418000081)","Unfall 13567 (2023) Kat:3, Licht: 0","13567","3","3","5","03","17","4","","0","1","1","0","0"
"POINT (9.735291862000054 52.394700548000060)","Unfall 13568 (2023) Kat:3, Licht: 0","13568","3","6","4","03","17","4","","0","1","0","0","0"
"POINT (9.743325889000062 52.368224938000026)","Unfall 13622 (2023) Kat:3, Licht: 0","13622","3","3","5","03","16","3","","0","0","1","0","0"
"POINT (9.670695405000060 52.358345714000052)","Unfall 13624 (2023) Kat:3, Licht: 0","13624","3","3","5","03","12","3","","0","0","1","0","0"
"POINT (9.697558382000068 52.377345075000051)","Unfall 13625 (2023) Kat:3, Licht: 1","13625","3","6","2","03","06","3","","1","0","1","0","0"
"POINT (9.810644086000025 52.351239561000057)","Unfall 13630 (2023) Kat:3, Licht: 2","13630","3","6","2","03","18","3","","2","0","1","0","0"
"POINT (9.781668655000033 52.424954318000061)","Unfall 13631 (2023) Kat:3, Licht: 1","13631","3","2","5","03","06","3","","1","1","1","0","0"
"POINT (9.719395849000023 52.346600448000061)","Unfall 13644 (2023) Kat:3, Licht: 0","13644","3","1","8","05","20","4","","0","0","1","0","0"
"POINT (9.862206637000043 52.366213627000036)","Unfall 13666 (2023) Kat:3, Licht: 0","13666","3","2","2","03","08","3","","0","0","1","0","0"
"POINT (9.756702986000050 52.340907892000075)","Unfall 13675 (2023) Kat:3, Licht: 0","13675","3","6","2","03","08","2","","0","0","1","0","0"
"POINT (9.690743675000022 52.422111302000076)","Unfall 13676 (2023) Kat:3, Licht: 0","13676","3","2","5","03","08","2","","0","0","1","0","0"
"POINT (9.739748387000077 52.368216459000053)","Unfall 13723 (2023) Kat:3, Licht: 2","13723","3","1","0","03","19","1","","2","0","0","0","0"
"POINT (9.768905911000047 52.338066102000028)","Unfall 13816 (2023) Kat:3, Licht: 0","13816","3","2","5","03","10","6","","0","1","1","0","0"
"POINT (9.740167718000066 52.368249649000063)","Unfall 13831 (2023) Kat:3, Licht: 0","13831","3","2","5","03","15","5","","0","0","1","0","0"
"POINT (9.743662606000044 52.369027805000030)","Unfall 13835 (2023) Kat:3, Licht: 0","13835","3","3","5","05","16","5","","0","1","0","0","0"
"POINT (9.841979725000044 52.416137815000070)","Unfall 13839 (2023) Kat:3, Licht: 0","13839","3","6","2","04","11","6","","0","0","1","0","0"
"POINT (9.745700576000047 52.369061767000062)","Unfall 13866 (2023) Kat:3, Licht: 2","13866","3","6","2","03","22","5","","2","1","0","0","0"
"POINT (9.733829621000041 52.384611167000060)","Unfall 13869 (2023) Kat:3, Licht: 2","13869","3","3","5","03","19","5","","2","1","1","0","0"
"POINT (9.802418550000027 52.340400598000031)","Unfall 13873 (2023) Kat:3, Licht: 0","13873","3","1","8","05","14","5","","0","0","0","0","0"
"POINT (9.713148951000051 52.346506629000032)","Unfall 13908 (2023) Kat:3, Licht: 0","13908","3","6","2","03","14","4","","0","0","1","0","0"
"POINT (9.722831517000031 52.378287587000045)","Unfall 13916 (2023) Kat:3, Licht: 0","13916","3","7","0","03","07","4","","0","1","0","0","0"
"POINT (9.799900115000071 52.407488871000055)","Unfall 13951 (2023) Kat:3, Licht: 2","13951","3","7","0","03","22","3","","2","1","0","0","0"
"POINT (9.783958288000065 52.382390134000048)","Unfall 13955 (2023) Kat:3, Licht: 0","13955","3","6","2","03","12","3","","0","0","1","0","0"
"POINT (9.730213768000056 52.368958507000059)","Unfall 13994 (2023) Kat:3, Licht: 2","13994","3","3","5","03","18","2","","2","0","1","0","0"
"POINT (9.861785063000070 52.368431101000056)","Unfall 13995 (2023) Kat:3, Licht: 0","13995","3","7","0","05","20","3","","0","0","0","0","0"
"POINT (9.777975965000053 52.343942715000026)","Unfall 13999 (2023) Kat:3, Licht: 0","13999","3","6","3","03","15","2","","0","0","1","0","0"
"POINT (9.655056021000064 52.407294732000082)","Unfall 14020 (2023) Kat:3, Licht: 0","14020","3","6","2","03","17","1","","0","0","1","0","0"
"POINT (9.723406302000058 52.377732678000029)","Unfall 14063 (2023) Kat:3, Licht: 0","14063","3","2","5","08","16","3","","0","1","1","0","0"
"POINT (9.799705165000034 52.408354914000029)","Unfall 14064 (2023) Kat:3, Licht: 0","14064","3","7","0","08","15","3","","0","1","0","0","0"
"POINT (9.727002305000042 52.366551084000037)","Unfall 14089 (2023) Kat:3, Licht: 0","14089","3","3","5","08","17","2","","0","1","1","0","0"
"POINT (9.802436836000027 52.434344916000043)","Unfall 14112 (2023) Kat:3, Licht: 0","14112","3","2","0","08","19","1","","0","1","1","0","0"
"POINT (9.754288090000045 52.502731205000032)","Unfall 14114 (2023) Kat:3, Licht: 0","14114","3","6","2","08","18","1","","0","0","1","0","0"
"POINT (9.840488201000028 52.417077731000063)","Unfall 14115 (2023) Kat:3, Licht: 0","14115","3","3","5","08","11","1","","0","0","1","0","0"
"POINT (9.717540550000024 52.396237123000049)","Unfall 14116 (2023) Kat:3, Licht: 2","14116","3","1","0","08","01","1","","2","0","1","0","0"
"POINT (9.774858230000063 52.371271383000078)","Unfall 14139 (2023) Kat:3, Licht: 0","14139","3","2","5","08","12","7","","0","1","1","0","0"
"POINT (9.725658168000052 52.380512674000045)","Unfall 14143 (2023) Kat:3, Licht: 0","14143","3","4","6","08","20","7","","0","0","1","1","0"
"POINT (9.733968176000076 52.385312165000073)","Unfall 14144 (2023) Kat:3, Licht: 2","14144","3","7","1","08","05","7","","2","0","1","0","1"
"POINT (9.800047286000051 52.343645788000060)","Unfall 14171 (2023) Kat:3, Licht: 0","14171","3","6","2","08","16","6","","0","0","1","0","0"
"POINT (9.733366883000031 52.420598827000049)","Unfall 14202 (2023) Kat:3, Licht: 0","14202","3","6","1","08","11","5","","0","0","1","0","0"
"POINT (9.722555070000055 52.378651670000067)","Unfall 14222 (2023) Kat:3, Licht: 2","14222","3","6","2","08","22","4","","2","0","1","0","0"
"POINT (9.752295572000037 52.427360961000034)","Unfall 14225 (2023) Kat:3, Licht: 0","14225","3","6","2","08","15","4","","0","0","1","0","0"
"POINT (9.728546858000072 52.373889351000059)","Unfall 14247 (2023) Kat:3, Licht: 0","14247","3","6","2","08","19","1","","0","0","1","0","0"
"POINT (9.748675321000064 52.369206617000032)","Unfall 14257 (2023) Kat:3, Licht: 0","14257","3","3","5","08","17","3","","0","1","1","0","0"
"POINT (9.639102537000042 52.415783935000036)","Unfall 14258 (2023) Kat:3, Licht: 0","14258","3","7","4","08","10","3","","0","0","1","0","0"
"POINT (9.722845665000023 52.421564914000044)","Unfall 14259 (2023) Kat:3, Licht: 0","14259","3","6","2","08","13","3","","0","0","1","0","0"
"POINT (9.696426789000043 52.379432525000027)","Unfall 14261 (2023) Kat:2, Licht: 2","14261","2","1","9","08","22","3","","2","0","1","0","0"
"POINT (9.730492479000077 52.370791357000030)","Unfall 14265 (2023) Kat:3, Licht: 0","14265","3","3","5","08","16","3","","0","1","1","0","0"
"POINT (9.699829401000045 52.416354624000064)","Unfall 14298 (2023) Kat:3, Licht: 2","14298","3","6","2","07","22","2","","2","0","1","0","0"
"POINT (9.723534000000029 52.377902273000075)","Unfall 14302 (2023) Kat:3, Licht: 0","14302","3","3","5","07","13","2","","0","1","1","0","0"
"POINT (9.735176564000028 52.403558775000079)","Unfall 14303 (2023) Kat:3, Licht: 2","14303","3","2","6","07","04","2","","2","0","1","1","0"
"POINT (9.784492479000050 52.383946135000031)","Unfall 14321 (2023) Kat:3, Licht: 0","14321","3","6","2","07","14","1","","0","0","1","0","0"
"POINT (9.801019621000023 52.396562112000026)","Unfall 14371 (2023) Kat:3, Licht: 2","14371","3","6","2","08","05","3","","2","0","1","0","0"
"POINT (9.797541024000054 52.416361712000082)","Unfall 14387 (2023) Kat:3, Licht: 0","14387","3","3","5","07","17","6","","0","0","1","0","0"
"POINT (9.728354354000032 52.374117827000077)","Unfall 14454 (2023) Kat:3, Licht: 2","14454","3","6","3","07","22","4","","2","1","0","0","0"
"POINT (9.883080220000068 52.359232376000080)","Unfall 14455 (2023) Kat:3, Licht: 0","14455","3","1","9","07","18","4","","0","0","0","0","1"
"POINT (9.627136694000058 52.423210789000052)","Unfall 14475 (2023) Kat:3, Licht: 0","14475","3","6","2","07","15","3","","0","0","1","0","0"
"POINT (9.651583624000068 52.415466809000065)","Unfall 14476 (2023) Kat:3, Licht: 0","14476","3","7","0","07","14","3","","0","1","0","0","0"
"POINT (9.707824186000039 52.423694999000077)","Unfall 14477 (2023) Kat:3, Licht: 0","14477","3","3","5","07","08","3","","0","1","1","0","0"
"POINT (9.736191000000076 52.399292206000041)","Unfall 14478 (2023) Kat:3, Licht: 0","14478","3","6","2","07","12","3","","0","0","1","0","0"
"POINT (9.796958636000056 52.347383782000065)","Unfall 14481 (2023) Kat:3, Licht: 0","14481","3","6","2","07","12","3","","0","0","1","0","0"
"POINT (9.638261792000037 52.416154382000059)","Unfall 14515 (2023) Kat:3, Licht: 0","14515","3","6","4","07","16","2","","0","0","1","0","0"
"POINT (9.811287502000027 52.333037493000063)","Unfall 14519 (2023) Kat:3, Licht: 0","14519","3","1","9","07","18","2","","0","0","1","0","0"
"POINT (9.755472326000074 52.427288710000028)","Unfall 14521 (2023) Kat:3, Licht: 0","14521","3","6","3","07","14","2","","0","0","1","0","0"
"POINT (9.676943707000021 52.357009232000053)","Unfall 14570 (2023) Kat:2, Licht: 0","14570","2","2","5","07","18","7","","0","0","1","0","0"
"POINT (9.709020322000072 52.408606342000041)","Unfall 14573 (2023) Kat:3, Licht: 0","14573","3","3","5","07","12","7","","0","1","0","0","0"
"POINT (9.736173267000026 52.399418442000069)","Unfall 14598 (2023) Kat:3, Licht: 0","14598","3","2","5","07","09","6","","0","1","1","0","0"
"POINT (9.723640093000029 52.379380236000031)","Unfall 14625 (2023) Kat:3, Licht: 0","14625","3","6","3","07","19","5","","0","0","1","0","0"
"POINT (9.697775274000037 52.377112688000068)","Unfall 14627 (2023) Kat:3, Licht: 0","14627","3","6","2","07","12","5","","0","0","1","0","0"
"POINT (9.895585319000077 52.413048155000070)","Unfall 14630 (2023) Kat:3, Licht: 0","14630","3","6","2","07","07","5","","0","0","1","0","0"
"POINT (9.709936816000038 52.421196082000051)","Unfall 14664 (2023) Kat:3, Licht: 0","14664","3","1","8","07","09","4","","0","0","1","0","0"
"POINT (9.712717606000069 52.402038898000058)","Unfall 14667 (2023) Kat:3, Licht: 0","14667","3","2","3","07","10","6","","0","1","0","0","0"
"POINT (9.727391983000075 52.381251896000038)","Unfall 14685 (2023) Kat:3, Licht: 1","14685","3","6","2","07","21","3","","1","0","1","0","0"
"POINT (9.756002344000024 52.352703969000061)","Unfall 14723 (2023) Kat:3, Licht: 1","14723","3","2","5","07","20","2","","1","0","1","0","0"
"POINT (9.745034540000063 52.369035825000026)","Unfall 14724 (2023) Kat:3, Licht: 0","14724","3","3","5","07","15","2","","0","1","1","0","0"
"POINT (9.773828659000060 52.370996718000072)","Unfall 14747 (2023) Kat:3, Licht: 0","14747","3","6","2","07","18","1","","0","0","1","0","0"
"POINT (9.744326436000051 52.367868105000070)","Unfall 14748 (2023) Kat:3, Licht: 0","14748","3","7","0","07","13","1","","0","1","0","0","0"
"POINT (9.721535936000066 52.338012819000028)","Unfall 14751 (2023) Kat:3, Licht: 0","14751","3","6","2","08","09","2","","0","0","1","0","0"
"POINT (9.761496908000026 52.370486439000047)","Unfall 14799 (2023) Kat:3, Licht: 0","14799","3","6","2","07","17","6","","0","0","1","0","0"
"POINT (9.735758273000044 52.400118836000047)","Unfall 14821 (2023) Kat:3, Licht: 0","14821","3","7","0","07","19","6","","0","1","0","0","0"
"POINT (9.734782400000029 52.390553389000047)","Unfall 14822 (2023) Kat:3, Licht: 0","14822","3","6","2","07","14","6","","0","0","1","0","0"
"POINT (9.799959812000054 52.407217376000062)","Unfall 14828 (2023) Kat:3, Licht: 0","14828","3","6","0","07","14","6","","0","1","0","1","0"
"POINT (9.690061667000066 52.385752483000033)","Unfall 14866 (2023) Kat:3, Licht: 2","14866","3","6","2","07","22","5","","2","0","1","0","0"
"POINT (9.737754299000073 52.368222251000077)","Unfall 14903 (2023) Kat:3, Licht: 0","14903","3","2","2","07","12","4","","0","1","0","0","0"
"POINT (9.691707381000072 52.376718555000082)","Unfall 14904 (2023) Kat:3, Licht: 0","14904","3","7","0","07","16","4","","0","0","1","0","0"
"POINT (9.804022408000037 52.407880188000036)","Unfall 14906 (2023) Kat:2, Licht: 0","14906","2","4","6","07","13","4","","0","1","0","1","0"
"POINT (9.788863350000042 52.371968035000066)","Unfall 14907 (2023) Kat:3, Licht: 0","14907","3","7","6","07","13","4","","0","0","0","1","0"
"POINT (9.712014627000030 52.405138154000042)","Unfall 14931 (2023) Kat:3, Licht: 0","14931","3","2","5","07","12","2","","0","1","1","0","0"
"POINT (9.651353151000023 52.419602423000072)","Unfall 14937 (2023) Kat:3, Licht: 0","14937","3","2","3","07","06","3","","0","1","1","0","0"
"POINT (9.843823981000071 52.388957907000076)","Unfall 14938 (2023) Kat:3, Licht: 0","14938","3","5","1","07","17","3","","0","1","1","0","0"
"POINT (9.618458620000069 52.421403724000072)","Unfall 14940 (2023) Kat:3, Licht: 0","14940","3","6","2","07","19","3","","0","0","1","0","0"
"POINT (9.722998630000063 52.358128537000027)","Unfall 14974 (2023) Kat:3, Licht: 0","14974","3","6","2","07","11","2","","0","0","1","0","0"
"POINT (9.820249365000052 52.406595617000050)","Unfall 14978 (2023) Kat:3, Licht: 0","14978","3","6","2","07","16","2","","0","0","1","0","0"
"POINT (9.706208705000051 52.430126692000044)","Unfall 14979 (2023) Kat:3, Licht: 0","14979","3","6","2","07","17","2","","0","0","1","0","0"
"POINT (9.714268776000040 52.362155797000071)","Unfall 15003 (2023) Kat:3, Licht: 2","15003","3","2","5","07","23","1","","2","0","1","0","0"
"POINT (9.719350148000046 52.367349423000064)","Unfall 15005 (2023) Kat:3, Licht: 0","15005","3","4","6","07","20","1","","0","1","0","1","0"
"POINT (9.769240037000031 52.337273835000076)","Unfall 15008 (2023) Kat:3, Licht: 0","15008","3","2","3","07","18","1","","0","1","1","0","0"
"POINT (9.827528715000028 52.360142165000070)","Unfall 15038 (2023) Kat:3, Licht: 0","15038","3","7","6","07","10","7","","0","0","1","1","0"
"POINT (9.713659772000028 52.366662103000067)","Unfall 15065 (2023) Kat:3, Licht: 0","15065","3","5","0","07","16","6","","0","1","1","0","0"
"POINT (9.799880596000037 52.407579724000072)","Unfall 15074 (2023) Kat:3, Licht: 0","15074","3","7","0","07","16","6","","0","1","0","0","0"
"POINT (10.171171829000059 52.359032114000058)","Unfall 15092 (2023) Kat:3, Licht: 0","15092","3","6","2","07","10","6","","0","0","1","0","0"
"POINT (9.717068382000036 52.346367755000074)","Unfall 15123 (2023) Kat:3, Licht: 0","15123","3","2","4","07","16","5","","0","0","1","0","0"
"POINT (9.808536963000051 52.337186805000044)","Unfall 15124 (2023) Kat:3, Licht: 0","15124","3","6","2","07","15","5","","0","0","1","0","0"
"POINT (9.792180271000063 52.393437592000055)","Unfall 15125 (2023) Kat:3, Licht: 0","15125","3","6","2","07","14","5","","0","0","1","0","0"
"POINT (9.722575160000076 52.378425234000076)","Unfall 15126 (2023) Kat:3, Licht: 0","15126","3","2","5","07","08","5","","0","1","0","0","0"
"POINT (9.642593620000071 52.414639584000042)","Unfall 15151 (2023) Kat:3, Licht: 0","15151","3","6","2","07","08","4","","0","0","1","0","0"
"POINT (9.713936998000065 52.361240082000052)","Unfall 15152 (2023) Kat:3, Licht: 0","15152","3","6","2","07","09","4","","0","0","0","0","0"
"POINT (9.785835388000066 52.335308393000048)","Unfall 15157 (2023) Kat:3, Licht: 0","15157","3","3","5","07","15","4","","0","1","1","0","0"
"POINT (9.762827970000046 52.370569870000054)","Unfall 15193 (2023) Kat:3, Licht: 0","15193","3","6","2","07","12","3","","0","0","1","0","0"
"POINT (9.728367276000029 52.374102491000031)","Unfall 15195 (2023) Kat:3, Licht: 1","15195","3","2","5","07","21","3","","1","1","0","0","0"
"POINT (9.726876068000024 52.375633967000056)","Unfall 15196 (2023) Kat:3, Licht: 0","15196","3","2","2","07","06","3","","0","0","1","0","0"
"POINT (9.678482395000060 52.359424015000059)","Unfall 15197 (2023) Kat:3, Licht: 0","15197","3","6","2","07","15","3","","0","0","1","0","0"
"POINT (9.801063051000028 52.429360341000063)","Unfall 15199 (2023) Kat:3, Licht: 0","15199","3","2","0","07","08","3","","0","0","1","0","0"
"POINT (9.732262554000044 52.369460286000049)","Unfall 15250 (2023) Kat:3, Licht: 0","15250","3","6","0","07","16","1","","0","1","0","0","0"
"POINT (9.782345655000029 52.362387505000072)","Unfall 15287 (2023) Kat:3, Licht: 0","15287","3","1","9","08","15","3","","0","0","1","0","0"
"POINT (9.733453441000051 52.417234451000070)","Unfall 15310 (2023) Kat:3, Licht: 0","15310","3","3","0","07","13","2","","0","1","1","0","0"
"POINT (9.725873753000030 52.388695556000073)","Unfall 15346 (2023) Kat:3, Licht: 0","15346","3","7","0","06","11","6","","0","1","0","0","0"
"POINT (9.853724585000066 52.390444872000046)","Unfall 15347 (2023) Kat:3, Licht: 0","15347","3","2","5","06","13","6","","0","1","0","0","0"
"POINT (9.719844239000054 52.367750983000064)","Unfall 15381 (2023) Kat:3, Licht: 0","15381","3","7","0","06","19","5","","0","1","0","0","0"
"POINT (9.730148172000042 52.368697161000057)","Unfall 15386 (2023) Kat:3, Licht: 0","15386","3","3","5","06","15","5","","0","1","1","0","0"
"POINT (9.698475329000075 52.345510771000079)","Unfall 15413 (2023) Kat:3, Licht: 0","15413","3","6","2","07","13","5","","0","0","1","0","0"
"POINT (9.710854713000060 52.406143400000076)","Unfall 15429 (2023) Kat:3, Licht: 0","15429","3","1","0","06","21","4","","0","0","0","0","0"
"POINT (9.730158050000057 52.368700470000078)","Unfall 15465 (2023) Kat:3, Licht: 0","15465","3","3","5","06","20","3","","0","1","1","0","0"
"POINT (9.690581878000046 52.377002845000050)","Unfall 15474 (2023) Kat:3, Licht: 0","15474","3","3","5","07","18","2","","0","1","1","0","0"
"POINT (9.838375702000064 52.361633795000046)","Unfall 15502 (2023) Kat:3, Licht: 0","15502","3","3","5","07","20","6","","0","1","1","0","0"
"POINT (9.827878514000076 52.360974420000048)","Unfall 15506 (2023) Kat:3, Licht: 0","15506","3","1","0","07","09","3","","0","1","0","0","0"
"POINT (9.712424492000025 52.366724858000055)","Unfall 15507 (2023) Kat:3, Licht: 0","15507","3","7","8","06","10","2","","0","1","0","0","0"
"POINT (9.689900118000025 52.430176417000041)","Unfall 15514 (2023) Kat:3, Licht: 0","15514","3","1","8","06","14","2","","0","0","0","0","0"
"POINT (9.860892414000034 52.383625231000053)","Unfall 15547 (2023) Kat:2, Licht: 0","15547","2","7","0","06","17","1","","0","1","0","0","0"
"POINT (9.802469074000044 52.340575936000050)","Unfall 15549 (2023) Kat:3, Licht: 2","15549","3","7","9","06","23","1","","2","0","1","0","0"
"POINT (9.863045020000072 52.373183050000080)","Unfall 15581 (2023) Kat:3, Licht: 0","15581","3","6","2","08","14","5","","0","0","1","0","0"
"POINT (9.706676067000046 52.430077569000048)","Unfall 15641 (2023) Kat:3, Licht: 0","15641","3","7","8","06","14","3","","0","0","1","0","0"
"POINT (9.749135800000033 52.361901556000078)","Unfall 15659 (2023) Kat:3, Licht: 0","15659","3","6","2","06","14","6","","0","0","1","0","0"
"POINT (9.732937294000067 52.421130653000034)","Unfall 15661 (2023) Kat:3, Licht: 0","15661","3","6","2","06","15","6","","0","0","1","0","0"
"POINT (9.686390304000042 52.375018930000067)","Unfall 15662 (2023) Kat:3, Licht: 0","15662","3","1","4","06","10","6","","0","0","1","0","0"
"POINT (9.799744303000068 52.344029377000027)","Unfall 15669 (2023) Kat:3, Licht: 0","15669","3","6","2","06","19","6","","0","0","1","0","0"
"POINT (9.819745655000077 52.406348920000028)","Unfall 15670 (2023) Kat:3, Licht: 0","15670","3","6","2","06","15","2","","0","0","1","0","1"
"POINT (9.898644381000054 52.403956165000068)","Unfall 15671 (2023) Kat:3, Licht: 0","15671","3","6","2","06","16","6","","0","0","1","0","0"
"POINT (9.729596673000060 52.420674613000074)","Unfall 15672 (2023) Kat:2, Licht: 0","15672","2","3","5","06","09","6","","0","0","1","0","0"
"POINT (9.668101265000075 52.427944401000047)","Unfall 15675 (2023) Kat:3, Licht: 0","15675","3","1","3","06","08","6","","0","0","1","0","0"
"POINT (9.818382211000028 52.409212047000040)","Unfall 15747 (2023) Kat:2, Licht: 0","15747","2","7","8","06","18","5","","0","0","1","0","0"
"POINT (9.725219009000057 52.389656111000079)","Unfall 15750 (2023) Kat:3, Licht: 0","15750","3","5","1","06","16","5","","0","0","1","0","0"
"POINT (9.729422596000063 52.385033818000068)","Unfall 15751 (2023) Kat:3, Licht: 0","15751","3","2","2","06","14","5","","0","0","1","0","0"
"POINT (9.647466166000072 52.413422534000063)","Unfall 15763 (2023) Kat:3, Licht: 2","15763","3","3","5","07","22","2","","2","1","0","0","1"
"POINT (9.774964025000031 52.371277408000026)","Unfall 15807 (2023) Kat:3, Licht: 0","15807","3","6","2","06","20","4","","0","0","1","0","0"
"POINT (9.827223444000026 52.358746448000034)","Unfall 15808 (2023) Kat:3, Licht: 0","15808","3","6","2","06","17","4","","0","0","1","0","0"
"POINT (9.832275354000046 52.422138226000072)","Unfall 15815 (2023) Kat:3, Licht: 0","15815","3","6","3","06","08","4","","0","0","1","0","0"
"POINT (9.751894507000031 52.358322129000044)","Unfall 15817 (2023) Kat:3, Licht: 0","15817","3","3","5","06","10","4","","0","1","1","0","0"
"POINT (9.743741176000071 52.369017875000054)","Unfall 15861 (2023) Kat:3, Licht: 0","15861","3","2","1","06","06","3","","0","1","1","0","0"
"POINT (9.664552917000037 52.384328842000059)","Unfall 15863 (2023) Kat:3, Licht: 0","15863","3","5","3","06","08","3","","0","0","1","0","0"
"POINT (9.802531094000074 52.434662167000056)","Unfall 15874 (2023) Kat:3, Licht: 0","15874","3","6","2","06","17","3","","0","0","1","0","0"
"POINT (9.702409311000054 52.422660602000065)","Unfall 15875 (2023) Kat:3, Licht: 0","15875","3","5","1","06","15","3","","0","0","1","0","0"
"POINT (9.819363066000051 52.338845606000064)","Unfall 15877 (2023) Kat:3, Licht: 0","15877","3","3","5","06","12","3","","0","0","1","0","1"
"POINT (9.771118804000025 52.342809566000028)","Unfall 15931 (2023) Kat:3, Licht: 0","15931","3","6","2","06","19","2","","0","0","1","0","1"
"POINT (9.793874397000025 52.351253910000082)","Unfall 15942 (2023) Kat:3, Licht: 0","15942","3","6","2","06","12","2","","0","0","1","0","0"
"POINT (9.686051990000067 52.347580869000069)","Unfall 15943 (2023) Kat:2, Licht: 1","15943","2","6","2","06","20","2","","1","0","1","0","1"
"POINT (9.827113494000059 52.343874188000029)","Unfall 15946 (2023) Kat:3, Licht: 0","15946","3","2","5","06","17","2","","0","0","1","0","1"
"POINT (9.863935548000029 52.377657880000072)","Unfall 15947 (2023) Kat:3, Licht: 0","15947","3","1","0","06","05","2","","0","1","0","0","0"
"POINT (9.863534742000070 52.329840649000062)","Unfall 15989 (2023) Kat:3, Licht: 0","15989","3","7","2","06","17","1","","0","0","1","0","0"
"POINT (9.710470401000066 52.406590083000026)","Unfall 15998 (2023) Kat:3, Licht: 0","15998","3","6","2","06","14","3","","0","0","1","0","0"
"POINT (9.734372854000071 52.389267539000059)","Unfall 16019 (2023) Kat:3, Licht: 0","16019","3","6","2","06","12","7","","0","0","1","0","0"
"POINT (9.739856947000021 52.337743047000060)","Unfall 16020 (2023) Kat:3, Licht: 0","16020","3","6","2","06","21","7","","0","0","1","0","0"
"POINT (9.698924462000036 52.374436675000027)","Unfall 16023 (2023) Kat:3, Licht: 2","16023","3","6","2","06","01","7","","2","0","1","0","0"
"POINT (9.696372188000055 52.379818489000058)","Unfall 16045 (2023) Kat:3, Licht: 0","16045","3","2","3","08","18","1","","0","0","1","0","0"
"POINT (9.646900574000028 52.413552013000071)","Unfall 16082 (2023) Kat:3, Licht: 0","16082","3","6","2","06","18","6","","0","0","1","0","0"
"POINT (9.708994683000071 52.408636025000078)","Unfall 16084 (2023) Kat:3, Licht: 0","16084","3","3","5","06","17","6","","0","1","1","0","0"
"POINT (9.723075980000033 52.378156327000056)","Unfall 16095 (2023) Kat:3, Licht: 0","16095","3","7","0","06","14","4","","0","0","0","0","0"
"POINT (9.642326966000041 52.414553427000044)","Unfall 16116 (2023) Kat:3, Licht: 0","16116","3","6","4","06","18","2","","0","1","0","0","0"
"POINT (9.697153971000034 52.347621876000062)","Unfall 16135 (2023) Kat:3, Licht: 0","16135","3","6","2","07","15","2","","0","0","1","0","0"
"POINT (9.733635775000039 52.368963379000036)","Unfall 16225 (2023) Kat:3, Licht: 0","16225","3","7","0","06","19","4","","0","1","0","0","0"
"POINT (9.800190864000058 52.406306535000056)","Unfall 16228 (2023) Kat:3, Licht: 0","16228","3","4","6","06","10","4","","0","0","0","1","0"