WKT,Name,OBJECTID,UKATEGORIE,UTYP1,UART,UMONAT,USTUNDE,UWOCHENTAG,STRZUSTAND,ULICHTVERH,ISTRAD,ISTPKW,ISTFUSS,ISTKRAD
"POINT (9.715436831000034 52.359778334000055)","Unfall 16291 (2023) Kat:3, Licht: 0","16291","3","6","3","06","07","3","","0","0","1","0","0"
"POINT (9.771528918000058 52.342854025000065)","Unfall 16297 (2023) Kat:3, Licht: 0","16297","3","6","2","06","13","3","","0","0","1","0","0"
"POINT (9.779504633000045 52.371542452000028)","Unfall 16301 (2023) Kat:2, Licht: 0","16301","2","6","3","06","16","3","","0","1","0","0","0"
"POINT (9.818007767000040 52.427807519000055)","Unfall 16302 (2023) Kat:3, Licht: 0","16302","3","6","2","06","07","3","","0","0","1","0","1"
"POINT (9.728448432000050 52.368009432000065)","Unfall 16304 (2023) Kat:3, Licht: 0","16304","3","3","5","06","12","3","","0","1","1","0","0"
"POINT (9.707318086000043 52.424360527000033)","Unfall 16306 (2023) Kat:3, Licht: 0","16306","3","2","2","06","17","4","","0","0","1","0","0"
"POINT (9.798378234000040 52.371024011000031)","Unfall 16346 (2023) Kat:3, Licht: 0","16346","3","3","5","06","13","2","","0","1","1","0","0"
"POINT (9.758453163000070 52.349447453000039)","Unfall 16347 (2023) Kat:3, Licht: 0","16347","3","7","9","06","12","2","","0","1","0","0","0"
"POINT (9.618301630000076 52.405831152000076)","Unfall 16348 (2023) Kat:3, Licht: 0","16348","3","2","2","06","08","2","","0","0","1","0","0"
"POINT (9.690620978000027 52.346747105000077)","Unfall 16349 (2023) Kat:3, Licht: 0","16349","3","6","2","06","07","2","","0","0","1","0","0"
"POINT (9.828056204000063 52.360905442000046)","Unfall 16350 (2023) Kat:3, Licht: 0","16350","3","7","0","06","07","2","","0","0","0","0","1"
"POINT (9.636491808000073 52.422012401000075)","Unfall 16359 (2023) Kat:3, Licht: 0","16359","3","7","9","06","13","2","","0","0","1","0","0"
"POINT (9.802826040000070 52.340119168000058)","Unfall 16427 (2023) Kat:3, Licht: 0","16427","3","6","2","06","17","1","","0","0","1","0","1"
"POINT (9.734273813000073 52.387151164000045)","Unfall 16428 (2023) Kat:3, Licht: 0","16428","3","6","2","07","10","6","","0","0","1","0","0"
"POINT (9.732972040000050 52.420798783000066)","Unfall 16430 (2023) Kat:3, Licht: 0","16430","3","2","5","06","17","1","","0","0","1","0","1"
"POINT (9.691242363000072 52.332103102000076)","Unfall 16431 (2023) Kat:3, Licht: 0","16431","3","6","3","06","15","1","","0","0","1","0","0"
"POINT (9.732511888000033 52.369423448000077)","Unfall 16484 (2023) Kat:3, Licht: 0","16484","3","6","2","06","20","7","","0","0","1","0","1"
"POINT (9.728384453000047 52.374082102000045)","Unfall 16488 (2023) Kat:3, Licht: 0","16488","3","2","5","06","12","7","","0","1","1","0","0"
"POINT (9.635249293000072 52.416372930000080)","Unfall 16522 (2023) Kat:2, Licht: 0","16522","2","1","0","07","18","5","","0","0","0","0","1"
"POINT (9.833117113000071 52.338311766000061)","Unfall 16537 (2023) Kat:3, Licht: 0","16537","3","3","5","07","11","1","","0","0","1","0","0"
"POINT (9.637145512000075 52.416768337000065)","Unfall 16554 (2023) Kat:2, Licht: 0","16554","2","1","0","06","16","6","","0","0","0","0","1"
"POINT (9.659859492000066 52.387408961000062)","Unfall 16556 (2023) Kat:3, Licht: 0","16556","3","3","5","06","12","6","","0","0","1","0","0"
"POINT (9.718520701000045 52.367301196000028)","Unfall 16578 (2023) Kat:3, Licht: 0","16578","3","1","0","06","19","2","","0","1","0","0","0"
"POINT (9.718394067000077 52.346039136000059)","Unfall 16612 (2023) Kat:3, Licht: 0","16612","3","6","2","06","08","5","","0","0","1","0","0"
"POINT (9.735295972000074 52.393437986000038)","Unfall 16615 (2023) Kat:3, Licht: 0","16615","3","4","6","06","16","5","","0","1","0","1","0"
"POINT (9.722515125000029 52.362838105000037)","Unfall 16616 (2023) Kat:3, Licht: 0","16616","3","2","3","06","16","5","","0","1","0","0","0"
"POINT (9.680851384000050 52.371950950000041)","Unfall 16618 (2023) Kat:3, Licht: 2","16618","3","1","8","06","00","5","","2","0","1","0","0"
"POINT (9.800331161000031 52.406145559000038)","Unfall 16619 (2023) Kat:3, Licht: 0","16619","3","2","5","06","17","5","","0","1","0","0","0"
"POINT (9.634424389000060 52.419753240000034)","Unfall 16625 (2023) Kat:3, Licht: 0","16625","3","6","8","06","14","5","","0","0","1","0","0"
"POINT (9.785423580000042 52.386721232000070)","Unfall 16653 (2023) Kat:3, Licht: 0","16653","3","6","8","06","14","1","","0","0","1","0","0"
"POINT (9.779584573000022 52.327482429000042)","Unfall 16667 (2023) Kat:3, Licht: 0","16667","3","4","6","07","13","6","","0","0","1","1","0"
"POINT (9.746937374000026 52.369116481000049)","Unfall 16686 (2023) Kat:3, Licht: 0","16686","3","6","2","06","08","4","","0","0","1","0","0"
"POINT (9.625522472000057 52.424409407000041)","Unfall 16687 (2023) Kat:3, Licht: 0","16687","3","6","2","06","18","4","","0","0","1","0","0"
"POINT (9.837050849000036 52.421023922000074)","Unfall 16698 (2023) Kat:3, Licht: 0","16698","3","2","2","06","14","4","","0","0","1","0","0"
"POINT (9.750673940000070 52.359906771000055)","Unfall 16761 (2023) Kat:3, Licht: 0","16761","3","7","0","06","14","3","","0","1","0","0","0"
"POINT (9.673165499000049 52.348599427000067)","Unfall 16762 (2023) Kat:3, Licht: 0","16762","3","6","2","06","12","3","","0","0","1","0","0"
"POINT (9.833620037000060 52.419115286000078)","Unfall 16765 (2023) Kat:3, Licht: 0","16765","3","2","4","06","17","3","","0","0","1","0","0"
"POINT (9.799706757000024 52.408347911000078)","Unfall 16768 (2023) Kat:3, Licht: 0","16768","3","7","0","06","13","3","","0","0","0","0","0"
"POINT (9.728888974000029 52.372961664000059)","Unfall 16769 (2023) Kat:3, Licht: 0","16769","3","2","5","06","11","3","","0","1","0","0","0"
"POINT (9.753978085000028 52.370034476000058)","Unfall 16785 (2023) Kat:3, Licht: 0","16785","3","6","2","06","07","3","","0","0","1","0","0"
"POINT (9.751894062000076 52.358322702000066)","Unfall 16818 (2023) Kat:3, Licht: 0","16818","3","2","6","06","09","6","","0","0","1","1","0"
"POINT (9.721188625000025 52.368099392000033)","Unfall 16841 (2023) Kat:2, Licht: 0","16841","2","7","7","07","16","7","","0","1","0","0","0"
"POINT (9.658175398000026 52.388175952000040)","Unfall 16846 (2023) Kat:3, Licht: 0","16846","3","2","4","06","07","2","","0","1","1","0","0"
"POINT (9.797143299000027 52.414331626000035)","Unfall 16855 (2023) Kat:3, Licht: 0","16855","3","7","0","06","14","2","","0","1","0","0","0"
"POINT (9.723181123000074 52.368396468000071)","Unfall 16856 (2023) Kat:2, Licht: 0","16856","2","1","0","06","12","2","","0","0","0","0","0"
"POINT (9.745998234000069 52.366347168000061)","Unfall 16901 (2023) Kat:3, Licht: 0","16901","3","7","0","06","11","1","","0","1","0","0","0"
"POINT (9.722200299000065 52.421546597000031)","Unfall 16902 (2023) Kat:3, Licht: 0","16902","3","2","4","06","15","1","","0","0","1","0","0"
"POINT (9.671980256000040 52.358507671000041)","Unfall 16904 (2023) Kat:3, Licht: 0","16904","3","7","5","06","12","1","","0","1","1","0","0"
"POINT (9.719610795000051 52.367561802000068)","Unfall 16905 (2023) Kat:3, Licht: 2","16905","3","7","0","06","03","1","","2","0","0","0","0"
"POINT (9.680474264000054 52.371932521000076)","Unfall 16908 (2023) Kat:3, Licht: 0","16908","3","2","5","06","12","1","","0","1","1","0","0"
"POINT (9.730752082000038 52.370885958000031)","Unfall 16959 (2023) Kat:3, Licht: 0","16959","3","4","6","06","11","7","","0","1","0","1","0"
"POINT (9.733449194000059 52.384444415000075)","Unfall 16961 (2023) Kat:3, Licht: 0","16961","3","1","0","08","14","4","","0","0","0","0","1"
"POINT (9.786792646000038 52.355934479000041)","Unfall 16966 (2023) Kat:3, Licht: 0","16966","3","1","8","06","21","7","","0","0","0","0","1"
"POINT (9.782477219000043 52.325088298000026)","Unfall 16970 (2023) Kat:3, Licht: 0","16970","3","2","5","06","10","7","","0","0","1","0","0"
"POINT (9.718310442000075 52.367199530000050)","Unfall 16975 (2023) Kat:1, Licht: 0","16975","1","1","0","07","13","4","","0","0","0","0","1"
"POINT (9.723555751000049 52.368238178000070)","Unfall 17018 (2023) Kat:3, Licht: 0","17018","3","6","2","07","14","4","","0","0","1","0","0"
"POINT (9.754528980000032 52.340468952000037)","Unfall 17039 (2023) Kat:3, Licht: 1","17039","3","1","9","06","22","6","","1","0","1","0","0"
"POINT (9.827584469000044 52.360775114000035)","Unfall 17040 (2023) Kat:3, Licht: 0","17040","3","6","6","08","16","1","","0","1","0","1","0"
"POINT (9.683289676000072 52.373773926000069)","Unfall 17041 (2023) Kat:3, Licht: 0","17041","3","2","5","06","15","6","","0","0","1","0","0"
"POINT (9.629995894000047 52.420784695000066)","Unfall 17070 (2023) Kat:3, Licht: 0","17070","3","1","3","08","17","7","","0","0","1","0","0"
"POINT (9.720333173000029 52.391553049000038)","Unfall 17073 (2023) Kat:3, Licht: 0","17073","3","2","0","06","13","3","","0","1","1","0","0"
"POINT (9.698944788000063 52.347770635000074)","Unfall 17084 (2023) Kat:3, Licht: 0","17084","3","2","5","06","09","5","","0","0","1","0","0"
"POINT (9.810685294000052 52.318256806000079)","Unfall 17088 (2023) Kat:3, Licht: 0","17088","3","6","2","06","17","5","","0","0","1","0","0"
"POINT (9.716861800000061 52.396657747000063)","Unfall 17109 (2023) Kat:3, Licht: 0","17109","3","1","0","07","13","6","","0","1","0","0","0"
"POINT (9.731601112000021 52.369536586000038)","Unfall 17135 (2023) Kat:3, Licht: 0","17135","3","6","2","05","11","4","","0","0","1","0","0"
"POINT (9.827258664000055 52.351919817000066)","Unfall 17136 (2023) Kat:3, Licht: 0","17136","3","4","6","05","16","4","","0","0","1","1","0"
"POINT (9.786758924000026 52.335276740000040)","Unfall 17137 (2023) Kat:3, Licht: 0","17137","3","2","5","05","09","4","","0","1","1","0","0"
"POINT (9.718169799000066 52.367238966000059)","Unfall 17144 (2023) Kat:3, Licht: 0","17144","3","2","5","05","17","4","","0","1","0","0","0"
"POINT (9.824593542000059 52.362401859000045)","Unfall 17146 (2023) Kat:3, Licht: 0","17146","3","3","5","05","11","4","","0","0","1","0","0"
"POINT (9.732185972000025 52.383231899000066)","Unfall 17208 (2023) Kat:3, Licht: 0","17208","3","3","5","05","12","3","","0","0","1","0","0"
"POINT (9.845509416000027 52.389981227000078)","Unfall 17209 (2023) Kat:2, Licht: 0","17209","2","3","5","05","12","3","","0","1","0","0","0"
"POINT (9.730126854000048 52.368690019000042)","Unfall 17211 (2023) Kat:3, Licht: 0","17211","3","3","5","05","17","3","","0","1","1","0","0"
"POINT (9.675441435000039 52.352101539000046)","Unfall 17212 (2023) Kat:3, Licht: 0","17212","3","3","5","05","12","3","","0","1","1","0","0"
"POINT (9.632867319000070 52.421340325000074)","Unfall 17220 (2023) Kat:3, Licht: 0","17220","3","6","3","05","11","3","","0","0","1","0","0"
"POINT (9.745595404000028 52.369058425000048)","Unfall 17251 (2023) Kat:3, Licht: 0","17251","3","3","5","06","17","5","","0","1","1","0","0"
"POINT (9.794087181000066 52.350246238000068)","Unfall 17271 (2023) Kat:3, Licht: 0","17271","3","1","9","07","06","1","","0","0","1","0","0"
"POINT (9.782097989000022 52.325278542000035)","Unfall 17283 (2023) Kat:3, Licht: 0","17283","3","6","3","05","20","2","","0","0","1","0","1"
"POINT (9.851023387000055 52.410679495000068)","Unfall 17366 (2023) Kat:3, Licht: 0","17366","3","6","3","05","16","1","","0","0","1","0","0"
"POINT (9.799217159000023 52.410305218000076)","Unfall 17407 (2023) Kat:3, Licht: 0","17407","3","7","0","07","09","4","","0","1","0","0","0"
"POINT (9.714503739000065 52.361022397000056)","Unfall 17418 (2023) Kat:3, Licht: 0","17418","3","2","3","05","17","7","","0","0","1","0","0"
"POINT (9.718844060000038 52.333641895000028)","Unfall 17419 (2023) Kat:3, Licht: 0","17419","3","6","2","05","11","7","","0","0","1","0","0"
"POINT (9.725289801000031 52.487832938000054)","Unfall 17426 (2023) Kat:3, Licht: 0","17426","3","6","2","05","08","7","","0","0","1","0","0"
"POINT (9.802802939000060 52.436375300000066)","Unfall 17485 (2023) Kat:3, Licht: 0","17485","3","1","0","06","17","3","","0","1","0","0","0"
"POINT (9.731640867000067 52.369505793000030)","Unfall 17497 (2023) Kat:3, Licht: 0","17497","3","2","4","05","15","6","","0","1","1","1","0"
"POINT (9.782481242000074 52.325080960000037)","Unfall 17499 (2023) Kat:3, Licht: 0","17499","3","7","0","05","13","6","","0","0","0","0","1"
"POINT (9.812754815000062 52.329167733000077)","Unfall 17503 (2023) Kat:2, Licht: 0","17503","2","6","2","05","16","6","","0","0","1","0","0"
"POINT (9.819881455000029 52.406348315000059)","Unfall 17506 (2023) Kat:3, Licht: 0","17506","3","6","2","05","17","6","","0","0","1","0","0"
"POINT (9.699194703000046 52.430582485000059)","Unfall 17507 (2023) Kat:3, Licht: 0","17507","3","6","2","05","15","6","","0","0","1","0","0"
"POINT (9.870689947000074 52.402077475000056)","Unfall 17509 (2023) Kat:3, Licht: 0","17509","3","6","3","05","14","6","","0","0","1","0","0"
"POINT (9.721453583000027 52.361350473000073)","Unfall 17511 (2023) Kat:3, Licht: 0","17511","3","1","8","05","13","6","","0","0","1","0","0"
"POINT (9.802016874000060 52.431184921000067)","Unfall 17519 (2023) Kat:3, Licht: 1","17519","3","6","3","07","21","2","","1","0","1","0","1"
"POINT (9.734282292000046 52.427122347000079)","Unfall 17522 (2023) Kat:3, Licht: 0","17522","3","1","9","07","17","3","","0","0","0","0","1"
"POINT (9.798902417000022 52.344897638000077)","Unfall 17550 (2023) Kat:3, Licht: 0","17550","3","6","2","07","09","5","","0","0","1","0","0"
"POINT (9.645243114000039 52.423239671000033)","Unfall 17562 (2023) Kat:3, Licht: 0","17562","3","6","2","05","16","5","","0","0","1","0","0"
"POINT (9.741158379000069 52.368296022000038)","Unfall 17563 (2023) Kat:3, Licht: 0","17563","3","6","0","05","13","5","","0","0","1","0","0"
"POINT (9.690720820000024 52.422129977000054)","Unfall 17564 (2023) Kat:3, Licht: 0","17564","3","3","5","05","06","5","","0","0","0","0","0"
"POINT (9.619026003000045 52.421349703000033)","Unfall 17603 (2023) Kat:2, Licht: 1","17603","2","6","3","05","20","4","","1","0","1","0","0"
"POINT (9.826145768000060 52.415067561000058)","Unfall 17658 (2023) Kat:3, Licht: 0","17658","3","3","5","07","07","6","","0","1","1","0","0"
"POINT (9.693699557000059 52.381377271000076)","Unfall 17662 (2023) Kat:3, Licht: 0","17662","3","1","0","05","09","3","","0","0","0","0","1"
"POINT (9.667628646000026 52.384078580000050)","Unfall 17665 (2023) Kat:3, Licht: 0","17665","3","1","1","05","05","3","","0","1","1","0","0"
"POINT (9.808024763000049 52.374559478000037)","Unfall 17686 (2023) Kat:3, Licht: 0","17686","3","7","0","06","17","6","","0","1","0","1","0"
"POINT (9.735075263000056 52.407295878000070)","Unfall 17697 (2023) Kat:3, Licht: 1","17697","3","2","5","07","17","5","","1","0","1","0","0"
"POINT (9.767787957000053 52.370861243000036)","Unfall 17725 (2023) Kat:3, Licht: 0","17725","3","6","3","05","10","2","","0","0","1","0","0"
"POINT (9.735728371000050 52.400349315000028)","Unfall 17730 (2023) Kat:3, Licht: 0","17730","3","6","4","06","12","6","","0","1","0","0","0"
"POINT (9.802008276000038 52.341162913000062)","Unfall 17732 (2023) Kat:3, Licht: 2","17732","3","6","2","05","22","2","","2","0","1","0","0"
"POINT (9.731033092000075 52.383617731000072)","Unfall 17733 (2023) Kat:3, Licht: 0","17733","3","3","5","05","07","2","","0","1","1","0","0"
"POINT (9.753224689000035 52.369993632000046)","Unfall 17734 (2023) Kat:3, Licht: 0","17734","3","4","6","05","14","2","","0","0","1","1","0"
"POINT (9.786559498000031 52.422634230000028)","Unfall 17781 (2023) Kat:3, Licht: 0","17781","3","7","0","06","20","1","","0","0","0","0","0"
"POINT (9.733743099000037 52.384539104000055)","Unfall 17785 (2023) Kat:3, Licht: 0","17785","3","6","1","05","18","1","","0","0","1","0","0"
"POINT (9.732420703000059 52.369099723000033)","Unfall 17865 (2023) Kat:3, Licht: 0","17865","3","1","0","05","12","7","","0","0","0","0","0"
"POINT (9.730710464000026 52.420721170000036)","Unfall 17923 (2023) Kat:3, Licht: 0","17923","3","3","5","05","14","6","","0","1","1","0","0"
"POINT (9.854297815000052 52.390403975000027)","Unfall 17926 (2023) Kat:3, Licht: 0","17926","3","7","0","05","10","6","","0","1","0","0","0"
"POINT (9.865806058000032 52.362413809000032)","Unfall 17927 (2023) Kat:3, Licht: 0","17927","3","2","2","05","14","6","","0","0","1","0","1"
"POINT (9.676223576000041 52.381688207000082)","Unfall 17944 (2023) Kat:3, Licht: 0","17944","3","1","8","08","08","1","","0","0","1","0","0"
"POINT (9.720786346000068 52.339111690000038)","Unfall 17967 (2023) Kat:3, Licht: 0","17967","3","6","3","06","19","4","","0","0","1","0","0"
"POINT (9.717748703000041 52.395675779000044)","Unfall 17986 (2023) Kat:3, Licht: 0","17986","3","6","2","05","17","5","","0","0","1","0","0"
"POINT (9.732226237000077 52.383057207000036)","Unfall 18060 (2023) Kat:3, Licht: 1","18060","3","6","2","05","21","4","","1","0","1","0","0"
"POINT (9.861925523000025 52.358419057000049)","Unfall 18061 (2023) Kat:3, Licht: 0","18061","3","7","6","05","17","4","","0","0","1","1","0"
"POINT (9.742572096000060 52.368318193000050)","Unfall 18077 (2023) Kat:3, Licht: 0","18077","3","7","0","06","19","3","","0","1","0","0","0"
"POINT (9.819828081000026 52.406389560000036)","Unfall 18083 (2023) Kat:3, Licht: 0","18083","3","6","2","08","08","2","","0","0","1","0","0"
"POINT (9.734058648000030 52.387316569000063)","Unfall 18129 (2023) Kat:3, Licht: 0","18129","3","3","5","05","13","3","","0","0","1","0","0"
"POINT (9.755334818000051 52.370108009000035)","Unfall 18152 (2023) Kat:3, Licht: 0","18152","3","3","5","06","20","6","","0","1","1","0","0"
"POINT (9.694668087000025 52.419590725000035)","Unfall 18156 (2023) Kat:3, Licht: 0","18156","3","2","5","05","13","3","","0","0","1","0","0"
"POINT (9.666672260000041 52.357836176000035)","Unfall 18173 (2023) Kat:3, Licht: 1","18173","3","7","7","07","21","4","","1","1","0","0","0"
"POINT (9.640708940000025 52.422673385000053)","Unfall 18177 (2023) Kat:3, Licht: 0","18177","3","7","0","07","09","7","","0","0","0","0","0"
"POINT (9.774267459000043 52.331711758000040)","Unfall 18205 (2023) Kat:3, Licht: 2","18205","3","1","0","05","00","2","","2","0","0","0","0"
"POINT (9.617411404000052 52.421344069000043)","Unfall 18215 (2023) Kat:3, Licht: 0","18215","3","6","2","05","07","2","","0","0","1","0","0"
"POINT (9.774451060000047 52.427303029000029)","Unfall 18216 (2023) Kat:3, Licht: 0","18216","3","1","3","05","18","2","","0","0","1","0","0"
"POINT (9.713032577000035 52.400716048000049)","Unfall 18217 (2023) Kat:3, Licht: 0","18217","3","1","0","05","18","2","","0","0","0","0","1"
"POINT (9.818968858000062 52.427674649000039)","Unfall 18270 (2023) Kat:3, Licht: 0","18270","3","7","8","05","18","1","","0","0","1","0","0"
"POINT (9.733851566000055 52.413970178000056)","Unfall 18289 (2023) Kat:3, Licht: 0","18289","3","6","2","09","14","2","","0","0","1","0","0"
"POINT (9.722534785000050 52.378446912000072)","Unfall 18290 (2023) Kat:3, Licht: 0","18290","3","6","2","09","15","2","","0","0","1","0","1"
"POINT (9.836760147000064 52.336897102000080)","Unfall 18291 (2023) Kat:3, Licht: 0","18291","3","3","5","09","17","2","","0","1","0","0","0"
"POINT (9.842161130000022 52.416023993000067)","Unfall 18297 (2023) Kat:3, Licht: 0","18297","3","6","3","09","10","2","","0","0","1","0","0"
"POINT (9.680344565000041 52.380956107000031)","Unfall 18298 (2023) Kat:3, Licht: 0","18298","3","4","6","09","07","2","","0","0","1","1","0"
"POINT (9.798378234000040 52.371024011000031)","Unfall 18335 (2023) Kat:3, Licht: 0","18335","3","7","0","09","15","1","","0","0","1","0","0"
"POINT (9.809255017000055 52.379316149000033)","Unfall 18426 (2023) Kat:3, Licht: 0","18426","3","3","5","09","08","6","","0","1","1","0","0"
"POINT (9.844822176000037 52.393923676000043)","Unfall 18427 (2023) Kat:3, Licht: 0","18427","3","3","2","09","14","6","","0","1","0","0","0"
"POINT (9.786782978000076 52.335275543000080)","Unfall 18434 (2023) Kat:3, Licht: 0","18434","3","3","5","09","20","6","","0","0","1","0","0"
"POINT (9.783450591000076 52.372282590000054)","Unfall 18435 (2023) Kat:3, Licht: 2","18435","3","5","1","09","03","6","","2","0","1","0","0"
"POINT (9.718590455000026 52.393642611000075)","Unfall 18492 (2023) Kat:3, Licht: 0","18492","3","7","1","08","12","5","","0","0","0","1","0"
"POINT (9.735457602000054 52.395468568000069)","Unfall 18497 (2023) Kat:3, Licht: 0","18497","3","6","6","08","16","5","","0","1","0","1","0"
"POINT (9.749880878000056 52.369270637000056)","Unfall 18579 (2023) Kat:3, Licht: 0","18579","3","3","5","08","11","3","","0","1","1","0","0"
"POINT (9.699483805000057 52.347380390000069)","Unfall 18584 (2023) Kat:3, Licht: 0","18584","3","6","2","08","14","3","","0","0","1","0","0"
"POINT (9.794829698000058 52.349873842000079)","Unfall 18616 (2023) Kat:3, Licht: 0","18616","3","6","2","09","16","1","","0","0","1","0","1"
"POINT (9.675397499000042 52.377258099000073)","Unfall 18650 (2023) Kat:3, Licht: 0","18650","3","2","5","08","17","1","","0","1","0","0","0"
"POINT (9.784361928000067 52.428732341000057)","Unfall 18661 (2023) Kat:3, Licht: 2","18661","3","1","3","09","22","1","","2","0","1","0","0"
"POINT (9.696095339000067 52.418737579000037)","Unfall 18697 (2023) Kat:3, Licht: 0","18697","3","3","5","08","10","7","","0","1","1","0","0"
"POINT (9.737198762000048 52.368531442000062)","Unfall 18698 (2023) Kat:3, Licht: 0","18698","3","7","0","08","12","7","","0","0","0","0","0"
"POINT (9.690606379000030 52.376981090000072)","Unfall 18699 (2023) Kat:3, Licht: 2","18699","3","7","0","08","22","7","","2","1","0","0","0"
"POINT (9.811970983000037 52.318678441000031)","Unfall 18700 (2023) Kat:3, Licht: 2","18700","3","6","2","08","23","7","","2","0","1","0","0"
"POINT (9.801310841000031 52.342045995000035)","Unfall 18706 (2023) Kat:3, Licht: 0","18706","3","6","2","08","15","7","","0","0","1","0","1"
"POINT (9.754878393000070 52.354554350000058)","Unfall 18755 (2023) Kat:3, Licht: 2","18755","3","6","3","08","12","6","","2","0","1","0","0"
"POINT (9.719470739000030 52.346517769000059)","Unfall 18756 (2023) Kat:3, Licht: 0","18756","3","2","5","08","07","6","","0","0","1","0","0"
"POINT (9.793507390000059 52.351198025000031)","Unfall 18762 (2023) Kat:3, Licht: 0","18762","3","3","5","08","15","6","","0","0","1","0","0"
"POINT (9.730947479000065 52.427657460000034)","Unfall 18763 (2023) Kat:3, Licht: 0","18763","3","6","2","08","15","6","","0","0","1","0","0"
"POINT (9.721906090000061 52.421539190000033)","Unfall 18765 (2023) Kat:3, Licht: 0","18765","3","6","2","08","14","6","","0","0","1","0","0"
"POINT (9.725986708000050 52.380658393000033)","Unfall 18766 (2023) Kat:3, Licht: 0","18766","3","1","0","08","13","6","","0","0","0","0","1"
"POINT (9.711249089000034 52.406023808000043)","Unfall 18797 (2023) Kat:3, Licht: 0","18797","3","1","0","08","08","2","","0","1","0","0","0"
"POINT (9.819949678000057 52.406449513000041)","Unfall 18823 (2023) Kat:3, Licht: 0","18823","3","3","0","08","16","5","","0","0","1","0","0"
"POINT (9.722097839000071 52.362535694000030)","Unfall 18825 (2023) Kat:3, Licht: 0","18825","3","3","5","08","15","5","","0","1","1","0","0"
"POINT (9.730445931000077 52.382319973000051)","Unfall 18879 (2023) Kat:3, Licht: 0","18879","3","2","5","08","08","4","","0","1","0","0","0"
"POINT (9.768831932000069 52.338152430000036)","Unfall 18880 (2023) Kat:3, Licht: 0","18880","3","3","5","08","17","4","","0","0","1","0","1"
"POINT (9.828146703000073 52.424006630000065)","Unfall 18893 (2023) Kat:3, Licht: 2","18893","3","6","2","08","20","4","","2","0","1","0","0"
"POINT (9.640861312000027 52.356145819000062)","Unfall 18926 (2023) Kat:3, Licht: 0","18926","3","1","0","08","17","3","","0","1","0","0","0"
"POINT (9.734884361000070 52.391390417000082)","Unfall 18965 (2023) Kat:3, Licht: 0","18965","3","6","6","08","11","2","","0","1","0","1","0"
"POINT (9.772245728000030 52.427300906000028)","Unfall 18967 (2023) Kat:3, Licht: 0","18967","3","6","2","08","07","2","","0","0","1","0","0"
"POINT (9.699649629000021 52.416470780000054)","Unfall 18969 (2023) Kat:3, Licht: 0","18969","3","6","4","08","18","2","","0","1","0","0","0"
"POINT (9.651529262000054 52.418405165000081)","Unfall 18970 (2023) Kat:3, Licht: 0","18970","3","7","0","08","14","2","","0","0","1","0","0"
"POINT (9.687247858000035 52.425948574000074)","Unfall 18971 (2023) Kat:3, Licht: 0","18971","3","3","5","08","16","2","","0","0","1","0","0"
"POINT (9.763107669000021 52.344455044000028)","Unfall 18972 (2023) Kat:3, Licht: 0","18972","3","7","0","08","11","2","","0","1","1","0","0"
"POINT (9.741328226000064 52.338014525000062)","Unfall 19015 (2023) Kat:3, Licht: 0","19015","3","6","2","08","16","1","","0","0","1","0","0"
"POINT (10.142780527000070 52.104936413000075)","Unfall 19018 (2023) Kat:3, Licht: 2","19018","3","6","9","08","00","1","","2","0","1","0","0"
"POINT (9.823188426000058 52.384284847000060)","Unfall 19057 (2023) Kat:3, Licht: 1","19057","3","1","0","08","20","7","","1","1","0","0","0"
"POINT (9.691649194000036 52.332435285000031)","Unfall 19058 (2023) Kat:3, Licht: 0","19058","3","7","6","08","09","7","","0","0","1","1","0"
"POINT (9.702546854000047 52.414584908000052)","Unfall 19059 (2023) Kat:3, Licht: 2","19059","3","6","2","08","00","7","","2","0","1","0","0"
"POINT (9.650686587000052 52.422268872000075)","Unfall 19124 (2023) Kat:2, Licht: 0","19124","2","1","0","08","14","6","","0","0","0","0","1"
"POINT (9.743571285000030 52.368860552000058)","Unfall 19125 (2023) Kat:3, Licht: 0","19125","3","1","4","08","12","6","","0","1","0","0","0"
"POINT (9.697711024000057 52.377173391000042)","Unfall 19126 (2023) Kat:3, Licht: 0","19126","3","6","2","08","09","6","","0","0","1","0","0"
"POINT (9.676724766000063 52.373126785000068)","Unfall 19132 (2023) Kat:2, Licht: 0","19132","2","3","5","08","19","6","","0","1","0","0","1"
"POINT (9.838163889000043 52.418541819000041)","Unfall 19133 (2023) Kat:3, Licht: 0","19133","3","6","2","08","14","6","","0","0","1","0","0"
"POINT (9.838975574000074 52.418031414000041)","Unfall 19134 (2023) Kat:3, Licht: 0","19134","3","6","2","08","14","6","","0","0","1","0","0"
"POINT (9.731946305000065 52.369463474000042)","Unfall 19138 (2023) Kat:3, Licht: 0","19138","3","3","5","08","10","6","","0","1","1","0","0"
"POINT (9.803680938000070 52.339102830000058)","Unfall 19202 (2023) Kat:3, Licht: 0","19202","3","6","2","08","08","5","","0","0","1","0","0"
"POINT (9.819745655000077 52.406348920000028)","Unfall 19203 (2023) Kat:3, Licht: 0","19203","3","6","2","08","08","5","","0","0","1","0","0"
"POINT (9.730213768000056 52.368958507000059)","Unfall 19205 (2023) Kat:3, Licht: 0","19205","3","3","5","08","13","5","","0","1","1","0","0"
"POINT (9.766168502000028 52.340811156000029)","Unfall 19266 (2023) Kat:3, Licht: 0","19266","3","3","5","08","09","4","","0","1","1","0","0"