WKT,Name,OBJECTID,UKATEGORIE,UTYP1,UART,UMONAT,USTUNDE,UWOCHENTAG,STRZUSTAND,ULICHTVERH,ISTRAD,ISTPKW,ISTFUSS,ISTKRAD
"POINT (9.616818888000068 52.421559243000047)","Unfall 19272 (2023) Kat:3, Licht: 2","19272","3","7","7","08","23","4","","2","0","1","0","0"
"POINT (9.734062546000075 52.387343350000037)","Unfall 19273 (2023) Kat:3, Licht: 0","19273","3","3","5","08","18","4","","0","1","0","0","1"
"POINT (9.735665515000051 52.402846698000076)","Unfall 19274 (2023) Kat:3, Licht: 0","19274","3","6","2","08","13","4","","0","0","1","0","0"
"POINT (9.725299198000073 52.376896876000046)","Unfall 19275 (2023) Kat:3, Licht: 0","19275","3","2","5","08","10","4","","0","0","1","0","0"
"POINT (9.708431123000025 52.420824408000044)","Unfall 19334 (2023) Kat:3, Licht: 0","19334","3","6","2","08","10","3","","0","0","1","0","0"
"POINT (9.734324373000049 52.369035320000080)","Unfall 19335 (2023) Kat:3, Licht: 0","19335","3","6","2","08","18","3","","0","0","1","0","1"
"POINT (9.782392826000034 52.362109015000044)","Unfall 19340 (2023) Kat:3, Licht: 0","19340","3","6","2","08","17","3","","0","0","1","0","0"
"POINT (9.720091079000042 52.368035360000079)","Unfall 19391 (2023) Kat:3, Licht: 0","19391","3","7","0","08","08","2","","0","0","0","0","0"
"POINT (9.736057179000056 52.400244618000045)","Unfall 19392 (2023) Kat:3, Licht: 0","19392","3","3","5","08","13","2","","0","1","1","0","0"
"POINT (9.899239802000068 52.400741770000081)","Unfall 19438 (2023) Kat:1, Licht: 0","19438","1","1","9","08","15","1","","0","0","0","0","1"
"POINT (9.847712310000077 52.392740622000076)","Unfall 19471 (2023) Kat:3, Licht: 0","19471","3","7","0","08","12","7","","0","1","0","0","0"
"POINT (9.725978373000032 52.365690825000058)","Unfall 19478 (2023) Kat:3, Licht: 2","19478","3","1","7","09","21","7","","2","0","0","0","0"
"POINT (9.794746278000048 52.415171644000054)","Unfall 19480 (2023) Kat:3, Licht: 0","19480","3","3","5","08","18","7","","0","1","0","0","0"
"POINT (9.800135989000069 52.406473488000074)","Unfall 19491 (2023) Kat:3, Licht: 0","19491","3","2","5","08","17","5","","0","1","0","0","0"
"POINT (9.625013969000065 52.424594098000057)","Unfall 19512 (2023) Kat:3, Licht: 0","19512","3","6","2","09","15","2","","0","0","1","0","0"
"POINT (9.707076922000056 52.410856394000064)","Unfall 19564 (2023) Kat:3, Licht: 0","19564","3","6","2","08","14","6","","0","0","1","0","0"
"POINT (9.648873283000057 52.412487520000070)","Unfall 19627 (2023) Kat:3, Licht: 0","19627","3","6","2","08","20","5","","0","0","1","0","0"
"POINT (9.703281689000050 52.415994718000036)","Unfall 19628 (2023) Kat:3, Licht: 0","19628","3","6","2","08","17","5","","0","0","1","0","0"
"POINT (9.675643308000076 52.381805087000032)","Unfall 19629 (2023) Kat:3, Licht: 0","19629","3","1","9","08","16","5","","0","1","0","0","0"
"POINT (9.859984276000034 52.420318450000082)","Unfall 19635 (2023) Kat:3, Licht: 0","19635","3","7","8","08","10","5","","0","0","1","0","0"
"POINT (9.785087700000076 52.372385542000075)","Unfall 19679 (2023) Kat:3, Licht: 0","19679","3","7","1","08","10","4","","0","0","0","1","0"
"POINT (9.837721499000054 52.387376571000061)","Unfall 19680 (2023) Kat:3, Licht: 0","19680","3","7","0","08","16","4","","0","0","0","0","0"
"POINT (9.697729702000061 52.376360656000031)","Unfall 19681 (2023) Kat:3, Licht: 2","19681","3","6","2","08","22","4","","2","0","1","0","0"
"POINT (9.813469359000067 52.337909569000033)","Unfall 19687 (2023) Kat:3, Licht: 0","19687","3","1","0","08","15","4","","0","0","1","0","0"
"POINT (9.735913010000047 52.368757301000073)","Unfall 19735 (2023) Kat:3, Licht: 2","19735","3","6","4","10","19","4","","2","1","0","0","0"
"POINT (9.726766279000060 52.375735156000076)","Unfall 19736 (2023) Kat:3, Licht: 0","19736","3","2","5","10","12","4","","0","1","1","0","0"
"POINT (9.722774636000054 52.368307260000051)","Unfall 19737 (2023) Kat:3, Licht: 0","19737","3","6","2","10","09","4","","0","1","0","0","0"
"POINT (9.734904616000051 52.391515463000076)","Unfall 19738 (2023) Kat:3, Licht: 2","19738","3","1","0","10","21","4","","2","1","0","0","0"
"POINT (9.768843794000077 52.338141233000044)","Unfall 19739 (2023) Kat:3, Licht: 0","19739","3","2","5","10","17","4","","0","1","1","0","0"
"POINT (9.746643323000058 52.369100492000030)","Unfall 19740 (2023) Kat:3, Licht: 0","19740","3","3","5","10","11","4","","0","1","1","0","0"
"POINT (9.809499354000025 52.380286161000072)","Unfall 19768 (2023) Kat:3, Licht: 2","19768","3","6","4","10","01","3","","2","1","1","0","0"
"POINT (9.748658781000074 52.362518303000058)","Unfall 19769 (2023) Kat:3, Licht: 0","19769","3","1","0","10","16","3","","0","0","0","0","1"
"POINT (9.836838150000062 52.420907647000035)","Unfall 19770 (2023) Kat:3, Licht: 1","19770","3","7","8","10","17","3","","1","0","1","0","0"
"POINT (9.764426513000046 52.342804083000033)","Unfall 19817 (2023) Kat:3, Licht: 0","19817","3","6","4","10","15","7","","0","1","0","0","0"
"POINT (9.724025839000035 52.363710677000029)","Unfall 19863 (2023) Kat:3, Licht: 0","19863","3","2","6","10","17","6","","0","0","1","1","0"
"POINT (9.707780546000038 52.420560526000031)","Unfall 19902 (2023) Kat:3, Licht: 0","19902","3","6","2","10","09","5","","0","0","1","0","0"
"POINT (9.831926235000026 52.385976750000054)","Unfall 19904 (2023) Kat:3, Licht: 2","19904","3","2","5","10","05","5","","2","1","1","0","0"
"POINT (9.734177210000041 52.386583914000028)","Unfall 19941 (2023) Kat:3, Licht: 0","19941","3","6","3","10","15","4","","0","0","1","0","0"
"POINT (9.735857339000063 52.399220128000081)","Unfall 19962 (2023) Kat:3, Licht: 2","19962","3","2","2","10","06","2","","2","0","1","0","0"
"POINT (9.729732940000076 52.336134604000051)","Unfall 19972 (2023) Kat:3, Licht: 0","19972","3","7","9","10","09","3","","0","0","1","0","0"
"POINT (9.696326625000040 52.379863847000081)","Unfall 19973 (2023) Kat:3, Licht: 2","19973","3","2","2","10","20","3","","2","0","1","0","0"
"POINT (9.782623400000034 52.372071661000064)","Unfall 20009 (2023) Kat:3, Licht: 0","20009","3","2","5","10","15","2","","0","0","1","0","0"
"POINT (9.775758524000025 52.427394307000043)","Unfall 20010 (2023) Kat:3, Licht: 2","20010","3","6","2","10","06","2","","2","0","1","0","0"
"POINT (9.845413031000021 52.413558185000056)","Unfall 20011 (2023) Kat:3, Licht: 0","20011","3","6","2","10","14","5","","0","0","0","0","0"
"POINT (9.752665752000041 52.369859567000049)","Unfall 20014 (2023) Kat:3, Licht: 0","20014","3","4","6","10","10","2","","0","0","1","1","0"
"POINT (9.768748548000076 52.337851624000052)","Unfall 20048 (2023) Kat:3, Licht: 0","20048","3","4","6","10","10","7","","0","0","1","1","0"
"POINT (9.708895699000038 52.366062616000079)","Unfall 20100 (2023) Kat:3, Licht: 2","20100","3","2","4","10","19","6","","2","0","1","0","0"
"POINT (9.715055838000069 52.378118964000066)","Unfall 20101 (2023) Kat:3, Licht: 0","20101","3","6","2","10","13","6","","0","0","1","0","0"
"POINT (9.751978646000055 52.369636937000053)","Unfall 20151 (2023) Kat:3, Licht: 0","20151","3","7","0","10","10","5","","0","1","0","0","0"
"POINT (9.722441192000076 52.378497165000056)","Unfall 20152 (2023) Kat:3, Licht: 2","20152","3","2","5","10","20","5","","2","0","1","0","0"
"POINT (9.790035548000048 52.335113277000062)","Unfall 20153 (2023) Kat:3, Licht: 0","20153","3","6","2","10","11","5","","0","0","1","0","0"
"POINT (9.752079076000030 52.358083788000044)","Unfall 20155 (2023) Kat:3, Licht: 0","20155","3","6","2","10","10","5","","0","0","1","0","0"
"POINT (9.677148300000056 52.358273140000051)","Unfall 20156 (2023) Kat:3, Licht: 1","20156","3","4","6","10","07","5","","1","0","1","1","0"
"POINT (9.824478213000077 52.339689693000082)","Unfall 20169 (2023) Kat:3, Licht: 0","20169","3","6","2","10","15","2","","0","0","1","0","0"
"POINT (9.762172987000042 52.370417278000048)","Unfall 20197 (2023) Kat:3, Licht: 2","20197","3","2","5","10","19","4","","2","1","1","0","0"
"POINT (9.799245478000046 52.410196761000066)","Unfall 20198 (2023) Kat:3, Licht: 0","20198","3","3","5","10","09","4","","0","0","1","0","1"
"POINT (9.685066818000053 52.374569363000035)","Unfall 20204 (2023) Kat:3, Licht: 0","20204","3","2","5","10","12","4","","0","1","1","0","0"
"POINT (9.699393602000043 52.347341543000027)","Unfall 20248 (2023) Kat:3, Licht: 0","20248","3","2","5","10","09","3","","0","0","1","0","0"
"POINT (9.863360686000021 52.373893387000066)","Unfall 20249 (2023) Kat:3, Licht: 0","20249","3","2","5","10","07","3","","0","1","0","0","0"
"POINT (9.724811123000052 52.376853686000061)","Unfall 20255 (2023) Kat:2, Licht: 0","20255","2","3","5","10","11","3","","0","0","1","0","0"
"POINT (9.723041414000022 52.356958403000078)","Unfall 20258 (2023) Kat:1, Licht: 2","20258","1","1","8","10","00","3","","2","0","1","0","0"
"POINT (9.771437151000043 52.370872525000038)","Unfall 20259 (2023) Kat:3, Licht: 2","20259","3","2","4","10","19","3","","2","0","0","0","0"
"POINT (9.694941847000052 52.380654053000058)","Unfall 20296 (2023) Kat:3, Licht: 0","20296","3","6","2","10","16","2","","0","0","1","0","0"
"POINT (9.642588455000066 52.414640920000068)","Unfall 20297 (2023) Kat:3, Licht: 0","20297","3","6","2","10","08","2","","0","0","1","0","0"
"POINT (9.624577241000054 52.424857593000070)","Unfall 20298 (2023) Kat:3, Licht: 0","20298","3","6","2","10","07","2","","0","0","1","0","0"
"POINT (9.800691732000075 52.406539075000069)","Unfall 20299 (2023) Kat:3, Licht: 0","20299","3","6","0","10","12","2","","0","0","1","0","0"
"POINT (9.728829276000056 52.373047620000079)","Unfall 20312 (2023) Kat:3, Licht: 0","20312","3","1","0","10","13","2","","0","1","0","0","0"
"POINT (9.731222097000057 52.382598301000030)","Unfall 20314 (2023) Kat:3, Licht: 0","20314","3","6","2","10","09","2","","0","0","1","0","0"
"POINT (9.782756933000030 52.361509465000040)","Unfall 20347 (2023) Kat:3, Licht: 0","20347","3","6","3","10","15","1","","0","0","1","0","0"
"POINT (9.762831862000041 52.344425460000082)","Unfall 20350 (2023) Kat:3, Licht: 2","20350","3","3","5","10","18","1","","2","1","1","0","0"
"POINT (9.752102147000073 52.369673245000058)","Unfall 20415 (2023) Kat:3, Licht: 0","20415","3","6","2","10","13","6","","0","0","1","0","0"
"POINT (9.827066809000030 52.342953252000029)","Unfall 20473 (2023) Kat:3, Licht: 0","20473","3","7","0","10","11","5","","0","1","0","0","0"
"POINT (9.821772240000030 52.352831192000053)","Unfall 20475 (2023) Kat:3, Licht: 0","20475","3","6","2","10","08","5","","0","0","1","0","0"
"POINT (9.756952399000056 52.351387963000036)","Unfall 20479 (2023) Kat:2, Licht: 0","20479","2","4","6","10","12","5","","0","0","0","1","0"
"POINT (9.732003379000048 52.383417082000051)","Unfall 20489 (2023) Kat:3, Licht: 0","20489","3","6","2","10","14","5","","0","0","1","0","0"
"POINT (9.648930451000069 52.412444603000040)","Unfall 20508 (2023) Kat:3, Licht: 0","20508","3","6","2","10","13","4","","0","0","1","0","0"
"POINT (9.816785246000052 52.409082853000029)","Unfall 20509 (2023) Kat:3, Licht: 0","20509","3","4","6","10","16","4","","0","0","1","1","0"
"POINT (9.765170103000059 52.341955519000066)","Unfall 20510 (2023) Kat:3, Licht: 0","20510","3","7","0","10","09","4","","0","1","0","0","0"
"POINT (9.750079039000070 52.360687156000040)","Unfall 20528 (2023) Kat:3, Licht: 2","20528","3","7","0","10","02","4","","2","0","0","0","0"
"POINT (9.714576320000049 52.366569174000063)","Unfall 20546 (2023) Kat:3, Licht: 2","20546","3","1","0","10","01","3","","2","0","0","0","0"
"POINT (9.829720366000060 52.360963329000072)","Unfall 20576 (2023) Kat:2, Licht: 0","20576","2","7","0","10","16","5","","0","1","0","0","0"
"POINT (9.729578943000035 52.382021573000031)","Unfall 20577 (2023) Kat:3, Licht: 0","20577","3","1","0","10","17","2","","0","0","0","0","0"
"POINT (9.727146125000047 52.381157692000045)","Unfall 20581 (2023) Kat:2, Licht: 0","20581","2","3","5","10","11","2","","0","1","1","0","0"
"POINT (9.718948818000058 52.346639271000072)","Unfall 20596 (2023) Kat:3, Licht: 0","20596","3","6","2","10","17","1","","0","0","0","0","1"
"POINT (9.761309784000048 52.346524470000077)","Unfall 20609 (2023) Kat:3, Licht: 0","20609","3","1","0","10","16","1","","0","1","0","0","0"
"POINT (9.720208129000071 52.391725865000069)","Unfall 20711 (2023) Kat:3, Licht: 0","20711","3","2","2","09","13","6","","0","1","1","0","0"
"POINT (9.826304251000067 52.341406569000071)","Unfall 20712 (2023) Kat:3, Licht: 0","20712","3","3","5","09","13","6","","0","1","1","0","0"
"POINT (9.706737843000042 52.419382611000060)","Unfall 20718 (2023) Kat:3, Licht: 0","20718","3","7","0","10","09","5","","0","1","0","0","0"
"POINT (9.725928161000070 52.376446357000077)","Unfall 20731 (2023) Kat:3, Licht: 1","20731","3","6","2","09","18","6","","1","0","1","0","0"
"POINT (9.735908355000049 52.395977152000057)","Unfall 20732 (2023) Kat:3, Licht: 1","20732","3","2","5","09","06","6","","1","1","1","0","0"
"POINT (9.808038819000046 52.398159093000061)","Unfall 20772 (2023) Kat:3, Licht: 0","20772","3","6","2","09","13","5","","0","0","1","0","0"
"POINT (9.697731005000037 52.377154513000050)","Unfall 20821 (2023) Kat:3, Licht: 0","20821","3","6","2","09","17","4","","0","0","1","0","0"
"POINT (9.762201975000039 52.370533080000030)","Unfall 20826 (2023) Kat:3, Licht: 0","20826","3","6","0","09","18","4","","0","0","0","0","0"
"POINT (9.683755340000062 52.428890426000066)","Unfall 20879 (2023) Kat:3, Licht: 0","20879","3","6","2","09","14","3","","0","0","0","0","1"
"POINT (9.791330516000073 52.430160460000081)","Unfall 20884 (2023) Kat:3, Licht: 0","20884","3","6","2","09","15","3","","0","0","1","0","0"
"POINT (9.798134980000043 52.412853191000067)","Unfall 20885 (2023) Kat:3, Licht: 0","20885","3","2","5","09","13","3","","0","0","0","0","1"
"POINT (9.793286874000046 52.393671411000071)","Unfall 20887 (2023) Kat:3, Licht: 0","20887","3","2","3","09","12","3","","0","0","1","0","0"
"POINT (9.734058923000021 52.387318457000049)","Unfall 20888 (2023) Kat:3, Licht: 0","20888","3","3","5","09","15","3","","0","0","1","0","0"
"POINT (9.722058569000069 52.362503408000066)","Unfall 20889 (2023) Kat:3, Licht: 0","20889","3","2","5","09","09","3","","0","0","1","0","0"
"POINT (9.706246394000061 52.423982769000077)","Unfall 20945 (2023) Kat:3, Licht: 2","20945","3","1","0","09","22","2","","2","1","0","0","0"
"POINT (9.706586983000022 52.411469103000059)","Unfall 20946 (2023) Kat:3, Licht: 0","20946","3","5","6","09","12","2","","0","1","0","1","0"
"POINT (9.808542946000046 52.337260292000053)","Unfall 20955 (2023) Kat:3, Licht: 0","20955","3","3","5","09","18","2","","0","0","1","0","1"
"POINT (9.642314556000031 52.422981938000078)","Unfall 20958 (2023) Kat:3, Licht: 0","20958","3","6","2","10","08","5","","0","0","1","0","0"
"POINT (9.714846303000058 52.398453853000035)","Unfall 20981 (2023) Kat:3, Licht: 2","20981","3","6","2","10","19","7","","2","0","1","0","0"
"POINT (9.816490476000070 52.409135070000048)","Unfall 20988 (2023) Kat:3, Licht: 0","20988","3","7","0","09","17","1","","0","0","0","0","0"
"POINT (9.642168758000025 52.414603153000030)","Unfall 20990 (2023) Kat:3, Licht: 2","20990","3","2","5","09","20","1","","2","0","1","0","0"
"POINT (9.771246034000058 52.370861688000048)","Unfall 21098 (2023) Kat:3, Licht: 0","21098","3","6","4","09","09","5","","0","1","0","0","0"
"POINT (9.717789942000024 52.395556630000044)","Unfall 21100 (2023) Kat:3, Licht: 0","21100","3","7","1","09","11","5","","0","0","1","0","0"
"POINT (9.884465025000054 52.358885709000049)","Unfall 21101 (2023) Kat:3, Licht: 0","21101","3","6","2","09","14","5","","0","0","1","0","0"
"POINT (9.720113744000059 52.367887938000081)","Unfall 21102 (2023) Kat:3, Licht: 0","21102","3","6","3","09","14","5","","0","1","0","0","0"
"POINT (9.799097256000039 52.410757695000029)","Unfall 21103 (2023) Kat:3, Licht: 0","21103","3","6","2","09","15","5","","0","0","1","0","0"
"POINT (9.800093506000053 52.444255661000057)","Unfall 21109 (2023) Kat:3, Licht: 0","21109","3","3","5","09","12","5","","0","0","1","0","0"
"POINT (9.735308236000037 52.394793544000038)","Unfall 21122 (2023) Kat:3, Licht: 0","21122","3","2","5","10","14","2","","0","1","1","0","0"
"POINT (9.861021994000055 52.358357702000035)","Unfall 21155 (2023) Kat:3, Licht: 2","21155","3","3","5","10","18","6","","2","0","1","0","1"
"POINT (9.722618208000029 52.362589252000078)","Unfall 21163 (2023) Kat:3, Licht: 0","21163","3","7","4","09","17","4","","0","1","1","0","0"
"POINT (9.723545051000031 52.377896101000033)","Unfall 21164 (2023) Kat:3, Licht: 2","21164","3","6","1","09","21","4","","2","0","1","0","0"
"POINT (9.774109892000070 52.331981720000044)","Unfall 21165 (2023) Kat:3, Licht: 0","21165","3","2","3","09","18","4","","0","1","1","0","0"
"POINT (9.781670661000021 52.424843029000044)","Unfall 21178 (2023) Kat:3, Licht: 2","21178","3","2","5","09","22","4","","2","1","1","0","0"
"POINT (9.722407541000052 52.378515234000076)","Unfall 21221 (2023) Kat:3, Licht: 0","21221","3","2","5","10","06","4","","0","1","1","0","0"
"POINT (9.810439615000064 52.337438058000032)","Unfall 21226 (2023) Kat:3, Licht: 0","21226","3","7","0","09","10","3","","0","1","0","0","0"
"POINT (9.757332667000071 52.370224471000029)","Unfall 21233 (2023) Kat:2, Licht: 2","21233","2","3","5","09","20","3","","2","1","0","0","1"
"POINT (9.648276733000046 52.412921698000048)","Unfall 21278 (2023) Kat:3, Licht: 0","21278","3","3","5","09","15","2","","0","0","1","0","0"
"POINT (9.798362043000054 52.420461196000076)","Unfall 21279 (2023) Kat:3, Licht: 0","21279","3","3","5","09","07","2","","0","1","0","0","0"
"POINT (9.743169580000028 52.368330331000038)","Unfall 21282 (2023) Kat:3, Licht: 0","21282","3","3","5","09","16","2","","0","1","1","0","0"
"POINT (9.684676471000046 52.379746032000071)","Unfall 21291 (2023) Kat:3, Licht: 2","21291","3","1","0","09","06","2","","2","1","0","0","0"
"POINT (9.626981478000062 52.423312331000034)","Unfall 21312 (2023) Kat:3, Licht: 0","21312","3","7","8","09","17","1","","0","1","0","0","0"
"POINT (9.801007794000043 52.342429697000057)","Unfall 21316 (2023) Kat:3, Licht: 1","21316","3","6","2","09","19","1","","1","0","1","0","1"
"POINT (9.761204559000021 52.427156280000077)","Unfall 21360 (2023) Kat:3, Licht: 2","21360","3","7","8","09","04","7","","2","0","1","0","0"
"POINT (9.751938717000030 52.358265038000070)","Unfall 21361 (2023) Kat:2, Licht: 2","21361","2","2","2","09","21","7","","2","0","1","0","1"
"POINT (9.719157867000035 52.347319700000071)","Unfall 21411 (2023) Kat:3, Licht: 0","21411","3","6","2","09","14","4","","0","0","0","0","0"
"POINT (9.857565378000061 52.358618388000082)","Unfall 21433 (2023) Kat:3, Licht: 0","21433","3","2","6","09","07","6","","0","0","1","1","0"
"POINT (9.835671298000022 52.387027362000026)","Unfall 21435 (2023) Kat:3, Licht: 0","21435","3","3","5","09","18","6","","0","0","1","0","0"
"POINT (9.680791681000073 52.371948246000045)","Unfall 21436 (2023) Kat:3, Licht: 1","21436","3","6","2","09","19","6","","1","0","1","0","1"
"POINT (9.820028916000069 52.362438648000079)","Unfall 21439 (2023) Kat:3, Licht: 2","21439","3","3","5","09","20","6","","2","0","1","0","1"
"POINT (9.647815604000073 52.414005345000078)","Unfall 21444 (2023) Kat:3, Licht: 0","21444","3","6","3","10","12","6","","0","0","1","0","0"
"POINT (9.734025188000032 52.387107176000029)","Unfall 21497 (2023) Kat:3, Licht: 0","21497","3","2","5","09","10","5","","0","1","1","0","0"
"POINT (9.719966277000026 52.392027881000047)","Unfall 21552 (2023) Kat:3, Licht: 0","21552","3","7","0","09","10","5","","0","1","0","0","0"
"POINT (9.647996265000074 52.414082987000029)","Unfall 21562 (2023) Kat:3, Licht: 2","21562","3","2","0","09","06","4","","2","0","1","0","0"
"POINT (9.815166447000024 52.363735265000059)","Unfall 21564 (2023) Kat:3, Licht: 0","21564","3","6","4","09","08","4","","0","1","0","0","0"
"POINT (9.768376183000044 52.338279823000050)","Unfall 21565 (2023) Kat:3, Licht: 0","21565","3","1","1","09","11","4","","0","1","0","0","0"
"POINT (9.641938046000064 52.422909586000060)","Unfall 21571 (2023) Kat:3, Licht: 0","21571","3","6","2","09","09","4","","0","0","1","0","0"
"POINT (9.757509080000034 52.351126104000059)","Unfall 21575 (2023) Kat:2, Licht: 0","21575","2","1","0","09","13","4","","0","1","0","0","0"
"POINT (9.749040415000024 52.362024585000029)","Unfall 21622 (2023) Kat:3, Licht: 0","21622","3","7","0","09","13","3","","0","0","0","0","1"
"POINT (9.647579814000039 52.413362518000042)","Unfall 21623 (2023) Kat:3, Licht: 0","21623","3","6","2","09","16","3","","0","0","1","0","0"
"POINT (9.628231728000060 52.422450979000075)","Unfall 21624 (2023) Kat:3, Licht: 1","21624","3","6","2","09","05","3","","1","0","1","0","0"
"POINT (9.718030445000068 52.346080170000050)","Unfall 21625 (2023) Kat:3, Licht: 0","21625","3","6","2","09","09","3","","0","0","1","0","0"
"POINT (9.798355412000035 52.420438003000072)","Unfall 21626 (2023) Kat:3, Licht: 0","21626","3","2","4","09","12","3","","0","1","1","0","0"
"POINT (9.808924827000055 52.337285649000080)","Unfall 21628 (2023) Kat:3, Licht: 0","21628","3","6","2","09","08","3","","0","0","1","0","0"
"POINT (9.743746702000067 52.369017177000046)","Unfall 21640 (2023) Kat:3, Licht: 0","21640","3","2","5","09","13","3","","0","1","0","0","0"
"POINT (9.689755985000033 52.430164265000030)","Unfall 21700 (2023) Kat:3, Licht: 0","21700","3","6","2","09","16","2","","0","0","1","0","0"
"POINT (9.642741178000051 52.422907620000046)","Unfall 21702 (2023) Kat:3, Licht: 0","21702","3","1","8","09","10","2","","0","0","0","0","0"
"POINT (9.743405227000039 52.368358823000051)","Unfall 21705 (2023) Kat:3, Licht: 0","21705","3","3","5","09","17","2","","0","1","0","0","0"
"POINT (9.720467220000046 52.391491723000058)","Unfall 21706 (2023) Kat:3, Licht: 0","21706","3","2","5","09","17","2","","0","1","0","0","0"
"POINT (9.769728082000029 52.336706604000028)","Unfall 21717 (2023) Kat:3, Licht: 0","21717","3","7","0","10","08","2","","0","1","0","0","0"
"POINT (9.698484522000058 52.420954145000053)","Unfall 21816 (2023) Kat:3, Licht: 0","21816","3","2","4","09","15","7","","0","1","1","0","0"
"POINT (9.712589010000045 52.402534456000069)","Unfall 21818 (2023) Kat:3, Licht: 1","21818","3","7","0","09","21","7","","1","0","0","0","0"
"POINT (9.794001656000034 52.394026318000044)","Unfall 21819 (2023) Kat:3, Licht: 0","21819","3","6","0","09","14","7","","0","0","1","0","0"
"POINT (9.798630877000051 52.431004466000047)","Unfall 21824 (2023) Kat:3, Licht: 2","21824","3","6","2","09","21","7","","2","0","1","0","0"
"POINT (9.689180271000055 52.348640285000045)","Unfall 21825 (2023) Kat:2, Licht: 0","21825","2","2","5","09","18","7","","0","1","1","0","0"
"POINT (9.884277145000055 52.398649170000056)","Unfall 21829 (2023) Kat:3, Licht: 0","21829","3","6","3","09","10","7","","0","0","1","0","0"
"POINT (9.764493473000073 52.342723724000052)","Unfall 21847 (2023) Kat:3, Licht: 2","21847","3","1","8","09","03","7","","2","0","1","0","0"
"POINT (9.796531004000030 52.371213351000051)","Unfall 21903 (2023) Kat:3, Licht: 0","21903","3","6","0","09","08","6","","0","1","0","0","0"
"POINT (9.749101519000021 52.361945630000037)","Unfall 21906 (2023) Kat:3, Licht: 0","21906","3","2","4","09","14","6","","0","1","1","0","0"
"POINT (9.745034540000063 52.369035825000026)","Unfall 21907 (2023) Kat:3, Licht: 0","21907","3","2","5","09","07","6","","0","1","1","0","0"
"POINT (9.813816384000063 52.365134908000073)","Unfall 21909 (2023) Kat:3, Licht: 0","21909","3","6","2","09","13","6","","0","0","1","0","0"
"POINT (9.761968327000034 52.345746976000044)","Unfall 21910 (2023) Kat:3, Licht: 0","21910","3","6","2","09","14","6","","0","0","1","1","1"
"POINT (9.732954817000063 52.420960636000075)","Unfall 21924 (2023) Kat:3, Licht: 0","21924","3","6","2","09","17","6","","0","0","1","0","0"
"POINT (9.790983114000028 52.420588495000061)","Unfall 21926 (2023) Kat:3, Licht: 0","21926","3","3","5","09","15","6","","0","1","1","0","0"
"POINT (9.810681461000058 52.333444632000067)","Unfall 21941 (2023) Kat:3, Licht: 0","21941","3","1","3","09","15","5","","0","0","1","0","1"
"POINT (9.780586559000028 52.324466627000049)","Unfall 22002 (2023) Kat:3, Licht: 0","22002","3","6","2","09","08","5","","0","0","1","0","0"
"POINT (9.725175604000071 52.380296272000066)","Unfall 22006 (2023) Kat:2, Licht: 0","22006","2","7","0","09","15","5","","0","0","0","0","0"
"POINT (9.740061671000035 52.368007796000029)","Unfall 22007 (2023) Kat:3, Licht: 2","22007","3","2","0","09","21","5","","2","1","1","0","0"
"POINT (9.730148172000042 52.368697161000057)","Unfall 22008 (2023) Kat:3, Licht: 0","22008","3","3","5","09","16","5","","0","1","1","0","0"
"POINT (9.762258112000040 52.336221256000044)","Unfall 22010 (2023) Kat:3, Licht: 0","22010","3","3","5","09","14","5","","0","1","1","0","0"
"POINT (9.702603531000022 52.414836238000078)","Unfall 22100 (2023) Kat:3, Licht: 0","22100","3","6","2","09","11","4","","0","0","1","0","0"
"POINT (9.791775830000063 52.335041305000061)","Unfall 22101 (2023) Kat:3, Licht: 0","22101","3","2","4","09","16","4","","0","1","1","0","0"
"POINT (9.796963160000075 52.395204555000078)","Unfall 22113 (2023) Kat:3, Licht: 0","22113","3","6","2","09","17","4","","0","0","1","0","0"
"POINT (9.766211391000070 52.340761101000055)","Unfall 22114 (2023) Kat:3, Licht: 2","22114","3","3","5","09","21","4","","2","1","1","0","0"
"POINT (9.732961679000027 52.420894067000063)","Unfall 22131 (2023) Kat:3, Licht: 0","22131","3","3","5","10","17","4","","0","0","1","0","0"
"POINT (9.801076438000052 52.342342783000049)","Unfall 22146 (2023) Kat:3, Licht: 0","22146","3","6","1","09","12","4","","0","0","1","0","0"
"POINT (9.822017905000052 52.384517146000064)","Unfall 22191 (2023) Kat:3, Licht: 0","22191","3","6","2","09","16","3","","0","0","1","0","0"
"POINT (9.847854501000029 52.392675899000039)","Unfall 22193 (2023) Kat:3, Licht: 0","22193","3","7","0","09","10","3","","0","1","0","0","0"
"POINT (9.811008902000026 52.318479003000050)","Unfall 22194 (2023) Kat:3, Licht: 0","22194","3","6","3","09","09","3","","0","0","1","0","0"
"POINT (9.815127216000064 52.402372610000043)","Unfall 22200 (2023) Kat:3, Licht: 0","22200","3","6","2","09","18","3","","0","0","1","0","1"
"POINT (9.862045123000030 52.381040118000044)","Unfall 22201 (2023) Kat:3, Licht: 0","22201","3","3","5","09","18","3","","0","1","1","0","0"
"POINT (9.720463021000057 52.391492125000070)","Unfall 22203 (2023) Kat:3, Licht: 0","22203","3","2","5","09","15","3","","0","1","0","0","0"
"POINT (9.720038905000024 52.368027892000043)","Unfall 22282 (2023) Kat:3, Licht: 0","22282","3","6","2","09","13","3","","0","0","1","0","0"