WKT,Name,OBJECTID,UKATEGORIE,UTYP1,UART,UMONAT,USTUNDE,UWOCHENTAG,STRZUSTAND,ULICHTVERH,ISTRAD,ISTPKW,ISTFUSS,ISTKRAD
"POINT (9.635265451000066 52.418122056000072)","Unfall 22620 (2023) Kat:3, Licht: 2","22620","3","6","3","12","18","1","","2","0","1","0","1"
"POINT (9.696447497000065 52.379743316000031)","Unfall 22635 (2023) Kat:3, Licht: 2","22635","3","1","9","12","00","7","","2","0","1","0","0"
"POINT (9.785036875000060 52.428878723000082)","Unfall 22636 (2023) Kat:3, Licht: 2","22636","3","6","3","12","18","7","","2","0","1","0","0"
"POINT (9.706943726000077 52.411014765000061)","Unfall 22638 (2023) Kat:3, Licht: 2","22638","3","5","1","12","20","7","","2","0","1","0","0"
"POINT (9.718157545000054 52.394524315000069)","Unfall 22650 (2023) Kat:3, Licht: 2","22650","3","7","8","12","21","6","","2","0","1","0","0"
"POINT (9.858706906000066 52.407366811000031)","Unfall 22651 (2023) Kat:2, Licht: 2","22651","2","1","8","12","23","6","","2","0","1","0","0"
"POINT (9.731506188000026 52.369621631000030)","Unfall 22670 (2023) Kat:3, Licht: 1","22670","3","6","2","12","17","5","","1","0","1","0","0"
"POINT (9.697194700000068 52.376648814000077)","Unfall 22673 (2023) Kat:3, Licht: 1","22673","3","6","2","12","16","5","","1","0","1","0","0"
"POINT (9.810173647000056 52.398890964000032)","Unfall 22697 (2023) Kat:3, Licht: 2","22697","3","6","2","12","21","4","","2","0","1","0","0"
"POINT (9.734283848000075 52.387228583000081)","Unfall 22724 (2023) Kat:2, Licht: 2","22724","2","2","6","12","23","2","","2","0","1","1","0"
"POINT (9.722450579000053 52.378492125000037)","Unfall 22758 (2023) Kat:3, Licht: 2","22758","3","2","6","12","18","7","","2","0","1","1","0"
"POINT (9.733688445000041 52.368954528000074)","Unfall 22810 (2023) Kat:3, Licht: 0","22810","3","1","0","12","14","6","","0","1","0","0","0"
"POINT (9.693372291000060 52.420344057000079)","Unfall 22815 (2023) Kat:3, Licht: 2","22815","3","1","0","12","16","6","","2","0","0","0","1"
"POINT (9.719560602000058 52.345456708000029)","Unfall 22849 (2023) Kat:3, Licht: 0","22849","3","6","2","12","14","5","","0","0","1","0","0"
"POINT (9.726782768000021 52.375721164000026)","Unfall 22860 (2023) Kat:3, Licht: 1","22860","3","2","3","12","16","5","","1","1","1","0","0"
"POINT (9.716598387000033 52.421933002000060)","Unfall 22861 (2023) Kat:3, Licht: 0","22861","3","6","2","12","12","5","","0","0","1","0","0"
"POINT (9.635604801000056 52.421137829000031)","Unfall 22902 (2023) Kat:3, Licht: 0","22902","3","1","9","12","12","4","","0","0","1","0","0"
"POINT (9.781386877000045 52.424950645000081)","Unfall 22937 (2023) Kat:3, Licht: 1","22937","3","6","2","12","08","3","","1","0","1","0","0"
"POINT (9.847084508000023 52.412096348000034)","Unfall 22943 (2023) Kat:3, Licht: 0","22943","3","6","2","12","14","3","","0","0","1","0","0"
"POINT (9.730920515000037 52.382479162000038)","Unfall 22944 (2023) Kat:3, Licht: 2","22944","3","6","3","12","16","3","","2","0","1","0","0"
"POINT (9.761234671000068 52.346146283000053)","Unfall 22945 (2023) Kat:3, Licht: 0","22945","3","3","5","12","13","3","","0","1","1","0","0"
"POINT (9.735631542000021 52.394856538000056)","Unfall 22977 (2023) Kat:3, Licht: 0","22977","3","7","5","12","14","2","","0","1","1","0","0"
"POINT (9.801052055000071 52.429330895000078)","Unfall 22978 (2023) Kat:3, Licht: 2","22978","3","2","5","12","19","2","","2","0","1","0","0"
"POINT (9.627161208000075 52.423333754000055)","Unfall 23002 (2023) Kat:3, Licht: 2","23002","3","6","2","12","20","1","","2","0","1","0","0"
"POINT (9.682303247000050 52.380703065000034)","Unfall 23003 (2023) Kat:3, Licht: 0","23003","3","7","0","12","14","1","","0","1","0","0","0"
"POINT (9.765202895000073 52.370709411000064)","Unfall 23025 (2023) Kat:3, Licht: 1","23025","3","6","2","12","16","7","","1","0","1","0","0"
"POINT (9.821772240000030 52.352831192000053)","Unfall 23026 (2023) Kat:3, Licht: 2","23026","3","1","9","12","00","7","","2","0","1","0","0"
"POINT (9.646158768000021 52.413812106000080)","Unfall 23059 (2023) Kat:3, Licht: 2","23059","3","6","2","12","17","6","","2","0","1","0","0"
"POINT (9.709698546000027 52.346834543000057)","Unfall 23060 (2023) Kat:3, Licht: 0","23060","3","3","5","12","11","6","","0","0","1","0","0"
"POINT (9.827177765000044 52.344758930000069)","Unfall 23061 (2023) Kat:3, Licht: 0","23061","3","4","6","12","08","6","","0","0","1","1","0"
"POINT (9.776857642000039 52.332933024000056)","Unfall 23062 (2023) Kat:3, Licht: 2","23062","3","6","2","12","16","6","","2","0","1","0","0"
"POINT (9.735587941000063 52.394639061000078)","Unfall 23066 (2023) Kat:2, Licht: 2","23066","2","3","5","12","22","6","","2","0","1","0","0"
"POINT (9.822965302000057 52.407857795000041)","Unfall 23068 (2023) Kat:3, Licht: 2","23068","3","3","0","12","19","6","","2","0","1","0","0"
"POINT (9.780247203000044 52.324370757000054)","Unfall 23069 (2023) Kat:3, Licht: 2","23069","3","1","0","12","19","6","","2","1","0","0","0"
"POINT (9.723042948000057 52.357947330000059)","Unfall 23089 (2023) Kat:3, Licht: 0","23089","3","6","2","12","08","5","","0","0","1","0","0"
"POINT (9.732959946000051 52.420910876000050)","Unfall 23090 (2023) Kat:3, Licht: 0","23090","3","3","5","12","11","5","","0","1","1","0","0"
"POINT (9.885373442000059 52.360080801000038)","Unfall 23095 (2023) Kat:3, Licht: 0","23095","3","1","9","12","16","5","","0","0","1","0","0"
"POINT (9.827109497000038 52.343523186000027)","Unfall 23099 (2023) Kat:3, Licht: 0","23099","3","2","5","12","08","5","","0","1","1","0","0"
"POINT (9.774370941000029 52.371027449000053)","Unfall 23139 (2023) Kat:3, Licht: 0","23139","3","2","5","12","11","4","","0","0","1","0","0"
"POINT (9.813197988000070 52.365561805000027)","Unfall 23167 (2023) Kat:3, Licht: 2","23167","3","6","4","12","17","3","","2","1","0","0","0"
"POINT (9.813641989000075 52.319022647000054)","Unfall 23201 (2023) Kat:3, Licht: 0","23201","3","6","2","12","14","2","","0","0","1","0","0"
"POINT (9.774498265000034 52.427467296000032)","Unfall 23209 (2023) Kat:3, Licht: 2","23209","3","6","2","12","16","2","","2","0","1","0","0"
"POINT (9.835446576000038 52.420251349000068)","Unfall 23210 (2023) Kat:3, Licht: 1","23210","3","6","2","12","08","2","","1","0","1","0","0"
"POINT (9.671496448000028 52.347012601000074)","Unfall 23265 (2023) Kat:3, Licht: 0","23265","3","7","8","12","12","7","","0","0","1","0","0"
"POINT (9.726359156000058 52.388392180000039)","Unfall 23305 (2023) Kat:3, Licht: 2","23305","3","2","5","12","18","6","","2","1","1","0","0"
"POINT (9.697244254000054 52.378115291000029)","Unfall 23307 (2023) Kat:3, Licht: 0","23307","3","6","2","12","12","6","","0","0","1","0","0"
"POINT (9.742651335000062 52.338260213000069)","Unfall 23318 (2023) Kat:3, Licht: 2","23318","3","6","2","12","18","6","","2","0","1","0","0"
"POINT (9.720974480000052 52.341569245000073)","Unfall 23348 (2023) Kat:3, Licht: 0","23348","3","7","8","12","13","2","","0","0","1","0","0"
"POINT (9.735622871000032 52.401123953000081)","Unfall 23358 (2023) Kat:3, Licht: 0","23358","3","6","3","12","13","5","","0","0","1","0","0"
"POINT (9.810908725000047 52.409173359000079)","Unfall 23359 (2023) Kat:3, Licht: 0","23359","3","6","3","12","09","5","","0","0","1","0","0"
"POINT (9.768964745000062 52.337994940000044)","Unfall 23360 (2023) Kat:3, Licht: 0","23360","3","6","2","12","10","5","","0","0","1","0","0"
"POINT (9.731398968000065 52.426479523000069)","Unfall 23363 (2023) Kat:3, Licht: 0","23363","3","1","8","12","07","5","","0","0","1","0","0"
"POINT (9.798173091000024 52.419547501000068)","Unfall 23364 (2023) Kat:3, Licht: 2","23364","3","4","6","12","17","5","","2","0","1","1","0"
"POINT (9.772902442000031 52.333041777000062)","Unfall 23365 (2023) Kat:3, Licht: 0","23365","3","4","6","12","11","5","","0","0","0","1","0"
"POINT (9.726583901000026 52.366752465000047)","Unfall 23406 (2023) Kat:3, Licht: 2","23406","3","2","6","12","18","4","","2","0","1","1","0"
"POINT (9.860607436000066 52.384459395000079)","Unfall 23408 (2023) Kat:1, Licht: 0","23408","1","6","4","12","14","4","","0","0","1","0","0"
"POINT (9.711682879000023 52.429279652000048)","Unfall 23410 (2023) Kat:3, Licht: 1","23410","3","6","3","12","07","4","","1","0","1","0","0"
"POINT (9.830429738000021 52.422901787000058)","Unfall 23411 (2023) Kat:3, Licht: 2","23411","3","6","3","12","06","4","","2","0","1","0","0"
"POINT (9.678502571000024 52.429246347000060)","Unfall 23431 (2023) Kat:3, Licht: 2","23431","3","6","9","12","01","1","","2","0","1","0","0"
"POINT (9.719523806000041 52.346452833000058)","Unfall 23454 (2023) Kat:3, Licht: 0","23454","3","2","5","12","11","3","","0","0","1","0","0"
"POINT (9.798540668000044 52.416950046000068)","Unfall 23461 (2023) Kat:2, Licht: 2","23461","2","2","6","12","18","3","","2","0","1","1","0"
"POINT (9.858402116000036 52.316224471000055)","Unfall 23463 (2023) Kat:3, Licht: 0","23463","3","1","4","12","08","3","","0","0","1","0","0"
"POINT (9.735803316000045 52.399771644000054)","Unfall 23506 (2023) Kat:3, Licht: 0","23506","3","6","2","12","15","2","","0","0","1","0","0"
"POINT (9.803002108000044 52.339901685000029)","Unfall 23528 (2023) Kat:3, Licht: 2","23528","3","6","2","12","22","6","","2","0","1","0","0"
"POINT (9.760949165000056 52.346950409000044)","Unfall 23529 (2023) Kat:3, Licht: 2","23529","3","1","0","12","02","1","","2","0","0","0","0"
"POINT (9.802842909000049 52.431149842000082)","Unfall 23534 (2023) Kat:3, Licht: 2","23534","3","1","9","12","05","1","","2","0","1","0","0"
"POINT (9.751119366000069 52.359326672000066)","Unfall 23557 (2023) Kat:3, Licht: 0","23557","3","2","6","12","13","5","","0","0","1","1","0"
"POINT (9.798387990000037 52.420551961000058)","Unfall 23565 (2023) Kat:3, Licht: 2","23565","3","6","6","12","20","7","","2","0","0","1","0"
"POINT (9.798176262000027 52.419570347000047)","Unfall 23566 (2023) Kat:3, Licht: 0","23566","3","7","0","12","11","7","","0","1","0","0","0"
"POINT (9.740011281000022 52.368236900000056)","Unfall 23574 (2023) Kat:3, Licht: 2","23574","3","6","2","12","17","6","","2","0","1","0","0"
"POINT (9.746762227000033 52.365088125000057)","Unfall 23601 (2023) Kat:3, Licht: 2","23601","3","6","2","12","17","6","","2","0","1","0","0"
"POINT (9.670018709000033 52.383028509000042)","Unfall 23603 (2023) Kat:3, Licht: 1","23603","3","2","3","12","07","6","","1","1","0","0","0"
"POINT (9.697755293000057 52.377131568000038)","Unfall 23604 (2023) Kat:3, Licht: 0","23604","3","6","2","12","08","6","","0","0","1","0","0"
"POINT (9.801052910000067 52.429333183000040)","Unfall 23605 (2023) Kat:3, Licht: 2","23605","3","3","5","12","16","6","","2","0","1","0","0"
"POINT (9.732853469000077 52.424241166000058)","Unfall 23606 (2023) Kat:3, Licht: 2","23606","3","6","2","12","21","6","","2","0","1","0","0"
"POINT (9.734284548000062 52.413498332000074)","Unfall 23608 (2023) Kat:3, Licht: 2","23608","3","6","2","12","18","6","","2","0","1","0","0"
"POINT (9.868037977000029 52.402943475000029)","Unfall 23640 (2023) Kat:3, Licht: 0","23640","3","6","2","11","14","5","","0","0","1","0","0"
"POINT (9.813857001000031 52.364993870000035)","Unfall 23641 (2023) Kat:3, Licht: 2","23641","3","1","0","11","21","5","","2","1","0","0","0"
"POINT (9.802862097000059 52.436093320000055)","Unfall 23642 (2023) Kat:3, Licht: 1","23642","3","3","5","11","16","5","","1","0","1","0","0"
"POINT (9.734889717000044 52.391423484000029)","Unfall 23678 (2023) Kat:3, Licht: 0","23678","3","2","5","11","15","5","","0","1","1","0","0"
"POINT (9.670436619000043 52.348060665000048)","Unfall 23679 (2023) Kat:3, Licht: 0","23679","3","6","2","11","13","4","","0","0","1","0","0"
"POINT (9.809069669000053 52.379554205000034)","Unfall 23728 (2023) Kat:3, Licht: 0","23728","3","3","5","11","13","3","","0","0","1","0","0"
"POINT (9.886101343000064 52.427489970000067)","Unfall 23739 (2023) Kat:3, Licht: 0","23739","3","6","2","11","09","3","","0","0","1","0","0"
"POINT (9.697133554000061 52.341653932000042)","Unfall 23761 (2023) Kat:3, Licht: 1","23761","3","2","6","12","07","2","","1","0","1","1","0"
"POINT (9.628609679000022 52.422185877000061)","Unfall 23800 (2023) Kat:3, Licht: 0","23800","3","6","3","11","08","2","","0","0","1","0","0"
"POINT (9.709435238000026 52.366189663000057)","Unfall 23801 (2023) Kat:3, Licht: 0","23801","3","4","6","11","07","2","","0","0","0","1","1"
"POINT (9.833427743000072 52.398568531000080)","Unfall 23812 (2023) Kat:3, Licht: 2","23812","3","3","5","11","17","2","","2","1","1","0","0"
"POINT (9.644015412000044 52.414212386000031)","Unfall 23844 (2023) Kat:3, Licht: 1","23844","3","6","2","12","17","6","","1","0","1","0","0"
"POINT (9.781260223000061 52.344950672000039)","Unfall 23889 (2023) Kat:3, Licht: 2","23889","3","6","2","11","16","7","","2","0","1","0","0"
"POINT (9.714240904000064 52.362240348000057)","Unfall 23891 (2023) Kat:3, Licht: 2","23891","3","3","5","12","17","7","","2","0","1","0","0"
"POINT (9.733949172000052 52.384823786000027)","Unfall 23966 (2023) Kat:3, Licht: 2","23966","3","6","2","11","17","6","","2","0","1","0","0"
"POINT (9.829818032000048 52.399706518000073)","Unfall 23968 (2023) Kat:3, Licht: 0","23968","3","2","6","11","09","6","","0","0","1","1","0"
"POINT (9.839407031000064 52.361744579000060)","Unfall 24040 (2023) Kat:3, Licht: 0","24040","3","1","4","11","12","5","","0","0","1","0","0"
"POINT (9.753429178000033 52.370004721000043)","Unfall 24048 (2023) Kat:3, Licht: 2","24048","3","3","5","12","05","2","","2","1","1","0","0"
"POINT (9.698851491000028 52.346842648000063)","Unfall 24079 (2023) Kat:3, Licht: 0","24079","3","2","5","12","12","7","","0","0","1","0","0"
"POINT (9.694632770000055 52.419613068000046)","Unfall 24095 (2023) Kat:3, Licht: 2","24095","3","2","4","11","17","4","","2","0","1","0","0"
"POINT (9.822991252000065 52.407869562000030)","Unfall 24096 (2023) Kat:3, Licht: 1","24096","3","6","2","11","16","4","","1","0","1","0","0"
"POINT (9.822475142000030 52.412758886000063)","Unfall 24099 (2023) Kat:3, Licht: 0","24099","3","1","8","11","09","4","","0","0","0","0","0"
"POINT (9.763377407000064 52.336795433000077)","Unfall 24138 (2023) Kat:3, Licht: 2","24138","3","1","0","11","21","3","","2","1","0","0","0"
"POINT (9.641170331000069 52.414927806000037)","Unfall 24139 (2023) Kat:3, Licht: 2","24139","3","6","2","11","18","3","","2","0","1","0","0"
"POINT (9.734273813000073 52.387151164000045)","Unfall 24141 (2023) Kat:3, Licht: 0","24141","3","2","2","11","15","3","","0","0","1","0","0"
"POINT (9.735251314000038 52.394505062000064)","Unfall 24142 (2023) Kat:3, Licht: 0","24142","3","3","5","11","08","3","","0","0","1","0","0"
"POINT (9.794152157000042 52.394725533000042)","Unfall 24143 (2023) Kat:3, Licht: 1","24143","3","3","5","11","14","3","","1","1","1","0","0"
"POINT (9.731434637000064 52.429133878000073)","Unfall 24145 (2023) Kat:3, Licht: 2","24145","3","1","8","11","07","3","","2","0","0","0","1"
"POINT (9.707857770000032 52.429932283000028)","Unfall 24146 (2023) Kat:3, Licht: 2","24146","3","6","2","11","06","3","","2","0","1","0","0"
"POINT (9.730562356000064 52.370719195000049)","Unfall 24158 (2023) Kat:3, Licht: 0","24158","3","6","2","11","13","3","","0","0","1","0","0"
"POINT (9.731564325000022 52.369401986000071)","Unfall 24173 (2023) Kat:3, Licht: 2","24173","3","3","5","12","18","6","","2","0","1","0","0"
"POINT (9.743289999000069 52.368193609000059)","Unfall 24207 (2023) Kat:3, Licht: 2","24207","3","3","5","11","17","5","","2","0","1","0","0"
"POINT (9.744013275000043 52.368025586000044)","Unfall 24210 (2023) Kat:3, Licht: 0","24210","3","7","0","11","13","2","","0","0","0","0","1"
"POINT (9.764549864000060 52.342668453000044)","Unfall 24213 (2023) Kat:3, Licht: 2","24213","3","3","5","12","21","7","","2","0","1","0","0"
"POINT (9.885695185000031 52.358735707000051)","Unfall 24222 (2023) Kat:3, Licht: 2","24222","3","6","2","11","06","2","","2","0","0","0","0"
"POINT (9.729326274000073 52.372898589000044)","Unfall 24223 (2023) Kat:3, Licht: 0","24223","3","6","2","11","13","2","","0","0","1","0","0"
"POINT (9.721196749000057 52.361671608000051)","Unfall 24224 (2023) Kat:3, Licht: 1","24224","3","2","6","11","07","2","","1","0","1","1","0"
"POINT (9.808604365000065 52.337264371000060)","Unfall 24247 (2023) Kat:3, Licht: 0","24247","3","2","4","11","15","1","","0","0","1","0","0"
"POINT (9.755441702000041 52.427133630000071)","Unfall 24250 (2023) Kat:3, Licht: 1","24250","3","6","2","11","15","1","","1","0","1","0","0"
"POINT (9.648263415000031 52.412780080000061)","Unfall 24296 (2023) Kat:3, Licht: 2","24296","3","3","5","11","20","7","","2","0","1","0","0"
"POINT (9.800962155000036 52.342487480000045)","Unfall 24300 (2023) Kat:3, Licht: 1","24300","3","6","2","11","16","7","","1","0","1","0","0"
"POINT (9.798859437000033 52.422187556000040)","Unfall 24301 (2023) Kat:2, Licht: 2","24301","2","6","2","11","00","7","","2","0","1","0","0"
"POINT (9.796597164000048 52.415383133000034)","Unfall 24323 (2023) Kat:3, Licht: 0","24323","3","2","6","11","15","2","","0","0","1","1","0"
"POINT (9.770891845000051 52.427060815000061)","Unfall 24346 (2023) Kat:3, Licht: 2","24346","3","6","2","12","17","4","","2","0","1","0","0"
"POINT (9.694752894000032 52.337538462000055)","Unfall 24349 (2023) Kat:3, Licht: 0","24349","3","2","5","11","13","6","","0","1","1","0","0"
"POINT (9.697187122000059 52.375174906000041)","Unfall 24350 (2023) Kat:3, Licht: 2","24350","3","2","2","11","22","6","","2","0","1","0","0"
"POINT (9.836853211000061 52.421153606000075)","Unfall 24352 (2023) Kat:3, Licht: 1","24352","3","2","4","11","15","6","","1","0","1","0","0"
"POINT (9.883842086000072 52.359645245000081)","Unfall 24357 (2023) Kat:3, Licht: 1","24357","3","6","3","11","07","6","","1","0","1","0","0"
"POINT (9.734242687000062 52.386968393000075)","Unfall 24369 (2023) Kat:3, Licht: 2","24369","3","6","2","12","23","5","","2","0","1","0","0"
"POINT (9.643908252000074 52.422982519000072)","Unfall 24385 (2023) Kat:3, Licht: 2","24385","3","6","2","12","05","2","","2","0","1","0","0"
"POINT (9.717098189000069 52.346366960000069)","Unfall 24415 (2023) Kat:3, Licht: 2","24415","3","2","5","11","17","5","","2","1","1","0","0"
"POINT (9.712741775000040 52.402032638000037)","Unfall 24416 (2023) Kat:3, Licht: 0","24416","3","2","5","11","09","5","","0","1","1","0","0"
"POINT (9.730213768000056 52.368958507000059)","Unfall 24421 (2023) Kat:2, Licht: 2","24421","2","3","5","11","17","5","","2","1","1","0","0"
"POINT (9.889451600000029 52.362469801000032)","Unfall 24423 (2023) Kat:3, Licht: 0","24423","3","6","2","11","08","5","","0","0","1","0","0"
"POINT (9.696800341000028 52.374884116000032)","Unfall 24425 (2023) Kat:3, Licht: 0","24425","3","6","2","11","13","5","","0","0","1","0","0"
"POINT (9.685040339000068 52.374558018000073)","Unfall 24461 (2023) Kat:3, Licht: 2","24461","3","3","5","11","06","5","","2","1","1","0","0"
"POINT (9.730205724000029 52.368716442000050)","Unfall 24479 (2023) Kat:3, Licht: 2","24479","3","3","5","11","17","4","","2","1","1","0","0"
"POINT (9.892440372000067 52.366546263000032)","Unfall 24554 (2023) Kat:3, Licht: 0","24554","3","6","2","11","07","3","","0","0","1","0","0"
"POINT (9.801768715000037 52.432033238000031)","Unfall 24555 (2023) Kat:3, Licht: 2","24555","3","2","5","11","17","3","","2","0","1","0","0"
"POINT (9.727279263000071 52.366835633000051)","Unfall 24556 (2023) Kat:3, Licht: 0","24556","3","1","3","11","11","3","","0","0","1","0","0"
"POINT (9.648909912000022 52.412460024000040)","Unfall 24558 (2023) Kat:3, Licht: 1","24558","3","6","2","12","17","4","","1","0","1","0","0"
"POINT (9.695447219000073 52.419880951000039)","Unfall 24560 (2023) Kat:3, Licht: 0","24560","3","3","5","11","08","3","","0","0","1","0","0"
"POINT (9.652146284000025 52.415329461000056)","Unfall 24611 (2023) Kat:3, Licht: 1","24611","3","2","5","11","15","2","","1","0","1","0","0"
"POINT (9.800638282000023 52.396462205000034)","Unfall 24652 (2023) Kat:3, Licht: 0","24652","3","6","2","11","13","1","","0","0","1","0","0"
"POINT (9.736051024000062 52.400288429000057)","Unfall 24663 (2023) Kat:3, Licht: 2","24663","3","6","2","11","18","4","","2","0","1","0","0"
"POINT (9.761050321000027 52.370375692000039)","Unfall 24681 (2023) Kat:3, Licht: 0","24681","3","6","3","11","12","7","","0","0","1","0","0"
"POINT (9.677013602000045 52.357909435000067)","Unfall 24682 (2023) Kat:3, Licht: 0","24682","3","7","0","11","13","7","","0","0","0","1","0"
"POINT (9.799165586000072 52.396063782000056)","Unfall 24685 (2023) Kat:3, Licht: 2","24685","3","6","2","12","16","1","","2","0","1","0","0"
"POINT (9.855236939000065 52.408748311000068)","Unfall 24697 (2023) Kat:3, Licht: 1","24697","3","1","8","11","06","7","","1","0","1","0","0"
"POINT (9.648909912000022 52.412460024000040)","Unfall 24757 (2023) Kat:3, Licht: 0","24757","3","6","3","11","13","6","","0","0","1","0","0"
"POINT (9.733999642000072 52.412855316000048)","Unfall 24758 (2023) Kat:3, Licht: 2","24758","3","6","2","11","19","6","","2","0","1","0","0"
"POINT (9.827546805000054 52.361220516000060)","Unfall 24768 (2023) Kat:3, Licht: 0","24768","3","2","5","11","14","6","","0","1","1","0","0"
"POINT (9.720063294000056 52.368031383000073)","Unfall 24769 (2023) Kat:2, Licht: 0","24769","2","6","6","11","11","6","","0","0","0","1","0"
"POINT (9.734302088000049 52.387380701000041)","Unfall 24826 (2023) Kat:3, Licht: 0","24826","3","6","2","11","11","5","","0","0","1","0","0"
"POINT (9.722527586000069 52.378450778000058)","Unfall 24828 (2023) Kat:3, Licht: 0","24828","3","6","2","11","13","5","","0","0","1","0","0"
"POINT (9.708105071000034 52.429744326000048)","Unfall 24830 (2023) Kat:3, Licht: 1","24830","3","6","2","11","17","5","","1","0","1","0","0"
"POINT (9.803921418000073 52.338835142000050)","Unfall 24831 (2023) Kat:3, Licht: 0","24831","3","6","2","12","08","3","","0","0","1","0","0"
"POINT (9.725699788000043 52.365381900000045)","Unfall 24834 (2023) Kat:2, Licht: 0","24834","2","2","5","11","12","5","","0","1","1","0","0"
"POINT (9.854536013000029 52.390352135000057)","Unfall 24835 (2023) Kat:3, Licht: 0","24835","3","7","4","11","10","5","","0","0","1","0","0"
"POINT (9.781606580000073 52.424978022000062)","Unfall 24837 (2023) Kat:3, Licht: 1","24837","3","2","6","11","07","5","","1","0","0","1","0"
"POINT (9.759493911000050 52.335094154000046)","Unfall 24873 (2023) Kat:3, Licht: 0","24873","3","7","8","12","11","2","","0","0","1","0","0"
"POINT (9.745011994000038 52.369034916000032)","Unfall 24894 (2023) Kat:3, Licht: 0","24894","3","6","4","11","20","4","","0","1","0","0","0"
"POINT (9.745814349000057 52.369065083000066)","Unfall 24895 (2023) Kat:3, Licht: 0","24895","3","2","3","11","12","4","","0","0","1","0","0"
"POINT (9.735248213000034 52.368873646000054)","Unfall 24896 (2023) Kat:3, Licht: 2","24896","3","6","2","11","17","4","","2","0","1","0","0"
"POINT (9.773957591000055 52.371004025000047)","Unfall 24899 (2023) Kat:3, Licht: 2","24899","3","6","3","11","22","4","","2","0","1","0","0"
"POINT (9.693419949000031 52.420316916000047)","Unfall 24900 (2023) Kat:3, Licht: 0","24900","3","4","6","11","15","4","","0","1","0","1","0"
"POINT (9.862073196000040 52.358431637000081)","Unfall 24901 (2023) Kat:3, Licht: 0","24901","3","3","5","11","12","4","","0","0","1","0","0"
"POINT (9.694749399000045 52.347697420000031)","Unfall 24947 (2023) Kat:3, Licht: 0","24947","3","6","2","11","14","3","","0","0","1","0","0"
"POINT (9.857047585000032 52.388310856000032)","Unfall 24949 (2023) Kat:3, Licht: 2","24949","3","6","2","11","18","3","","2","0","1","0","0"
"POINT (9.829501526000058 52.416991247000055)","Unfall 24950 (2023) Kat:2, Licht: 0","24950","2","4","6","11","10","3","","0","0","1","1","0"
"POINT (9.839004494000051 52.418013227000074)","Unfall 25020 (2023) Kat:3, Licht: 0","25020","3","6","2","11","08","2","","0","0","1","0","0"
"POINT (9.850371205000044 52.411200358000031)","Unfall 25021 (2023) Kat:3, Licht: 0","25021","3","6","2","11","08","2","","0","0","1","0","0"
"POINT (9.632548861000032 52.420970191000038)","Unfall 25069 (2023) Kat:3, Licht: 2","25069","3","1","8","11","00","1","","2","0","1","0","0"
"POINT (9.654388006000033 52.408006259000047)","Unfall 25117 (2023) Kat:3, Licht: 2","25117","3","6","2","11","19","7","","2","0","1","0","0"
"POINT (9.670560708000039 52.358328821000043)","Unfall 25119 (2023) Kat:3, Licht: 1","25119","3","2","6","11","18","7","","1","0","1","1","0"
"POINT (9.722472659000061 52.378480270000068)","Unfall 25124 (2023) Kat:3, Licht: 2","25124","3","6","2","11","23","7","","2","0","1","0","0"
"POINT (9.717205141000022 52.396325557000068)","Unfall 25126 (2023) Kat:3, Licht: 2","25126","3","4","6","11","19","7","","2","0","1","1","0"
"POINT (9.885667150000074 52.358713247000026)","Unfall 25147 (2023) Kat:2, Licht: 2","25147","2","1","9","11","04","6","","2","0","0","0","0"
"POINT (9.697160467000060 52.341737368000054)","Unfall 25180 (2023) Kat:3, Licht: 0","25180","3","3","5","11","16","6","","0","0","1","0","0"
"POINT (9.743304862000059 52.368206582000028)","Unfall 25181 (2023) Kat:3, Licht: 2","25181","3","3","5","11","17","6","","2","0","1","0","0"
"POINT (9.626957079000022 52.423328466000044)","Unfall 25222 (2023) Kat:3, Licht: 0","25222","3","6","2","11","07","5","","0","0","1","0","0"
"POINT (9.702857875000063 52.368281413000034)","Unfall 25223 (2023) Kat:3, Licht: 0","25223","3","6","2","11","08","5","","0","0","1","0","0"
"POINT (9.707858812000040 52.409953521000034)","Unfall 25224 (2023) Kat:3, Licht: 2","25224","3","6","2","12","17","2","","2","0","1","0","0"
"POINT (9.677423306000037 52.359237486000040)","Unfall 25225 (2023) Kat:3, Licht: 0","25225","3","6","4","11","07","5","","0","1","0","0","0"
"POINT (9.827219695000053 52.345867613000053)","Unfall 25228 (2023) Kat:3, Licht: 1","25228","3","7","0","12","16","6","","1","0","1","1","0"
"POINT (9.718908654000074 52.428505264000080)","Unfall 25232 (2023) Kat:3, Licht: 2","25232","3","6","2","11","17","5","","2","0","1","0","0"
"POINT (9.803470585000071 52.397153556000035)","Unfall 25233 (2023) Kat:3, Licht: 0","25233","3","6","2","11","08","5","","0","0","1","0","0"
"POINT (9.699493396000037 52.347388736000028)","Unfall 25234 (2023) Kat:3, Licht: 2","25234","3","2","5","11","18","5","","2","0","1","0","0"
"POINT (9.799775232000059 52.408046742000067)","Unfall 25235 (2023) Kat:3, Licht: 2","25235","3","2","5","11","19","5","","2","1","1","0","0"
"POINT (9.690105148000043 52.331336577000059)","Unfall 25283 (2023) Kat:3, Licht: 2","25283","3","7","8","12","19","6","","2","0","1","0","0"
"POINT (9.651373464000073 52.419469139000057)","Unfall 25295 (2023) Kat:3, Licht: 1","25295","3","2","5","11","07","4","","1","1","1","0","0"
"POINT (9.821477912000034 52.407335371000045)","Unfall 25296 (2023) Kat:3, Licht: 2","25296","3","7","0","11","20","4","","2","1","0","0","0"