WKT,Name,OBJECTID,UKATEGORIE,UTYP1,UART,UMONAT,USTUNDE,UWOCHENTAG,STRZUSTAND,ULICHTVERH,ISTRAD,ISTPKW,ISTFUSS,ISTKRAD
"POINT (9.825034181000035 52.404237993000038)","Unfall 25384 (2023) Kat:3, Licht: 0","25384","3","6","2","12","12","1","","0","0","1","0","0"
"POINT (9.717173627000022 52.367027413000073)","Unfall 25408 (2023) Kat:3, Licht: 2","25408","3","5","1","11","01","3","","2","0","1","0","0"
"POINT (9.850500484000065 52.410926840000059)","Unfall 25472 (2023) Kat:3, Licht: 2","25472","3","6","2","11","21","2","","2","0","1","0","0"
"POINT (9.728016887000024 52.374497379000047)","Unfall 25483 (2023) Kat:3, Licht: 0","25483","3","3","5","10","09","2","","0","1","1","0","0"
"POINT (9.735596597000040 52.403291753000076)","Unfall 25488 (2023) Kat:3, Licht: 2","25488","3","6","2","10","21","7","","2","0","1","0","0"
"POINT (9.805435488000057 52.408176407000042)","Unfall 25489 (2023) Kat:3, Licht: 0","25489","3","2","4","10","12","7","","0","1","1","0","0"
"POINT (9.733899805000021 52.416630336000026)","Unfall 25495 (2023) Kat:3, Licht: 2","25495","3","2","5","10","18","7","","2","1","1","0","0"
"POINT (9.813993502000073 52.401379810000037)","Unfall 25500 (2023) Kat:3, Licht: 0","25500","3","6","2","11","08","2","","0","0","1","0","0"
"POINT (9.728448432000050 52.368009432000065)","Unfall 25543 (2023) Kat:3, Licht: 2","25543","3","3","5","10","18","6","","2","1","1","0","0"
"POINT (9.801052160000040 52.429331173000037)","Unfall 25546 (2023) Kat:3, Licht: 1","25546","3","3","5","10","08","6","","1","1","1","0","0"
"POINT (9.808541212000023 52.337260178000065)","Unfall 25552 (2023) Kat:3, Licht: 0","25552","3","3","5","10","08","6","","0","0","1","0","0"
"POINT (9.789811199000042 52.349145535000048)","Unfall 25555 (2023) Kat:3, Licht: 2","25555","3","6","2","12","18","6","","2","0","1","0","0"
"POINT (9.744063636000021 52.386703728000043)","Unfall 158019 (2023) Kat:3, Licht: 0","158019","3","2","6","02","14","4","","0","0","1","1","0"
"POINT (9.770246186000065 52.338457661000064)","Unfall 158020 (2023) Kat:3, Licht: 0","158020","3","4","6","02","08","4","","0","1","0","1","0"
"POINT (9.731236858000045 52.391438242000049)","Unfall 158044 (2023) Kat:3, Licht: 0","158044","3","7","0","02","14","3","","0","1","0","0","0"
"POINT (9.736732062000044 52.412495386000046)","Unfall 158046 (2023) Kat:3, Licht: 0","158046","3","3","5","02","14","3","","0","0","1","0","0"
"POINT (9.781569854000054 52.417689425000049)","Unfall 158047 (2023) Kat:3, Licht: 0","158047","3","3","5","02","07","3","","0","0","1","0","0"
"POINT (9.754381438000053 52.352366823000068)","Unfall 158048 (2023) Kat:3, Licht: 0","158048","3","3","5","02","07","3","","0","1","1","0","0"
"POINT (9.755685645000028 52.392648653000037)","Unfall 158076 (2023) Kat:3, Licht: 2","158076","3","3","5","02","20","1","","2","0","1","0","0"
"POINT (9.756720718000054 52.364954447000059)","Unfall 158107 (2023) Kat:3, Licht: 2","158107","3","3","5","02","21","6","","2","0","1","0","0"
"POINT (9.804054961000077 52.377787642000044)","Unfall 158129 (2023) Kat:3, Licht: 2","158129","3","5","1","02","20","5","","2","0","1","0","0"
"POINT (9.752078077000021 52.366660810000042)","Unfall 158130 (2023) Kat:3, Licht: 0","158130","3","3","5","02","15","5","","0","0","1","0","1"
"POINT (9.723567030000027 52.372244988000034)","Unfall 158131 (2023) Kat:3, Licht: 2","158131","3","3","5","02","18","5","","2","0","1","0","0"
"POINT (9.777232161000029 52.399040452000065)","Unfall 158132 (2023) Kat:2, Licht: 0","158132","2","5","1","02","13","5","","0","1","1","0","0"
"POINT (9.776952023000035 52.332549293000056)","Unfall 158134 (2023) Kat:2, Licht: 0","158134","2","7","0","02","13","5","","0","1","0","0","0"
"POINT (9.745730301000037 52.372764289000031)","Unfall 158159 (2023) Kat:3, Licht: 0","158159","3","2","5","02","15","4","","0","0","1","0","0"
"POINT (9.750854202000028 52.375587862000032)","Unfall 158160 (2023) Kat:3, Licht: 2","158160","3","2","3","02","07","4","","2","1","1","0","0"
"POINT (9.799739951000049 52.328054423000026)","Unfall 158161 (2023) Kat:2, Licht: 2","158161","2","1","4","02","18","4","","2","0","1","0","0"
"POINT (9.741602161000060 52.383875842000066)","Unfall 158162 (2023) Kat:3, Licht: 2","158162","3","3","5","02","17","4","","2","0","1","0","0"
"POINT (9.777840270000070 52.397368981000056)","Unfall 158179 (2023) Kat:3, Licht: 2","158179","3","6","2","01","18","3","","2","0","1","0","0"
"POINT (9.754205774000070 52.368560820000027)","Unfall 158192 (2023) Kat:3, Licht: 2","158192","3","3","5","01","22","2","","2","0","1","0","0"
"POINT (9.727091193000035 52.370182941000053)","Unfall 158193 (2023) Kat:3, Licht: 0","158193","3","3","5","01","16","2","","0","1","1","0","0"
"POINT (9.710452169000064 52.367314319000059)","Unfall 158194 (2023) Kat:3, Licht: 0","158194","3","7","0","01","10","2","","0","1","0","0","0"
"POINT (9.829430625000043 52.336953852000079)","Unfall 158195 (2023) Kat:2, Licht: 0","158195","2","3","5","01","17","2","","0","0","1","0","1"
"POINT (9.754486173000032 52.389731128000051)","Unfall 158206 (2023) Kat:3, Licht: 2","158206","3","2","4","01","19","1","","2","1","1","0","0"
"POINT (9.690500091000047 52.346192070000029)","Unfall 158215 (2023) Kat:3, Licht: 2","158215","3","3","5","01","22","7","","2","0","1","0","0"
"POINT (9.732672613000034 52.379371597000045)","Unfall 158216 (2023) Kat:3, Licht: 0","158216","3","2","5","01","16","7","","0","1","1","0","0"
"POINT (9.717109689000040 52.342112240000063)","Unfall 158233 (2023) Kat:2, Licht: 2","158233","2","4","6","01","19","6","","2","0","0","1","1"
"POINT (9.775153013000022 52.363699401000076)","Unfall 158234 (2023) Kat:2, Licht: 0","158234","2","2","5","01","14","6","","0","1","1","0","0"
"POINT (9.751943423000057 52.372922092000067)","Unfall 158266 (2023) Kat:3, Licht: 2","158266","3","3","5","01","07","5","","2","1","1","0","0"
"POINT (9.733731401000057 52.362120648000030)","Unfall 158267 (2023) Kat:3, Licht: 2","158267","3","3","5","01","18","5","","2","0","1","0","0"
"POINT (9.729547725000032 52.367161528000054)","Unfall 158268 (2023) Kat:3, Licht: 2","158268","3","7","0","01","06","5","","2","1","0","0","0"
"POINT (9.777616196000054 52.331807051000055)","Unfall 158269 (2023) Kat:3, Licht: 0","158269","3","3","5","01","09","5","","0","1","1","0","0"
"POINT (9.819789404000062 52.381678672000078)","Unfall 158272 (2023) Kat:2, Licht: 2","158272","2","1","0","01","06","5","","2","1","0","0","0"
"POINT (9.721178612000074 52.379326905000028)","Unfall 158289 (2023) Kat:3, Licht: 2","158289","3","7","0","01","21","4","","2","1","0","0","0"
"POINT (9.733144718000062 52.374277170000028)","Unfall 158290 (2023) Kat:3, Licht: 2","158290","3","5","3","01","17","4","","2","1","1","0","0"
"POINT (9.743821358000048 52.371109765000028)","Unfall 158292 (2023) Kat:2, Licht: 0","158292","2","2","0","01","10","4","","0","1","1","0","0"
"POINT (9.701931790000060 52.398582848000046)","Unfall 158310 (2023) Kat:3, Licht: 2","158310","3","7","7","01","18","3","","2","1","0","0","0"
"POINT (9.714118778000056 52.383720586000038)","Unfall 158311 (2023) Kat:3, Licht: 0","158311","3","6","4","01","09","3","","0","0","1","0","0"
"POINT (9.834290907000025 52.385302261000049)","Unfall 158312 (2023) Kat:3, Licht: 2","158312","3","5","6","01","17","3","","2","0","1","1","0"
"POINT (9.667408024000054 52.357698980000066)","Unfall 158313 (2023) Kat:3, Licht: 2","158313","3","6","6","01","17","3","","2","0","1","1","0"
"POINT (9.705212616000040 52.342724648000058)","Unfall 158327 (2023) Kat:3, Licht: 0","158327","3","2","4","01","09","2","","0","0","1","0","0"
"POINT (9.736007380000046 52.415973147000045)","Unfall 158328 (2023) Kat:3, Licht: 0","158328","3","3","5","01","08","2","","0","0","1","0","0"
"POINT (9.782529431000057 52.329127251000045)","Unfall 158329 (2023) Kat:3, Licht: 0","158329","3","2","2","01","14","2","","0","0","1","0","0"
"POINT (9.718738388000077 52.380892110000048)","Unfall 158331 (2023) Kat:3, Licht: 2","158331","3","3","5","01","17","2","","2","1","1","0","0"
"POINT (9.805889486000069 52.407497618000036)","Unfall 158346 (2023) Kat:3, Licht: 2","158346","3","1","9","01","05","1","","2","0","1","0","0"
"POINT (9.758743534000075 52.391603596000039)","Unfall 158347 (2023) Kat:3, Licht: 1","158347","3","6","2","01","16","1","","1","0","1","0","0"
"POINT (9.734931105000044 52.371536811000055)","Unfall 158352 (2023) Kat:3, Licht: 1","158352","3","7","0","01","15","7","","1","1","0","0","0"
"POINT (9.743802154000036 52.393931299000030)","Unfall 158353 (2023) Kat:3, Licht: 0","158353","3","5","1","01","10","7","","0","1","1","0","0"
"POINT (9.820800755000050 52.359020131000079)","Unfall 158366 (2023) Kat:3, Licht: 1","158366","3","7","0","01","07","6","","1","1","0","0","0"
"POINT (9.760693087000050 52.369312841000067)","Unfall 158370 (2023) Kat:3, Licht: 0","158370","3","1","0","01","09","6","","0","1","0","0","0"
"POINT (9.744292378000068 52.388890702000026)","Unfall 158371 (2023) Kat:3, Licht: 0","158371","3","5","1","01","10","6","","0","1","1","0","0"
"POINT (9.794858151000028 52.346794007000028)","Unfall 158394 (2023) Kat:3, Licht: 2","158394","3","7","0","01","17","5","","2","1","0","0","0"
"POINT (9.787699123000039 52.348507693000045)","Unfall 158395 (2023) Kat:3, Licht: 2","158395","3","1","0","01","17","5","","2","1","0","0","0"
"POINT (9.739755211000045 52.402671604000034)","Unfall 158396 (2023) Kat:3, Licht: 0","158396","3","3","5","01","16","5","","0","0","1","0","0"
"POINT (9.743936912000038 52.390481551000050)","Unfall 158420 (2023) Kat:3, Licht: 2","158420","3","3","5","01","04","4","","2","0","1","0","0"
"POINT (9.711335926000061 52.367177186000049)","Unfall 158452 (2023) Kat:3, Licht: 0","158452","3","4","6","01","15","3","","0","1","0","1","0"
"POINT (9.741012348000027 52.398776864000070)","Unfall 158455 (2023) Kat:3, Licht: 2","158455","3","3","5","01","06","3","","2","1","1","0","0"
"POINT (9.781203935000065 52.403318394000053)","Unfall 158456 (2023) Kat:3, Licht: 0","158456","3","3","5","01","13","3","","0","0","1","0","0"
"POINT (9.743747692000056 52.360483714000054)","Unfall 158457 (2023) Kat:3, Licht: 1","158457","3","3","5","01","07","3","","1","0","1","0","0"
"POINT (9.792912288000025 52.394758286000069)","Unfall 158484 (2023) Kat:2, Licht: 0","158484","2","6","3","01","11","2","","0","0","1","0","1"
"POINT (9.705820151000069 52.372245278000037)","Unfall 158485 (2023) Kat:3, Licht: 2","158485","3","6","2","01","21","2","","2","1","1","0","0"
"POINT (9.759240972000043 52.410299594000037)","Unfall 158495 (2023) Kat:3, Licht: 2","158495","3","1","8","01","17","1","","2","0","1","0","0"
"POINT (9.753899186000069 52.386254011000062)","Unfall 158496 (2023) Kat:3, Licht: 0","158496","3","2","5","01","10","1","","0","1","1","0","0"
"POINT (9.805551351000076 52.337341492000064)","Unfall 158507 (2023) Kat:3, Licht: 2","158507","3","6","2","01","18","7","","2","0","1","0","0"
"POINT (9.755135992000021 52.391377181000053)","Unfall 158508 (2023) Kat:3, Licht: 2","158508","3","2","6","01","18","7","","2","0","1","1","0"
"POINT (9.737485299000070 52.372236759000032)","Unfall 158509 (2023) Kat:3, Licht: 0","158509","3","7","0","01","11","7","","0","1","1","0","0"
"POINT (9.744416839000053 52.374445914000034)","Unfall 158537 (2023) Kat:3, Licht: 2","158537","3","2","4","01","19","6","","2","0","1","0","0"
"POINT (9.755247249000035 52.344123221000075)","Unfall 158538 (2023) Kat:3, Licht: 0","158538","3","3","0","01","13","6","","0","1","1","0","0"
"POINT (9.765709001000062 52.333862368000041)","Unfall 158539 (2023) Kat:3, Licht: 0","158539","3","7","0","01","08","6","","0","1","1","0","0"
"POINT (9.796589099000073 52.330643205000058)","Unfall 158571 (2023) Kat:3, Licht: 0","158571","3","4","0","01","13","5","","0","1","0","1","0"
"POINT (9.737849337000057 52.388668418000066)","Unfall 158573 (2023) Kat:3, Licht: 0","158573","3","5","1","01","13","5","","0","1","1","0","0"
"POINT (9.753839319000065 52.386147474000040)","Unfall 158576 (2023) Kat:3, Licht: 1","158576","3","2","6","01","09","5","","1","0","1","1","0"
"POINT (9.717182628000046 52.337294430000043)","Unfall 158579 (2023) Kat:3, Licht: 2","158579","3","2","6","01","18","5","","2","0","1","1","0"
"POINT (9.748350118000076 52.378374794000081)","Unfall 158580 (2023) Kat:3, Licht: 1","158580","3","1","0","01","08","5","","1","0","0","0","0"
"POINT (9.684600430000046 52.393346674000043)","Unfall 158612 (2023) Kat:3, Licht: 0","158612","3","3","5","01","15","4","","0","0","0","0","0"
"POINT (9.656661233000023 52.407308835000038)","Unfall 158613 (2023) Kat:3, Licht: 0","158613","3","6","2","01","13","4","","0","0","1","0","0"
"POINT (9.747980988000052 52.375396040000055)","Unfall 158614 (2023) Kat:3, Licht: 0","158614","3","6","4","01","13","4","","0","1","1","0","0"
"POINT (9.702920333000066 52.374978032000058)","Unfall 158616 (2023) Kat:3, Licht: 0","158616","3","3","0","01","15","4","","0","1","0","0","0"
"POINT (9.779542246000062 52.417662267000026)","Unfall 158617 (2023) Kat:3, Licht: 2","158617","3","5","1","01","19","4","","2","1","1","0","0"
"POINT (9.718419860000040 52.396431297000049)","Unfall 158635 (2023) Kat:3, Licht: 0","158635","3","2","2","01","15","3","","0","0","1","0","1"
"POINT (9.670242924000036 52.409149363000040)","Unfall 158636 (2023) Kat:3, Licht: 0","158636","3","3","5","01","14","3","","0","1","1","0","0"
"POINT (9.744801749000032 52.368422369000029)","Unfall 158639 (2023) Kat:3, Licht: 0","158639","3","5","0","01","09","3","","0","1","1","0","0"
"POINT (9.704931970000075 52.415205439000033)","Unfall 158666 (2023) Kat:3, Licht: 0","158666","3","3","5","01","08","2","","0","1","1","0","0"
"POINT (9.744915651000042 52.374716479000028)","Unfall 158667 (2023) Kat:3, Licht: 0","158667","3","7","0","01","15","2","","0","0","0","0","0"
"POINT (9.720244982000054 52.379918247000035)","Unfall 158669 (2023) Kat:3, Licht: 0","158669","3","1","0","01","10","2","","0","0","0","0","1"
"POINT (9.724778013000048 52.342666086000065)","Unfall 158681 (2023) Kat:3, Licht: 0","158681","3","1","8","01","14","1","","0","0","1","0","0"
"POINT (9.758210644000030 52.388704075000078)","Unfall 158682 (2023) Kat:3, Licht: 2","158682","3","2","4","01","19","1","","2","0","1","0","0"
"POINT (9.736832814000024 52.376788041000054)","Unfall 158693 (2023) Kat:3, Licht: 2","158693","3","3","5","01","07","7","","2","0","1","0","0"
"POINT (9.737112349000029 52.376940821000062)","Unfall 158707 (2023) Kat:3, Licht: 2","158707","3","7","0","01","05","6","","2","1","0","0","0"
"POINT (9.698713286000043 52.366043257000058)","Unfall 158708 (2023) Kat:3, Licht: 2","158708","3","4","6","01","17","6","","2","0","1","1","0"
"POINT (9.789982181000028 52.329402710000068)","Unfall 158712 (2023) Kat:3, Licht: 2","158712","3","6","4","01","17","6","","2","1","1","0","0"
"POINT (9.733836287000031 52.394806740000035)","Unfall 158713 (2023) Kat:3, Licht: 0","158713","3","3","5","01","14","6","","0","0","1","0","0"
"POINT (9.735080662000030 52.376509722000037)","Unfall 158729 (2023) Kat:3, Licht: 2","158729","3","6","6","01","17","5","","2","0","1","1","0"
"POINT (9.765712244000042 52.341872072000058)","Unfall 158730 (2023) Kat:3, Licht: 0","158730","3","3","5","01","08","5","","0","1","1","0","0"
"POINT (9.765359341000021 52.378120045000060)","Unfall 158732 (2023) Kat:3, Licht: 0","158732","3","3","5","01","11","5","","0","0","1","0","0"
"POINT (9.730484960000069 52.374947777000045)","Unfall 158733 (2023) Kat:3, Licht: 0","158733","3","2","6","01","08","5","","0","0","1","1","0"
"POINT (9.693965446000050 52.419351689000052)","Unfall 158743 (2023) Kat:3, Licht: 2","158743","3","6","2","01","16","4","","2","0","1","0","0"
"POINT (9.732641234000027 52.376735436000047)","Unfall 158744 (2023) Kat:3, Licht: 2","158744","3","2","6","01","19","4","","2","0","1","1","0"
"POINT (9.770302517000061 52.383846262000077)","Unfall 158746 (2023) Kat:3, Licht: 1","158746","3","3","5","01","07","4","","1","1","1","0","0"
"POINT (9.738688543000023 52.374375639000050)","Unfall 158759 (2023) Kat:3, Licht: 2","158759","3","7","0","01","17","3","","2","0","0","0","0"
"POINT (9.690283446000024 52.372734547000050)","Unfall 158760 (2023) Kat:3, Licht: 2","158760","3","2","5","01","18","3","","2","0","1","0","0"
"POINT (9.662953218000041 52.409808465000026)","Unfall 158761 (2023) Kat:3, Licht: 0","158761","3","4","6","01","13","3","","0","0","1","1","0"
"POINT (9.680808945000024 52.415573743000039)","Unfall 158783 (2023) Kat:3, Licht: 0","158783","3","3","5","01","11","2","","0","0","1","0","0"
"POINT (9.782294376000038 52.329091626000036)","Unfall 158784 (2023) Kat:3, Licht: 0","158784","3","7","5","01","15","2","","0","0","1","0","1"
"POINT (9.709003005000056 52.394271861000050)","Unfall 158790 (2023) Kat:3, Licht: 2","158790","3","2","4","01","18","1","","2","0","1","0","1"
"POINT (9.717692082000042 52.397939039000050)","Unfall 158791 (2023) Kat:3, Licht: 1","158791","3","6","1","01","07","1","","1","0","1","0","0"
"POINT (9.764289227000063 52.375102614000070)","Unfall 158792 (2023) Kat:3, Licht: 2","158792","3","5","1","01","04","1","","2","0","0","0","0"
"POINT (9.760798228000056 52.410294576000069)","Unfall 158854 (2023) Kat:3, Licht: 0","158854","3","6","2","02","15","5","","0","0","1","0","0"
"POINT (9.795514604000061 52.375474071000042)","Unfall 158937 (2023) Kat:3, Licht: 2","158937","3","2","6","01","06","6","","2","0","1","1","0"
"POINT (9.756174929000053 52.342673380000065)","Unfall 159143 (2023) Kat:2, Licht: 2","159143","2","3","5","01","07","5","","2","1","1","0","0"
"POINT (9.730510903000038 52.374844894000034)","Unfall 159167 (2023) Kat:3, Licht: 2","159167","3","2","6","01","04","1","","2","0","1","1","0"
"POINT (9.762008579000053 52.336432957000056)","Unfall 159292 (2023) Kat:3, Licht: 0","159292","3","2","6","03","10","3","","0","0","1","1","0"
"POINT (9.781265261000044 52.405699187000039)","Unfall 159294 (2023) Kat:1, Licht: 0","159294","1","6","3","03","07","3","","0","1","0","0","0"
"POINT (9.702584320000028 52.370537042000080)","Unfall 159295 (2023) Kat:2, Licht: 1","159295","2","1","7","03","20","3","","1","1","0","0","0"
"POINT (9.792297854000026 52.403046421000056)","Unfall 159296 (2023) Kat:3, Licht: 0","159296","3","3","5","03","16","3","","0","1","1","0","0"
"POINT (9.670217891000050 52.399675289000072)","Unfall 159297 (2023) Kat:3, Licht: 0","159297","3","7","0","03","15","3","","0","0","0","0","0"
"POINT (9.813436790000026 52.354838975000064)","Unfall 159315 (2023) Kat:3, Licht: 0","159315","3","3","5","03","09","2","","0","0","1","0","0"
"POINT (9.785807242000033 52.398041826000053)","Unfall 159316 (2023) Kat:3, Licht: 0","159316","3","3","5","03","07","2","","0","0","1","0","0"
"POINT (9.736520897000048 52.376833727000076)","Unfall 159326 (2023) Kat:3, Licht: 1","159326","3","5","3","03","19","1","","1","1","1","0","0"
"POINT (9.766294774000073 52.339947310000071)","Unfall 159327 (2023) Kat:3, Licht: 0","159327","3","2","5","03","14","1","","0","1","1","0","0"
"POINT (9.753676901000063 52.385298276000071)","Unfall 159340 (2023) Kat:3, Licht: 0","159340","3","1","0","03","16","7","","0","1","0","0","0"
"POINT (9.766149420000033 52.365320179000037)","Unfall 159362 (2023) Kat:3, Licht: 0","159362","3","3","5","03","10","6","","0","1","0","0","0"
"POINT (9.734880978000035 52.380168550000064)","Unfall 159363 (2023) Kat:3, Licht: 0","159363","3","6","2","03","15","6","","0","0","1","0","1"
"POINT (9.708474188000025 52.427173077000077)","Unfall 159364 (2023) Kat:3, Licht: 2","159364","3","3","5","03","19","6","","2","1","1","0","0"
"POINT (9.699679175000028 52.343690107000043)","Unfall 159385 (2023) Kat:3, Licht: 0","159385","3","7","0","03","18","5","","0","1","0","0","0"
"POINT (9.764254427000026 52.417342694000070)","Unfall 159386 (2023) Kat:3, Licht: 0","159386","3","3","5","03","07","5","","0","0","1","0","0"
"POINT (9.766010776000030 52.396101211000030)","Unfall 159388 (2023) Kat:3, Licht: 0","159388","3","4","6","03","17","5","","0","0","0","1","0"
"POINT (9.819253069000069 52.399602527000070)","Unfall 159389 (2023) Kat:3, Licht: 0","159389","3","7","0","03","11","5","","0","1","0","0","0"
"POINT (9.773420127000065 52.410318735000033)","Unfall 159390 (2023) Kat:3, Licht: 2","159390","3","2","6","03","00","5","","2","0","1","1","0"
"POINT (9.697560257000021 52.391960583000071)","Unfall 159404 (2023) Kat:3, Licht: 0","159404","3","3","5","03","14","4","","0","1","1","0","0"
"POINT (9.731065011000055 52.370768478000059)","Unfall 159405 (2023) Kat:3, Licht: 0","159405","3","2","3","03","12","4","","0","1","1","0","0"
"POINT (9.668327673000022 52.400767406000057)","Unfall 159406 (2023) Kat:3, Licht: 2","159406","3","6","0","03","19","4","","2","1","0","0","0"
"POINT (9.772876661000055 52.362226520000036)","Unfall 159424 (2023) Kat:3, Licht: 0","159424","3","6","4","03","17","3","","0","1","0","0","0"
"POINT (9.674460168000053 52.408308363000060)","Unfall 159425 (2023) Kat:3, Licht: 0","159425","3","2","3","03","16","3","","0","0","1","0","0"
"POINT (9.689921853000044 52.364828285000044)","Unfall 159426 (2023) Kat:3, Licht: 0","159426","3","3","5","03","16","3","","0","1","0","0","0"
"POINT (9.770880668000075 52.398103721000041)","Unfall 159428 (2023) Kat:2, Licht: 0","159428","2","1","0","03","13","3","","0","0","0","0","0"
"POINT (9.826319985000055 52.361016322000069)","Unfall 159457 (2023) Kat:3, Licht: 0","159457","3","2","6","03","12","2","","0","0","1","1","0"
"POINT (9.817287866000072 52.318828908000057)","Unfall 159459 (2023) Kat:3, Licht: 0","159459","3","5","5","03","15","2","","0","0","1","0","0"
"POINT (9.723400976000050 52.348830564000082)","Unfall 159486 (2023) Kat:3, Licht: 2","159486","3","7","0","03","04","7","","2","0","0","0","0"
"POINT (9.744231251000031 52.373316525000064)","Unfall 159487 (2023) Kat:3, Licht: 1","159487","3","7","0","03","19","7","","1","1","0","0","0"
"POINT (9.707939832000022 52.376428860000033)","Unfall 159489 (2023) Kat:3, Licht: 2","159489","3","3","5","03","22","7","","2","1","1","0","0"
"POINT (9.739292631000069 52.369243447000031)","Unfall 159490 (2023) Kat:3, Licht: 0","159490","3","5","1","03","17","7","","0","0","1","0","0"
"POINT (9.732071871000073 52.374321423000026)","Unfall 159506 (2023) Kat:3, Licht: 2","159506","3","3","5","03","21","6","","2","0","1","0","0"
"POINT (9.750703502000022 52.411881989000051)","Unfall 159507 (2023) Kat:3, Licht: 0","159507","3","7","1","03","14","6","","0","0","1","0","0"
"POINT (9.744769892000022 52.380718609000041)","Unfall 159508 (2023) Kat:3, Licht: 0","159508","3","2","2","03","13","6","","0","0","1","0","0"
"POINT (9.753324014000043 52.390781972000070)","Unfall 159510 (2023) Kat:3, Licht: 0","159510","3","3","5","03","17","6","","0","1","0","0","0"
"POINT (9.717930133000038 52.392003843000055)","Unfall 159528 (2023) Kat:3, Licht: 0","159528","3","3","5","03","07","5","","0","1","1","0","0"
"POINT (9.669477212000061 52.349620345000062)","Unfall 159530 (2023) Kat:3, Licht: 2","159530","3","1","0","03","22","5","","2","1","0","0","0"
"POINT (9.669477212000061 52.349620345000062)","Unfall 159531 (2023) Kat:3, Licht: 2","159531","3","1","0","03","22","5","","2","1","0","0","0"
"POINT (9.764907479000044 52.360494246000030)","Unfall 159549 (2023) Kat:3, Licht: 0","159549","3","7","0","03","13","4","","0","1","0","0","0"
"POINT (9.726378167000064 52.388426985000081)","Unfall 159550 (2023) Kat:3, Licht: 0","159550","3","2","4","03","15","4","","0","1","1","0","0"
"POINT (9.826029338000069 52.426961281000047)","Unfall 159573 (2023) Kat:3, Licht: 0","159573","3","2","2","03","14","3","","0","0","1","0","0"
"POINT (9.731500819000075 52.344770046000065)","Unfall 159574 (2023) Kat:3, Licht: 0","159574","3","5","1","03","12","3","","0","1","1","0","0"
"POINT (9.726274340000032 52.373619565000070)","Unfall 159595 (2023) Kat:3, Licht: 0","159595","3","5","1","03","17","2","","0","1","1","0","0"
"POINT (9.733748401000071 52.398935086000051)","Unfall 159596 (2023) Kat:3, Licht: 0","159596","3","1","0","03","12","2","","0","1","0","0","0"
"POINT (9.696265033000032 52.410605779000036)","Unfall 159614 (2023) Kat:3, Licht: 2","159614","3","1","9","03","01","7","","2","0","1","0","0"
"POINT (9.717389401000048 52.350831190000065)","Unfall 159634 (2023) Kat:3, Licht: 0","159634","3","3","5","03","11","6","","0","1","0","0","0"
"POINT (9.728294189000053 52.358990162000055)","Unfall 159635 (2023) Kat:3, Licht: 2","159635","3","3","5","03","18","6","","2","1","1","0","0"
"POINT (9.739814929000033 52.392083088000049)","Unfall 159636 (2023) Kat:3, Licht: 2","159636","3","3","5","03","23","6","","2","0","1","0","0"
"POINT (9.728445208000039 52.374324619000049)","Unfall 159637 (2023) Kat:3, Licht: 2","159637","3","6","2","03","23","6","","2","0","1","0","0"
"POINT (9.822931392000044 52.344789025000068)","Unfall 159638 (2023) Kat:3, Licht: 0","159638","3","7","6","03","14","6","","0","0","1","1","0"
"POINT (9.750184478000051 52.376479449000044)","Unfall 159639 (2023) Kat:3, Licht: 0","159639","3","2","2","03","08","6","","0","1","1","0","0"
"POINT (9.663006684000038 52.409889094000050)","Unfall 159660 (2023) Kat:3, Licht: 1","159660","3","2","5","03","06","5","","1","0","1","0","0"
"POINT (9.753961572000037 52.395495377000032)","Unfall 159663 (2023) Kat:3, Licht: 2","159663","3","2","6","03","19","5","","2","0","1","1","0"
"POINT (9.728892265000070 52.376574681000079)","Unfall 159690 (2023) Kat:3, Licht: 0","159690","3","7","0","03","14","4","","0","0","1","0","0"
"POINT (9.731940663000046 52.379836394000051)","Unfall 159691 (2023) Kat:3, Licht: 0","159691","3","7","0","03","09","4","","0","0","1","0","0"
"POINT (9.747338751000029 52.352976161000072)","Unfall 159692 (2023) Kat:3, Licht: 0","159692","3","2","3","03","12","4","","0","0","1","0","1"
"POINT (9.724732539000058 52.373004351000077)","Unfall 159693 (2023) Kat:3, Licht: 0","159693","3","6","2","03","11","4","","0","0","1","0","1"
"POINT (9.755893340000057 52.355675654000038)","Unfall 159694 (2023) Kat:3, Licht: 2","159694","3","4","6","03","18","4","","2","0","1","1","0"
"POINT (9.742100236000056 52.378712531000076)","Unfall 159695 (2023) Kat:3, Licht: 0","159695","3","4","6","03","16","4","","0","0","0","1","0"
"POINT (9.769061546000046 52.358416544000079)","Unfall 159696 (2023) Kat:3, Licht: 2","159696","3","3","5","03","06","4","","2","1","1","0","0"
"POINT (9.788374067000063 52.331080756000063)","Unfall 159721 (2023) Kat:3, Licht: 2","159721","3","2","6","03","19","3","","2","0","1","1","0"
"POINT (9.739450928000053 52.382742687000075)","Unfall 159722 (2023) Kat:3, Licht: 0","159722","3","6","2","03","15","3","","0","0","1","0","0"