WKT,Name,OBJECTID,UKATEGORIE,UTYP1,UART,UMONAT,USTUNDE,UWOCHENTAG,STRZUSTAND,ULICHTVERH,ISTRAD,ISTPKW,ISTFUSS,ISTKRAD
"POINT (9.763743565000027 52.398767001000067)","Unfall 159723 (2023) Kat:3, Licht: 0","159723","3","2","5","03","12","3","","0","0","1","0","1"
"POINT (9.771127664000062 52.395482638000033)","Unfall 159724 (2023) Kat:3, Licht: 0","159724","3","2","5","03","08","3","","0","1","0","0","0"
"POINT (9.746821161000071 52.385450292000030)","Unfall 159725 (2023) Kat:3, Licht: 0","159725","3","3","5","03","08","3","","0","0","1","0","0"
"POINT (9.762465551000048 52.415986429000043)","Unfall 159727 (2023) Kat:2, Licht: 0","159727","2","3","5","03","08","3","","0","1","1","0","0"
"POINT (9.775487200000043 52.396591365000063)","Unfall 159728 (2023) Kat:3, Licht: 0","159728","3","6","2","03","08","3","","0","0","1","0","0"
"POINT (9.803148005000025 52.380521149000060)","Unfall 159752 (2023) Kat:3, Licht: 0","159752","3","3","0","03","08","2","","0","0","1","0","0"
"POINT (9.730203131000053 52.368561605000082)","Unfall 159753 (2023) Kat:3, Licht: 0","159753","3","3","5","03","08","2","","0","1","1","0","0"
"POINT (9.765687077000052 52.341868972000043)","Unfall 159754 (2023) Kat:3, Licht: 0","159754","3","3","5","03","11","2","","0","1","1","0","0"
"POINT (9.706840753000051 52.407831929000054)","Unfall 159756 (2023) Kat:3, Licht: 0","159756","3","3","5","03","13","2","","0","0","1","0","0"
"POINT (9.744273936000070 52.370498002000033)","Unfall 159778 (2023) Kat:3, Licht: 0","159778","3","7","0","03","10","7","","0","1","0","0","0"
"POINT (9.751184808000062 52.359239793000029)","Unfall 159790 (2023) Kat:3, Licht: 0","159790","3","2","4","03","09","6","","0","0","1","0","1"
"POINT (9.736172077000049 52.378457919000027)","Unfall 159791 (2023) Kat:3, Licht: 2","159791","3","7","0","03","19","6","","2","0","0","0","0"
"POINT (9.795262139000044 52.437058633000049)","Unfall 159792 (2023) Kat:3, Licht: 0","159792","3","4","6","03","11","6","","0","0","1","1","0"
"POINT (9.858435673000031 52.364508366000052)","Unfall 159796 (2023) Kat:3, Licht: 2","159796","3","7","8","03","18","6","","2","0","1","0","0"
"POINT (9.770405250000067 52.340759861000038)","Unfall 159797 (2023) Kat:3, Licht: 1","159797","3","4","6","03","18","6","","1","0","1","1","0"
"POINT (9.708708179000041 52.373411325000063)","Unfall 159811 (2023) Kat:2, Licht: 2","159811","2","7","0","03","23","5","","2","0","0","0","0"
"POINT (9.760821162000070 52.374478439000029)","Unfall 159812 (2023) Kat:3, Licht: 0","159812","3","4","6","03","13","5","","0","1","0","1","0"
"POINT (9.807297384000037 52.372304610000072)","Unfall 159836 (2023) Kat:3, Licht: 0","159836","3","3","5","03","15","4","","0","0","1","0","0"
"POINT (9.731545260000075 52.390189758000076)","Unfall 159837 (2023) Kat:3, Licht: 0","159837","3","6","2","03","15","4","","0","0","1","0","0"
"POINT (9.699129185000061 52.420241919000034)","Unfall 159838 (2023) Kat:3, Licht: 0","159838","3","3","5","03","13","4","","0","0","1","0","0"
"POINT (9.728160883000044 52.368152715000065)","Unfall 159839 (2023) Kat:3, Licht: 0","159839","3","3","5","03","08","4","","0","1","0","0","0"
"POINT (9.736726198000042 52.412550409000062)","Unfall 159840 (2023) Kat:3, Licht: 0","159840","3","3","5","03","08","4","","0","1","1","0","0"
"POINT (9.750800139000035 52.375652301000059)","Unfall 159841 (2023) Kat:3, Licht: 0","159841","3","6","2","03","15","4","","0","0","1","0","0"
"POINT (9.824185531000069 52.339542438000080)","Unfall 159844 (2023) Kat:3, Licht: 0","159844","3","2","5","03","16","4","","0","1","0","0","0"
"POINT (9.743051935000040 52.379478397000071)","Unfall 159845 (2023) Kat:2, Licht: 0","159845","2","3","5","03","13","4","","0","1","0","0","0"
"POINT (9.725423622000051 52.382861759000036)","Unfall 159872 (2023) Kat:3, Licht: 0","159872","3","5","1","02","12","3","","0","1","1","0","0"
"POINT (9.728331269000023 52.358918934000030)","Unfall 159874 (2023) Kat:3, Licht: 0","159874","3","2","4","03","10","4","","0","1","1","0","0"
"POINT (9.742447249000065 52.375364068000067)","Unfall 159905 (2023) Kat:3, Licht: 0","159905","3","1","0","03","09","3","","0","1","0","0","0"
"POINT (9.707601994000072 52.359603654000068)","Unfall 159914 (2023) Kat:3, Licht: 0","159914","3","6","2","02","16","7","","0","0","1","0","0"
"POINT (9.707498779000048 52.404469016000064)","Unfall 159915 (2023) Kat:3, Licht: 0","159915","3","5","1","03","11","5","","0","0","1","0","0"
"POINT (9.802852917000052 52.416876243000047)","Unfall 159916 (2023) Kat:3, Licht: 2","159916","3","3","5","02","20","7","","2","0","1","0","1"
"POINT (9.799699661000034 52.328046702000051)","Unfall 159917 (2023) Kat:2, Licht: 1","159917","2","1","9","02","07","7","","1","0","1","0","0"
"POINT (9.727640353000027 52.372744236000074)","Unfall 159938 (2023) Kat:3, Licht: 0","159938","3","1","0","02","15","6","","0","1","0","0","0"
"POINT (9.761794276000046 52.341975044000037)","Unfall 159939 (2023) Kat:3, Licht: 2","159939","3","3","5","02","18","6","","2","1","1","0","0"
"POINT (9.763438958000052 52.400820172000067)","Unfall 159940 (2023) Kat:3, Licht: 2","159940","3","7","0","02","18","6","","2","1","0","0","0"
"POINT (9.735581118000027 52.384742921000054)","Unfall 159941 (2023) Kat:3, Licht: 0","159941","3","3","5","02","11","6","","0","1","1","0","0"
"POINT (9.737761087000024 52.381849240000065)","Unfall 159954 (2023) Kat:3, Licht: 0","159954","3","6","2","03","13","5","","0","0","1","0","0"
"POINT (9.664778077000051 52.412048758000026)","Unfall 159971 (2023) Kat:3, Licht: 2","159971","3","7","1","02","21","5","","2","0","1","0","0"
"POINT (9.745754048000038 52.385975639000037)","Unfall 159972 (2023) Kat:3, Licht: 2","159972","3","1","1","03","23","1","","2","0","1","0","0"
"POINT (9.674358475000076 52.408316933000037)","Unfall 159973 (2023) Kat:3, Licht: 2","159973","3","3","5","02","19","5","","2","1","1","0","0"
"POINT (9.692194234000056 52.398141872000053)","Unfall 159974 (2023) Kat:2, Licht: 0","159974","2","3","5","02","12","5","","0","1","0","0","0"
"POINT (9.717215296000063 52.345553987000073)","Unfall 159997 (2023) Kat:3, Licht: 2","159997","3","3","5","02","19","4","","2","0","1","0","0"
"POINT (9.817482358000063 52.359782853000070)","Unfall 159998 (2023) Kat:3, Licht: 0","159998","3","7","0","02","14","4","","0","1","0","0","0"
"POINT (9.710498929000039 52.360262939000052)","Unfall 160030 (2023) Kat:2, Licht: 2","160030","2","2","4","02","05","3","","2","1","1","0","0"
"POINT (9.813148175000038 52.398797190000039)","Unfall 160031 (2023) Kat:3, Licht: 0","160031","3","5","1","02","15","3","","0","1","1","0","0"
"POINT (9.754732226000044 52.374922261000052)","Unfall 160032 (2023) Kat:3, Licht: 0","160032","3","3","5","02","11","3","","0","0","1","0","0"
"POINT (9.690317195000034 52.394896886000026)","Unfall 160044 (2023) Kat:3, Licht: 1","160044","3","5","3","02","07","2","","1","1","1","0","0"
"POINT (9.727898125000024 52.400205377000077)","Unfall 160045 (2023) Kat:3, Licht: 0","160045","3","3","5","02","08","2","","0","1","1","0","0"
"POINT (9.733697815000028 52.379856359000030)","Unfall 160047 (2023) Kat:3, Licht: 0","160047","3","3","5","02","15","2","","0","1","1","0","0"
"POINT (9.727204107000034 52.370170855000026)","Unfall 160048 (2023) Kat:3, Licht: 0","160048","3","3","5","02","16","2","","0","1","1","0","0"
"POINT (9.739692873000024 52.381228640000074)","Unfall 160052 (2023) Kat:3, Licht: 2","160052","3","3","5","02","18","2","","2","0","1","0","0"
"POINT (9.689338571000064 52.349399721000054)","Unfall 160061 (2023) Kat:3, Licht: 0","160061","3","7","0","02","14","1","","0","0","0","0","0"
"POINT (9.788484545000074 52.414615220000030)","Unfall 160062 (2023) Kat:3, Licht: 0","160062","3","1","1","02","13","1","","0","1","1","0","0"
"POINT (9.655051642000046 52.409551162000071)","Unfall 160079 (2023) Kat:3, Licht: 1","160079","3","6","2","02","16","7","","1","0","1","0","0"
"POINT (9.785294366000073 52.401322637000078)","Unfall 160080 (2023) Kat:3, Licht: 0","160080","3","3","5","03","17","6","","0","0","1","0","1"
"POINT (9.751825360000055 52.372285676000047)","Unfall 160082 (2023) Kat:3, Licht: 2","160082","3","2","5","02","05","7","","2","0","1","0","0"
"POINT (9.735065563000035 52.376614928000038)","Unfall 160106 (2023) Kat:3, Licht: 2","160106","3","2","5","02","21","6","","2","0","1","0","0"
"POINT (9.837545817000034 52.391900682000028)","Unfall 160110 (2023) Kat:3, Licht: 0","160110","3","3","5","02","13","6","","0","0","1","0","0"
"POINT (9.728428674000043 52.377293946000066)","Unfall 160132 (2023) Kat:3, Licht: 0","160132","3","3","4","02","08","5","","0","1","1","0","0"
"POINT (9.790071270000055 52.410387418000028)","Unfall 160133 (2023) Kat:3, Licht: 0","160133","3","6","2","02","13","5","","0","0","1","0","0"
"POINT (9.785844453000038 52.398125818000040)","Unfall 160134 (2023) Kat:3, Licht: 0","160134","3","3","5","02","07","5","","0","1","1","0","0"
"POINT (9.754381388000070 52.389519560000053)","Unfall 160135 (2023) Kat:3, Licht: 1","160135","3","2","3","02","17","5","","1","1","1","0","0"
"POINT (9.705942532000051 52.390573755000048)","Unfall 160136 (2023) Kat:3, Licht: 0","160136","3","4","6","02","16","5","","0","0","1","1","0"
"POINT (9.760532026000021 52.388054032000070)","Unfall 160144 (2023) Kat:3, Licht: 0","160144","3","3","5","02","08","5","","0","1","1","0","0"
"POINT (9.710033811000073 52.391781956000045)","Unfall 160154 (2023) Kat:3, Licht: 2","160154","3","5","1","02","04","4","","2","0","1","0","0"
"POINT (9.722911074000024 52.377993616000026)","Unfall 160157 (2023) Kat:2, Licht: 0","160157","2","6","3","02","17","4","","0","0","1","0","1"
"POINT (9.755202603000043 52.374184356000058)","Unfall 160158 (2023) Kat:3, Licht: 1","160158","3","1","0","02","17","4","","1","1","0","0","0"
"POINT (9.664230085000042 52.411475011000050)","Unfall 160159 (2023) Kat:3, Licht: 0","160159","3","7","1","02","14","4","","0","0","1","0","0"
"POINT (9.689623657000027 52.349304621000044)","Unfall 160188 (2023) Kat:3, Licht: 0","160188","3","6","2","02","10","3","","0","0","1","0","0"
"POINT (9.708812472000034 52.371793001000071)","Unfall 160189 (2023) Kat:3, Licht: 0","160189","3","7","0","02","15","3","","0","1","0","0","0"
"POINT (9.711262300000044 52.372217979000027)","Unfall 160190 (2023) Kat:3, Licht: 0","160190","3","3","5","02","14","3","","0","1","1","0","0"
"POINT (9.667302842000026 52.385961465000037)","Unfall 160191 (2023) Kat:3, Licht: 0","160191","3","7","9","02","16","3","","0","1","0","0","0"
"POINT (9.820003363000069 52.421213850000072)","Unfall 160193 (2023) Kat:3, Licht: 2","160193","3","6","9","02","04","3","","2","0","1","1","0"
"POINT (9.731972224000060 52.377049678000049)","Unfall 160194 (2023) Kat:2, Licht: 0","160194","2","1","0","02","14","3","","0","1","0","0","0"
"POINT (9.820470091000061 52.351918658000045)","Unfall 160219 (2023) Kat:2, Licht: 0","160219","2","6","3","02","15","2","","0","1","1","0","0"
"POINT (9.728845082000021 52.376585483000042)","Unfall 160256 (2023) Kat:3, Licht: 0","160256","3","5","1","02","14","7","","0","1","1","0","0"
"POINT (9.743920235000076 52.379408065000064)","Unfall 160257 (2023) Kat:3, Licht: 2","160257","3","6","2","02","21","7","","2","0","1","0","0"
"POINT (9.713376099000072 52.361066353000069)","Unfall 160259 (2023) Kat:2, Licht: 2","160259","2","1","9","02","03","7","","2","0","1","0","0"
"POINT (9.725873156000034 52.373367486000063)","Unfall 160260 (2023) Kat:3, Licht: 0","160260","3","5","1","02","11","7","","0","1","1","0","0"
"POINT (9.741349238000055 52.394378823000068)","Unfall 160271 (2023) Kat:3, Licht: 0","160271","3","2","5","02","14","1","","0","0","1","1","0"
"POINT (9.740808892000075 52.383487830000036)","Unfall 160275 (2023) Kat:3, Licht: 0","160275","3","5","1","02","07","6","","0","1","1","0","0"
"POINT (9.738985143000036 52.382551529000068)","Unfall 160277 (2023) Kat:3, Licht: 0","160277","3","3","5","02","13","6","","0","1","1","0","0"
"POINT (9.740517880000027 52.374091100000044)","Unfall 160293 (2023) Kat:3, Licht: 0","160293","3","3","5","03","14","4","","0","1","1","0","0"
"POINT (9.739071427000056 52.374425186000053)","Unfall 160298 (2023) Kat:3, Licht: 0","160298","3","7","6","02","08","5","","0","0","1","1","0"
"POINT (9.688450656000043 52.377146305000053)","Unfall 160323 (2023) Kat:3, Licht: 0","160323","3","7","0","05","13","5","","0","1","0","0","0"
"POINT (9.828835050000066 52.386422906000064)","Unfall 160324 (2023) Kat:3, Licht: 0","160324","3","2","5","05","16","5","","0","1","1","0","0"
"POINT (9.689681725000071 52.407212969000057)","Unfall 160348 (2023) Kat:3, Licht: 0","160348","3","1","0","05","18","4","","0","1","0","0","0"
"POINT (9.789979035000044 52.409496382000043)","Unfall 160349 (2023) Kat:3, Licht: 0","160349","3","6","2","05","10","4","","0","0","1","0","0"
"POINT (9.751110995000033 52.375561143000027)","Unfall 160350 (2023) Kat:3, Licht: 0","160350","3","6","2","05","16","4","","0","1","0","0","0"
"POINT (9.674031557000035 52.413876425000069)","Unfall 160353 (2023) Kat:3, Licht: 1","160353","3","1","0","05","20","4","","1","0","0","0","1"
"POINT (9.823495837000053 52.384158700000057)","Unfall 160377 (2023) Kat:3, Licht: 0","160377","3","2","5","05","09","3","","0","1","1","0","0"
"POINT (9.685738852000043 52.377168817000040)","Unfall 160378 (2023) Kat:3, Licht: 0","160378","3","5","1","05","16","3","","0","1","1","0","0"
"POINT (9.747939628000040 52.388172926000038)","Unfall 160379 (2023) Kat:3, Licht: 0","160379","3","4","6","05","18","3","","0","1","0","1","0"
"POINT (9.693310804000021 52.393445996000082)","Unfall 160380 (2023) Kat:3, Licht: 0","160380","3","7","0","05","15","3","","0","0","0","0","1"
"POINT (9.744028223000043 52.364420172000052)","Unfall 160408 (2023) Kat:3, Licht: 2","160408","3","7","8","05","23","2","","2","0","0","0","0"
"POINT (9.750130453000054 52.371966900000075)","Unfall 160409 (2023) Kat:3, Licht: 0","160409","3","3","5","05","16","2","","0","1","1","0","0"
"POINT (9.740340169000035 52.399660340000082)","Unfall 160410 (2023) Kat:3, Licht: 0","160410","3","2","5","05","18","2","","0","1","1","0","0"
"POINT (9.745372300000042 52.378704312000082)","Unfall 160411 (2023) Kat:3, Licht: 0","160411","3","2","5","05","15","2","","0","1","1","0","0"
"POINT (9.775173121000023 52.363691088000053)","Unfall 160418 (2023) Kat:2, Licht: 0","160418","2","3","5","05","09","2","","0","1","1","0","0"
"POINT (9.754734042000052 52.420757866000031)","Unfall 160419 (2023) Kat:3, Licht: 1","160419","3","1","0","05","05","2","","1","0","0","0","0"
"POINT (9.752721134000069 52.394792874000075)","Unfall 160431 (2023) Kat:3, Licht: 0","160431","3","5","1","05","15","1","","0","1","1","0","0"
"POINT (9.736829582000041 52.376796424000077)","Unfall 160433 (2023) Kat:3, Licht: 0","160433","3","1","0","05","15","1","","0","0","0","0","0"
"POINT (9.731970988000057 52.378973919000032)","Unfall 160455 (2023) Kat:3, Licht: 2","160455","3","6","4","05","22","7","","2","1","0","0","0"
"POINT (9.789816579000046 52.397615025000050)","Unfall 160456 (2023) Kat:3, Licht: 0","160456","3","1","6","05","19","7","","0","1","0","1","0"
"POINT (9.787009928000032 52.334048170000074)","Unfall 160458 (2023) Kat:3, Licht: 0","160458","3","5","1","05","13","7","","0","0","1","0","0"
"POINT (9.789760965000028 52.376915044000043)","Unfall 160474 (2023) Kat:3, Licht: 2","160474","3","1","0","05","02","6","","2","0","0","0","0"
"POINT (9.737784443000066 52.381860033000066)","Unfall 160475 (2023) Kat:3, Licht: 0","160475","3","2","3","05","08","6","","0","1","1","0","0"
"POINT (9.705908872000066 52.373985298000036)","Unfall 160476 (2023) Kat:3, Licht: 0","160476","3","4","6","05","15","6","","0","1","0","1","0"
"POINT (9.732770964000053 52.380076929000040)","Unfall 160478 (2023) Kat:2, Licht: 0","160478","2","5","1","05","14","6","","0","0","1","0","0"
"POINT (9.758828499000060 52.392413432000069)","Unfall 160501 (2023) Kat:3, Licht: 1","160501","3","3","5","05","21","5","","1","1","1","0","0"
"POINT (9.775669945000061 52.333958792000033)","Unfall 160506 (2023) Kat:2, Licht: 0","160506","2","6","4","05","18","5","","0","1","0","0","0"
"POINT (9.743854224000074 52.379533810000055)","Unfall 160507 (2023) Kat:3, Licht: 0","160507","3","4","0","05","17","5","","0","1","0","1","0"
"POINT (9.694634613000062 52.405933580000067)","Unfall 160508 (2023) Kat:3, Licht: 0","160508","3","2","5","05","14","5","","0","1","1","0","0"
"POINT (9.808610916000021 52.385739724000075)","Unfall 160509 (2023) Kat:3, Licht: 0","160509","3","3","5","05","06","5","","0","1","1","0","0"
"POINT (9.741704231000028 52.359683763000078)","Unfall 160532 (2023) Kat:3, Licht: 0","160532","3","5","1","05","16","4","","0","0","1","0","1"
"POINT (9.692895823000072 52.365150729000050)","Unfall 160533 (2023) Kat:3, Licht: 1","160533","3","6","2","05","20","4","","1","0","1","0","0"
"POINT (9.820773842000051 52.350869217000081)","Unfall 160534 (2023) Kat:3, Licht: 0","160534","3","2","5","05","17","4","","0","1","1","0","0"
"POINT (9.725525512000047 52.397840540000061)","Unfall 160535 (2023) Kat:3, Licht: 0","160535","3","2","4","05","16","4","","0","1","1","0","0"
"POINT (9.747731575000046 52.359230158000059)","Unfall 160558 (2023) Kat:3, Licht: 0","160558","3","3","5","05","13","3","","0","1","0","0","0"
"POINT (9.746652666000045 52.389115103000051)","Unfall 160559 (2023) Kat:3, Licht: 0","160559","3","6","6","05","09","3","","0","0","1","1","0"
"POINT (9.780966189000026 52.401778482000054)","Unfall 160560 (2023) Kat:3, Licht: 0","160560","3","2","4","05","07","3","","0","1","1","0","0"
"POINT (9.783982362000074 52.398306398000045)","Unfall 160562 (2023) Kat:3, Licht: 0","160562","3","2","5","05","07","3","","0","0","1","0","0"
"POINT (9.664004098000021 52.402800118000073)","Unfall 160573 (2023) Kat:3, Licht: 0","160573","3","7","0","05","20","2","","0","1","0","0","0"
"POINT (9.709556559000021 52.387519693000058)","Unfall 160574 (2023) Kat:3, Licht: 0","160574","3","7","0","05","17","2","","0","1","0","0","0"
"POINT (9.809574963000045 52.348453733000042)","Unfall 160575 (2023) Kat:3, Licht: 0","160575","3","7","0","05","11","2","","0","1","0","1","0"
"POINT (9.813969976000067 52.331902576000061)","Unfall 160577 (2023) Kat:3, Licht: 0","160577","3","5","1","05","11","2","","0","0","1","0","0"
"POINT (9.730841832000067 52.361900736000052)","Unfall 160579 (2023) Kat:2, Licht: 0","160579","2","3","5","05","18","2","","0","0","1","0","1"
"POINT (9.791700708000064 52.402925432000075)","Unfall 160580 (2023) Kat:2, Licht: 2","160580","2","4","6","05","00","2","","2","0","1","1","0"
"POINT (9.827673346000040 52.340885935000074)","Unfall 160581 (2023) Kat:3, Licht: 0","160581","3","4","6","05","17","2","","0","1","0","1","0"
"POINT (9.858543578000024 52.367573048000054)","Unfall 160594 (2023) Kat:3, Licht: 0","160594","3","1","9","04","16","1","","0","1","0","0","0"
"POINT (9.736428000000046 52.355389599000034)","Unfall 160599 (2023) Kat:2, Licht: 0","160599","2","1","0","04","18","1","","0","1","0","0","0"
"POINT (9.725393808000035 52.383167603000061)","Unfall 160614 (2023) Kat:3, Licht: 0","160614","3","5","0","04","12","7","","0","1","1","0","0"
"POINT (9.764165483000056 52.393543626000053)","Unfall 160615 (2023) Kat:3, Licht: 0","160615","3","6","2","04","16","7","","0","0","1","0","0"
"POINT (9.732638646000055 52.379222672000026)","Unfall 160617 (2023) Kat:3, Licht: 0","160617","3","2","5","04","16","7","","0","0","1","1","0"
"POINT (9.696993588000055 52.328978869000082)","Unfall 160633 (2023) Kat:3, Licht: 0","160633","3","7","0","04","13","6","","0","1","0","0","0"
"POINT (9.790065025000047 52.410378664000064)","Unfall 160634 (2023) Kat:3, Licht: 2","160634","3","3","5","04","21","6","","2","0","1","0","0"
"POINT (9.781670178000070 52.400170249000041)","Unfall 160635 (2023) Kat:3, Licht: 0","160635","3","4","0","04","13","6","","0","1","0","1","0"
"POINT (9.740480316000060 52.361304400000051)","Unfall 160636 (2023) Kat:2, Licht: 0","160636","2","4","6","04","17","6","","0","0","1","1","0"
"POINT (9.663557962000027 52.409746082000026)","Unfall 160637 (2023) Kat:3, Licht: 0","160637","3","4","6","04","15","6","","0","0","1","1","0"
"POINT (9.784426472000064 52.424409326000045)","Unfall 160638 (2023) Kat:3, Licht: 0","160638","3","7","9","04","12","6","","0","0","1","0","0"
"POINT (9.826289684000074 52.359113708000052)","Unfall 160639 (2023) Kat:3, Licht: 0","160639","3","5","1","04","11","6","","0","1","1","0","0"
"POINT (9.654429558000061 52.410447236000039)","Unfall 160662 (2023) Kat:3, Licht: 2","160662","3","3","5","04","20","5","","2","1","1","0","0"
"POINT (9.694626006000021 52.376787159000060)","Unfall 160664 (2023) Kat:2, Licht: 0","160664","2","1","0","04","15","5","","0","1","0","0","0"
"POINT (9.748736012000052 52.390495370000053)","Unfall 160665 (2023) Kat:3, Licht: 0","160665","3","6","0","04","11","5","","0","0","1","0","0"
"POINT (9.765772593000065 52.359552477000079)","Unfall 160687 (2023) Kat:3, Licht: 0","160687","3","7","6","04","13","4","","0","1","0","1","0"
"POINT (9.755042813000045 52.365020385000037)","Unfall 160688 (2023) Kat:3, Licht: 0","160688","3","3","5","04","13","4","","0","1","0","0","0"
"POINT (9.723250777000032 52.371528142000045)","Unfall 160689 (2023) Kat:3, Licht: 0","160689","3","3","5","04","18","4","","0","0","1","0","0"
"POINT (9.697306967000031 52.367089186000044)","Unfall 160690 (2023) Kat:3, Licht: 0","160690","3","7","7","04","10","4","","0","1","0","0","0"
"POINT (9.657653992000064 52.355943666000030)","Unfall 160691 (2023) Kat:3, Licht: 0","160691","3","3","5","04","18","4","","0","0","1","0","0"
"POINT (9.800929539000037 52.404418487000044)","Unfall 160692 (2023) Kat:3, Licht: 0","160692","3","1","0","04","11","4","","0","1","0","0","0"
"POINT (9.729943936000041 52.383125172000064)","Unfall 160694 (2023) Kat:3, Licht: 0","160694","3","3","5","04","19","4","","0","1","1","0","0"
"POINT (9.754490367000074 52.389460438000071)","Unfall 160695 (2023) Kat:3, Licht: 0","160695","3","2","5","04","18","4","","0","1","1","0","0"
"POINT (9.706068093000056 52.390422740000076)","Unfall 160696 (2023) Kat:3, Licht: 0","160696","3","4","6","04","14","4","","0","0","1","1","0"
"POINT (9.702816265000024 52.416311951000068)","Unfall 160720 (2023) Kat:3, Licht: 0","160720","3","3","5","04","15","3","","0","1","0","0","0"
"POINT (9.812193955000055 52.347884501000067)","Unfall 160721 (2023) Kat:3, Licht: 0","160721","3","1","9","04","16","3","","0","1","0","0","0"
"POINT (9.788511513000060 52.331080981000071)","Unfall 160722 (2023) Kat:3, Licht: 0","160722","3","6","2","04","15","3","","0","0","1","0","0"
"POINT (9.851583619000053 52.360597279000046)","Unfall 160725 (2023) Kat:3, Licht: 0","160725","3","1","0","04","18","3","","0","1","0","0","0"
"POINT (9.709254181000063 52.360212225000055)","Unfall 160726 (2023) Kat:3, Licht: 0","160726","3","2","5","04","16","3","","0","1","0","0","0"
"POINT (9.724659817000031 52.373969174000081)","Unfall 160754 (2023) Kat:3, Licht: 2","160754","3","7","2","04","22","2","","2","1","1","0","0"
"POINT (9.790823329000034 52.396119967000061)","Unfall 160755 (2023) Kat:3, Licht: 0","160755","3","2","2","04","18","2","","0","0","1","0","0"
"POINT (9.739604050000025 52.388162664000049)","Unfall 160756 (2023) Kat:3, Licht: 0","160756","3","5","0","04","19","2","","0","0","1","0","0"
"POINT (9.741013393000060 52.398769735000030)","Unfall 160758 (2023) Kat:3, Licht: 0","160758","3","3","5","04","07","2","","0","1","1","0","0"
"POINT (9.812705011000048 52.421884146000082)","Unfall 160778 (2023) Kat:2, Licht: 0","160778","2","3","5","04","14","1","","0","1","1","0","0"
"POINT (9.730890476000070 52.376112835000072)","Unfall 160779 (2023) Kat:2, Licht: 1","160779","2","1","0","04","06","1","","1","1","0","0","0"
"POINT (9.787618507000047 52.405658214000027)","Unfall 160796 (2023) Kat:2, Licht: 0","160796","2","1","0","04","16","7","","0","1","0","0","0"
"POINT (9.763456917000042 52.400697213000058)","Unfall 160798 (2023) Kat:3, Licht: 0","160798","3","7","0","04","15","7","","0","1","0","0","0"
"POINT (9.734191992000035 52.376679812000077)","Unfall 160802 (2023) Kat:3, Licht: 2","160802","3","6","2","04","22","7","","2","0","1","0","0"
"POINT (9.693498951000038 52.392156942000042)","Unfall 160824 (2023) Kat:3, Licht: 0","160824","3","7","1","04","16","6","","0","0","1","0","0"
"POINT (9.687892843000043 52.410492223000062)","Unfall 160825 (2023) Kat:3, Licht: 0","160825","3","3","5","04","06","6","","0","1","1","0","0"
"POINT (9.694135843000026 52.352771903000075)","Unfall 160826 (2023) Kat:3, Licht: 0","160826","3","6","2","04","08","6","","0","0","1","0","0"
"POINT (9.744049528000062 52.372583902000031)","Unfall 160827 (2023) Kat:3, Licht: 0","160827","3","3","5","04","11","6","","0","0","1","0","1"
"POINT (9.707485855000073 52.370236548000037)","Unfall 160828 (2023) Kat:3, Licht: 0","160828","3","3","5","04","18","6","","0","0","1","0","0"
"POINT (9.764091797000049 52.410282491000032)","Unfall 160829 (2023) Kat:3, Licht: 0","160829","3","6","2","04","08","6","","0","0","1","0","0"
"POINT (9.782383121000066 52.327082072000053)","Unfall 160830 (2023) Kat:3, Licht: 0","160830","3","4","6","04","13","6","","0","0","1","1","0"
"POINT (9.742486609000025 52.421139366000034)","Unfall 160835 (2023) Kat:3, Licht: 0","160835","3","2","2","04","15","6","","0","0","1","0","0"
"POINT (9.723850504000040 52.342568962000030)","Unfall 160854 (2023) Kat:3, Licht: 0","160854","3","3","5","04","13","5","","0","0","1","0","0"
"POINT (9.872958717000074 52.363872689000061)","Unfall 160855 (2023) Kat:3, Licht: 0","160855","3","6","4","04","12","5","","0","0","0","0","0"
"POINT (9.736022512000034 52.416053424000040)","Unfall 160857 (2023) Kat:3, Licht: 0","160857","3","3","5","04","16","5","","0","0","1","0","0"
"POINT (9.756772640000065 52.351620380000043)","Unfall 160882 (2023) Kat:3, Licht: 0","160882","3","3","5","04","11","4","","0","1","1","0","0"
"POINT (9.721953390000067 52.381622782000079)","Unfall 160883 (2023) Kat:3, Licht: 0","160883","3","6","4","04","18","4","","0","1","0","0","0"
"POINT (9.673995338000054 52.364792047000037)","Unfall 160886 (2023) Kat:2, Licht: 2","160886","2","7","0","04","21","4","","2","0","0","0","0"
"POINT (9.755784668000047 52.391474252000080)","Unfall 160887 (2023) Kat:3, Licht: 0","160887","3","5","1","04","14","4","","0","1","1","0","0"
"POINT (9.744456297000056 52.395131607000053)","Unfall 160888 (2023) Kat:2, Licht: 0","160888","2","2","0","04","10","4","","0","0","1","0","0"
"POINT (9.784894489000067 52.372653412000034)","Unfall 160889 (2023) Kat:3, Licht: 0","160889","3","2","5","04","07","4","","0","1","1","0","0"
"POINT (9.663751915000034 52.381081959000028)","Unfall 160892 (2023) Kat:3, Licht: 0","160892","3","2","5","04","16","5","","0","1","1","0","0"