WKT,Name,OBJECTID,UKATEGORIE,UTYP1,UART,UMONAT,USTUNDE,UWOCHENTAG,STRZUSTAND,ULICHTVERH,ISTRAD,ISTPKW,ISTFUSS,ISTKRAD
"POINT (9.712937234000037 52.370964393000065)","Unfall 160906 (2023) Kat:3, Licht: 0","160906","3","1","9","04","16","4","","0","0","0","0","0"
"POINT (9.660974465000038 52.409444873000041)","Unfall 160913 (2023) Kat:3, Licht: 0","160913","3","3","5","04","12","3","","0","0","1","0","1"
"POINT (9.736665349000077 52.412478301000078)","Unfall 160916 (2023) Kat:2, Licht: 0","160916","2","4","6","04","17","3","","0","0","1","1","0"
"POINT (9.737529182000060 52.372342118000063)","Unfall 160917 (2023) Kat:2, Licht: 0","160917","2","2","0","04","16","3","","0","1","1","0","0"
"POINT (9.762369797000076 52.357932230000074)","Unfall 160918 (2023) Kat:3, Licht: 0","160918","3","2","5","04","07","3","","0","1","1","0","0"
"POINT (9.714407115000029 52.404074713000057)","Unfall 160940 (2023) Kat:3, Licht: 0","160940","3","2","4","04","15","2","","0","1","0","0","0"
"POINT (9.730530768000051 52.374962500000038)","Unfall 160942 (2023) Kat:3, Licht: 0","160942","3","7","5","04","19","2","","0","0","1","0","0"
"POINT (9.736392453000065 52.377907233000030)","Unfall 160943 (2023) Kat:3, Licht: 0","160943","3","7","0","04","16","2","","0","0","0","0","0"
"POINT (9.702773227000023 52.369368075000068)","Unfall 160944 (2023) Kat:3, Licht: 2","160944","3","3","5","04","23","2","","2","0","1","0","0"
"POINT (9.721452171000067 52.381023112000037)","Unfall 160947 (2023) Kat:3, Licht: 0","160947","3","1","8","04","14","2","","0","0","1","0","0"
"POINT (9.726376853000033 52.388425978000043)","Unfall 160948 (2023) Kat:3, Licht: 2","160948","3","3","5","04","23","5","","2","0","1","0","0"
"POINT (9.723319582000045 52.387407208000070)","Unfall 160949 (2023) Kat:3, Licht: 0","160949","3","1","0","04","13","2","","0","1","0","0","0"
"POINT (9.773372635000044 52.361803649000080)","Unfall 160950 (2023) Kat:3, Licht: 0","160950","3","5","1","04","13","2","","0","0","1","0","0"
"POINT (9.756732522000050 52.364957962000062)","Unfall 160958 (2023) Kat:3, Licht: 0","160958","3","3","5","05","15","5","","0","1","1","0","0"
"POINT (9.654982290000021 52.409625342000027)","Unfall 160962 (2023) Kat:3, Licht: 0","160962","3","4","6","04","11","1","","0","1","0","1","0"
"POINT (9.729741558000057 52.376407077000067)","Unfall 160975 (2023) Kat:3, Licht: 0","160975","3","3","5","05","12","4","","0","1","1","0","0"
"POINT (9.692698205000056 52.398544974000060)","Unfall 160977 (2023) Kat:3, Licht: 0","160977","3","2","2","04","17","7","","0","0","1","0","0"
"POINT (9.736829577000037 52.383419190000041)","Unfall 160978 (2023) Kat:3, Licht: 0","160978","3","6","2","04","13","7","","0","0","1","0","0"
"POINT (9.713300389000040 52.371440762000077)","Unfall 160997 (2023) Kat:2, Licht: 2","160997","2","7","0","04","23","6","","2","1","0","0","0"
"POINT (9.747638261000077 52.373911184000065)","Unfall 161005 (2023) Kat:3, Licht: 0","161005","3","4","6","04","15","6","","0","1","0","1","0"
"POINT (9.813826720000066 52.339091901000074)","Unfall 161006 (2023) Kat:3, Licht: 0","161006","3","7","0","04","11","6","","0","0","0","0","0"
"POINT (9.763391592000062 52.417173891000061)","Unfall 161013 (2023) Kat:3, Licht: 0","161013","3","2","5","05","17","2","","0","0","1","0","0"
"POINT (9.754859451000073 52.410319445000027)","Unfall 161014 (2023) Kat:3, Licht: 0","161014","3","6","2","05","08","4","","0","0","1","0","0"
"POINT (9.693509870000071 52.409292175000076)","Unfall 161045 (2023) Kat:3, Licht: 2","161045","3","7","0","04","23","5","","2","1","0","0","0"
"POINT (9.689565185000049 52.329325068000060)","Unfall 161046 (2023) Kat:3, Licht: 0","161046","3","5","4","04","11","5","","0","1","1","0","0"
"POINT (9.706360537000023 52.390179364000062)","Unfall 161047 (2023) Kat:3, Licht: 0","161047","3","6","6","04","16","5","","0","0","1","1","0"
"POINT (9.730520052000031 52.391259490000039)","Unfall 161048 (2023) Kat:3, Licht: 0","161048","3","3","5","04","13","5","","0","1","0","0","0"
"POINT (9.727388984000072 52.361191251000037)","Unfall 161049 (2023) Kat:3, Licht: 0","161049","3","3","5","04","16","5","","0","1","1","0","0"
"POINT (9.708883342000036 52.370484543000032)","Unfall 161050 (2023) Kat:3, Licht: 0","161050","3","2","5","04","15","5","","0","1","1","0","0"
"POINT (9.729559960000074 52.343572816000062)","Unfall 161052 (2023) Kat:3, Licht: 0","161052","3","1","1","04","16","5","","0","0","1","0","1"
"POINT (9.751867593000043 52.385990446000051)","Unfall 161075 (2023) Kat:3, Licht: 0","161075","3","2","3","04","13","4","","0","1","1","0","0"
"POINT (9.759434590000069 52.419825585000069)","Unfall 161090 (2023) Kat:3, Licht: 0","161090","3","6","2","04","08","5","","0","0","1","0","0"
"POINT (9.667408560000069 52.376171834000047)","Unfall 161098 (2023) Kat:3, Licht: 0","161098","3","3","5","04","10","3","","0","0","1","0","0"
"POINT (9.763097333000076 52.405181784000035)","Unfall 161100 (2023) Kat:2, Licht: 0","161100","2","7","9","04","18","3","","0","0","1","0","0"
"POINT (9.719526335000069 52.362048562000041)","Unfall 161101 (2023) Kat:2, Licht: 0","161101","2","4","6","04","15","3","","0","0","1","1","0"
"POINT (9.736057733000052 52.416311144000076)","Unfall 161107 (2023) Kat:3, Licht: 0","161107","3","3","5","04","16","2","","0","0","1","0","0"
"POINT (9.668171355000027 52.415412966000076)","Unfall 161113 (2023) Kat:3, Licht: 0","161113","3","3","5","04","14","2","","0","1","1","0","0"
"POINT (9.790320999000073 52.402749915000072)","Unfall 161126 (2023) Kat:3, Licht: 0","161126","3","6","3","04","19","1","","0","0","1","0","0"
"POINT (9.723344086000054 52.387367857000072)","Unfall 161127 (2023) Kat:3, Licht: 0","161127","3","2","5","04","18","1","","0","1","1","0","0"
"POINT (9.693862213000045 52.342949627000053)","Unfall 161141 (2023) Kat:2, Licht: 2","161141","2","3","5","04","22","7","","2","0","1","0","1"
"POINT (9.855310599000063 52.392332795000073)","Unfall 161161 (2023) Kat:3, Licht: 0","161161","3","7","0","04","19","6","","0","1","0","0","0"
"POINT (9.718827109000074 52.374095835000048)","Unfall 161162 (2023) Kat:3, Licht: 0","161162","3","7","0","04","18","6","","0","1","0","0","0"
"POINT (9.882369337000057 52.359088297000028)","Unfall 161164 (2023) Kat:3, Licht: 0","161164","3","6","2","04","18","6","","0","0","1","0","0"
"POINT (9.667284136000035 52.376190604000044)","Unfall 161168 (2023) Kat:3, Licht: 0","161168","3","2","5","04","12","6","","0","1","1","0","0"
"POINT (9.694402494000030 52.404211540000063)","Unfall 161184 (2023) Kat:3, Licht: 0","161184","3","2","3","04","17","5","","0","1","1","0","0"
"POINT (9.765297015000044 52.410278304000030)","Unfall 161189 (2023) Kat:3, Licht: 0","161189","3","7","9","04","13","5","","0","0","1","0","0"
"POINT (9.744990304000055 52.372450742000069)","Unfall 161190 (2023) Kat:3, Licht: 0","161190","3","2","0","04","13","5","","0","0","1","0","1"
"POINT (9.730860936000056 52.374958825000078)","Unfall 161217 (2023) Kat:3, Licht: 0","161217","3","3","0","04","11","4","","0","0","1","0","1"
"POINT (9.785152049000033 52.372707862000027)","Unfall 161219 (2023) Kat:3, Licht: 2","161219","3","1","8","04","20","4","","2","0","1","0","0"
"POINT (9.731971200000032 52.378973991000066)","Unfall 161234 (2023) Kat:3, Licht: 0","161234","3","7","6","04","18","3","","0","0","1","1","0"
"POINT (9.737036287000024 52.375601283000037)","Unfall 161235 (2023) Kat:3, Licht: 0","161235","3","7","6","04","15","3","","0","1","0","1","0"
"POINT (9.860741482000037 52.368401406000032)","Unfall 161237 (2023) Kat:3, Licht: 2","161237","3","2","3","04","21","3","","2","1","1","0","0"
"POINT (9.746273366000025 52.354357408000055)","Unfall 161238 (2023) Kat:3, Licht: 0","161238","3","2","5","04","14","3","","0","0","1","0","0"
"POINT (9.701591123000071 52.422228727000061)","Unfall 161239 (2023) Kat:2, Licht: 0","161239","2","7","0","04","10","3","","0","1","0","0","0"
"POINT (9.819545474000051 52.356969452000044)","Unfall 161264 (2023) Kat:3, Licht: 0","161264","3","6","2","05","07","5","","0","0","1","0","0"
"POINT (9.695278140000028 52.349075230000039)","Unfall 161272 (2023) Kat:3, Licht: 2","161272","3","3","5","04","19","2","","2","0","1","0","0"
"POINT (9.717292441000041 52.372972859000072)","Unfall 161273 (2023) Kat:3, Licht: 2","161273","3","6","4","04","22","2","","2","1","0","0","0"
"POINT (9.616800713000032 52.419404587000031)","Unfall 161289 (2023) Kat:3, Licht: 2","161289","3","7","2","04","04","1","","2","0","1","0","0"
"POINT (9.749760529000071 52.376340764000076)","Unfall 161302 (2023) Kat:3, Licht: 2","161302","3","2","5","04","00","7","","2","0","1","0","0"
"POINT (9.706941299000050 52.370138892000057)","Unfall 161303 (2023) Kat:3, Licht: 0","161303","3","2","5","04","11","7","","0","0","1","0","0"
"POINT (9.747554748000027 52.373867454000049)","Unfall 161326 (2023) Kat:3, Licht: 0","161326","3","1","0","03","17","6","","0","1","0","0","0"
"POINT (9.754553232000035 52.389643422000063)","Unfall 161327 (2023) Kat:3, Licht: 0","161327","3","3","5","03","09","6","","0","0","1","0","0"
"POINT (9.734698423000054 52.376692026000057)","Unfall 161339 (2023) Kat:3, Licht: 0","161339","3","7","0","03","17","5","","0","1","0","0","0"
"POINT (9.670367806000058 52.359219619000044)","Unfall 161340 (2023) Kat:3, Licht: 0","161340","3","3","5","03","13","5","","0","1","1","0","0"
"POINT (9.703456689000063 52.409284309000043)","Unfall 161343 (2023) Kat:3, Licht: 0","161343","3","3","5","03","16","5","","0","0","1","0","0"
"POINT (9.696958872000039 52.412887627000032)","Unfall 161344 (2023) Kat:3, Licht: 0","161344","3","6","2","03","15","5","","0","0","1","0","0"
"POINT (9.709586503000025 52.367232945000069)","Unfall 161370 (2023) Kat:3, Licht: 0","161370","3","7","0","03","07","4","","0","1","0","0","0"
"POINT (9.738074200000028 52.381851595000057)","Unfall 161372 (2023) Kat:3, Licht: 2","161372","3","2","5","03","23","4","","2","1","1","0","0"
"POINT (9.791128998000033 52.405172097000047)","Unfall 161373 (2023) Kat:3, Licht: 2","161373","3","5","5","03","21","4","","2","0","1","0","1"
"POINT (9.766188523000039 52.358005095000067)","Unfall 161416 (2023) Kat:3, Licht: 0","161416","3","7","0","06","07","3","","0","1","0","0","0"
"POINT (9.739812631000063 52.383108913000058)","Unfall 161419 (2023) Kat:3, Licht: 0","161419","3","7","0","06","18","3","","0","1","0","0","0"
"POINT (9.809268763000034 52.405204579000042)","Unfall 161420 (2023) Kat:3, Licht: 0","161420","3","7","7","06","10","3","","0","1","0","0","0"
"POINT (9.735594291000041 52.387988211000049)","Unfall 161458 (2023) Kat:3, Licht: 0","161458","3","2","6","06","16","2","","0","0","1","1","0"
"POINT (9.735075492000021 52.375273530000072)","Unfall 161459 (2023) Kat:3, Licht: 0","161459","3","6","6","06","17","2","","0","0","0","1","0"
"POINT (9.799153365000052 52.402755824000053)","Unfall 161460 (2023) Kat:3, Licht: 0","161460","3","5","0","06","13","2","","0","1","1","0","0"
"POINT (9.651552710000033 52.419567158000064)","Unfall 161478 (2023) Kat:3, Licht: 0","161478","3","1","0","06","16","1","","0","0","0","0","0"
"POINT (9.861827366000057 52.394143383000028)","Unfall 161479 (2023) Kat:3, Licht: 0","161479","3","3","5","06","11","1","","0","0","1","0","0"
"POINT (9.737079029000029 52.412464461000070)","Unfall 161480 (2023) Kat:3, Licht: 0","161480","3","6","3","06","12","1","","0","0","1","0","1"
"POINT (9.800607916000047 52.359968463000030)","Unfall 161481 (2023) Kat:3, Licht: 0","161481","3","6","3","06","15","1","","0","1","0","0","0"
"POINT (9.719004522000034 52.333243736000043)","Unfall 161484 (2023) Kat:1, Licht: 0","161484","1","1","8","06","15","1","","0","1","0","0","0"
"POINT (9.748898468000050 52.350919808000071)","Unfall 161485 (2023) Kat:3, Licht: 0","161485","3","1","0","06","13","1","","0","1","0","0","0"
"POINT (9.742389859000070 52.358787108000058)","Unfall 161486 (2023) Kat:2, Licht: 2","161486","2","6","3","06","00","1","","2","1","0","0","0"
"POINT (9.763740631000076 52.356965073000026)","Unfall 161503 (2023) Kat:3, Licht: 2","161503","3","7","1","06","00","7","","2","1","1","0","0"
"POINT (9.720387151000068 52.391478239000037)","Unfall 161504 (2023) Kat:3, Licht: 0","161504","3","7","0","06","14","7","","0","1","0","0","0"
"POINT (9.712006033000023 52.367027187000076)","Unfall 161505 (2023) Kat:3, Licht: 2","161505","3","7","0","06","00","7","","2","1","0","0","0"
"POINT (9.780554879000022 52.346639912000057)","Unfall 161506 (2023) Kat:3, Licht: 0","161506","3","1","0","06","15","7","","0","0","0","0","0"
"POINT (9.748258681000038 52.351763337000079)","Unfall 161542 (2023) Kat:3, Licht: 0","161542","3","7","0","06","12","6","","0","1","0","0","0"
"POINT (9.706065314000057 52.369979810000075)","Unfall 161543 (2023) Kat:3, Licht: 0","161543","3","3","5","06","14","6","","0","1","1","0","0"
"POINT (9.707124578000048 52.373544479000032)","Unfall 161544 (2023) Kat:3, Licht: 0","161544","3","3","5","06","14","6","","0","1","1","0","0"
"POINT (9.829819610000072 52.333968757000036)","Unfall 161545 (2023) Kat:3, Licht: 0","161545","3","1","0","06","19","6","","0","1","0","0","0"
"POINT (9.726615668000022 52.388609054000028)","Unfall 161547 (2023) Kat:2, Licht: 2","161547","2","1","0","06","23","6","","2","1","0","0","0"
"POINT (9.742140978000066 52.378461762000029)","Unfall 161548 (2023) Kat:3, Licht: 2","161548","3","2","2","06","22","6","","2","0","1","0","0"
"POINT (9.751712651000048 52.366512944000078)","Unfall 161549 (2023) Kat:3, Licht: 0","161549","3","3","5","06","19","6","","0","1","0","0","0"
"POINT (9.760037848000024 52.393970065000076)","Unfall 161551 (2023) Kat:3, Licht: 0","161551","3","2","5","06","09","6","","0","0","1","0","0"
"POINT (9.750792150000052 52.375753471000053)","Unfall 161587 (2023) Kat:3, Licht: 0","161587","3","3","5","06","19","5","","0","1","1","0","0"
"POINT (9.753285203000075 52.390209039000069)","Unfall 161588 (2023) Kat:3, Licht: 0","161588","3","2","5","06","18","5","","0","1","1","0","0"
"POINT (9.749692878000076 52.337218235000080)","Unfall 161592 (2023) Kat:2, Licht: 0","161592","2","1","0","06","11","5","","0","1","0","0","0"
"POINT (9.718464300000051 52.394411214000058)","Unfall 161594 (2023) Kat:3, Licht: 2","161594","3","5","1","06","01","5","","2","1","1","0","0"
"POINT (9.790511097000035 52.375156048000065)","Unfall 161621 (2023) Kat:3, Licht: 0","161621","3","3","5","06","07","4","","0","1","1","0","0"
"POINT (9.769458789000055 52.338268834000075)","Unfall 161623 (2023) Kat:3, Licht: 0","161623","3","4","6","06","07","4","","0","1","0","1","0"
"POINT (9.718391637000025 52.331526136000036)","Unfall 161625 (2023) Kat:3, Licht: 0","161625","3","2","5","06","17","4","","0","0","1","0","0"
"POINT (9.709232225000051 52.367204999000080)","Unfall 161626 (2023) Kat:3, Licht: 0","161626","3","1","0","06","09","4","","0","1","0","0","0"
"POINT (9.701607875000036 52.408700779000071)","Unfall 161655 (2023) Kat:3, Licht: 0","161655","3","3","5","06","08","4","","0","1","1","0","0"
"POINT (9.654390010000043 52.410051753000062)","Unfall 161667 (2023) Kat:3, Licht: 0","161667","3","2","5","06","10","3","","0","1","1","0","0"
"POINT (9.694076683000048 52.409165692000045)","Unfall 161668 (2023) Kat:3, Licht: 0","161668","3","3","5","06","12","3","","0","1","1","0","0"
"POINT (9.732902099000057 52.379324813000039)","Unfall 161669 (2023) Kat:3, Licht: 0","161669","3","6","2","06","16","3","","0","0","1","0","0"
"POINT (9.655744600000048 52.364138620000062)","Unfall 161670 (2023) Kat:3, Licht: 0","161670","3","7","0","06","11","3","","0","1","0","0","0"
"POINT (9.714601695000056 52.366412851000064)","Unfall 161675 (2023) Kat:3, Licht: 0","161675","3","7","0","06","13","3","","0","1","0","0","0"
"POINT (9.801984462000064 52.429262857000026)","Unfall 161676 (2023) Kat:3, Licht: 0","161676","3","2","5","06","08","3","","0","1","1","0","0"
"POINT (9.776016016000028 52.401802412000052)","Unfall 161709 (2023) Kat:3, Licht: 0","161709","3","7","0","06","15","2","","0","0","0","0","1"
"POINT (9.749592227000051 52.373133407000068)","Unfall 161714 (2023) Kat:3, Licht: 0","161714","3","4","0","06","15","2","","0","0","0","1","0"
"POINT (9.660032972000067 52.406615972000054)","Unfall 161738 (2023) Kat:3, Licht: 0","161738","3","2","5","06","19","1","","0","0","1","0","0"
"POINT (9.655828992000068 52.356991582000035)","Unfall 161739 (2023) Kat:3, Licht: 0","161739","3","7","6","06","12","1","","0","0","1","1","0"
"POINT (9.747639134000053 52.387494101000073)","Unfall 161740 (2023) Kat:3, Licht: 0","161740","3","1","0","06","18","1","","0","0","0","0","0"
"POINT (9.764929252000059 52.360087849000081)","Unfall 161763 (2023) Kat:3, Licht: 0","161763","3","3","5","06","11","7","","0","1","0","0","0"
"POINT (9.670311779000031 52.369504845000051)","Unfall 161764 (2023) Kat:3, Licht: 0","161764","3","6","2","06","14","7","","0","0","1","0","0"
"POINT (9.772349496000061 52.338089248000074)","Unfall 161766 (2023) Kat:3, Licht: 0","161766","3","3","5","06","20","7","","0","0","1","0","0"
"POINT (9.745095787000025 52.382287832000031)","Unfall 161767 (2023) Kat:3, Licht: 0","161767","3","1","0","06","19","7","","0","1","0","0","0"
"POINT (9.760662643000046 52.332552709000026)","Unfall 161768 (2023) Kat:3, Licht: 2","161768","3","1","0","06","00","7","","2","0","0","0","0"
"POINT (9.721481698000048 52.380511844000068)","Unfall 161801 (2023) Kat:3, Licht: 0","161801","3","6","3","06","16","6","","0","1","1","0","0"
"POINT (9.725422588000072 52.387576079000041)","Unfall 161802 (2023) Kat:3, Licht: 0","161802","3","3","5","06","08","6","","0","1","1","0","0"
"POINT (9.722700680000059 52.377392884000074)","Unfall 161803 (2023) Kat:3, Licht: 0","161803","3","4","6","06","09","6","","0","0","0","1","1"
"POINT (9.705752204000021 52.372387407000076)","Unfall 161804 (2023) Kat:3, Licht: 0","161804","3","5","1","06","07","6","","0","1","1","0","0"
"POINT (9.714693807000060 52.366979346000051)","Unfall 161805 (2023) Kat:3, Licht: 0","161805","3","7","1","06","13","6","","0","0","0","0","0"
"POINT (9.773977406000029 52.411466721000068)","Unfall 161806 (2023) Kat:3, Licht: 0","161806","3","6","4","06","15","6","","0","0","1","0","0"
"POINT (9.752684221000038 52.383974910000063)","Unfall 161807 (2023) Kat:3, Licht: 0","161807","3","2","5","06","15","6","","0","1","1","0","0"
"POINT (9.739726416000053 52.381260421000036)","Unfall 161808 (2023) Kat:3, Licht: 0","161808","3","2","3","06","13","6","","0","1","1","0","0"
"POINT (9.733304688000032 52.392255934000048)","Unfall 161810 (2023) Kat:3, Licht: 2","161810","3","3","0","06","00","6","","2","0","1","0","0"
"POINT (9.785132664000059 52.372703139000066)","Unfall 161834 (2023) Kat:3, Licht: 0","161834","3","7","0","06","15","5","","0","1","0","0","0"
"POINT (9.664270554000041 52.378076618000080)","Unfall 161835 (2023) Kat:3, Licht: 0","161835","3","7","6","06","15","5","","0","0","1","1","0"
"POINT (9.759594578000076 52.394100511000033)","Unfall 161838 (2023) Kat:3, Licht: 0","161838","3","6","4","06","10","5","","0","0","1","0","1"
"POINT (9.790477328000065 52.358324659000061)","Unfall 161839 (2023) Kat:2, Licht: 0","161839","2","2","2","06","15","5","","0","0","1","0","1"
"POINT (9.788532866000025 52.331056623000052)","Unfall 161840 (2023) Kat:3, Licht: 0","161840","3","6","2","06","16","5","","0","0","1","0","0"
"POINT (9.689407002000053 52.349359295000056)","Unfall 161875 (2023) Kat:3, Licht: 0","161875","3","1","0","05","18","4","","0","0","0","0","1"
"POINT (9.731283196000049 52.378740138000069)","Unfall 161876 (2023) Kat:3, Licht: 2","161876","3","2","4","05","23","4","","2","0","1","0","0"
"POINT (9.718642535000072 52.374030688000062)","Unfall 161877 (2023) Kat:3, Licht: 2","161877","3","7","0","05","22","4","","2","1","0","0","0"
"POINT (9.738901272000021 52.355973892000065)","Unfall 161878 (2023) Kat:3, Licht: 0","161878","3","3","5","05","08","4","","0","1","0","0","0"
"POINT (9.742856430000074 52.374020354000038)","Unfall 161879 (2023) Kat:3, Licht: 0","161879","3","4","6","05","19","4","","0","0","1","1","0"
"POINT (9.737627514000053 52.387766777000081)","Unfall 161880 (2023) Kat:3, Licht: 0","161880","3","7","4","05","18","4","","0","0","1","0","0"
"POINT (9.751456274000077 52.374803341000074)","Unfall 161883 (2023) Kat:2, Licht: 0","161883","2","2","5","05","15","4","","0","1","0","0","0"
"POINT (9.666352972000027 52.355506355000045)","Unfall 161884 (2023) Kat:3, Licht: 0","161884","3","3","5","05","12","4","","0","0","1","0","0"
"POINT (9.694602019000058 52.353101477000052)","Unfall 161902 (2023) Kat:3, Licht: 0","161902","3","6","2","05","17","3","","0","0","1","0","0"
"POINT (9.755310742000063 52.344154415000048)","Unfall 161904 (2023) Kat:3, Licht: 0","161904","3","3","5","05","17","3","","0","1","1","0","0"
"POINT (9.821742605000054 52.338286121000067)","Unfall 161905 (2023) Kat:3, Licht: 0","161905","3","7","0","05","06","3","","0","1","0","0","0"
"POINT (9.737872806000041 52.384729485000037)","Unfall 161906 (2023) Kat:3, Licht: 0","161906","3","3","5","05","13","3","","0","0","1","0","0"
"POINT (9.789331596000068 52.415392766000082)","Unfall 161909 (2023) Kat:3, Licht: 0","161909","3","4","6","05","15","3","","0","0","0","1","1"
"POINT (9.692417169000066 52.418961840000065)","Unfall 161910 (2023) Kat:3, Licht: 0","161910","3","3","5","05","14","3","","0","0","1","0","0"
"POINT (9.689870303000021 52.410105059000045)","Unfall 161919 (2023) Kat:3, Licht: 0","161919","3","7","3","06","14","2","","0","1","1","0","0"
"POINT (9.803103909000072 52.396519402000081)","Unfall 161934 (2023) Kat:3, Licht: 0","161934","3","3","5","05","13","2","","0","1","1","0","0"
"POINT (9.716971635000050 52.340008680000039)","Unfall 161935 (2023) Kat:3, Licht: 0","161935","3","7","0","05","16","2","","0","1","0","1","0"
"POINT (9.734436535000043 52.375326855000026)","Unfall 161936 (2023) Kat:2, Licht: 0","161936","2","4","0","05","18","2","","0","0","1","1","0"
"POINT (9.670077901000070 52.356810847000077)","Unfall 161937 (2023) Kat:3, Licht: 0","161937","3","5","1","05","13","2","","0","0","1","0","0"
"POINT (9.760093940000047 52.391785741000035)","Unfall 161938 (2023) Kat:3, Licht: 0","161938","3","6","3","05","18","2","","0","0","1","0","0"
"POINT (9.689265645000035 52.402777810000032)","Unfall 161961 (2023) Kat:3, Licht: 0","161961","3","6","8","05","18","1","","0","1","1","0","0"
"POINT (9.684847902000058 52.346465112000033)","Unfall 161962 (2023) Kat:3, Licht: 0","161962","3","7","7","05","14","1","","0","1","0","0","0"
"POINT (9.713422990000026 52.384296299000027)","Unfall 161963 (2023) Kat:3, Licht: 0","161963","3","1","8","05","18","1","","0","0","1","0","0"
"POINT (9.716876015000025 52.337294311000051)","Unfall 161985 (2023) Kat:3, Licht: 0","161985","3","3","5","05","14","7","","0","0","1","0","1"
"POINT (9.706042167000021 52.360748523000041)","Unfall 161986 (2023) Kat:3, Licht: 2","161986","3","5","1","05","03","7","","2","0","1","0","0"
"POINT (9.702749108000035 52.372091720000071)","Unfall 161987 (2023) Kat:3, Licht: 2","161987","3","7","0","05","22","7","","2","1","0","0","0"
"POINT (9.738883405000024 52.420915643000058)","Unfall 161988 (2023) Kat:3, Licht: 0","161988","3","3","5","05","14","7","","0","1","1","0","0"
"POINT (9.783876868000050 52.326504489000058)","Unfall 161989 (2023) Kat:3, Licht: 0","161989","3","1","8","05","13","7","","0","1","0","0","0"
"POINT (9.791556148000041 52.403098714000066)","Unfall 161995 (2023) Kat:3, Licht: 0","161995","3","2","5","05","15","7","","0","0","1","0","0"
"POINT (9.717190818000063 52.337295345000030)","Unfall 162015 (2023) Kat:3, Licht: 0","162015","3","3","5","05","18","6","","0","1","1","0","0"
"POINT (9.745571996000024 52.374060328000041)","Unfall 162016 (2023) Kat:3, Licht: 0","162016","3","5","1","05","13","6","","0","0","1","0","0"
"POINT (9.765310482000075 52.417947877000074)","Unfall 162017 (2023) Kat:3, Licht: 0","162017","3","3","5","05","18","6","","0","0","1","0","1"
"POINT (9.814343343000075 52.387728890000062)","Unfall 162018 (2023) Kat:3, Licht: 0","162018","3","3","5","06","17","7","","0","1","1","0","0"
"POINT (9.769571232000033 52.397084931000052)","Unfall 162022 (2023) Kat:3, Licht: 0","162022","3","4","6","05","15","6","","0","0","0","1","0"
"POINT (9.776211434000061 52.333666345000040)","Unfall 162047 (2023) Kat:3, Licht: 0","162047","3","3","5","05","15","5","","0","1","1","0","0"
"POINT (9.737510511000039 52.387865848000047)","Unfall 162049 (2023) Kat:3, Licht: 0","162049","3","2","3","05","20","5","","0","1","1","0","0"
"POINT (9.784377685000038 52.410196595000059)","Unfall 162054 (2023) Kat:3, Licht: 0","162054","3","6","4","05","09","5","","0","1","0","0","0"
"POINT (9.746593707000045 52.361160619000032)","Unfall 162076 (2023) Kat:3, Licht: 0","162076","3","6","3","05","18","4","","0","1","0","0","0"
"POINT (9.714827060000061 52.401929976000076)","Unfall 162077 (2023) Kat:3, Licht: 0","162077","3","7","7","05","09","4","","0","1","0","0","0"
"POINT (9.718074158000036 52.373325889000057)","Unfall 162079 (2023) Kat:3, Licht: 1","162079","3","2","3","05","08","4","","1","0","1","0","0"
"POINT (9.684590322000076 52.377193537000039)","Unfall 162082 (2023) Kat:3, Licht: 0","162082","3","7","0","05","17","4","","0","0","0","1","0"
"POINT (9.755312012000047 52.344271197000069)","Unfall 162083 (2023) Kat:3, Licht: 0","162083","3","2","5","05","18","4","","0","1","0","0","0"
"POINT (9.748798774000022 52.389041595000037)","Unfall 162111 (2023) Kat:3, Licht: 0","162111","3","4","6","05","17","3","","0","1","0","1","0"
"POINT (9.767762812000058 52.413848088000066)","Unfall 162114 (2023) Kat:3, Licht: 0","162114","3","3","5","05","12","3","","0","1","1","0","0"
"POINT (9.737043584000048 52.394559979000064)","Unfall 162115 (2023) Kat:3, Licht: 0","162115","3","3","5","05","08","3","","0","1","1","0","0"
"POINT (9.759655117000023 52.399207615000080)","Unfall 162154 (2023) Kat:2, Licht: 0","162154","2","1","0","05","11","2","","0","1","0","0","0"
"POINT (9.767524230000049 52.358154087000059)","Unfall 162157 (2023) Kat:3, Licht: 0","162157","3","2","5","05","16","2","","0","1","0","0","0"
"POINT (9.747553592000031 52.373866849000080)","Unfall 162158 (2023) Kat:3, Licht: 0","162158","3","1","0","05","14","2","","0","1","0","0","0"
"POINT (9.684874120000075 52.393524886000080)","Unfall 162159 (2023) Kat:3, Licht: 0","162159","3","3","0","05","07","2","","0","1","1","0","0"
"POINT (9.707609251000065 52.401410111000075)","Unfall 162160 (2023) Kat:3, Licht: 0","162160","3","6","4","05","07","2","","0","1","0","0","0"
"POINT (9.724214443000051 52.347039910000035)","Unfall 162180 (2023) Kat:3, Licht: 0","162180","3","1","0","05","12","1","","0","0","0","0","0"
"POINT (9.731248692000065 52.375272475000031)","Unfall 162181 (2023) Kat:3, Licht: 2","162181","3","6","2","05","00","1","","2","0","1","0","0"