WKT,Name,OBJECTID,UKATEGORIE,UTYP1,UART,UMONAT,USTUNDE,UWOCHENTAG,STRZUSTAND,ULICHTVERH,ISTRAD,ISTPKW,ISTFUSS,ISTKRAD
"POINT (9.690454111000065 52.392533128000082)","Unfall 162182 (2023) Kat:3, Licht: 0","162182","3","1","0","05","16","1","","0","0","0","0","1"
"POINT (9.829512229000045 52.333374125000034)","Unfall 162183 (2023) Kat:3, Licht: 0","162183","3","4","6","05","13","1","","0","0","1","1","0"
"POINT (9.719908913000040 52.375028730000054)","Unfall 162184 (2023) Kat:3, Licht: 0","162184","3","7","0","05","09","1","","0","1","0","0","0"
"POINT (9.752846875000046 52.387577319000059)","Unfall 162185 (2023) Kat:3, Licht: 2","162185","3","5","1","05","00","1","","2","0","1","0","0"
"POINT (9.767541879000021 52.342974130000073)","Unfall 162207 (2023) Kat:3, Licht: 0","162207","3","6","2","05","16","7","","0","0","1","0","0"
"POINT (9.741332249000038 52.371400467000058)","Unfall 162209 (2023) Kat:2, Licht: 0","162209","2","1","0","05","20","1","","0","1","0","0","0"
"POINT (9.709144317000039 52.372872575000031)","Unfall 162211 (2023) Kat:3, Licht: 2","162211","3","1","0","05","03","7","","2","1","0","0","0"
"POINT (9.749356648000060 52.341813527000056)","Unfall 162222 (2023) Kat:3, Licht: 0","162222","3","1","7","05","15","6","","0","1","0","0","0"
"POINT (9.710724709000033 52.389714947000073)","Unfall 162225 (2023) Kat:3, Licht: 2","162225","3","1","7","05","21","6","","2","0","1","0","0"
"POINT (9.754975917000024 52.383642025000029)","Unfall 162226 (2023) Kat:3, Licht: 0","162226","3","1","0","05","20","6","","0","0","0","0","1"
"POINT (9.702395938000052 52.366620902000079)","Unfall 162227 (2023) Kat:3, Licht: 0","162227","3","7","0","05","12","6","","0","0","1","0","0"
"POINT (9.683459333000030 52.395769179000069)","Unfall 162266 (2023) Kat:3, Licht: 0","162266","3","3","5","05","18","5","","0","1","1","0","0"
"POINT (9.739723858000048 52.365546229000074)","Unfall 162267 (2023) Kat:3, Licht: 0","162267","3","6","2","05","15","5","","0","0","0","0","1"
"POINT (9.817588520000072 52.367840028000046)","Unfall 162268 (2023) Kat:3, Licht: 0","162268","3","6","4","05","18","5","","0","1","0","0","0"
"POINT (9.733523540000022 52.375122092000026)","Unfall 162271 (2023) Kat:3, Licht: 0","162271","3","1","0","05","11","5","","0","1","0","0","0"
"POINT (9.724483244000055 52.339202669000031)","Unfall 162302 (2023) Kat:3, Licht: 0","162302","3","7","0","05","20","4","","0","1","0","0","0"
"POINT (9.735581118000027 52.384742921000054)","Unfall 162303 (2023) Kat:3, Licht: 0","162303","3","3","0","05","14","4","","0","0","1","0","1"
"POINT (9.744307677000052 52.395094956000037)","Unfall 162305 (2023) Kat:3, Licht: 0","162305","3","2","5","05","14","4","","0","1","1","0","0"
"POINT (9.718769553000072 52.374050144000080)","Unfall 162309 (2023) Kat:3, Licht: 0","162309","3","7","0","06","19","1","","0","0","1","0","0"
"POINT (9.768151588000023 52.378644770000051)","Unfall 162342 (2023) Kat:2, Licht: 2","162342","2","3","5","05","22","3","","2","1","1","0","0"
"POINT (9.769542282000032 52.331566358000032)","Unfall 162350 (2023) Kat:3, Licht: 2","162350","3","5","3","05","22","3","","2","1","1","0","0"
"POINT (9.741009479000070 52.398796465000032)","Unfall 162351 (2023) Kat:3, Licht: 0","162351","3","3","5","05","17","3","","0","0","0","0","0"
"POINT (9.741841367000063 52.387069138000072)","Unfall 162352 (2023) Kat:3, Licht: 0","162352","3","6","3","05","09","3","","0","1","1","0","0"
"POINT (9.716377789000035 52.415267485000072)","Unfall 162358 (2023) Kat:3, Licht: 0","162358","3","6","4","05","16","3","","0","1","0","0","0"
"POINT (9.733546250000074 52.372651347000044)","Unfall 162391 (2023) Kat:3, Licht: 0","162391","3","6","6","05","16","2","","0","0","1","1","0"
"POINT (9.741817447000074 52.419076080000082)","Unfall 162392 (2023) Kat:3, Licht: 0","162392","3","3","5","05","13","2","","0","0","1","0","0"
"POINT (9.740502683000045 52.398719589000052)","Unfall 162393 (2023) Kat:3, Licht: 0","162393","3","6","2","05","06","2","","0","0","1","0","1"
"POINT (9.743902511000044 52.384905210000056)","Unfall 162398 (2023) Kat:3, Licht: 0","162398","3","2","5","05","16","2","","0","1","0","0","0"
"POINT (9.805271756000025 52.411193860000026)","Unfall 162399 (2023) Kat:3, Licht: 0","162399","3","3","5","05","10","2","","0","1","1","0","0"
"POINT (9.726697433000027 52.352569318000064)","Unfall 162422 (2023) Kat:3, Licht: 0","162422","3","6","4","05","15","1","","0","1","0","0","0"
"POINT (9.728623795000033 52.394611057000077)","Unfall 162425 (2023) Kat:2, Licht: 0","162425","2","2","5","05","11","1","","0","0","1","0","1"
"POINT (9.717007126000055 52.379213318000041)","Unfall 162443 (2023) Kat:3, Licht: 0","162443","3","7","5","05","10","7","","0","1","0","0","0"
"POINT (9.726182742000049 52.368405931000041)","Unfall 162444 (2023) Kat:3, Licht: 0","162444","3","7","0","05","09","7","","0","1","1","0","0"
"POINT (9.822717040000043 52.385357904000045)","Unfall 162475 (2023) Kat:3, Licht: 0","162475","3","3","5","05","08","6","","0","1","0","0","0"
"POINT (9.725917876000040 52.397880317000045)","Unfall 162476 (2023) Kat:3, Licht: 0","162476","3","2","5","05","08","6","","0","1","1","0","0"
"POINT (9.857995574000029 52.361121390000051)","Unfall 162477 (2023) Kat:3, Licht: 0","162477","3","7","9","05","12","6","","0","1","0","0","0"
"POINT (9.751516896000055 52.378602909000051)","Unfall 162483 (2023) Kat:3, Licht: 0","162483","3","3","5","05","20","6","","0","1","0","0","1"
"POINT (9.677822640000045 52.416057984000076)","Unfall 162484 (2023) Kat:3, Licht: 0","162484","3","3","5","05","14","6","","0","0","1","0","0"
"POINT (9.684866801000055 52.395860451000033)","Unfall 162485 (2023) Kat:3, Licht: 0","162485","3","2","5","05","12","6","","0","1","1","0","0"
"POINT (9.746264047000068 52.393271314000060)","Unfall 162486 (2023) Kat:3, Licht: 0","162486","3","2","5","05","11","6","","0","1","1","0","0"
"POINT (9.673919646000058 52.397683897000036)","Unfall 162517 (2023) Kat:3, Licht: 0","162517","3","5","1","05","16","5","","0","0","1","0","0"
"POINT (9.674394655000071 52.408306067000069)","Unfall 162519 (2023) Kat:3, Licht: 0","162519","3","3","5","05","17","5","","0","0","1","0","0"
"POINT (9.675438467000049 52.400341713000046)","Unfall 162520 (2023) Kat:3, Licht: 0","162520","3","3","0","05","16","5","","0","1","1","0","0"
"POINT (9.725374249000026 52.383340839000027)","Unfall 162522 (2023) Kat:3, Licht: 0","162522","3","5","1","05","14","5","","0","0","1","0","0"
"POINT (9.695024306000050 52.365476713000078)","Unfall 162523 (2023) Kat:3, Licht: 0","162523","3","7","0","05","17","5","","0","0","0","0","1"
"POINT (9.728976212000020 52.356898914000055)","Unfall 162526 (2023) Kat:3, Licht: 0","162526","3","5","3","07","12","5","","0","1","1","0","0"
"POINT (9.759158516000070 52.361539994000054)","Unfall 162529 (2023) Kat:2, Licht: 0","162529","2","2","3","07","16","5","","0","1","1","0","0"
"POINT (9.698434688000077 52.391776445000062)","Unfall 162530 (2023) Kat:3, Licht: 0","162530","3","6","2","07","15","5","","0","0","1","0","0"
"POINT (9.727522623000027 52.361160261000066)","Unfall 162531 (2023) Kat:3, Licht: 0","162531","3","1","0","07","17","5","","0","0","0","0","0"
"POINT (9.716102781000075 52.378407233000075)","Unfall 162556 (2023) Kat:3, Licht: 2","162556","3","7","0","07","23","4","","2","1","0","0","0"
"POINT (9.683957501000066 52.379228875000081)","Unfall 162557 (2023) Kat:3, Licht: 0","162557","3","1","0","07","10","4","","0","1","0","0","0"
"POINT (9.785987330000069 52.359845972000073)","Unfall 162558 (2023) Kat:3, Licht: 2","162558","3","6","2","07","01","4","","2","0","0","0","0"
"POINT (9.828776744000038 52.343710821000059)","Unfall 162560 (2023) Kat:3, Licht: 0","162560","3","1","0","07","16","4","","0","1","0","0","0"
"POINT (9.755637745000058 52.342810681000060)","Unfall 162582 (2023) Kat:3, Licht: 0","162582","3","7","0","07","14","3","","0","0","0","0","0"
"POINT (9.672016432000021 52.354784979000044)","Unfall 162583 (2023) Kat:3, Licht: 0","162583","3","3","5","07","15","3","","0","1","1","0","0"
"POINT (9.741013621000036 52.405586044000074)","Unfall 162584 (2023) Kat:3, Licht: 0","162584","3","6","5","07","13","3","","0","1","1","0","0"
"POINT (9.748321405000070 52.383157712000070)","Unfall 162587 (2023) Kat:3, Licht: 2","162587","3","7","3","07","00","3","","2","1","1","0","0"
"POINT (9.654812660000061 52.407836575000033)","Unfall 162588 (2023) Kat:2, Licht: 0","162588","2","6","2","07","14","3","","0","0","0","0","1"
"POINT (9.734294421000072 52.384877598000060)","Unfall 162603 (2023) Kat:3, Licht: 0","162603","3","3","5","07","14","4","","0","1","0","0","0"
"POINT (9.734819442000060 52.380140246000053)","Unfall 162611 (2023) Kat:3, Licht: 0","162611","3","7","0","07","13","2","","0","1","0","0","0"
"POINT (9.833282568000072 52.332629268000062)","Unfall 162612 (2023) Kat:3, Licht: 0","162612","3","3","5","07","15","2","","0","1","1","0","0"
"POINT (9.760364583000069 52.338624054000036)","Unfall 162613 (2023) Kat:3, Licht: 0","162613","3","3","5","07","20","2","","0","1","0","0","0"
"POINT (9.752080884000065 52.410476629000073)","Unfall 162617 (2023) Kat:3, Licht: 0","162617","3","2","5","07","14","2","","0","1","1","0","0"
"POINT (9.691205806000028 52.351482801000031)","Unfall 162632 (2023) Kat:3, Licht: 2","162632","3","7","0","07","01","1","","2","0","1","0","0"
"POINT (9.727810559000034 52.342297837000046)","Unfall 162633 (2023) Kat:3, Licht: 2","162633","3","3","5","07","03","1","","2","0","1","0","0"
"POINT (9.738485337000043 52.379938340000081)","Unfall 162634 (2023) Kat:3, Licht: 0","162634","3","4","6","07","14","1","","0","0","1","1","0"
"POINT (9.817063276000056 52.346227430000056)","Unfall 162636 (2023) Kat:3, Licht: 0","162636","3","3","5","07","10","1","","0","0","1","0","0"
"POINT (9.849522892000039 52.360653774000070)","Unfall 162637 (2023) Kat:3, Licht: 0","162637","3","3","5","07","07","1","","0","0","1","0","1"
"POINT (9.788927473000058 52.330421467000065)","Unfall 162670 (2023) Kat:3, Licht: 0","162670","3","3","5","07","07","7","","0","1","1","0","0"
"POINT (9.722234596000021 52.377002009000080)","Unfall 162671 (2023) Kat:3, Licht: 2","162671","3","6","4","07","02","7","","2","1","0","0","0"
"POINT (9.709430056000031 52.413447236000081)","Unfall 162698 (2023) Kat:3, Licht: 0","162698","3","5","1","07","19","6","","0","0","1","0","0"
"POINT (9.722015870000064 52.378565882000032)","Unfall 162699 (2023) Kat:3, Licht: 0","162699","3","3","5","07","20","6","","0","1","0","0","1"
"POINT (9.733693429000027 52.420838143000026)","Unfall 162700 (2023) Kat:3, Licht: 0","162700","3","6","2","07","11","6","","0","0","1","0","0"
"POINT (9.767481870000040 52.342972762000045)","Unfall 162701 (2023) Kat:3, Licht: 0","162701","3","6","2","07","17","6","","0","0","1","0","0"
"POINT (9.759004807000053 52.349192317000075)","Unfall 162738 (2023) Kat:3, Licht: 0","162738","3","7","2","07","07","5","","0","1","0","0","0"
"POINT (9.699316694000061 52.391655473000071)","Unfall 162739 (2023) Kat:3, Licht: 0","162739","3","3","2","07","16","5","","0","1","0","0","0"
"POINT (9.756761280000035 52.410356226000033)","Unfall 162742 (2023) Kat:2, Licht: 0","162742","2","3","5","07","16","5","","0","1","1","0","0"
"POINT (9.748794775000022 52.389036095000051)","Unfall 162743 (2023) Kat:3, Licht: 0","162743","3","3","5","07","19","5","","0","1","1","0","0"
"POINT (9.734788683000033 52.387165787000072)","Unfall 162744 (2023) Kat:3, Licht: 0","162744","3","3","0","07","10","5","","0","1","1","0","0"
"POINT (9.803295319000028 52.377585014000033)","Unfall 162763 (2023) Kat:3, Licht: 0","162763","3","2","2","07","14","4","","0","0","1","0","0"
"POINT (9.760151645000064 52.366570432000060)","Unfall 162764 (2023) Kat:3, Licht: 2","162764","3","7","1","07","23","4","","2","0","1","0","0"
"POINT (9.743985685000041 52.364494145000037)","Unfall 162765 (2023) Kat:3, Licht: 0","162765","3","2","6","07","16","4","","0","1","0","1","0"
"POINT (9.656610189000048 52.407483383000056)","Unfall 162766 (2023) Kat:3, Licht: 2","162766","3","1","0","07","02","4","","2","0","0","0","0"
"POINT (9.722397273000070 52.388273723000054)","Unfall 162767 (2023) Kat:3, Licht: 0","162767","3","3","5","07","16","4","","0","1","1","0","0"
"POINT (9.718045930000073 52.395628078000072)","Unfall 162768 (2023) Kat:3, Licht: 0","162768","3","3","5","07","15","4","","0","1","1","0","0"
"POINT (9.718603740000049 52.374184127000035)","Unfall 162770 (2023) Kat:3, Licht: 0","162770","3","1","0","07","07","4","","0","1","0","0","0"
"POINT (9.722661711000057 52.372886522000044)","Unfall 162771 (2023) Kat:3, Licht: 2","162771","3","7","0","07","00","4","","2","1","0","0","0"
"POINT (9.765864875000034 52.333700587000067)","Unfall 162772 (2023) Kat:3, Licht: 0","162772","3","3","5","07","16","4","","0","0","1","0","0"
"POINT (9.711812148000035 52.374246996000068)","Unfall 162776 (2023) Kat:3, Licht: 0","162776","3","3","5","07","16","4","","0","1","1","0","0"
"POINT (9.746270639000045 52.354292413000053)","Unfall 162777 (2023) Kat:3, Licht: 0","162777","3","3","5","07","09","4","","0","1","1","0","0"
"POINT (9.813659513000061 52.398913465000078)","Unfall 162806 (2023) Kat:3, Licht: 0","162806","3","6","4","07","17","3","","0","1","0","0","0"
"POINT (9.750251587000037 52.371496339000032)","Unfall 162807 (2023) Kat:3, Licht: 0","162807","3","5","1","07","23","3","","0","1","1","0","0"
"POINT (9.711829432000059 52.343822134000050)","Unfall 162808 (2023) Kat:3, Licht: 2","162808","3","1","1","07","22","3","","2","1","1","0","0"
"POINT (9.717182856000022 52.344730012000070)","Unfall 162809 (2023) Kat:3, Licht: 0","162809","3","3","5","07","11","3","","0","1","1","0","0"
"POINT (9.665793911000037 52.379670056000066)","Unfall 162810 (2023) Kat:3, Licht: 0","162810","3","3","5","07","17","3","","0","0","1","0","0"
"POINT (9.745060785000021 52.381681965000041)","Unfall 162811 (2023) Kat:3, Licht: 0","162811","3","5","0","07","18","3","","0","1","1","0","0"
"POINT (9.733386243000041 52.370923735000076)","Unfall 162844 (2023) Kat:3, Licht: 0","162844","3","2","5","07","15","2","","0","1","1","0","0"
"POINT (9.736909995000076 52.404607652000038)","Unfall 162845 (2023) Kat:3, Licht: 0","162845","3","3","5","07","10","2","","0","1","1","0","0"
"POINT (9.766384758000072 52.381571648000033)","Unfall 162846 (2023) Kat:3, Licht: 0","162846","3","2","4","07","08","2","","0","0","1","0","0"
"POINT (9.700131950000070 52.366259065000065)","Unfall 162847 (2023) Kat:3, Licht: 0","162847","3","2","5","07","08","2","","0","1","0","0","0"
"POINT (9.749123561000033 52.398045418000038)","Unfall 162848 (2023) Kat:2, Licht: 0","162848","2","1","0","07","06","2","","0","1","0","0","0"
"POINT (9.732008852000035 52.375877337000077)","Unfall 162851 (2023) Kat:3, Licht: 0","162851","3","6","0","07","17","2","","0","0","1","0","0"
"POINT (9.689381657000069 52.391672147000065)","Unfall 162870 (2023) Kat:3, Licht: 0","162870","3","7","0","07","13","1","","0","1","0","0","0"
"POINT (9.729230094000059 52.374363105000043)","Unfall 162871 (2023) Kat:3, Licht: 2","162871","3","2","3","07","00","1","","2","1","1","0","0"
"POINT (9.731552368000052 52.367250921000050)","Unfall 162875 (2023) Kat:3, Licht: 1","162875","3","7","9","07","20","1","","1","1","0","0","0"
"POINT (9.805330766000054 52.411192886000038)","Unfall 162899 (2023) Kat:3, Licht: 0","162899","3","3","5","07","09","7","","0","1","1","0","0"
"POINT (9.756667295000057 52.338682501000051)","Unfall 162901 (2023) Kat:3, Licht: 0","162901","3","1","0","07","18","7","","0","1","0","0","0"
"POINT (9.801549929000032 52.335517678000031)","Unfall 162902 (2023) Kat:3, Licht: 2","162902","3","5","1","07","00","7","","2","0","0","0","0"
"POINT (9.739163970000050 52.404399149000028)","Unfall 162903 (2023) Kat:3, Licht: 0","162903","3","3","5","07","15","7","","0","1","1","0","0"
"POINT (9.709359666000069 52.367215052000063)","Unfall 162907 (2023) Kat:2, Licht: 0","162907","2","1","0","07","22","7","","0","1","0","0","0"
"POINT (9.757174335000059 52.364250688000027)","Unfall 162909 (2023) Kat:3, Licht: 2","162909","3","3","0","07","23","7","","2","0","1","0","0"
"POINT (9.792251705000069 52.413255762000063)","Unfall 162910 (2023) Kat:3, Licht: 0","162910","3","2","5","07","15","7","","0","1","1","0","0"
"POINT (9.745910454000068 52.392323740000052)","Unfall 162911 (2023) Kat:3, Licht: 0","162911","3","7","0","07","08","7","","0","1","0","0","0"
"POINT (9.756259651000050 52.354106239000032)","Unfall 162938 (2023) Kat:3, Licht: 0","162938","3","2","4","06","13","6","","0","1","1","0","0"
"POINT (9.717220416000032 52.341041111000038)","Unfall 162941 (2023) Kat:3, Licht: 0","162941","3","1","0","06","15","6","","0","1","0","0","0"
"POINT (9.724990166000055 52.344189033000077)","Unfall 162943 (2023) Kat:3, Licht: 0","162943","3","3","0","06","13","6","","0","0","1","0","0"
"POINT (9.732262008000021 52.376539055000080)","Unfall 162944 (2023) Kat:3, Licht: 0","162944","3","1","0","06","13","6","","0","1","0","0","0"
"POINT (9.739617572000043 52.373210628000038)","Unfall 162945 (2023) Kat:3, Licht: 0","162945","3","1","9","06","13","6","","0","1","0","0","0"
"POINT (9.734071977000042 52.379796439000074)","Unfall 162946 (2023) Kat:2, Licht: 0","162946","2","1","0","06","10","6","","0","1","0","0","0"
"POINT (9.767522307000036 52.358049549000043)","Unfall 162986 (2023) Kat:3, Licht: 0","162986","3","3","5","06","08","5","","0","1","1","0","0"
"POINT (9.729267251000067 52.374435682000069)","Unfall 162987 (2023) Kat:3, Licht: 0","162987","3","1","0","06","11","5","","0","1","0","0","0"
"POINT (9.851460186000054 52.361628836000079)","Unfall 162988 (2023) Kat:3, Licht: 0","162988","3","6","4","06","15","5","","0","1","1","0","0"
"POINT (9.715148109000040 52.369156861000079)","Unfall 162989 (2023) Kat:3, Licht: 0","162989","3","7","0","06","09","5","","0","1","0","0","0"
"POINT (9.740256429000056 52.412293398000031)","Unfall 162990 (2023) Kat:3, Licht: 0","162990","3","3","5","06","19","5","","0","1","1","0","0"
"POINT (9.791449137000029 52.403067539000062)","Unfall 162993 (2023) Kat:3, Licht: 0","162993","3","2","5","06","16","5","","0","1","1","0","0"
"POINT (9.761258145000056 52.359039844000051)","Unfall 162994 (2023) Kat:3, Licht: 0","162994","3","6","0","06","14","5","","0","0","1","0","0"
"POINT (9.734594406000042 52.375379991000045)","Unfall 163008 (2023) Kat:3, Licht: 0","163008","3","7","5","07","06","7","","0","1","1","0","0"
"POINT (9.692389836000075 52.397549347000052)","Unfall 163031 (2023) Kat:3, Licht: 0","163031","3","6","2","06","13","4","","0","0","1","0","0"
"POINT (9.709199491000049 52.340555816000062)","Unfall 163032 (2023) Kat:3, Licht: 0","163032","3","7","0","06","08","4","","0","1","0","0","0"
"POINT (9.723623196000062 52.368494636000037)","Unfall 163033 (2023) Kat:3, Licht: 0","163033","3","7","4","06","10","4","","0","1","1","0","0"
"POINT (9.751797353000029 52.411495060000050)","Unfall 163034 (2023) Kat:3, Licht: 0","163034","3","6","6","06","16","4","","0","0","0","1","0"
"POINT (9.763285499000062 52.401980477000052)","Unfall 163037 (2023) Kat:3, Licht: 0","163037","3","4","6","06","13","4","","0","0","1","1","0"
"POINT (9.714832758000057 52.392881861000035)","Unfall 163038 (2023) Kat:3, Licht: 0","163038","3","2","5","06","08","4","","0","1","1","0","0"
"POINT (9.729895885000076 52.373713484000064)","Unfall 163064 (2023) Kat:3, Licht: 0","163064","3","1","0","07","13","5","","0","1","0","0","0"
"POINT (9.730732538000041 52.417665443000033)","Unfall 163073 (2023) Kat:3, Licht: 0","163073","3","2","0","06","11","3","","0","1","1","0","0"
"POINT (9.704675324000050 52.374416165000071)","Unfall 163075 (2023) Kat:3, Licht: 0","163075","3","7","0","06","17","3","","0","1","0","0","0"
"POINT (9.736182062000069 52.420950573000027)","Unfall 163076 (2023) Kat:3, Licht: 0","163076","3","3","5","06","09","3","","0","1","1","0","0"
"POINT (9.825381135000043 52.350188525000078)","Unfall 163077 (2023) Kat:3, Licht: 0","163077","3","6","2","06","19","3","","0","1","0","0","0"
"POINT (9.788260479000030 52.410140069000079)","Unfall 163081 (2023) Kat:2, Licht: 0","163081","2","2","5","06","19","3","","0","0","1","0","1"
"POINT (9.712713926000049 52.342188246000035)","Unfall 163099 (2023) Kat:3, Licht: 0","163099","3","2","5","06","12","5","","0","1","1","0","0"
"POINT (9.751608181000051 52.421020503000079)","Unfall 163110 (2023) Kat:3, Licht: 0","163110","3","2","5","06","08","2","","0","0","1","0","0"
"POINT (9.818715521000058 52.390477193000038)","Unfall 163115 (2023) Kat:3, Licht: 0","163115","3","3","5","06","19","2","","0","1","1","0","0"
"POINT (9.751686348000021 52.386336916000062)","Unfall 163117 (2023) Kat:3, Licht: 0","163117","3","6","3","06","16","2","","0","0","1","0","0"
"POINT (9.725013882000042 52.384330441000031)","Unfall 163118 (2023) Kat:2, Licht: 0","163118","2","4","6","06","12","2","","0","1","0","1","0"
"POINT (9.692603614000063 52.396664063000060)","Unfall 163121 (2023) Kat:3, Licht: 2","163121","3","2","5","06","22","6","","2","0","1","0","0"
"POINT (9.720348029000036 52.346553066000070)","Unfall 163149 (2023) Kat:3, Licht: 0","163149","3","7","0","06","21","1","","0","1","0","0","0"
"POINT (9.810974834000035 52.343770880000079)","Unfall 163150 (2023) Kat:3, Licht: 0","163150","3","7","5","06","09","1","","0","1","0","1","0"
"POINT (9.749321010000074 52.337364331000060)","Unfall 163151 (2023) Kat:3, Licht: 0","163151","3","3","5","06","13","1","","0","1","0","0","0"
"POINT (9.714235037000037 52.405097633000082)","Unfall 163155 (2023) Kat:3, Licht: 0","163155","3","4","6","06","20","1","","0","0","1","1","0"
"POINT (9.692588469000043 52.419005187000039)","Unfall 163156 (2023) Kat:3, Licht: 2","163156","3","1","0","06","00","1","","2","0","0","0","0"
"POINT (9.728319840000040 52.358940432000054)","Unfall 163174 (2023) Kat:3, Licht: 0","163174","3","3","5","06","11","7","","0","1","1","0","0"
"POINT (9.724838939000051 52.384658004000073)","Unfall 163175 (2023) Kat:3, Licht: 0","163175","3","6","3","06","17","7","","0","1","0","0","0"
"POINT (9.661496971000076 52.384788025000034)","Unfall 163177 (2023) Kat:3, Licht: 0","163177","3","5","1","06","18","7","","0","1","1","0","0"
"POINT (9.671126961000027 52.350718748000077)","Unfall 163178 (2023) Kat:3, Licht: 0","163178","3","5","0","06","11","7","","0","1","1","0","0"
"POINT (9.756454540000050 52.341467306000027)","Unfall 163179 (2023) Kat:3, Licht: 2","163179","3","7","1","06","02","7","","2","1","0","0","0"
"POINT (9.806242171000065 52.418640193000044)","Unfall 163180 (2023) Kat:3, Licht: 0","163180","3","5","1","06","11","7","","0","1","1","0","0"
"POINT (9.742040249000070 52.375562450000075)","Unfall 163181 (2023) Kat:3, Licht: 2","163181","3","6","2","06","03","7","","2","0","1","0","0"
"POINT (9.781155883000054 52.399873805000027)","Unfall 163206 (2023) Kat:3, Licht: 0","163206","3","6","2","06","12","6","","0","0","1","0","0"
"POINT (9.752560267000035 52.375072947000035)","Unfall 163207 (2023) Kat:3, Licht: 2","163207","3","5","1","06","23","6","","2","1","1","0","0"
"POINT (9.759848300000044 52.393867404000048)","Unfall 163208 (2023) Kat:3, Licht: 0","163208","3","6","2","06","17","6","","0","0","1","0","1"
"POINT (9.694830858000046 52.353059832000042)","Unfall 163210 (2023) Kat:3, Licht: 0","163210","3","6","2","06","18","6","","0","0","1","0","0"
"POINT (9.790125132000071 52.374020135000080)","Unfall 163235 (2023) Kat:2, Licht: 0","163235","2","7","0","06","15","5","","0","1","0","0","0"
"POINT (9.692424157000062 52.398098961000073)","Unfall 163236 (2023) Kat:3, Licht: 0","163236","3","2","2","06","16","5","","0","0","1","0","0"
"POINT (9.711868929000048 52.393590285000073)","Unfall 163237 (2023) Kat:3, Licht: 2","163237","3","5","1","06","21","5","","2","0","1","0","0"
"POINT (9.728056091000042 52.374188282000034)","Unfall 163243 (2023) Kat:3, Licht: 0","163243","3","2","5","06","17","5","","0","0","1","0","0"
"POINT (9.669495723000068 52.354905646000077)","Unfall 163244 (2023) Kat:3, Licht: 0","163244","3","6","0","06","06","5","","0","1","0","0","0"
"POINT (9.716831101000025 52.337255475000063)","Unfall 163265 (2023) Kat:3, Licht: 0","163265","3","2","4","06","15","7","","0","0","1","0","1"
"POINT (9.685501622000061 52.342745008000065)","Unfall 163268 (2023) Kat:3, Licht: 0","163268","3","7","0","06","13","4","","0","0","0","0","0"
"POINT (9.858475468000051 52.367611653000040)","Unfall 163269 (2023) Kat:3, Licht: 0","163269","3","7","9","06","14","4","","0","1","0","0","0"
"POINT (9.672909526000069 52.356263836000039)","Unfall 163270 (2023) Kat:3, Licht: 0","163270","3","5","1","06","20","4","","0","0","1","0","1"
"POINT (9.773995061000051 52.329804704000026)","Unfall 163276 (2023) Kat:3, Licht: 0","163276","3","5","4","06","11","4","","0","0","1","0","0"
"POINT (9.720346917000029 52.375503271000071)","Unfall 163312 (2023) Kat:3, Licht: 0","163312","3","3","5","07","08","3","","0","0","1","0","1"
"POINT (9.750009599000066 52.368081901000039)","Unfall 163314 (2023) Kat:3, Licht: 0","163314","3","7","0","06","07","3","","0","1","0","0","0"
"POINT (9.823420946000056 52.415838928000028)","Unfall 163315 (2023) Kat:3, Licht: 0","163315","3","5","1","06","10","3","","0","0","1","0","0"
"POINT (9.737404399000070 52.399142387000040)","Unfall 163316 (2023) Kat:3, Licht: 0","163316","3","2","5","06","18","3","","0","1","1","0","0"
"POINT (9.753666923000026 52.381153681000058)","Unfall 163320 (2023) Kat:3, Licht: 0","163320","3","6","0","06","11","3","","0","0","1","0","0"
"POINT (9.820221338000067 52.346906122000064)","Unfall 163325 (2023) Kat:3, Licht: 0","163325","3","1","8","06","14","3","","0","0","1","0","0"
"POINT (9.733681702000069 52.399139688000048)","Unfall 163348 (2023) Kat:3, Licht: 0","163348","3","2","3","06","16","2","","0","1","1","0","0"
"POINT (9.728246375000026 52.389854822000075)","Unfall 163349 (2023) Kat:3, Licht: 0","163349","3","6","4","06","08","2","","0","1","0","0","0"
"POINT (9.734216420000052 52.376679325000055)","Unfall 163350 (2023) Kat:3, Licht: 0","163350","3","1","0","06","16","2","","0","1","0","0","0"
"POINT (9.735559848000037 52.375201884000035)","Unfall 163351 (2023) Kat:3, Licht: 0","163351","3","6","4","06","10","2","","0","1","0","0","0"
"POINT (9.729815619000021 52.398275231000071)","Unfall 163362 (2023) Kat:3, Licht: 0","163362","3","2","4","07","15","3","","0","1","1","0","0"
"POINT (9.728081836000058 52.374071671000081)","Unfall 163375 (2023) Kat:2, Licht: 2","163375","2","3","5","06","22","1","","2","0","1","0","0"
"POINT (9.783361478000074 52.329412093000030)","Unfall 163377 (2023) Kat:3, Licht: 0","163377","3","2","5","07","15","2","","0","1","1","0","0"