WKT,Name,OBJECTID,UKATEGORIE,UTYP1,UART,UMONAT,USTUNDE,UWOCHENTAG,STRZUSTAND,ULICHTVERH,ISTRAD,ISTPKW,ISTFUSS,ISTKRAD
"POINT (9.721823698000037 52.389423742000076)","Unfall 163400 (2023) Kat:3, Licht: 0","163400","3","6","4","06","13","1","","0","1","0","0","0"
"POINT (9.735002231000067 52.379890418000059)","Unfall 163404 (2023) Kat:3, Licht: 0","163404","3","6","2","06","12","7","","0","0","1","0","0"
"POINT (9.742322093000041 52.358875732000058)","Unfall 163407 (2023) Kat:3, Licht: 0","163407","3","7","0","06","18","7","","0","0","1","0","1"
"POINT (9.692583558000024 52.388398771000027)","Unfall 163408 (2023) Kat:3, Licht: 0","163408","3","7","2","06","10","7","","0","1","0","0","0"
"POINT (9.616923693000047 52.419551143000035)","Unfall 163435 (2023) Kat:3, Licht: 2","163435","3","6","6","06","22","6","","2","1","0","1","0"
"POINT (9.828554426000039 52.386059621000072)","Unfall 163436 (2023) Kat:3, Licht: 0","163436","3","7","0","06","13","6","","0","1","0","0","0"
"POINT (9.753887641000063 52.386268441000027)","Unfall 163437 (2023) Kat:3, Licht: 0","163437","3","2","5","06","16","6","","0","1","1","0","0"
"POINT (9.759562252000023 52.418914922000056)","Unfall 163438 (2023) Kat:3, Licht: 0","163438","3","7","0","07","17","1","","0","0","0","0","0"
"POINT (9.739306580000061 52.370267793000039)","Unfall 163441 (2023) Kat:3, Licht: 2","163441","3","1","8","06","23","6","","2","0","0","0","0"
"POINT (9.732783263000044 52.380147764000071)","Unfall 163442 (2023) Kat:3, Licht: 0","163442","3","5","1","06","13","6","","0","1","1","0","0"
"POINT (9.750832989000060 52.375774772000057)","Unfall 163443 (2023) Kat:3, Licht: 0","163443","3","2","5","06","07","6","","0","1","1","0","0"
"POINT (9.754385277000040 52.355448432000060)","Unfall 163475 (2023) Kat:3, Licht: 0","163475","3","2","5","06","15","5","","0","1","1","0","0"
"POINT (9.691804697000066 52.418808102000071)","Unfall 163476 (2023) Kat:3, Licht: 0","163476","3","6","2","06","16","5","","0","0","1","0","0"
"POINT (9.820788831000073 52.350822439000069)","Unfall 163477 (2023) Kat:3, Licht: 2","163477","3","3","5","06","22","5","","2","1","1","0","0"
"POINT (9.731981322000024 52.375840520000054)","Unfall 163483 (2023) Kat:2, Licht: 0","163483","2","2","3","06","10","5","","0","1","0","0","0"
"POINT (9.700979513000050 52.391481504000069)","Unfall 163531 (2023) Kat:3, Licht: 0","163531","3","2","5","06","17","4","","0","1","1","0","0"
"POINT (9.694020486000056 52.341052869000066)","Unfall 163532 (2023) Kat:3, Licht: 0","163532","3","7","0","06","15","4","","0","0","1","1","0"
"POINT (9.688684938000051 52.377157151000063)","Unfall 163533 (2023) Kat:3, Licht: 0","163533","3","7","0","06","15","4","","0","1","0","0","0"
"POINT (9.764574927000069 52.395781693000060)","Unfall 163534 (2023) Kat:3, Licht: 0","163534","3","2","2","06","09","4","","0","0","1","0","1"
"POINT (9.687133277000044 52.401325324000027)","Unfall 163538 (2023) Kat:3, Licht: 0","163538","3","5","1","06","15","4","","0","1","1","0","0"
"POINT (9.771845537000047 52.360284965000062)","Unfall 163563 (2023) Kat:3, Licht: 0","163563","3","6","0","08","15","4","","0","0","1","0","1"
"POINT (9.732836683000073 52.380455452000035)","Unfall 163564 (2023) Kat:3, Licht: 0","163564","3","5","4","08","16","4","","0","0","1","0","1"
"POINT (9.790170385000067 52.358504836000066)","Unfall 163565 (2023) Kat:3, Licht: 0","163565","3","6","2","08","08","4","","0","0","1","0","0"
"POINT (9.699601476000055 52.410952658000042)","Unfall 163603 (2023) Kat:3, Licht: 0","163603","3","7","0","08","17","3","","0","0","1","0","0"
"POINT (9.784112988000061 52.398285757000053)","Unfall 163604 (2023) Kat:3, Licht: 0","163604","3","6","4","08","18","3","","0","1","0","0","0"
"POINT (9.713218405000021 52.371466306000059)","Unfall 163629 (2023) Kat:3, Licht: 0","163629","3","7","0","08","13","2","","0","1","0","0","0"
"POINT (9.780325968000056 52.346587829000043)","Unfall 163630 (2023) Kat:3, Licht: 0","163630","3","3","5","08","18","2","","0","1","1","0","0"
"POINT (9.701389664000033 52.369106692000059)","Unfall 163633 (2023) Kat:2, Licht: 0","163633","2","7","0","08","14","2","","0","0","0","0","0"
"POINT (9.619861184000058 52.414224453000031)","Unfall 163634 (2023) Kat:1, Licht: 2","163634","1","1","4","08","21","2","","2","0","1","0","0"
"POINT (9.708329448000029 52.367153629000029)","Unfall 163635 (2023) Kat:3, Licht: 0","163635","3","1","0","08","18","2","","0","1","0","0","0"
"POINT (9.758123712000042 52.362814729000036)","Unfall 163636 (2023) Kat:3, Licht: 0","163636","3","3","5","08","09","2","","0","1","1","0","0"
"POINT (9.754236526000057 52.368342988000052)","Unfall 163657 (2023) Kat:3, Licht: 0","163657","3","2","6","08","12","1","","0","0","1","1","0"
"POINT (9.713770669000041 52.381720560000076)","Unfall 163658 (2023) Kat:3, Licht: 0","163658","3","3","5","08","17","1","","0","1","0","0","0"
"POINT (9.714710001000071 52.371333501000038)","Unfall 163675 (2023) Kat:3, Licht: 0","163675","3","6","2","08","13","7","","0","0","1","0","0"
"POINT (9.710893942000041 52.359353237000050)","Unfall 163677 (2023) Kat:2, Licht: 0","163677","2","2","3","08","10","7","","0","1","1","0","0"
"POINT (9.706019688000026 52.390463023000052)","Unfall 163678 (2023) Kat:2, Licht: 2","163678","2","4","6","08","21","7","","2","0","1","1","0"
"POINT (9.808323350000023 52.397821309000051)","Unfall 163704 (2023) Kat:3, Licht: 0","163704","3","4","6","08","08","6","","0","1","0","1","0"
"POINT (9.693874177000055 52.400845158000038)","Unfall 163705 (2023) Kat:3, Licht: 0","163705","3","6","2","08","13","6","","0","0","1","0","0"
"POINT (9.797288799000057 52.354836074000048)","Unfall 163706 (2023) Kat:3, Licht: 0","163706","3","7","5","08","07","6","","0","1","1","0","0"
"POINT (9.738132416000042 52.389326549000032)","Unfall 163707 (2023) Kat:3, Licht: 0","163707","3","5","5","08","16","6","","0","1","1","0","0"
"POINT (9.751828126000021 52.392576348000034)","Unfall 163708 (2023) Kat:3, Licht: 0","163708","3","3","5","08","10","6","","0","0","1","0","0"
"POINT (9.821118205000062 52.346638943000073)","Unfall 163710 (2023) Kat:3, Licht: 0","163710","3","7","8","08","12","6","","0","0","1","0","0"
"POINT (9.682063667000023 52.416371676000040)","Unfall 163746 (2023) Kat:3, Licht: 0","163746","3","6","2","08","18","5","","0","0","1","0","0"
"POINT (9.773235748000047 52.398081871000045)","Unfall 163747 (2023) Kat:3, Licht: 2","163747","3","5","1","08","23","5","","2","0","1","0","0"
"POINT (9.693643400000042 52.363684223000064)","Unfall 163750 (2023) Kat:3, Licht: 0","163750","3","2","5","08","09","5","","0","1","0","0","0"
"POINT (9.803034383000067 52.396710905000077)","Unfall 163782 (2023) Kat:3, Licht: 0","163782","3","6","0","08","17","4","","0","0","1","0","1"
"POINT (9.750365247000047 52.410636418000081)","Unfall 163783 (2023) Kat:3, Licht: 0","163783","3","6","2","08","18","4","","0","0","1","0","0"
"POINT (9.779927522000037 52.342408624000029)","Unfall 163784 (2023) Kat:3, Licht: 0","163784","3","1","8","08","14","4","","0","1","0","0","0"
"POINT (9.793209061000027 52.395084969000038)","Unfall 163787 (2023) Kat:3, Licht: 0","163787","3","7","9","08","20","4","","0","0","1","0","0"
"POINT (9.707433765000076 52.364318066000067)","Unfall 163788 (2023) Kat:3, Licht: 0","163788","3","3","0","08","18","4","","0","1","0","0","0"
"POINT (9.731321290000039 52.375353381000082)","Unfall 163789 (2023) Kat:3, Licht: 0","163789","3","4","6","08","16","4","","0","1","0","1","0"
"POINT (9.732057683000050 52.405237558000067)","Unfall 163791 (2023) Kat:3, Licht: 0","163791","3","6","4","08","14","3","","0","1","0","0","0"
"POINT (9.692342071000041 52.403645566000080)","Unfall 163812 (2023) Kat:3, Licht: 0","163812","3","7","0","08","11","3","","0","1","0","0","0"
"POINT (9.742474596000022 52.375350737000076)","Unfall 163813 (2023) Kat:3, Licht: 2","163813","3","7","5","08","21","3","","2","1","1","0","0"
"POINT (9.746821161000071 52.385450292000030)","Unfall 163814 (2023) Kat:3, Licht: 0","163814","3","7","0","08","18","3","","0","1","1","0","0"
"POINT (9.801316235000058 52.381496064000032)","Unfall 163818 (2023) Kat:3, Licht: 0","163818","3","1","0","08","14","3","","0","1","0","0","0"
"POINT (9.746729851000055 52.375322657000027)","Unfall 163819 (2023) Kat:3, Licht: 0","163819","3","5","0","08","13","3","","0","1","0","0","0"
"POINT (9.680295850000050 52.396062567000058)","Unfall 163846 (2023) Kat:3, Licht: 0","163846","3","3","5","08","14","2","","0","1","1","0","0"
"POINT (9.738460327000041 52.371942794000063)","Unfall 163847 (2023) Kat:3, Licht: 0","163847","3","7","6","08","11","2","","0","0","0","1","0"
"POINT (9.858901380000077 52.361467520000076)","Unfall 163848 (2023) Kat:3, Licht: 0","163848","3","7","5","08","14","2","","0","1","1","0","0"
"POINT (9.740764675000037 52.413362386000074)","Unfall 163849 (2023) Kat:3, Licht: 0","163849","3","5","1","08","20","2","","0","0","1","0","0"
"POINT (9.738883064000049 52.420918559000029)","Unfall 163851 (2023) Kat:2, Licht: 0","163851","2","2","5","08","11","2","","0","0","1","0","0"
"POINT (9.685800414000028 52.393026408000026)","Unfall 163874 (2023) Kat:3, Licht: 2","163874","3","5","1","08","04","1","","2","0","1","0","0"
"POINT (9.702045473000055 52.334182759000043)","Unfall 163875 (2023) Kat:3, Licht: 2","163875","3","5","1","08","03","1","","2","0","1","0","0"
"POINT (9.700661282000056 52.387452504000066)","Unfall 163876 (2023) Kat:3, Licht: 0","163876","3","4","0","08","16","1","","0","1","0","1","0"
"POINT (9.754471731000024 52.345372949000080)","Unfall 163877 (2023) Kat:3, Licht: 0","163877","3","7","7","08","19","1","","0","1","0","0","0"
"POINT (9.791243974000054 52.374323981000032)","Unfall 163879 (2023) Kat:3, Licht: 0","163879","3","2","4","08","11","4","","0","1","1","0","0"
"POINT (9.712688885000034 52.372533167000029)","Unfall 163880 (2023) Kat:2, Licht: 0","163880","2","3","0","08","12","1","","0","1","0","0","0"
"POINT (9.789161244000070 52.376218616000074)","Unfall 163881 (2023) Kat:3, Licht: 2","163881","3","5","1","08","03","1","","2","1","1","0","0"
"POINT (9.738440233000063 52.363338876000057)","Unfall 163895 (2023) Kat:3, Licht: 2","163895","3","4","0","08","23","7","","2","1","0","1","0"
"POINT (9.780181977000041 52.343308571000080)","Unfall 163896 (2023) Kat:3, Licht: 2","163896","3","1","0","08","00","7","","2","0","0","0","0"
"POINT (9.673928263000050 52.397679397000047)","Unfall 163928 (2023) Kat:3, Licht: 0","163928","3","6","3","08","08","6","","0","1","0","0","0"
"POINT (9.687162697000076 52.392579264000062)","Unfall 163929 (2023) Kat:3, Licht: 0","163929","3","6","2","08","18","6","","0","0","1","0","0"
"POINT (9.733746224000072 52.362056371000051)","Unfall 163930 (2023) Kat:3, Licht: 2","163930","3","5","1","08","21","6","","2","1","1","0","0"
"POINT (9.721405642000036 52.390233119000072)","Unfall 163933 (2023) Kat:3, Licht: 0","163933","3","2","5","08","11","6","","0","1","1","0","0"
"POINT (9.722274748000075 52.417261347000078)","Unfall 163957 (2023) Kat:3, Licht: 0","163957","3","7","0","08","15","5","","0","1","0","0","0"
"POINT (9.749966632000053 52.376408652000066)","Unfall 163961 (2023) Kat:2, Licht: 0","163961","2","2","0","08","12","5","","0","0","1","0","0"
"POINT (9.834848479000073 52.383116802000075)","Unfall 163975 (2023) Kat:3, Licht: 1","163975","3","3","5","08","06","3","","1","0","1","0","0"
"POINT (9.805654307000054 52.419992692000051)","Unfall 163987 (2023) Kat:3, Licht: 0","163987","3","5","1","08","08","4","","0","0","1","0","1"
"POINT (9.748124909000069 52.363208946000043)","Unfall 163998 (2023) Kat:3, Licht: 0","163998","3","5","1","08","10","3","","0","0","1","0","0"
"POINT (9.729845415000057 52.374750777000031)","Unfall 163999 (2023) Kat:3, Licht: 0","163999","3","7","0","08","17","3","","0","1","0","0","0"
"POINT (9.754852892000031 52.391591930000061)","Unfall 164000 (2023) Kat:3, Licht: 0","164000","3","6","2","08","15","3","","0","0","1","0","0"
"POINT (9.695165416000066 52.336314697000034)","Unfall 164017 (2023) Kat:3, Licht: 0","164017","3","3","5","08","08","2","","0","0","1","0","0"
"POINT (9.725712547000057 52.397776501000067)","Unfall 164018 (2023) Kat:3, Licht: 0","164018","3","2","4","08","11","2","","0","1","1","0","0"
"POINT (9.730142256000022 52.374877045000062)","Unfall 164034 (2023) Kat:3, Licht: 0","164034","3","2","3","08","19","1","","0","1","0","0","0"
"POINT (9.733715584000038 52.372435030000076)","Unfall 164035 (2023) Kat:3, Licht: 2","164035","3","6","6","08","02","1","","2","0","1","1","0"
"POINT (9.731820281000068 52.374536099000068)","Unfall 164036 (2023) Kat:3, Licht: 2","164036","3","5","1","08","01","1","","2","0","1","0","0"
"POINT (9.746864824000056 52.385806909000053)","Unfall 164038 (2023) Kat:2, Licht: 0","164038","2","1","0","08","16","1","","0","0","0","0","0"
"POINT (9.784059120000052 52.340815613000075)","Unfall 164039 (2023) Kat:3, Licht: 0","164039","3","2","5","08","11","1","","0","0","1","0","1"
"POINT (9.704683789000057 52.351900720000060)","Unfall 164060 (2023) Kat:3, Licht: 0","164060","3","3","5","08","13","7","","0","1","1","0","0"
"POINT (9.774407650000057 52.405117934000032)","Unfall 164061 (2023) Kat:3, Licht: 0","164061","3","6","0","08","12","7","","0","1","1","0","0"
"POINT (9.731436043000031 52.375162420000038)","Unfall 164079 (2023) Kat:3, Licht: 0","164079","3","7","0","08","12","6","","0","0","0","0","0"
"POINT (9.742498869000030 52.375338906000081)","Unfall 164080 (2023) Kat:3, Licht: 0","164080","3","7","0","08","09","6","","0","1","0","0","0"
"POINT (9.688443746000075 52.393392951000067)","Unfall 164101 (2023) Kat:3, Licht: 0","164101","3","7","0","08","11","5","","0","1","0","0","0"
"POINT (9.860165030000076 52.371624223000026)","Unfall 164102 (2023) Kat:3, Licht: 0","164102","3","3","5","08","09","5","","0","0","1","0","0"
"POINT (9.738879064000059 52.420952851000038)","Unfall 164103 (2023) Kat:3, Licht: 0","164103","3","2","5","08","14","5","","0","0","1","0","0"
"POINT (9.768892847000075 52.383227506000026)","Unfall 164104 (2023) Kat:3, Licht: 0","164104","3","7","0","08","17","5","","0","0","0","0","1"
"POINT (9.780968003000055 52.401778493000052)","Unfall 164105 (2023) Kat:3, Licht: 0","164105","3","3","5","08","14","5","","0","1","1","0","0"
"POINT (9.735609997000040 52.376756158000035)","Unfall 164106 (2023) Kat:3, Licht: 0","164106","3","1","0","08","17","3","","0","1","0","0","0"
"POINT (9.784055876000025 52.389463919000036)","Unfall 164109 (2023) Kat:3, Licht: 2","164109","3","1","8","08","03","5","","2","0","0","0","0"
"POINT (9.804812710000022 52.392119716000082)","Unfall 164110 (2023) Kat:3, Licht: 0","164110","3","1","8","08","10","5","","0","0","1","0","0"
"POINT (9.733538592000059 52.360079781000081)","Unfall 164138 (2023) Kat:3, Licht: 0","164138","3","3","5","08","16","4","","0","1","1","0","0"
"POINT (9.750548424000044 52.375605031000077)","Unfall 164139 (2023) Kat:3, Licht: 0","164139","3","6","2","08","19","4","","0","0","1","0","0"
"POINT (9.780879511000023 52.399959640000077)","Unfall 164140 (2023) Kat:3, Licht: 2","164140","3","7","8","08","00","4","","2","0","1","0","0"
"POINT (9.738736728000049 52.363395506000074)","Unfall 164143 (2023) Kat:3, Licht: 0","164143","3","3","5","08","09","4","","0","0","1","0","0"
"POINT (9.727410293000048 52.372713174000069)","Unfall 164161 (2023) Kat:3, Licht: 0","164161","3","7","0","08","09","3","","0","1","0","0","0"
"POINT (9.761068770000065 52.334352225000032)","Unfall 164162 (2023) Kat:3, Licht: 0","164162","3","3","5","08","07","3","","0","1","1","0","0"
"POINT (9.735429427000042 52.384488573000056)","Unfall 164163 (2023) Kat:3, Licht: 0","164163","3","3","0","08","15","3","","0","1","1","0","0"
"POINT (9.768156640000029 52.399819830000069)","Unfall 164164 (2023) Kat:2, Licht: 0","164164","2","1","0","08","20","3","","0","1","0","0","0"
"POINT (9.717487519000031 52.381592976000036)","Unfall 164165 (2023) Kat:3, Licht: 0","164165","3","3","5","08","13","3","","0","1","1","0","0"
"POINT (9.738881659000072 52.420930600000077)","Unfall 164166 (2023) Kat:3, Licht: 1","164166","3","2","5","08","06","3","","1","1","1","0","0"
"POINT (9.729791382000030 52.376338032000035)","Unfall 164188 (2023) Kat:3, Licht: 0","164188","3","3","5","07","15","2","","0","1","1","0","0"
"POINT (9.764473059000068 52.418766868000034)","Unfall 164189 (2023) Kat:3, Licht: 0","164189","3","6","2","07","08","2","","0","0","1","0","0"
"POINT (9.730669939000052 52.375007230000051)","Unfall 164201 (2023) Kat:3, Licht: 0","164201","3","6","2","07","17","1","","0","0","1","0","0"
"POINT (9.755130932000043 52.343492831000049)","Unfall 164203 (2023) Kat:3, Licht: 0","164203","3","1","0","07","19","1","","0","1","0","0","0"
"POINT (9.755433934000052 52.357785603000082)","Unfall 164217 (2023) Kat:3, Licht: 2","164217","3","6","6","07","02","7","","2","0","0","1","1"
"POINT (9.755590868000070 52.392644758000074)","Unfall 164218 (2023) Kat:3, Licht: 1","164218","3","3","5","07","05","7","","1","1","1","0","0"
"POINT (9.763063147000025 52.420516269000075)","Unfall 164220 (2023) Kat:3, Licht: 0","164220","3","3","5","07","20","7","","0","0","1","0","0"
"POINT (9.803216096000028 52.377563881000071)","Unfall 164250 (2023) Kat:3, Licht: 0","164250","3","6","2","07","18","6","","0","1","0","0","0"
"POINT (9.724312232000045 52.385431456000049)","Unfall 164251 (2023) Kat:3, Licht: 0","164251","3","7","0","07","16","6","","0","1","0","0","0"
"POINT (9.743847194000068 52.357132886000045)","Unfall 164252 (2023) Kat:3, Licht: 0","164252","3","6","2","07","16","6","","0","0","1","0","0"
"POINT (9.772111967000058 52.395492206000029)","Unfall 164254 (2023) Kat:3, Licht: 0","164254","3","6","2","07","08","6","","0","0","1","0","0"
"POINT (9.757358000000067 52.364083394000033)","Unfall 164279 (2023) Kat:3, Licht: 2","164279","3","1","0","07","01","5","","2","0","0","0","0"
"POINT (9.695871025000031 52.409298101000047)","Unfall 164280 (2023) Kat:3, Licht: 0","164280","3","6","2","07","17","5","","0","0","1","0","0"
"POINT (9.722543282000061 52.351791993000063)","Unfall 164281 (2023) Kat:3, Licht: 0","164281","3","3","5","07","18","5","","0","0","0","0","0"
"POINT (9.685469983000075 52.364827983000055)","Unfall 164282 (2023) Kat:3, Licht: 0","164282","3","6","2","07","10","5","","0","0","1","0","1"
"POINT (9.787970100000052 52.359301629000072)","Unfall 164283 (2023) Kat:3, Licht: 0","164283","3","1","1","07","11","5","","0","0","1","0","0"
"POINT (9.735107745000050 52.391478905000042)","Unfall 164285 (2023) Kat:3, Licht: 0","164285","3","7","0","07","18","5","","0","1","0","1","0"
"POINT (9.678548676000048 52.416093322000052)","Unfall 164301 (2023) Kat:3, Licht: 1","164301","3","3","5","07","21","4","","1","1","1","0","0"
"POINT (9.708705858000030 52.388428358000056)","Unfall 164302 (2023) Kat:3, Licht: 1","164302","3","3","5","07","19","4","","1","1","1","0","0"
"POINT (9.722969584000055 52.372729473000049)","Unfall 164303 (2023) Kat:3, Licht: 0","164303","3","3","0","07","10","4","","0","0","1","0","0"
"POINT (9.801019621000023 52.396562112000026)","Unfall 164305 (2023) Kat:3, Licht: 0","164305","3","6","2","07","14","4","","0","0","1","0","0"
"POINT (9.805003095000075 52.409487224000031)","Unfall 164306 (2023) Kat:3, Licht: 0","164306","3","3","5","07","10","4","","0","1","1","0","0"
"POINT (9.705827695000039 52.390736428000082)","Unfall 164307 (2023) Kat:3, Licht: 0","164307","3","3","5","07","14","4","","0","1","1","0","0"
"POINT (9.763791908000030 52.398414594000030)","Unfall 164308 (2023) Kat:3, Licht: 0","164308","3","6","2","07","10","4","","0","0","1","0","0"
"POINT (9.813843505000023 52.398955389000037)","Unfall 164334 (2023) Kat:3, Licht: 0","164334","3","2","5","07","06","3","","0","0","1","0","0"
"POINT (9.743708967000032 52.367107586000031)","Unfall 164335 (2023) Kat:3, Licht: 0","164335","3","7","1","07","10","3","","0","0","1","0","0"
"POINT (9.721762117000026 52.394193591000032)","Unfall 164336 (2023) Kat:3, Licht: 0","164336","3","7","5","07","17","3","","0","1","0","0","0"
"POINT (9.817509998000048 52.315260720000026)","Unfall 164337 (2023) Kat:3, Licht: 0","164337","3","2","5","07","12","3","","0","0","1","0","1"
"POINT (9.696636660000024 52.391511331000061)","Unfall 164355 (2023) Kat:3, Licht: 0","164355","3","7","0","07","14","2","","0","1","0","0","0"
"POINT (9.719586762000063 52.361126494000075)","Unfall 164356 (2023) Kat:3, Licht: 0","164356","3","7","0","07","18","2","","0","1","0","0","0"
"POINT (9.700273040000070 52.356845998000040)","Unfall 164357 (2023) Kat:3, Licht: 0","164357","3","7","0","07","13","2","","0","0","0","0","0"
"POINT (9.794449856000028 52.397436760000062)","Unfall 164358 (2023) Kat:3, Licht: 0","164358","3","3","5","07","17","2","","0","1","1","0","0"
"POINT (9.741031040000053 52.394324550000078)","Unfall 164359 (2023) Kat:3, Licht: 0","164359","3","6","2","07","17","2","","0","0","1","0","0"
"POINT (9.755094684000028 52.389942050000059)","Unfall 164360 (2023) Kat:3, Licht: 0","164360","3","6","2","07","18","2","","0","0","1","0","0"
"POINT (9.750533945000029 52.388586686000053)","Unfall 164361 (2023) Kat:3, Licht: 2","164361","3","1","0","07","01","2","","2","0","0","0","0"
"POINT (9.741235021000023 52.397702140000035)","Unfall 164363 (2023) Kat:2, Licht: 0","164363","2","7","6","07","10","2","","0","1","0","1","0"
"POINT (9.664584065000042 52.364758041000073)","Unfall 164364 (2023) Kat:3, Licht: 0","164364","3","1","0","07","17","2","","0","1","0","0","0"
"POINT (9.697571464000021 52.391993464000052)","Unfall 164365 (2023) Kat:3, Licht: 0","164365","3","3","5","07","14","2","","0","1","1","0","0"
"POINT (9.738396485000067 52.381900333000033)","Unfall 164366 (2023) Kat:3, Licht: 2","164366","3","1","0","07","00","2","","2","0","0","0","0"
"POINT (9.752622389000067 52.347760545000028)","Unfall 164378 (2023) Kat:3, Licht: 0","164378","3","7","0","07","12","1","","0","1","0","0","0"
"POINT (9.747522035000031 52.394975018000082)","Unfall 164379 (2023) Kat:3, Licht: 0","164379","3","1","0","07","16","1","","0","1","0","0","0"
"POINT (9.713869293000073 52.369043921000070)","Unfall 164381 (2023) Kat:3, Licht: 0","164381","3","2","5","08","13","2","","0","1","1","0","0"
"POINT (9.734346626000047 52.375360378000039)","Unfall 164394 (2023) Kat:3, Licht: 2","164394","3","7","0","07","02","7","","2","0","0","0","0"
"POINT (9.801622301000066 52.408848974000080)","Unfall 164395 (2023) Kat:3, Licht: 0","164395","3","4","6","07","13","7","","0","0","1","1","0"
"POINT (9.734354723000024 52.376727964000054)","Unfall 164396 (2023) Kat:3, Licht: 0","164396","3","7","0","08","18","1","","0","1","0","0","0"
"POINT (9.742315737000069 52.397351271000048)","Unfall 164397 (2023) Kat:3, Licht: 0","164397","3","6","4","07","11","7","","0","1","0","0","0"
"POINT (9.745789316000071 52.381258229000082)","Unfall 164398 (2023) Kat:3, Licht: 0","164398","3","5","1","07","11","7","","0","1","1","0","0"
"POINT (9.815161818000036 52.396900583000047)","Unfall 164399 (2023) Kat:2, Licht: 2","164399","2","7","4","07","00","7","","2","1","0","0","1"
"POINT (9.741183372000023 52.397944943000027)","Unfall 164413 (2023) Kat:3, Licht: 0","164413","3","7","1","07","09","6","","0","0","1","1","0"
"POINT (9.741685910000058 52.398605236000037)","Unfall 164416 (2023) Kat:3, Licht: 0","164416","3","1","0","07","16","6","","0","1","0","0","0"
"POINT (9.816771647000053 52.326798996000036)","Unfall 164440 (2023) Kat:3, Licht: 0","164440","3","6","3","08","08","3","","0","0","1","0","0"
"POINT (9.660082890000069 52.403729027000054)","Unfall 164444 (2023) Kat:3, Licht: 0","164444","3","7","0","07","14","5","","0","1","0","0","0"
"POINT (9.691349060000050 52.342636213000048)","Unfall 164445 (2023) Kat:3, Licht: 0","164445","3","4","6","07","17","5","","0","0","1","1","0"
"POINT (9.756443732000037 52.341575993000049)","Unfall 164446 (2023) Kat:3, Licht: 0","164446","3","6","2","07","08","5","","0","1","0","0","0"
"POINT (9.679681465000044 52.394757321000043)","Unfall 164447 (2023) Kat:3, Licht: 0","164447","3","6","2","07","17","5","","0","0","1","0","0"
"POINT (9.752425640000070 52.421048946000042)","Unfall 164448 (2023) Kat:3, Licht: 0","164448","3","1","0","07","14","5","","0","0","0","0","1"
"POINT (9.693678075000037 52.400987860000043)","Unfall 164467 (2023) Kat:3, Licht: 0","164467","3","3","5","07","14","4","","0","1","1","0","0"
"POINT (9.721387171000060 52.379251518000046)","Unfall 164468 (2023) Kat:3, Licht: 2","164468","3","1","7","07","21","4","","2","1","0","0","0"
"POINT (9.738793055000031 52.371263565000049)","Unfall 164469 (2023) Kat:3, Licht: 0","164469","3","4","6","07","11","4","","0","1","0","1","0"
"POINT (9.817169487000058 52.359597687000075)","Unfall 164470 (2023) Kat:3, Licht: 0","164470","3","7","0","07","18","4","","0","0","1","1","0"
"POINT (9.722299310000039 52.351907149000056)","Unfall 164495 (2023) Kat:3, Licht: 2","164495","3","1","0","07","01","3","","2","0","0","0","0"
"POINT (9.778479817000061 52.414197158000036)","Unfall 164496 (2023) Kat:3, Licht: 0","164496","3","1","0","07","10","3","","0","1","0","0","0"
"POINT (9.756814877000068 52.392221834000054)","Unfall 164497 (2023) Kat:3, Licht: 0","164497","3","6","0","07","20","3","","0","0","1","0","1"
"POINT (9.748957319000056 52.381643336000081)","Unfall 164499 (2023) Kat:3, Licht: 0","164499","3","2","2","07","15","3","","0","1","1","0","0"
"POINT (9.654393328000026 52.410443509000061)","Unfall 164518 (2023) Kat:3, Licht: 0","164518","3","3","5","07","08","2","","0","0","1","0","0"
"POINT (9.720274545000052 52.391534170000057)","Unfall 164519 (2023) Kat:3, Licht: 0","164519","3","2","3","07","17","2","","0","1","0","0","0"
"POINT (9.744121035000035 52.372681280000052)","Unfall 164520 (2023) Kat:3, Licht: 0","164520","3","6","2","07","17","2","","0","1","1","0","0"
"POINT (9.683824937000054 52.344993261000070)","Unfall 164524 (2023) Kat:2, Licht: 0","164524","2","7","0","07","12","2","","0","1","0","0","0"
"POINT (9.718716386000040 52.380846693000080)","Unfall 164528 (2023) Kat:3, Licht: 0","164528","3","3","0","07","17","2","","0","0","1","0","1"
"POINT (9.821157169000060 52.346093833000054)","Unfall 164529 (2023) Kat:3, Licht: 0","164529","3","3","5","07","07","2","","0","0","1","0","0"
"POINT (9.693788833000042 52.400961608000046)","Unfall 164550 (2023) Kat:3, Licht: 0","164550","3","3","5","08","17","7","","0","1","1","0","0"
"POINT (9.750165630000026 52.349257451000028)","Unfall 164552 (2023) Kat:3, Licht: 0","164552","3","2","5","07","13","1","","0","0","1","0","1"
"POINT (9.853299350000043 52.369443135000040)","Unfall 164556 (2023) Kat:3, Licht: 0","164556","3","6","3","07","16","1","","0","1","0","0","0"
"POINT (9.809102528000039 52.369938385000069)","Unfall 164557 (2023) Kat:3, Licht: 0","164557","3","5","1","07","14","1","","0","0","1","0","1"