WKT,Name,OBJECTID,UKATEGORIE,UTYP1,UART,UMONAT,USTUNDE,UWOCHENTAG,STRZUSTAND,ULICHTVERH,ISTRAD,ISTPKW,ISTFUSS,ISTKRAD
"POINT (9.721640072000071 52.354733003000035)","Unfall 164574 (2023) Kat:3, Licht: 0","164574","3","3","5","07","13","7","","0","0","1","0","0"
"POINT (9.701420946000042 52.408757025000057)","Unfall 164575 (2023) Kat:3, Licht: 0","164575","3","3","5","07","14","7","","0","1","1","0","0"
"POINT (9.813312697000072 52.352366778000032)","Unfall 164578 (2023) Kat:3, Licht: 0","164578","3","5","1","08","16","6","","0","1","1","0","0"
"POINT (9.732732874000021 52.344873026000073)","Unfall 164604 (2023) Kat:3, Licht: 0","164604","3","3","5","07","09","6","","0","1","0","0","0"
"POINT (9.722476659000051 52.394801118000032)","Unfall 164605 (2023) Kat:3, Licht: 0","164605","3","3","5","08","16","4","","0","1","1","0","0"
"POINT (9.729455711000071 52.378782618000059)","Unfall 164606 (2023) Kat:3, Licht: 0","164606","3","5","1","07","10","6","","0","1","1","0","0"
"POINT (9.811460605000036 52.410938873000077)","Unfall 164607 (2023) Kat:3, Licht: 2","164607","3","7","8","07","02","6","","2","0","0","0","0"
"POINT (9.719746386000054 52.367224757000031)","Unfall 164610 (2023) Kat:3, Licht: 0","164610","3","1","0","07","19","6","","0","1","0","0","0"
"POINT (9.750497598000038 52.375279050000074)","Unfall 164653 (2023) Kat:3, Licht: 0","164653","3","6","2","09","09","2","","0","0","1","0","0"
"POINT (9.754206110000041 52.413409738000041)","Unfall 164654 (2023) Kat:3, Licht: 0","164654","3","6","4","09","11","2","","0","1","0","0","0"
"POINT (9.759056979000036 52.395968768000046)","Unfall 164656 (2023) Kat:3, Licht: 0","164656","3","5","1","09","20","2","","0","1","1","0","0"
"POINT (9.803845435000028 52.391548913000065)","Unfall 164657 (2023) Kat:3, Licht: 0","164657","3","5","1","09","13","2","","0","0","1","0","0"
"POINT (9.739173248000043 52.376951241000029)","Unfall 164671 (2023) Kat:3, Licht: 2","164671","3","1","0","09","03","1","","2","0","0","0","0"
"POINT (9.819383534000053 52.390433626000060)","Unfall 164674 (2023) Kat:3, Licht: 0","164674","3","6","2","09","17","1","","0","0","1","0","0"
"POINT (9.670614898000053 52.365016656000080)","Unfall 164692 (2023) Kat:3, Licht: 0","164692","3","7","0","09","09","7","","0","0","0","0","0"
"POINT (9.733742070000062 52.379808836000052)","Unfall 164693 (2023) Kat:3, Licht: 0","164693","3","3","5","09","12","7","","0","1","1","0","0"
"POINT (9.745526870000049 52.374920177000035)","Unfall 164714 (2023) Kat:3, Licht: 2","164714","3","7","0","09","20","6","","2","1","0","0","0"
"POINT (9.710650414000042 52.370701311000062)","Unfall 164715 (2023) Kat:3, Licht: 0","164715","3","1","8","09","18","6","","0","1","0","0","0"
"POINT (9.773008020000077 52.345235019000029)","Unfall 164716 (2023) Kat:3, Licht: 0","164716","3","3","5","09","11","6","","0","1","0","0","0"
"POINT (9.740812424000069 52.388427287000070)","Unfall 164718 (2023) Kat:2, Licht: 0","164718","2","2","6","09","11","6","","0","0","0","1","0"
"POINT (9.692307767000045 52.398135985000067)","Unfall 164719 (2023) Kat:3, Licht: 1","164719","3","2","5","09","18","6","","1","1","1","0","0"
"POINT (9.758879057000058 52.417299668000055)","Unfall 164720 (2023) Kat:3, Licht: 0","164720","3","4","6","09","13","6","","0","0","1","1","0"
"POINT (9.762992581000049 52.369533813000032)","Unfall 164721 (2023) Kat:3, Licht: 2","164721","3","5","1","09","01","6","","2","0","1","0","0"
"POINT (9.815636408000046 52.395887755000047)","Unfall 164750 (2023) Kat:3, Licht: 0","164750","3","3","5","09","17","5","","0","1","1","0","0"
"POINT (9.809737749000021 52.398074181000027)","Unfall 164751 (2023) Kat:3, Licht: 0","164751","3","6","2","09","16","5","","0","0","1","0","0"
"POINT (9.738507448000064 52.363360627000077)","Unfall 164752 (2023) Kat:3, Licht: 2","164752","3","2","4","09","19","5","","2","1","1","0","0"
"POINT (9.738882362000027 52.420924580000076)","Unfall 164753 (2023) Kat:3, Licht: 0","164753","3","3","5","09","12","5","","0","0","1","0","0"
"POINT (9.813057427000047 52.359652372000028)","Unfall 164754 (2023) Kat:3, Licht: 2","164754","3","3","5","09","19","5","","2","1","1","0","0"
"POINT (9.771501925000052 52.351460536000047)","Unfall 164757 (2023) Kat:3, Licht: 0","164757","3","6","2","09","15","5","","0","0","1","0","0"
"POINT (9.814316283000039 52.331893217000072)","Unfall 164758 (2023) Kat:3, Licht: 0","164758","3","2","4","09","16","5","","0","0","1","0","0"
"POINT (9.716062894000061 52.362434650000068)","Unfall 164759 (2023) Kat:3, Licht: 2","164759","3","2","6","09","05","5","","2","0","0","1","0"
"POINT (9.684715874000062 52.395979523000051)","Unfall 164773 (2023) Kat:3, Licht: 0","164773","3","7","7","09","12","4","","0","0","1","0","0"
"POINT (9.718060539000021 52.361912494000080)","Unfall 164774 (2023) Kat:3, Licht: 0","164774","3","2","5","09","07","4","","0","1","1","0","0"
"POINT (9.735847269000033 52.370591209000054)","Unfall 164777 (2023) Kat:3, Licht: 0","164777","3","5","1","09","17","4","","0","1","1","0","0"
"POINT (9.723145456000054 52.387389806000044)","Unfall 164802 (2023) Kat:3, Licht: 0","164802","3","7","6","09","09","3","","0","0","1","1","0"
"POINT (9.852742984000031 52.391928422000035)","Unfall 164803 (2023) Kat:3, Licht: 0","164803","3","7","0","09","14","3","","0","1","0","0","0"
"POINT (9.762415399000076 52.410288420000029)","Unfall 164804 (2023) Kat:3, Licht: 1","164804","3","6","3","09","19","3","","1","0","1","0","0"
"POINT (9.751793158000055 52.373021439000070)","Unfall 164809 (2023) Kat:2, Licht: 0","164809","2","3","5","09","17","3","","0","1","1","0","0"
"POINT (9.665819788000022 52.401759054000081)","Unfall 164820 (2023) Kat:3, Licht: 1","164820","3","3","5","09","19","1","","1","1","1","0","0"
"POINT (9.811616678000064 52.388942646000032)","Unfall 164840 (2023) Kat:3, Licht: 0","164840","3","7","6","09","10","2","","0","0","1","1","0"
"POINT (9.739405747000035 52.375094242000046)","Unfall 164841 (2023) Kat:3, Licht: 0","164841","3","6","0","09","11","2","","0","1","0","1","0"
"POINT (9.713276942000050 52.371448067000074)","Unfall 164842 (2023) Kat:3, Licht: 0","164842","3","7","0","09","14","2","","0","1","0","0","0"
"POINT (9.795856755000045 52.404603243000054)","Unfall 164846 (2023) Kat:3, Licht: 0","164846","3","3","5","09","17","2","","0","1","1","0","0"
"POINT (9.741677794000054 52.380240043000072)","Unfall 164847 (2023) Kat:3, Licht: 0","164847","3","3","5","09","11","2","","0","1","0","0","0"
"POINT (9.753962895000029 52.379431644000078)","Unfall 164874 (2023) Kat:3, Licht: 0","164874","3","2","0","09","11","1","","0","1","1","0","0"
"POINT (9.768825035000077 52.338135906000048)","Unfall 164892 (2023) Kat:3, Licht: 0","164892","3","2","4","09","17","7","","0","1","1","0","0"
"POINT (9.749308453000026 52.399344398000039)","Unfall 164893 (2023) Kat:3, Licht: 0","164893","3","7","9","09","17","7","","0","1","0","0","0"
"POINT (9.764195463000021 52.381228472000032)","Unfall 164894 (2023) Kat:3, Licht: 0","164894","3","2","3","09","12","7","","0","1","1","0","0"
"POINT (9.714570446000039 52.367356155000039)","Unfall 164897 (2023) Kat:3, Licht: 2","164897","3","5","1","09","05","7","","2","1","0","0","0"
"POINT (9.730952180000031 52.394992557000080)","Unfall 164926 (2023) Kat:3, Licht: 0","164926","3","3","5","09","09","6","","0","0","1","0","0"
"POINT (9.719911282000055 52.391697017000070)","Unfall 164927 (2023) Kat:3, Licht: 0","164927","3","3","5","09","07","6","","0","0","1","0","0"
"POINT (9.834257786000023 52.383844192000026)","Unfall 164928 (2023) Kat:3, Licht: 2","164928","3","6","2","09","00","6","","2","0","0","0","0"
"POINT (9.838483402000065 52.392974096000046)","Unfall 164930 (2023) Kat:3, Licht: 0","164930","3","3","5","09","16","6","","0","1","1","0","0"
"POINT (9.675756984000031 52.356776165000042)","Unfall 164931 (2023) Kat:3, Licht: 0","164931","3","7","1","09","18","6","","0","1","1","0","0"
"POINT (9.678006495000034 52.395678227000076)","Unfall 164932 (2023) Kat:3, Licht: 0","164932","3","2","5","09","12","6","","0","0","1","0","0"
"POINT (9.738914418000036 52.390728345000070)","Unfall 164933 (2023) Kat:3, Licht: 0","164933","3","4","6","09","13","6","","0","0","1","1","0"
"POINT (9.759189528000036 52.361706409000078)","Unfall 164968 (2023) Kat:3, Licht: 1","164968","3","2","5","09","19","5","","1","1","1","0","0"
"POINT (9.734566094000058 52.379933946000051)","Unfall 164969 (2023) Kat:3, Licht: 0","164969","3","3","5","09","08","5","","0","1","1","0","0"
"POINT (9.705253021000033 52.373476372000027)","Unfall 164970 (2023) Kat:3, Licht: 2","164970","3","5","1","09","20","5","","2","1","1","0","0"
"POINT (9.763551885000027 52.368847297000059)","Unfall 165007 (2023) Kat:3, Licht: 0","165007","3","2","3","09","16","4","","0","1","0","0","0"
"POINT (9.739135746000045 52.370583356000054)","Unfall 165008 (2023) Kat:3, Licht: 0","165008","3","5","1","09","15","4","","0","1","1","0","0"
"POINT (9.763047536000045 52.407700538000029)","Unfall 165009 (2023) Kat:3, Licht: 0","165009","3","7","0","09","15","4","","0","1","0","0","0"
"POINT (9.782097989000022 52.325278542000035)","Unfall 165010 (2023) Kat:3, Licht: 0","165010","3","7","0","09","12","4","","0","1","0","1","0"
"POINT (9.788581510000029 52.331001131000050)","Unfall 165011 (2023) Kat:3, Licht: 0","165011","3","2","3","09","16","4","","0","1","1","0","0"
"POINT (9.740711463000025 52.377718072000050)","Unfall 165051 (2023) Kat:3, Licht: 2","165051","3","7","0","09","23","3","","2","1","0","0","0"
"POINT (9.798055465000061 52.422387634000074)","Unfall 165052 (2023) Kat:3, Licht: 1","165052","3","1","0","09","06","3","","1","0","0","0","0"
"POINT (9.721379236000075 52.387487662000069)","Unfall 165073 (2023) Kat:3, Licht: 0","165073","3","5","1","09","16","6","","0","0","1","0","0"
"POINT (9.743908246000046 52.411301015000049)","Unfall 165086 (2023) Kat:3, Licht: 0","165086","3","3","5","09","19","2","","0","0","1","0","0"
"POINT (9.757965540000043 52.396031686000072)","Unfall 165087 (2023) Kat:3, Licht: 0","165087","3","2","0","09","16","2","","0","1","0","0","0"
"POINT (9.738640830000065 52.381398969000031)","Unfall 165088 (2023) Kat:3, Licht: 0","165088","3","3","5","09","13","2","","0","1","1","0","0"
"POINT (9.754989525000042 52.363107102000072)","Unfall 165111 (2023) Kat:3, Licht: 2","165111","3","1","0","09","01","1","","2","1","0","0","0"
"POINT (9.657275650000031 52.386499907000029)","Unfall 165114 (2023) Kat:3, Licht: 0","165114","3","1","0","09","17","1","","0","1","0","0","0"
"POINT (9.809202432000063 52.321476521000079)","Unfall 165137 (2023) Kat:3, Licht: 0","165137","3","3","5","09","17","7","","0","0","1","0","0"
"POINT (9.720267105000062 52.375332574000026)","Unfall 165165 (2023) Kat:3, Licht: 2","165165","3","7","0","09","23","6","","2","1","0","0","0"
"POINT (9.739569429000028 52.379465134000043)","Unfall 165166 (2023) Kat:3, Licht: 0","165166","3","2","4","09","11","6","","0","1","1","0","0"
"POINT (9.771601026000042 52.360042394000061)","Unfall 165170 (2023) Kat:3, Licht: 0","165170","3","6","3","09","12","6","","0","1","0","0","0"
"POINT (9.703531102000056 52.375607074000072)","Unfall 165171 (2023) Kat:3, Licht: 0","165171","3","3","5","09","13","6","","0","0","1","0","0"
"POINT (9.821804481000072 52.403986693000036)","Unfall 165205 (2023) Kat:3, Licht: 0","165205","3","5","0","09","08","5","","0","1","0","0","0"
"POINT (9.809192280000048 52.347744544000079)","Unfall 165206 (2023) Kat:3, Licht: 0","165206","3","3","5","09","08","5","","0","1","1","0","0"
"POINT (9.745808692000026 52.378707886000029)","Unfall 165207 (2023) Kat:3, Licht: 0","165207","3","6","4","09","11","5","","0","1","0","1","0"
"POINT (9.706980557000065 52.370145932000071)","Unfall 165208 (2023) Kat:2, Licht: 1","165208","2","3","5","09","19","5","","1","0","1","0","1"
"POINT (9.739930763000075 52.366710933000036)","Unfall 165209 (2023) Kat:3, Licht: 0","165209","3","3","5","09","09","5","","0","1","0","0","0"
"POINT (9.667465627000070 52.415457077000042)","Unfall 165255 (2023) Kat:3, Licht: 0","165255","3","7","9","09","14","4","","0","0","1","0","0"
"POINT (9.732957091000060 52.392038511000067)","Unfall 165256 (2023) Kat:3, Licht: 0","165256","3","7","1","09","07","4","","0","1","1","0","0"
"POINT (9.728567984000051 52.370456712000077)","Unfall 165257 (2023) Kat:3, Licht: 0","165257","3","7","0","09","14","4","","0","0","0","0","0"
"POINT (9.764195463000021 52.381228472000032)","Unfall 165258 (2023) Kat:3, Licht: 0","165258","3","7","0","09","12","4","","0","1","0","0","0"
"POINT (9.701092121000045 52.341393494000044)","Unfall 165264 (2023) Kat:3, Licht: 0","165264","3","2","5","09","11","4","","0","1","1","0","0"
"POINT (9.683333457000060 52.345699830000058)","Unfall 165265 (2023) Kat:3, Licht: 0","165265","3","3","5","09","12","4","","0","1","1","0","0"
"POINT (9.652190767000036 52.415336997000054)","Unfall 165312 (2023) Kat:3, Licht: 0","165312","3","2","3","09","15","3","","0","1","1","0","0"
"POINT (9.833408684000062 52.385039461000076)","Unfall 165313 (2023) Kat:3, Licht: 0","165313","3","5","0","09","14","3","","0","1","0","0","0"
"POINT (9.771363980000046 52.351737633000027)","Unfall 165314 (2023) Kat:3, Licht: 0","165314","3","6","2","09","15","3","","0","0","1","0","0"
"POINT (9.745152677000021 52.355500265000046)","Unfall 165317 (2023) Kat:2, Licht: 0","165317","2","7","0","09","18","3","","0","0","1","0","1"
"POINT (9.748437237000076 52.354650812000045)","Unfall 165350 (2023) Kat:3, Licht: 0","165350","3","7","0","09","17","2","","0","1","0","0","0"
"POINT (9.727066036000053 52.351583911000034)","Unfall 165351 (2023) Kat:3, Licht: 0","165351","3","2","5","09","07","2","","0","1","1","0","0"
"POINT (9.744898302000024 52.384848020000049)","Unfall 165352 (2023) Kat:3, Licht: 0","165352","3","5","1","09","10","2","","0","1","1","0","0"
"POINT (9.752619015000050 52.376277457000072)","Unfall 165357 (2023) Kat:3, Licht: 0","165357","3","3","0","09","12","2","","0","1","1","0","0"
"POINT (9.727859401000046 52.389561366000066)","Unfall 165402 (2023) Kat:3, Licht: 0","165402","3","7","0","09","12","7","","0","0","0","0","0"
"POINT (9.813937366000062 52.410815847000038)","Unfall 165403 (2023) Kat:3, Licht: 0","165403","3","7","0","09","16","7","","0","1","0","0","0"
"POINT (9.781694620000053 52.400382770000078)","Unfall 165404 (2023) Kat:3, Licht: 0","165404","3","1","1","09","11","7","","0","0","1","0","0"
"POINT (9.695764050000037 52.408943234000049)","Unfall 165406 (2023) Kat:3, Licht: 0","165406","3","2","2","09","16","7","","0","1","1","0","0"
"POINT (9.679052690000049 52.394540281000047)","Unfall 165433 (2023) Kat:3, Licht: 0","165433","3","7","5","09","08","6","","0","0","1","0","0"
"POINT (9.753433335000068 52.382832187000076)","Unfall 165435 (2023) Kat:3, Licht: 0","165435","3","2","0","09","15","6","","0","1","1","0","0"
"POINT (9.742238679000025 52.375465730000030)","Unfall 165437 (2023) Kat:3, Licht: 0","165437","3","1","0","09","19","6","","0","1","0","0","0"
"POINT (9.741556880000076 52.383899814000074)","Unfall 165438 (2023) Kat:3, Licht: 2","165438","3","3","5","09","23","6","","2","0","1","0","0"
"POINT (9.765296265000075 52.367704330000038)","Unfall 165477 (2023) Kat:3, Licht: 0","165477","3","3","5","08","08","5","","0","0","1","0","0"
"POINT (9.734139549000076 52.375408757000059)","Unfall 165478 (2023) Kat:3, Licht: 0","165478","3","4","6","08","14","5","","0","0","1","1","0"
"POINT (9.823937104000038 52.384034757000052)","Unfall 165502 (2023) Kat:3, Licht: 0","165502","3","6","2","08","15","4","","0","1","1","0","1"
"POINT (9.705113936000032 52.367020131000061)","Unfall 165503 (2023) Kat:3, Licht: 1","165503","3","6","3","08","20","4","","1","1","1","0","0"
"POINT (9.750047312000049 52.358916302000068)","Unfall 165507 (2023) Kat:2, Licht: 0","165507","2","4","6","08","17","4","","0","0","1","1","0"
"POINT (9.720679533000066 52.335715711000034)","Unfall 165533 (2023) Kat:3, Licht: 2","165533","3","1","0","08","22","3","","2","1","1","0","0"
"POINT (9.702991491000034 52.375054725000041)","Unfall 165534 (2023) Kat:3, Licht: 0","165534","3","5","3","08","13","3","","0","0","1","0","0"
"POINT (9.838291283000046 52.340985201000080)","Unfall 165539 (2023) Kat:3, Licht: 2","165539","3","7","0","08","22","3","","2","0","1","0","1"
"POINT (9.725499935000073 52.398565122000036)","Unfall 165540 (2023) Kat:3, Licht: 0","165540","3","3","5","09","14","5","","0","1","0","0","0"
"POINT (9.802447877000077 52.377359015000081)","Unfall 165542 (2023) Kat:3, Licht: 0","165542","3","4","6","08","18","3","","0","0","1","1","0"
"POINT (9.754295940000077 52.368614059000038)","Unfall 165573 (2023) Kat:3, Licht: 0","165573","3","3","5","08","11","2","","0","1","1","0","0"
"POINT (9.688599279000073 52.392698131000031)","Unfall 165574 (2023) Kat:3, Licht: 0","165574","3","7","4","08","12","2","","0","0","1","0","0"
"POINT (9.694052240000076 52.344885618000035)","Unfall 165575 (2023) Kat:3, Licht: 2","165575","3","7","8","08","03","2","","2","0","1","0","0"
"POINT (9.705020076000039 52.377314230000081)","Unfall 165576 (2023) Kat:3, Licht: 0","165576","3","5","1","08","07","2","","0","1","1","0","0"
"POINT (9.775704817000076 52.403845638000064)","Unfall 165579 (2023) Kat:3, Licht: 0","165579","3","4","6","08","16","2","","0","0","1","1","0"
"POINT (9.716695235000032 52.333817496000052)","Unfall 165580 (2023) Kat:3, Licht: 0","165580","3","6","2","08","16","2","","0","0","1","0","0"
"POINT (9.720398978000048 52.391461739000079)","Unfall 165604 (2023) Kat:3, Licht: 0","165604","3","7","0","08","17","1","","0","1","0","0","0"
"POINT (9.746259910000049 52.373983351000049)","Unfall 165605 (2023) Kat:3, Licht: 0","165605","3","5","1","08","14","1","","0","1","1","0","0"
"POINT (9.730481223000027 52.391250844000069)","Unfall 165612 (2023) Kat:3, Licht: 0","165612","3","2","4","09","18","1","","0","1","1","0","0"
"POINT (9.757085769000071 52.364433198000029)","Unfall 165619 (2023) Kat:3, Licht: 0","165619","3","1","0","08","12","7","","0","0","0","0","1"
"POINT (9.727487575000055 52.376898814000072)","Unfall 165620 (2023) Kat:3, Licht: 0","165620","3","6","4","08","10","7","","0","1","1","0","0"
"POINT (9.764287016000026 52.395889122000028)","Unfall 165621 (2023) Kat:3, Licht: 0","165621","3","1","0","08","16","7","","0","1","0","0","0"
"POINT (9.771921267000039 52.417215935000058)","Unfall 165625 (2023) Kat:3, Licht: 0","165625","3","3","5","08","15","7","","0","1","0","0","0"
"POINT (9.712883798000064 52.371044839000035)","Unfall 165626 (2023) Kat:3, Licht: 0","165626","3","4","6","08","14","7","","0","0","0","1","0"
"POINT (9.725032358000021 52.346463756000048)","Unfall 165661 (2023) Kat:3, Licht: 0","165661","3","5","1","08","13","6","","0","1","0","0","0"
"POINT (9.723276993000070 52.372345493000068)","Unfall 165662 (2023) Kat:3, Licht: 0","165662","3","6","3","08","11","6","","0","0","1","0","0"
"POINT (9.792231253000068 52.396697683000070)","Unfall 165666 (2023) Kat:3, Licht: 0","165666","3","6","3","09","11","4","","0","1","0","0","0"
"POINT (9.756380170000057 52.394478428000070)","Unfall 165667 (2023) Kat:3, Licht: 2","165667","3","3","5","08","03","6","","2","0","1","0","0"
"POINT (9.798678491000032 52.334603258000072)","Unfall 165680 (2023) Kat:3, Licht: 0","165680","3","3","0","09","14","7","","0","0","1","0","0"
"POINT (9.669850622000070 52.347927247000030)","Unfall 165709 (2023) Kat:3, Licht: 0","165709","3","6","2","08","16","5","","0","0","1","0","0"
"POINT (9.852444299000069 52.400320016000080)","Unfall 165714 (2023) Kat:3, Licht: 0","165714","3","7","9","08","18","2","","0","0","1","0","0"
"POINT (9.660532219000061 52.380067250000081)","Unfall 165728 (2023) Kat:3, Licht: 0","165728","3","1","6","11","09","4","","0","0","1","1","0"
"POINT (9.659023281000032 52.405831678000027)","Unfall 165746 (2023) Kat:3, Licht: 0","165746","3","7","0","11","11","4","","0","1","0","0","0"
"POINT (9.799165209000023 52.408981533000031)","Unfall 165747 (2023) Kat:3, Licht: 0","165747","3","6","6","11","13","4","","0","0","1","1","0"
"POINT (9.802861295000071 52.401504854000052)","Unfall 165751 (2023) Kat:3, Licht: 0","165751","3","5","1","11","14","4","","0","1","1","0","0"
"POINT (9.737852898000028 52.382019305000028)","Unfall 165752 (2023) Kat:3, Licht: 0","165752","3","1","0","11","08","4","","0","0","0","0","0"
"POINT (9.769799867000074 52.397014073000037)","Unfall 165762 (2023) Kat:3, Licht: 2","165762","3","1","8","10","02","3","","2","0","1","0","0"
"POINT (9.762912417000052 52.360546993000071)","Unfall 165781 (2023) Kat:3, Licht: 0","165781","3","2","6","10","09","2","","0","0","1","1","0"
"POINT (9.735846062000064 52.399323627000058)","Unfall 165782 (2023) Kat:3, Licht: 1","165782","3","2","5","10","21","2","","1","1","1","0","0"
"POINT (9.720081606000065 52.375176765000049)","Unfall 165783 (2023) Kat:3, Licht: 0","165783","3","2","4","10","11","2","","0","1","1","0","0"
"POINT (9.741049788000055 52.395034655000075)","Unfall 165785 (2023) Kat:3, Licht: 1","165785","3","3","5","10","16","2","","1","1","1","0","0"
"POINT (9.743195684000057 52.382442897000033)","Unfall 165786 (2023) Kat:3, Licht: 2","165786","3","3","5","10","23","2","","2","0","1","0","0"
"POINT (9.717117937000069 52.341810770000052)","Unfall 165806 (2023) Kat:3, Licht: 2","165806","3","3","5","10","18","1","","2","0","1","0","0"
"POINT (9.704522178000047 52.375107796000066)","Unfall 165807 (2023) Kat:3, Licht: 0","165807","3","7","0","10","16","1","","0","1","1","0","0"
"POINT (9.709190893000027 52.341917213000045)","Unfall 165821 (2023) Kat:3, Licht: 2","165821","3","2","5","10","19","7","","2","0","1","0","0"
"POINT (9.656641662000027 52.407511899000042)","Unfall 165822 (2023) Kat:3, Licht: 0","165822","3","1","0","10","12","7","","0","1","0","0","0"
"POINT (9.684199133000050 52.393606871000031)","Unfall 165844 (2023) Kat:3, Licht: 2","165844","3","4","6","10","21","6","","2","0","0","1","0"
"POINT (9.718466497000065 52.374420995000037)","Unfall 165845 (2023) Kat:3, Licht: 1","165845","3","7","0","10","07","6","","1","1","0","0","0"
"POINT (9.669938696000031 52.363137071000040)","Unfall 165846 (2023) Kat:3, Licht: 0","165846","3","3","5","10","13","6","","0","1","1","0","0"
"POINT (9.771094338000069 52.352279263000071)","Unfall 165847 (2023) Kat:1, Licht: 2","165847","1","6","6","10","18","6","","2","0","0","1","0"
"POINT (9.767776649000041 52.358124943000064)","Unfall 165848 (2023) Kat:3, Licht: 2","165848","3","2","6","10","06","6","","2","0","1","1","0"
"POINT (9.682682221000050 52.411712293000051)","Unfall 165872 (2023) Kat:3, Licht: 0","165872","3","3","0","10","13","5","","0","0","1","0","0"
"POINT (9.765408561000072 52.418220352000048)","Unfall 165876 (2023) Kat:2, Licht: 0","165876","2","4","6","10","11","5","","0","0","1","1","0"
"POINT (9.738245426000049 52.381999332000078)","Unfall 165877 (2023) Kat:3, Licht: 2","165877","3","3","5","10","06","5","","2","0","1","0","0"
"POINT (9.672623061000024 52.377126704000034)","Unfall 165879 (2023) Kat:3, Licht: 2","165879","3","3","5","10","05","5","","2","1","1","0","0"
"POINT (9.689555785000039 52.326663390000078)","Unfall 165902 (2023) Kat:3, Licht: 0","165902","3","7","0","10","12","4","","0","0","0","0","1"
"POINT (9.737435219000076 52.372108935000028)","Unfall 165903 (2023) Kat:3, Licht: 0","165903","3","6","0","10","10","4","","0","1","1","0","0"
"POINT (9.711865940000052 52.370810167000059)","Unfall 165904 (2023) Kat:3, Licht: 2","165904","3","2","6","10","22","4","","2","0","1","1","0"
"POINT (9.744134570000028 52.372759293000058)","Unfall 165912 (2023) Kat:3, Licht: 0","165912","3","1","0","10","13","6","","0","1","0","0","0"
"POINT (9.790348210000047 52.408127623000041)","Unfall 165927 (2023) Kat:3, Licht: 2","165927","3","6","2","10","18","3","","2","0","1","0","0"
"POINT (9.736665186000039 52.412478302000068)","Unfall 165931 (2023) Kat:3, Licht: 2","165931","3","3","5","10","07","3","","2","1","1","0","0"
"POINT (9.738972815000068 52.368763245000082)","Unfall 165954 (2023) Kat:3, Licht: 0","165954","3","4","6","10","11","2","","0","1","0","1","0"
"POINT (9.771451836000040 52.365050457000052)","Unfall 165967 (2023) Kat:3, Licht: 2","165967","3","6","2","10","02","1","","2","0","1","1","0"
"POINT (9.718626694000022 52.331555543000036)","Unfall 165968 (2023) Kat:3, Licht: 2","165968","3","6","2","10","19","1","","2","0","1","0","0"
"POINT (9.812461115000076 52.386748474000058)","Unfall 165986 (2023) Kat:3, Licht: 0","165986","3","5","3","10","13","7","","0","1","1","0","0"
"POINT (9.739572250000037 52.376880639000035)","Unfall 165987 (2023) Kat:3, Licht: 0","165987","3","7","0","10","13","7","","0","1","0","0","0"
"POINT (9.663838139000063 52.378007228000058)","Unfall 165988 (2023) Kat:3, Licht: 0","165988","3","3","5","10","11","7","","0","0","1","0","0"
"POINT (9.838707893000048 52.342022199000041)","Unfall 165989 (2023) Kat:3, Licht: 2","165989","3","3","5","10","18","7","","2","0","1","0","0"
"POINT (9.769825756000046 52.417744595000045)","Unfall 165990 (2023) Kat:3, Licht: 0","165990","3","4","6","10","14","7","","0","0","1","1","0"
"POINT (9.823897936000037 52.383464712000034)","Unfall 166015 (2023) Kat:3, Licht: 0","166015","3","3","5","10","15","6","","0","0","1","0","0"
"POINT (9.725256090000073 52.396388802000047)","Unfall 166016 (2023) Kat:3, Licht: 0","166016","3","3","5","10","15","6","","0","0","1","0","0"
"POINT (9.788559388000067 52.371766858000058)","Unfall 166045 (2023) Kat:3, Licht: 0","166045","3","4","6","10","08","5","","0","0","1","1","0"
"POINT (9.734083756000075 52.375492688000065)","Unfall 166062 (2023) Kat:3, Licht: 2","166062","3","1","9","10","23","4","","2","0","0","0","0"
"POINT (9.667826156000046 52.415561383000068)","Unfall 166063 (2023) Kat:3, Licht: 0","166063","3","6","6","10","08","5","","0","0","1","1","0"
"POINT (9.622560652000061 52.413158080000073)","Unfall 166109 (2023) Kat:3, Licht: 2","166109","3","1","9","10","18","2","","2","0","1","0","0"
"POINT (9.732905037000023 52.374540425000077)","Unfall 166110 (2023) Kat:3, Licht: 0","166110","3","6","6","10","11","2","","0","0","0","1","0"
"POINT (9.722270110000068 52.362689136000029)","Unfall 166111 (2023) Kat:3, Licht: 1","166111","3","2","3","10","17","2","","1","1","1","0","0"
"POINT (9.628963231000057 52.411395243000072)","Unfall 166112 (2023) Kat:2, Licht: 2","166112","2","6","2","10","05","2","","2","0","1","0","1"
"POINT (9.740546748000042 52.397571674000062)","Unfall 166125 (2023) Kat:3, Licht: 2","166125","3","1","0","10","19","1","","2","0","0","0","0"
"POINT (9.743855132000022 52.379313774000082)","Unfall 166127 (2023) Kat:3, Licht: 2","166127","3","4","6","10","01","1","","2","0","1","1","0"
"POINT (9.712695184000040 52.372530908000044)","Unfall 166148 (2023) Kat:3, Licht: 2","166148","3","3","5","10","22","7","","2","0","1","0","0"