WKT,Name,OBJECTID,UKATEGORIE,UTYP1,UART,UMONAT,USTUNDE,UWOCHENTAG,STRZUSTAND,ULICHTVERH,ISTRAD,ISTPKW,ISTFUSS,ISTKRAD
"POINT (9.694992675000037 52.372431172000063)","Unfall 166152 (2023) Kat:3, Licht: 0","166152","3","4","6","10","13","7","","0","0","1","1","0"
"POINT (9.743192003000047 52.396676566000053)","Unfall 166153 (2023) Kat:3, Licht: 2","166153","3","1","0","10","04","7","","2","1","0","0","0"
"POINT (9.772786647000032 52.364504859000078)","Unfall 166184 (2023) Kat:3, Licht: 0","166184","3","6","3","10","12","6","","0","0","1","0","1"
"POINT (9.701453952000065 52.395904746000042)","Unfall 166185 (2023) Kat:2, Licht: 0","166185","2","2","5","10","12","6","","0","1","1","0","0"
"POINT (9.721010169000067 52.361723776000076)","Unfall 166186 (2023) Kat:3, Licht: 2","166186","3","2","2","10","19","6","","2","0","1","0","0"
"POINT (9.726658075000046 52.388641564000068)","Unfall 166187 (2023) Kat:3, Licht: 0","166187","3","5","3","10","12","6","","0","0","1","0","0"
"POINT (9.730162403000065 52.376281142000039)","Unfall 166188 (2023) Kat:3, Licht: 2","166188","3","4","6","10","19","6","","2","1","0","1","0"
"POINT (9.737635099000045 52.381776918000071)","Unfall 166189 (2023) Kat:3, Licht: 0","166189","3","6","4","10","18","6","","0","1","0","0","0"
"POINT (9.790531479000038 52.407499148000056)","Unfall 166190 (2023) Kat:3, Licht: 0","166190","3","6","2","10","12","6","","0","0","1","0","0"
"POINT (9.746943509000062 52.392679876000045)","Unfall 166191 (2023) Kat:3, Licht: 0","166191","3","2","3","10","09","6","","0","1","1","0","0"
"POINT (9.735172185000067 52.362394474000041)","Unfall 166194 (2023) Kat:2, Licht: 2","166194","2","7","8","10","23","6","","2","0","0","0","0"
"POINT (9.719883058000050 52.387965141000052)","Unfall 166221 (2023) Kat:3, Licht: 0","166221","3","3","5","10","16","5","","0","1","1","0","0"
"POINT (9.784192823000069 52.398273142000050)","Unfall 166223 (2023) Kat:3, Licht: 0","166223","3","6","2","10","08","5","","0","0","1","0","0"
"POINT (9.821383390000051 52.341717797000058)","Unfall 166224 (2023) Kat:3, Licht: 2","166224","3","6","2","10","07","5","","2","0","1","0","0"
"POINT (9.820569585000044 52.359727245000045)","Unfall 166225 (2023) Kat:3, Licht: 2","166225","3","6","2","10","18","5","","2","0","1","0","0"
"POINT (9.737711269000044 52.382127125000068)","Unfall 166226 (2023) Kat:3, Licht: 0","166226","3","6","2","10","13","5","","0","0","1","0","1"
"POINT (9.708151929000053 52.367157373000055)","Unfall 166229 (2023) Kat:2, Licht: 0","166229","2","7","0","10","17","5","","0","1","0","0","0"
"POINT (9.716380077000053 52.382255000000043)","Unfall 166230 (2023) Kat:3, Licht: 2","166230","3","1","0","10","01","5","","2","0","0","0","0"
"POINT (9.782202277000067 52.372098050000034)","Unfall 166259 (2023) Kat:3, Licht: 0","166259","3","6","1","10","17","4","","0","0","1","0","0"
"POINT (9.687178096000025 52.417402029000073)","Unfall 166260 (2023) Kat:3, Licht: 0","166260","3","3","5","10","07","4","","0","1","1","0","0"
"POINT (9.673610128000064 52.365298006000046)","Unfall 166261 (2023) Kat:3, Licht: 2","166261","3","4","6","10","19","4","","2","0","1","1","0"
"POINT (9.788524853000069 52.331129999000041)","Unfall 166262 (2023) Kat:3, Licht: 2","166262","3","3","5","10","06","4","","2","0","1","0","0"
"POINT (9.740918245000046 52.380407302000037)","Unfall 166263 (2023) Kat:3, Licht: 0","166263","3","6","3","10","17","4","","0","0","1","0","0"
"POINT (9.791506147000064 52.402870701000040)","Unfall 166264 (2023) Kat:3, Licht: 0","166264","3","2","2","10","15","4","","0","0","1","0","0"
"POINT (9.754433921000043 52.395479413000032)","Unfall 166267 (2023) Kat:2, Licht: 0","166267","2","7","1","10","09","4","","0","1","1","0","0"
"POINT (9.795770934000075 52.375455776000081)","Unfall 166291 (2023) Kat:2, Licht: 2","166291","2","7","0","10","06","3","","2","1","0","0","0"
"POINT (9.728868831000057 52.347749836000048)","Unfall 166292 (2023) Kat:3, Licht: 0","166292","3","6","0","10","12","3","","0","0","0","0","1"
"POINT (9.756843949000029 52.364171958000043)","Unfall 166294 (2023) Kat:3, Licht: 1","166294","3","5","1","10","18","3","","1","1","1","0","0"
"POINT (9.740871592000076 52.360786215000076)","Unfall 166295 (2023) Kat:3, Licht: 0","166295","3","6","2","10","16","3","","0","0","1","0","0"
"POINT (9.739331855000046 52.394400721000068)","Unfall 166296 (2023) Kat:3, Licht: 1","166296","3","3","5","10","18","3","","1","0","1","0","1"
"POINT (9.663709468000036 52.409720449000076)","Unfall 166297 (2023) Kat:3, Licht: 0","166297","3","3","5","10","17","3","","0","1","1","0","0"
"POINT (9.672016432000021 52.354784979000044)","Unfall 166323 (2023) Kat:3, Licht: 0","166323","3","7","0","10","17","2","","0","0","0","0","1"
"POINT (9.705596598000056 52.407442104000040)","Unfall 166325 (2023) Kat:3, Licht: 0","166325","3","3","5","10","13","2","","0","0","1","0","0"
"POINT (9.744529882000052 52.395147012000052)","Unfall 166327 (2023) Kat:3, Licht: 0","166327","3","2","2","10","17","2","","0","0","1","0","0"
"POINT (9.634915571000022 52.416595117000043)","Unfall 166328 (2023) Kat:3, Licht: 2","166328","3","3","5","10","06","2","","2","1","1","0","0"
"POINT (9.691321252000023 52.396529953000027)","Unfall 166345 (2023) Kat:3, Licht: 1","166345","3","6","6","10","19","1","","1","0","1","1","0"
"POINT (9.710666642000035 52.379491564000034)","Unfall 166346 (2023) Kat:3, Licht: 0","166346","3","1","0","10","10","4","","0","1","0","0","0"
"POINT (9.728064699000072 52.399760877000062)","Unfall 166347 (2023) Kat:3, Licht: 0","166347","3","1","0","10","15","1","","0","1","0","0","0"
"POINT (9.728551747000040 52.378076352000051)","Unfall 166348 (2023) Kat:3, Licht: 2","166348","3","1","0","10","01","1","","2","0","0","0","0"
"POINT (9.766075681000075 52.382007741000052)","Unfall 166368 (2023) Kat:3, Licht: 0","166368","3","2","0","10","15","7","","0","1","1","0","0"
"POINT (9.676265120000039 52.397390891000043)","Unfall 166387 (2023) Kat:3, Licht: 0","166387","3","3","5","10","16","3","","0","1","1","0","0"
"POINT (9.727815668000062 52.342333553000060)","Unfall 166394 (2023) Kat:3, Licht: 0","166394","3","3","5","10","08","6","","0","0","1","0","0"
"POINT (9.717303155000025 52.373142376000033)","Unfall 166395 (2023) Kat:3, Licht: 2","166395","3","6","4","10","22","6","","2","0","0","0","0"
"POINT (9.804856439000048 52.409469086000058)","Unfall 166396 (2023) Kat:3, Licht: 0","166396","3","6","2","10","12","6","","0","0","1","0","0"
"POINT (9.745708244000070 52.384365255000034)","Unfall 166398 (2023) Kat:3, Licht: 0","166398","3","5","1","10","14","6","","0","1","1","0","0"
"POINT (9.736058234000041 52.416320126000073)","Unfall 166402 (2023) Kat:3, Licht: 0","166402","3","2","5","10","15","6","","0","0","1","0","0"
"POINT (9.708249188000025 52.373180511000044)","Unfall 166403 (2023) Kat:3, Licht: 2","166403","3","1","0","10","01","6","","2","0","0","0","0"
"POINT (9.670339160000026 52.399522185000080)","Unfall 166446 (2023) Kat:3, Licht: 1","166446","3","2","3","10","19","5","","1","1","1","0","0"
"POINT (9.678970440000057 52.416113848000066)","Unfall 166448 (2023) Kat:3, Licht: 0","166448","3","6","2","10","13","5","","0","0","1","0","1"
"POINT (9.717983655000069 52.361943836000080)","Unfall 166449 (2023) Kat:3, Licht: 0","166449","3","7","0","10","10","5","","0","1","0","0","0"
"POINT (9.797167569000067 52.418633537000062)","Unfall 166450 (2023) Kat:3, Licht: 2","166450","3","1","9","10","20","5","","2","0","1","0","0"
"POINT (9.805161412000075 52.399541520000071)","Unfall 166451 (2023) Kat:3, Licht: 0","166451","3","2","5","10","11","5","","0","1","1","0","0"
"POINT (9.719263392000073 52.366123741000081)","Unfall 166453 (2023) Kat:3, Licht: 0","166453","3","2","5","10","11","5","","0","0","1","0","0"
"POINT (9.753119218000052 52.387228921000030)","Unfall 166454 (2023) Kat:3, Licht: 2","166454","3","5","2","10","20","5","","2","0","1","0","0"
"POINT (9.707310038000060 52.382528474000026)","Unfall 166478 (2023) Kat:3, Licht: 0","166478","3","3","5","10","11","6","","0","1","0","0","0"
"POINT (9.767474873000026 52.358035565000080)","Unfall 166491 (2023) Kat:3, Licht: 1","166491","3","2","5","10","18","4","","1","1","0","0","0"
"POINT (9.653649104000067 52.411966354000072)","Unfall 166492 (2023) Kat:3, Licht: 0","166492","3","4","0","10","14","4","","0","0","0","1","1"
"POINT (9.729762257000061 52.402312928000072)","Unfall 166493 (2023) Kat:3, Licht: 0","166493","3","1","0","10","07","4","","0","1","0","0","0"
"POINT (9.729126671000074 52.382889581000029)","Unfall 166494 (2023) Kat:3, Licht: 2","166494","3","1","1","10","06","4","","2","1","1","0","0"
"POINT (9.833333197000059 52.391767325000046)","Unfall 166495 (2023) Kat:3, Licht: 1","166495","3","6","2","10","18","4","","1","1","1","0","0"
"POINT (9.792505667000057 52.326711255000077)","Unfall 166514 (2023) Kat:3, Licht: 0","166514","3","1","8","10","15","3","","0","0","0","0","1"
"POINT (9.741318419000038 52.394372268000041)","Unfall 166516 (2023) Kat:2, Licht: 0","166516","2","1","0","10","15","3","","0","1","0","0","0"
"POINT (9.807589642000039 52.379592714000069)","Unfall 166536 (2023) Kat:3, Licht: 0","166536","3","4","6","10","15","2","","0","0","1","1","0"
"POINT (9.754888100000073 52.367468030000055)","Unfall 166537 (2023) Kat:3, Licht: 2","166537","3","7","0","10","20","2","","2","0","1","0","0"
"POINT (9.666845478000027 52.353579753000076)","Unfall 166538 (2023) Kat:3, Licht: 0","166538","3","3","5","10","11","2","","0","0","1","0","0"
"POINT (9.805878086000064 52.407509247000064)","Unfall 166540 (2023) Kat:3, Licht: 0","166540","3","3","5","10","15","2","","0","1","1","0","0"
"POINT (9.774204025000074 52.373316445000057)","Unfall 166541 (2023) Kat:3, Licht: 2","166541","3","6","2","10","19","2","","2","0","1","0","0"
"POINT (9.735016759000075 52.380244534000042)","Unfall 166542 (2023) Kat:3, Licht: 2","166542","3","3","5","10","22","2","","2","0","1","0","0"
"POINT (9.723759416000064 52.386586897000029)","Unfall 166564 (2023) Kat:3, Licht: 0","166564","3","5","1","10","12","1","","0","1","1","0","0"
"POINT (9.733857037000064 52.376620938000030)","Unfall 166565 (2023) Kat:3, Licht: 2","166565","3","7","0","10","04","1","","2","0","0","0","0"
"POINT (9.730798772000071 52.361894160000077)","Unfall 166566 (2023) Kat:3, Licht: 0","166566","3","6","2","10","15","1","","0","0","1","0","0"
"POINT (9.743902753000043 52.379590577000045)","Unfall 166578 (2023) Kat:3, Licht: 0","166578","3","6","4","10","16","5","","0","1","0","0","0"
"POINT (9.735314976000041 52.378769741000042)","Unfall 166588 (2023) Kat:3, Licht: 0","166588","3","1","0","10","11","2","","0","1","0","0","0"
"POINT (9.724319095000055 52.385611311000048)","Unfall 166591 (2023) Kat:3, Licht: 0","166591","3","5","1","09","14","7","","0","1","1","0","0"
"POINT (9.772491037000066 52.364805466000064)","Unfall 166592 (2023) Kat:3, Licht: 0","166592","3","6","2","09","15","7","","0","0","1","0","0"
"POINT (9.726240463000067 52.373431028000027)","Unfall 166593 (2023) Kat:3, Licht: 0","166593","3","3","5","09","12","7","","0","1","1","0","0"
"POINT (9.755272888000036 52.355574386000058)","Unfall 166618 (2023) Kat:3, Licht: 0","166618","3","7","0","09","08","6","","0","0","0","0","0"
"POINT (9.686515383000028 52.401443688000029)","Unfall 166619 (2023) Kat:3, Licht: 0","166619","3","5","1","09","14","6","","0","1","1","0","0"
"POINT (9.685930480000025 52.348922685000048)","Unfall 166620 (2023) Kat:3, Licht: 0","166620","3","7","0","09","13","6","","0","1","1","1","0"
"POINT (9.723688958000025 52.387302551000062)","Unfall 166623 (2023) Kat:3, Licht: 0","166623","3","7","0","09","13","6","","0","0","0","0","0"
"POINT (9.746578324000041 52.373370333000082)","Unfall 166624 (2023) Kat:3, Licht: 0","166624","3","6","2","09","14","6","","0","0","1","0","0"
"POINT (9.730512281000074 52.374956558000065)","Unfall 166627 (2023) Kat:3, Licht: 2","166627","3","7","3","09","19","6","","2","0","1","0","0"
"POINT (9.713859945000024 52.371295965000058)","Unfall 166628 (2023) Kat:3, Licht: 0","166628","3","2","3","09","14","6","","0","0","1","0","1"
"POINT (9.779084311000076 52.339585039000042)","Unfall 166655 (2023) Kat:3, Licht: 1","166655","3","1","0","09","19","5","","1","1","0","0","0"
"POINT (9.787148364000075 52.373576643000035)","Unfall 166656 (2023) Kat:3, Licht: 0","166656","3","4","6","09","15","5","","0","1","0","1","0"
"POINT (9.726621859000034 52.342634992000058)","Unfall 166695 (2023) Kat:3, Licht: 0","166695","3","3","5","09","16","4","","0","0","1","0","0"
"POINT (9.724829016000058 52.371853543000043)","Unfall 166696 (2023) Kat:3, Licht: 0","166696","3","5","1","09","18","4","","0","1","1","0","0"
"POINT (9.679247589000056 52.355716121000057)","Unfall 166697 (2023) Kat:3, Licht: 0","166697","3","1","0","09","08","4","","0","1","0","0","0"
"POINT (9.791660360000037 52.402824762000080)","Unfall 166698 (2023) Kat:3, Licht: 0","166698","3","2","5","09","11","4","","0","1","0","0","0"
"POINT (9.831156513000053 52.358636597000043)","Unfall 166700 (2023) Kat:3, Licht: 0","166700","3","6","6","09","16","4","","0","1","0","1","0"
"POINT (9.714634906000072 52.377055660000053)","Unfall 166705 (2023) Kat:3, Licht: 0","166705","3","1","0","09","09","4","","0","1","0","0","0"
"POINT (9.734790679000071 52.384319292000043)","Unfall 166714 (2023) Kat:3, Licht: 0","166714","3","5","2","09","12","7","","0","0","1","0","0"
"POINT (9.718470641000067 52.392919944000027)","Unfall 166719 (2023) Kat:3, Licht: 2","166719","3","7","1","10","18","3","","2","1","1","0","0"
"POINT (9.663072421000038 52.403279597000051)","Unfall 166739 (2023) Kat:3, Licht: 2","166739","3","6","6","09","22","3","","2","1","0","1","0"
"POINT (9.651943404000065 52.414176375000068)","Unfall 166740 (2023) Kat:3, Licht: 0","166740","3","6","2","09","17","3","","0","0","1","0","0"
"POINT (9.761324505000061 52.374649906000059)","Unfall 166746 (2023) Kat:3, Licht: 0","166746","3","5","6","10","12","6","","0","0","0","1","0"
"POINT (9.744493431000024 52.374434241000074)","Unfall 166753 (2023) Kat:3, Licht: 1","166753","3","2","5","12","16","4","","1","0","1","0","0"
"POINT (9.742088466000041 52.375538948000042)","Unfall 166773 (2023) Kat:3, Licht: 0","166773","3","7","0","12","11","3","","0","1","0","0","0"
"POINT (9.789328889000046 52.415338164000048)","Unfall 166776 (2023) Kat:3, Licht: 0","166776","3","2","3","12","08","3","","0","0","1","0","0"
"POINT (9.703805030000069 52.328523148000045)","Unfall 166803 (2023) Kat:3, Licht: 2","166803","3","2","6","12","16","2","","2","0","1","1","0"
"POINT (9.705988025000067 52.390489371000058)","Unfall 166804 (2023) Kat:3, Licht: 0","166804","3","7","0","12","15","2","","0","0","0","0","1"
"POINT (9.725536624000028 52.377031784000053)","Unfall 166805 (2023) Kat:3, Licht: 1","166805","3","6","2","12","15","2","","1","0","1","0","0"
"POINT (9.692885548000049 52.365149240000051)","Unfall 166806 (2023) Kat:3, Licht: 0","166806","3","6","2","12","10","2","","0","0","1","0","0"
"POINT (9.752493893000064 52.411647356000060)","Unfall 166807 (2023) Kat:3, Licht: 2","166807","3","2","6","12","17","2","","2","0","1","1","0"
"POINT (9.792249084000048 52.403021319000061)","Unfall 166808 (2023) Kat:3, Licht: 2","166808","3","6","2","12","06","2","","2","0","1","0","0"
"POINT (9.776019849000022 52.396766535000040)","Unfall 166809 (2023) Kat:3, Licht: 0","166809","3","6","2","12","11","2","","0","0","1","0","0"
"POINT (9.743849126000043 52.411302305000049)","Unfall 166813 (2023) Kat:3, Licht: 2","166813","3","4","6","12","17","2","","2","0","1","1","0"
"POINT (9.714501444000064 52.392976665000049)","Unfall 166814 (2023) Kat:3, Licht: 1","166814","3","2","5","12","07","2","","1","1","1","0","0"
"POINT (9.683727435000037 52.345137951000027)","Unfall 166824 (2023) Kat:3, Licht: 1","166824","3","7","0","12","16","1","","1","1","0","0","0"
"POINT (9.735465645000033 52.376743730000044)","Unfall 166825 (2023) Kat:3, Licht: 0","166825","3","6","2","12","13","1","","0","0","1","0","0"
"POINT (9.804753949000030 52.392267967000066)","Unfall 166827 (2023) Kat:3, Licht: 2","166827","3","7","8","12","05","1","","2","0","1","0","0"
"POINT (9.739508652000040 52.376473930000031)","Unfall 166838 (2023) Kat:3, Licht: 2","166838","3","7","0","12","22","7","","2","1","0","0","0"
"POINT (9.737684170000023 52.381805087000032)","Unfall 166839 (2023) Kat:3, Licht: 2","166839","3","6","2","12","18","7","","2","0","1","0","0"
"POINT (9.668373480000071 52.363012302000072)","Unfall 166840 (2023) Kat:3, Licht: 0","166840","3","5","3","12","14","7","","0","1","1","0","0"
"POINT (9.821209573000033 52.345415715000058)","Unfall 166841 (2023) Kat:3, Licht: 2","166841","3","4","6","12","20","7","","2","0","1","1","0"
"POINT (9.794263875000070 52.326980360000050)","Unfall 166842 (2023) Kat:3, Licht: 0","166842","3","6","2","12","12","7","","0","0","1","0","0"
"POINT (9.761270313000068 52.369187059000069)","Unfall 166844 (2023) Kat:3, Licht: 2","166844","3","1","9","12","05","7","","2","0","1","0","0"
"POINT (9.799114845000076 52.416970939000066)","Unfall 166878 (2023) Kat:3, Licht: 2","166878","3","1","2","12","19","5","","2","0","1","0","0"
"POINT (9.774716761000036 52.371461156000066)","Unfall 166899 (2023) Kat:3, Licht: 2","166899","3","6","2","12","15","4","","2","0","1","0","0"
"POINT (9.720115301000021 52.391589103000058)","Unfall 166900 (2023) Kat:3, Licht: 2","166900","3","7","0","12","20","4","","2","0","0","0","1"
"POINT (9.737757855000041 52.382091660000071)","Unfall 166901 (2023) Kat:3, Licht: 1","166901","3","6","2","12","07","4","","1","0","1","0","0"
"POINT (9.683996296000032 52.412076875000082)","Unfall 166929 (2023) Kat:3, Licht: 2","166929","3","1","8","12","07","3","","2","0","1","0","0"
"POINT (9.748750934000043 52.376078143000029)","Unfall 166930 (2023) Kat:3, Licht: 2","166930","3","2","5","12","21","3","","2","0","1","0","0"
"POINT (9.717027455000050 52.333183880000036)","Unfall 166933 (2023) Kat:3, Licht: 2","166933","3","2","5","12","18","3","","2","1","1","0","0"
"POINT (9.670208207000030 52.409161560000030)","Unfall 166934 (2023) Kat:3, Licht: 1","166934","3","4","6","12","07","3","","1","0","1","1","0"
"POINT (9.741749037000034 52.375637650000044)","Unfall 166935 (2023) Kat:3, Licht: 1","166935","3","1","0","12","07","3","","1","1","0","0","0"
"POINT (9.765247506000037 52.359861528000067)","Unfall 166961 (2023) Kat:3, Licht: 2","166961","3","6","2","12","16","2","","2","0","1","0","0"
"POINT (9.798006649000058 52.412563011000032)","Unfall 166962 (2023) Kat:3, Licht: 0","166962","3","6","2","12","13","2","","0","0","1","0","0"
"POINT (9.730641512000034 52.374964019000060)","Unfall 166963 (2023) Kat:3, Licht: 1","166963","3","7","0","12","15","2","","1","0","1","0","0"
"POINT (9.701973974000055 52.327515610000034)","Unfall 166970 (2023) Kat:3, Licht: 2","166970","3","5","1","12","17","1","","2","0","1","0","0"
"POINT (9.730634417000033 52.374885534000043)","Unfall 166991 (2023) Kat:3, Licht: 1","166991","3","7","3","12","15","7","","1","0","1","0","0"
"POINT (9.740628524000044 52.383388482000043)","Unfall 166993 (2023) Kat:2, Licht: 0","166993","2","3","5","12","10","7","","0","0","1","0","0"
"POINT (9.720405425000024 52.391452746000027)","Unfall 167008 (2023) Kat:3, Licht: 2","167008","3","3","5","12","07","6","","2","1","0","0","0"
"POINT (9.678644271000053 52.365780870000037)","Unfall 167009 (2023) Kat:3, Licht: 0","167009","3","2","2","12","12","6","","0","0","1","0","0"
"POINT (9.814211038000053 52.331725962000064)","Unfall 167010 (2023) Kat:3, Licht: 0","167010","3","6","2","12","13","6","","0","0","1","0","0"
"POINT (9.698556517000043 52.368555577000052)","Unfall 167012 (2023) Kat:3, Licht: 0","167012","3","3","5","12","15","6","","0","1","1","0","0"
"POINT (9.820095309000067 52.331218457000034)","Unfall 167013 (2023) Kat:3, Licht: 2","167013","3","1","8","12","04","6","","2","0","1","0","0"
"POINT (9.734883800000034 52.380169848000037)","Unfall 167034 (2023) Kat:3, Licht: 0","167034","3","3","5","11","14","5","","0","1","1","0","0"
"POINT (9.858778555000072 52.361202728000080)","Unfall 167038 (2023) Kat:3, Licht: 0","167038","3","3","5","11","07","5","","0","1","1","0","0"
"POINT (9.735242215000028 52.399316859000066)","Unfall 167064 (2023) Kat:3, Licht: 0","167064","3","6","2","11","10","4","","0","0","1","0","0"
"POINT (9.750897893000058 52.375458677000040)","Unfall 167065 (2023) Kat:3, Licht: 1","167065","3","2","5","11","18","4","","1","0","1","0","0"
"POINT (9.797081717000026 52.392324408000036)","Unfall 167067 (2023) Kat:3, Licht: 1","167067","3","7","9","11","16","4","","1","0","1","0","0"
"POINT (9.737529661000053 52.399126921000061)","Unfall 167084 (2023) Kat:2, Licht: 2","167084","2","3","5","11","23","3","","2","1","1","0","0"
"POINT (9.719281962000025 52.366118369000048)","Unfall 167085 (2023) Kat:3, Licht: 0","167085","3","3","5","11","12","3","","0","1","0","0","0"
"POINT (9.715806210000039 52.344917246000080)","Unfall 167121 (2023) Kat:3, Licht: 2","167121","3","2","6","11","18","2","","2","0","1","1","0"
"POINT (9.793111380000028 52.326421534000076)","Unfall 167122 (2023) Kat:3, Licht: 2","167122","3","1","8","11","21","2","","2","0","1","0","0"
"POINT (9.787131973000044 52.333575235000069)","Unfall 167123 (2023) Kat:3, Licht: 0","167123","3","5","1","11","13","2","","0","0","1","0","0"
"POINT (9.752590957000052 52.393411827000079)","Unfall 167124 (2023) Kat:3, Licht: 2","167124","3","7","0","11","17","2","","2","1","0","0","0"
"POINT (9.803216699000075 52.396518062000041)","Unfall 167127 (2023) Kat:3, Licht: 1","167127","3","2","6","11","15","2","","1","0","1","1","0"
"POINT (9.756883950000031 52.390931624000075)","Unfall 167128 (2023) Kat:3, Licht: 0","167128","3","6","2","11","14","2","","0","0","1","0","0"
"POINT (9.758138013000064 52.359334079000064)","Unfall 167129 (2023) Kat:3, Licht: 2","167129","3","3","5","11","06","2","","2","1","1","0","0"
"POINT (9.764738398000077 52.395764326000062)","Unfall 167140 (2023) Kat:3, Licht: 2","167140","3","1","0","11","20","1","","2","1","0","0","0"
"POINT (9.721997972000054 52.378567642000064)","Unfall 167157 (2023) Kat:3, Licht: 1","167157","3","6","2","11","16","7","","1","0","1","0","0"
"POINT (9.715025503000049 52.377169986000069)","Unfall 167158 (2023) Kat:3, Licht: 2","167158","3","7","0","11","01","7","","2","1","0","0","0"
"POINT (9.742588681000029 52.379834272000039)","Unfall 167159 (2023) Kat:3, Licht: 2","167159","3","7","0","11","00","7","","2","0","1","0","0"
"POINT (9.729354625000042 52.374464432000082)","Unfall 167164 (2023) Kat:3, Licht: 2","167164","3","1","0","12","03","6","","2","0","0","0","0"
"POINT (9.781753199000036 52.361044647000028)","Unfall 167191 (2023) Kat:3, Licht: 2","167191","3","6","2","11","16","6","","2","0","1","0","0"
"POINT (9.693877856000029 52.352667331000077)","Unfall 167192 (2023) Kat:3, Licht: 0","167192","3","6","2","11","11","6","","0","0","1","0","0"
"POINT (9.769735966000042 52.397134853000068)","Unfall 167193 (2023) Kat:3, Licht: 2","167193","3","2","5","11","21","6","","2","0","1","0","0"
"POINT (9.732742417000054 52.362123805000067)","Unfall 167195 (2023) Kat:3, Licht: 2","167195","3","4","6","11","19","6","","2","0","1","1","0"
"POINT (9.744189858000027 52.373077955000042)","Unfall 167196 (2023) Kat:3, Licht: 0","167196","3","1","0","11","14","6","","0","1","0","0","0"
"POINT (9.756439537000063 52.341618191000066)","Unfall 167198 (2023) Kat:3, Licht: 2","167198","3","2","5","11","06","6","","2","1","1","0","0"
"POINT (9.818824577000044 52.399984741000026)","Unfall 167236 (2023) Kat:3, Licht: 0","167236","3","6","2","11","13","5","","0","0","1","0","0"
"POINT (9.734163575000025 52.381264985000030)","Unfall 167237 (2023) Kat:3, Licht: 1","167237","3","3","5","11","16","5","","1","0","1","0","0"
"POINT (9.744233619000056 52.373330166000073)","Unfall 167238 (2023) Kat:3, Licht: 0","167238","3","5","1","11","12","5","","0","1","1","0","0"
"POINT (9.705470856000034 52.370480703000055)","Unfall 167243 (2023) Kat:2, Licht: 0","167243","2","7","0","11","12","5","","0","1","0","0","0"
"POINT (9.773419582000031 52.410273728000050)","Unfall 167244 (2023) Kat:3, Licht: 0","167244","3","3","5","11","08","5","","0","0","1","0","0"
"POINT (9.703114936000077 52.342270455000062)","Unfall 167264 (2023) Kat:3, Licht: 0","167264","3","3","5","11","15","4","","0","1","1","0","0"
"POINT (9.753242005000061 52.383419654000079)","Unfall 167269 (2023) Kat:3, Licht: 1","167269","3","3","0","11","15","4","","1","1","0","0","0"
"POINT (9.772426075000055 52.348345877000042)","Unfall 167270 (2023) Kat:3, Licht: 2","167270","3","7","4","11","17","4","","2","0","1","0","0"
"POINT (9.714260514000046 52.404928420000033)","Unfall 167298 (2023) Kat:3, Licht: 0","167298","3","7","4","11","11","3","","0","0","1","0","0"
"POINT (9.738793055000031 52.371263565000049)","Unfall 167299 (2023) Kat:3, Licht: 2","167299","3","2","3","11","18","3","","2","1","1","0","0"
"POINT (9.685026093000033 52.408468338000034)","Unfall 167305 (2023) Kat:3, Licht: 2","167305","3","7","6","11","18","3","","2","0","1","1","0"
"POINT (9.762626133000026 52.368575707000048)","Unfall 167306 (2023) Kat:3, Licht: 1","167306","3","3","5","11","07","3","","1","1","1","0","0"
"POINT (9.689352835000022 52.348653052000031)","Unfall 167307 (2023) Kat:3, Licht: 2","167307","3","2","6","11","06","3","","2","0","1","1","0"
"POINT (9.802041342000052 52.329080715000032)","Unfall 167335 (2023) Kat:3, Licht: 0","167335","3","6","4","11","11","2","","0","0","1","1","0"
"POINT (9.711011501000030 52.393791167000074)","Unfall 167336 (2023) Kat:3, Licht: 2","167336","3","3","5","11","07","2","","2","0","1","0","0"
"POINT (9.745933555000022 52.354657041000053)","Unfall 167356 (2023) Kat:3, Licht: 0","167356","3","1","0","11","10","1","","0","1","0","0","0"
"POINT (9.836617970000077 52.359149646000049)","Unfall 167370 (2023) Kat:3, Licht: 2","167370","3","3","0","11","20","7","","2","0","1","0","1"
"POINT (9.669471387000044 52.352403707000065)","Unfall 167371 (2023) Kat:1, Licht: 2","167371","1","4","6","11","18","7","","2","0","0","1","0"
"POINT (9.713212582000040 52.371468120000031)","Unfall 167372 (2023) Kat:3, Licht: 2","167372","3","1","0","11","17","7","","2","1","0","0","0"
"POINT (9.741661880000038 52.383947918000047)","Unfall 167406 (2023) Kat:3, Licht: 2","167406","3","3","0","11","23","6","","2","0","1","0","0"
"POINT (9.745385470000031 52.382209686000067)","Unfall 167407 (2023) Kat:3, Licht: 2","167407","3","6","4","11","18","6","","2","1","1","0","0"
"POINT (9.762886508000065 52.410286667000037)","Unfall 167409 (2023) Kat:3, Licht: 0","167409","3","1","0","11","10","6","","0","1","0","0","0"