WKT,Name,OBJECTID,UKATEGORIE,UTYP1,UART,UMONAT,USTUNDE,UWOCHENTAG,STRZUSTAND,ULICHTVERH,ISTRAD,ISTPKW,ISTFUSS,ISTKRAD
"POINT (9.807746425000062 52.379662507000035)","Unfall 167436 (2023) Kat:3, Licht: 0","167436","3","3","5","11","13","5","","0","0","1","0","0"
"POINT (9.692706614000031 52.419035082000050)","Unfall 167437 (2023) Kat:3, Licht: 2","167437","3","7","0","11","19","5","","2","1","0","0","0"
"POINT (9.740499448000037 52.369116675000043)","Unfall 167438 (2023) Kat:3, Licht: 0","167438","3","1","1","11","12","5","","0","1","1","0","0"
"POINT (9.805706251000061 52.413193267000054)","Unfall 167439 (2023) Kat:3, Licht: 0","167439","3","2","3","11","12","5","","0","1","1","0","0"
"POINT (9.801433525000050 52.402925787000072)","Unfall 167440 (2023) Kat:3, Licht: 0","167440","3","2","4","11","11","5","","0","0","1","0","0"
"POINT (9.775148487000024 52.363486071000068)","Unfall 167445 (2023) Kat:3, Licht: 2","167445","3","7","3","11","17","5","","2","0","1","0","0"
"POINT (9.782289979000041 52.398573813000041)","Unfall 167446 (2023) Kat:3, Licht: 2","167446","3","7","0","11","17","5","","2","1","0","0","0"
"POINT (9.708743638000044 52.390197623000063)","Unfall 167447 (2023) Kat:3, Licht: 0","167447","3","5","1","11","08","5","","0","1","1","0","0"
"POINT (9.743719386000066 52.384975247000057)","Unfall 167448 (2023) Kat:3, Licht: 2","167448","3","7","0","11","19","5","","2","1","0","0","0"
"POINT (9.686820049000062 52.392592519000061)","Unfall 167474 (2023) Kat:3, Licht: 2","167474","3","2","5","11","06","4","","2","1","1","0","0"
"POINT (9.713921060000075 52.342235815000038)","Unfall 167475 (2023) Kat:3, Licht: 2","167475","3","4","6","11","16","4","","2","0","1","1","0"
"POINT (9.718846396000060 52.394408166000062)","Unfall 167476 (2023) Kat:3, Licht: 2","167476","3","7","1","11","17","4","","2","1","1","0","0"
"POINT (9.732525166000073 52.379180583000050)","Unfall 167477 (2023) Kat:3, Licht: 0","167477","3","3","5","11","08","4","","0","0","0","0","0"
"POINT (9.744205002000058 52.373165241000038)","Unfall 167479 (2023) Kat:3, Licht: 0","167479","3","1","0","11","11","4","","0","1","0","0","0"
"POINT (9.725622553000051 52.382110762000082)","Unfall 167480 (2023) Kat:3, Licht: 0","167480","3","5","3","11","10","4","","0","1","1","0","0"
"POINT (9.745502512000030 52.385715203000075)","Unfall 167497 (2023) Kat:3, Licht: 0","167497","3","7","0","11","08","3","","0","0","0","1","1"
"POINT (9.712184635000028 52.357065379000062)","Unfall 167502 (2023) Kat:3, Licht: 1","167502","3","3","5","11","16","5","","1","1","1","0","0"
"POINT (9.778181589000042 52.362221329000079)","Unfall 167505 (2023) Kat:3, Licht: 2","167505","3","2","4","11","05","3","","2","1","1","0","0"
"POINT (9.748854241000060 52.396797099000082)","Unfall 167510 (2023) Kat:2, Licht: 0","167510","2","6","4","11","14","3","","0","1","0","0","0"
"POINT (9.753986249000036 52.368755874000044)","Unfall 167537 (2023) Kat:3, Licht: 0","167537","3","3","5","11","10","2","","0","0","1","0","0"
"POINT (9.825583366000046 52.353078445000051)","Unfall 167538 (2023) Kat:3, Licht: 2","167538","3","7","0","11","17","2","","2","1","0","0","0"
"POINT (9.737000349000027 52.394563241000071)","Unfall 167540 (2023) Kat:3, Licht: 2","167540","3","3","5","11","17","2","","2","0","1","0","0"
"POINT (9.736853830000030 52.404620928000043)","Unfall 167542 (2023) Kat:3, Licht: 2","167542","3","2","4","11","19","2","","2","0","1","0","1"
"POINT (9.781494638000026 52.420964587000071)","Unfall 167543 (2023) Kat:3, Licht: 0","167543","3","3","0","11","07","2","","0","0","1","0","0"
"POINT (9.689934906000076 52.396433883000043)","Unfall 167544 (2023) Kat:3, Licht: 0","167544","3","1","0","11","07","2","","0","1","0","0","0"
"POINT (9.694567098000050 52.353086558000030)","Unfall 167566 (2023) Kat:3, Licht: 0","167566","3","7","2","11","14","1","","0","0","1","0","1"
"POINT (9.706371124000043 52.371034081000062)","Unfall 167567 (2023) Kat:3, Licht: 2","167567","3","6","2","11","17","1","","2","0","1","0","0"
"POINT (9.781417402000045 52.361165607000032)","Unfall 167582 (2023) Kat:3, Licht: 2","167582","3","6","2","11","16","7","","2","0","1","0","0"
"POINT (9.693100247000075 52.392370636000066)","Unfall 167583 (2023) Kat:3, Licht: 1","167583","3","6","2","11","15","7","","1","0","1","0","0"
"POINT (9.730729555000039 52.378561263000051)","Unfall 167584 (2023) Kat:3, Licht: 2","167584","3","2","6","11","22","7","","2","0","1","1","0"
"POINT (9.730675393000070 52.374919720000037)","Unfall 167585 (2023) Kat:3, Licht: 2","167585","3","7","3","11","19","7","","2","0","1","0","0"
"POINT (9.736536355000055 52.401213353000060)","Unfall 167586 (2023) Kat:3, Licht: 0","167586","3","2","3","11","11","7","","0","1","1","0","0"
"POINT (9.732663182000067 52.417760133000058)","Unfall 167615 (2023) Kat:2, Licht: 0","167615","2","1","0","11","12","6","","0","1","0","0","0"
"POINT (9.744494193000037 52.377882526000064)","Unfall 167616 (2023) Kat:3, Licht: 2","167616","3","7","8","11","23","6","","2","1","0","0","0"
"POINT (9.726387484000043 52.377295846000038)","Unfall 167617 (2023) Kat:3, Licht: 0","167617","3","6","2","11","12","6","","0","0","1","0","0"
"POINT (9.737723589000041 52.372519554000064)","Unfall 167618 (2023) Kat:3, Licht: 0","167618","3","4","6","11","13","6","","0","0","1","1","0"
"POINT (9.671762891000071 52.355731006000042)","Unfall 167619 (2023) Kat:3, Licht: 0","167619","3","5","0","11","16","6","","0","1","1","0","0"
"POINT (9.680651775000058 52.371941909000043)","Unfall 167620 (2023) Kat:3, Licht: 0","167620","3","7","1","11","12","6","","0","0","1","0","1"
"POINT (9.754320006000057 52.402134718000070)","Unfall 167626 (2023) Kat:3, Licht: 0","167626","3","6","2","11","13","6","","0","0","1","0","0"
"POINT (9.736926047000054 52.404603857000041)","Unfall 167627 (2023) Kat:3, Licht: 0","167627","3","3","5","11","12","6","","0","1","1","0","0"
"POINT (9.694735670000057 52.419547969000064)","Unfall 167628 (2023) Kat:3, Licht: 1","167628","3","3","5","11","07","6","","1","1","1","0","0"
"POINT (9.744191994000062 52.373090265000030)","Unfall 167664 (2023) Kat:3, Licht: 2","167664","3","7","0","11","17","5","","2","1","0","0","0"
"POINT (9.752275701000030 52.392447185000037)","Unfall 167670 (2023) Kat:3, Licht: 0","167670","3","3","5","11","14","5","","0","1","0","0","0"
"POINT (9.693727872000068 52.400976057000037)","Unfall 167694 (2023) Kat:3, Licht: 0","167694","3","3","5","11","13","4","","0","1","1","0","0"
"POINT (9.714131815000030 52.337102901000037)","Unfall 167695 (2023) Kat:3, Licht: 2","167695","3","4","6","11","18","4","","2","0","1","1","0"
"POINT (9.709661029000074 52.328959798000028)","Unfall 167696 (2023) Kat:3, Licht: 0","167696","3","3","5","11","08","4","","0","1","1","0","0"
"POINT (9.743768064000051 52.386699541000041)","Unfall 167697 (2023) Kat:3, Licht: 0","167697","3","7","0","11","14","4","","0","1","0","0","0"
"POINT (9.762140292000026 52.363536356000054)","Unfall 167718 (2023) Kat:3, Licht: 1","167718","3","3","5","11","16","3","","1","1","1","0","0"
"POINT (9.735449641000059 52.384507735000057)","Unfall 167719 (2023) Kat:3, Licht: 0","167719","3","3","5","11","14","3","","0","1","1","0","0"
"POINT (9.747540063000031 52.373859765000077)","Unfall 167722 (2023) Kat:3, Licht: 2","167722","3","1","0","11","19","3","","2","1","0","0","0"
"POINT (9.741006609000067 52.398816065000062)","Unfall 167723 (2023) Kat:3, Licht: 0","167723","3","3","5","11","15","3","","0","1","1","0","0"
"POINT (9.757409435000056 52.392547720000039)","Unfall 167724 (2023) Kat:2, Licht: 0","167724","2","4","6","11","13","3","","0","1","0","1","0"
"POINT (9.733748004000063 52.375490376000073)","Unfall 167751 (2023) Kat:3, Licht: 0","167751","3","7","1","11","17","2","","0","0","1","0","1"
"POINT (9.743746279000050 52.384944665000035)","Unfall 167753 (2023) Kat:3, Licht: 2","167753","3","2","5","11","20","2","","2","1","1","0","0"
"POINT (9.693168046000039 52.367539832000034)","Unfall 167754 (2023) Kat:3, Licht: 0","167754","3","3","5","11","15","2","","0","1","1","0","0"
"POINT (9.780299305000028 52.399805351000055)","Unfall 167755 (2023) Kat:2, Licht: 0","167755","2","1","0","11","12","2","","0","1","0","0","0"
"POINT (9.718308909000029 52.361950619000027)","Unfall 167778 (2023) Kat:3, Licht: 2","167778","3","6","2","11","17","1","","2","0","1","0","0"
"POINT (9.725569647000043 52.386241338000048)","Unfall 167779 (2023) Kat:3, Licht: 1","167779","3","3","5","11","17","1","","1","1","1","0","0"
"POINT (9.795915242000035 52.354600718000029)","Unfall 167780 (2023) Kat:3, Licht: 2","167780","3","6","2","11","16","1","","2","0","1","0","0"
"POINT (9.743594625000071 52.357224904000077)","Unfall 167781 (2023) Kat:3, Licht: 0","167781","3","6","0","11","14","1","","0","0","1","0","1"
"POINT (9.707053014000053 52.369680048000077)","Unfall 167793 (2023) Kat:3, Licht: 2","167793","3","7","0","11","18","7","","2","1","0","0","0"
"POINT (9.781694620000053 52.400382770000078)","Unfall 167794 (2023) Kat:3, Licht: 2","167794","3","2","5","11","17","7","","2","1","1","0","0"
"POINT (9.707314482000072 52.391132051000056)","Unfall 167796 (2023) Kat:3, Licht: 0","167796","3","7","6","11","13","7","","0","0","1","1","0"
"POINT (9.735059168000021 52.376659493000034)","Unfall 167797 (2023) Kat:3, Licht: 0","167797","3","1","0","11","09","7","","0","1","0","0","0"
"POINT (9.735080508000067 52.380282091000026)","Unfall 167825 (2023) Kat:3, Licht: 2","167825","3","2","6","11","18","6","","2","0","1","1","0"
"POINT (9.691012136000040 52.333070906000046)","Unfall 167826 (2023) Kat:3, Licht: 0","167826","3","4","6","11","14","6","","0","0","0","1","0"
"POINT (9.787395300000071 52.402936297000053)","Unfall 167827 (2023) Kat:3, Licht: 0","167827","3","6","3","11","12","6","","0","1","0","0","0"
"POINT (9.740334107000024 52.361503353000046)","Unfall 167852 (2023) Kat:3, Licht: 2","167852","3","4","6","11","18","6","","2","0","1","1","0"
"POINT (9.720488831000068 52.349313247000055)","Unfall 168683 (2023) Kat:3, Licht: 0","168683","3","7","0","12","08","7","","0","0","1","1","0"
"POINT (9.698066509000057 52.368463222000059)","Unfall 168685 (2023) Kat:2, Licht: 2","168685","2","5","1","12","02","7","","2","0","1","0","0"
"POINT (9.808842586000026 52.347635945000036)","Unfall 168694 (2023) Kat:3, Licht: 0","168694","3","5","1","12","08","6","","0","1","1","0","0"
"POINT (9.736337632000073 52.414054031000035)","Unfall 168701 (2023) Kat:3, Licht: 2","168701","3","5","1","12","17","5","","2","0","1","0","0"
"POINT (9.714451175000022 52.403866693000055)","Unfall 168703 (2023) Kat:3, Licht: 0","168703","3","6","3","12","15","5","","0","1","0","0","0"
"POINT (9.828099902000076 52.416402575000063)","Unfall 168704 (2023) Kat:2, Licht: 0","168704","2","7","0","12","14","5","","0","0","1","0","0"
"POINT (9.750709814000061 52.372648778000041)","Unfall 168705 (2023) Kat:3, Licht: 0","168705","3","7","0","12","10","5","","0","1","0","0","0"
"POINT (9.738864990000025 52.374614968000060)","Unfall 168720 (2023) Kat:3, Licht: 0","168720","3","6","6","12","10","4","","0","0","1","1","0"
"POINT (9.727534416000026 52.382366004000062)","Unfall 168721 (2023) Kat:3, Licht: 0","168721","3","3","5","12","09","4","","0","1","1","0","0"
"POINT (9.732562819000066 52.362146485000039)","Unfall 168731 (2023) Kat:3, Licht: 0","168731","3","2","4","12","14","3","","0","0","1","0","0"
"POINT (9.798665417000052 52.392136227000037)","Unfall 168741 (2023) Kat:3, Licht: 2","168741","3","6","3","12","17","2","","2","0","1","0","0"
"POINT (9.804964515000052 52.399497944000075)","Unfall 168742 (2023) Kat:3, Licht: 2","168742","3","1","9","12","04","2","","2","0","1","0","0"
"POINT (9.738866826000049 52.363279494000039)","Unfall 168746 (2023) Kat:3, Licht: 2","168746","3","6","2","12","20","1","","2","0","1","0","0"
"POINT (9.763460622000025 52.400672216000032)","Unfall 168764 (2023) Kat:3, Licht: 2","168764","3","3","5","12","15","7","","2","0","1","0","0"
"POINT (9.730606614000067 52.378522620000069)","Unfall 168765 (2023) Kat:3, Licht: 2","168765","3","2","6","12","22","7","","2","0","1","1","0"
"POINT (9.742878538000070 52.379269083000054)","Unfall 168766 (2023) Kat:3, Licht: 0","168766","3","4","6","12","12","7","","0","0","1","1","0"
"POINT (9.755528900000058 52.357376460000069)","Unfall 168788 (2023) Kat:3, Licht: 0","168788","3","3","5","12","09","6","","0","1","1","0","0"
"POINT (9.663935328000036 52.378022824000027)","Unfall 168789 (2023) Kat:3, Licht: 0","168789","3","3","5","12","08","6","","0","1","1","0","0"
"POINT (9.670566121000036 52.367041171000039)","Unfall 168790 (2023) Kat:3, Licht: 2","168790","3","3","5","12","20","6","","2","0","1","0","0"
"POINT (9.773334229000056 52.417115440000032)","Unfall 168791 (2023) Kat:3, Licht: 2","168791","3","1","0","12","19","6","","2","0","0","0","0"
"POINT (9.743953368000064 52.390438985000060)","Unfall 168792 (2023) Kat:3, Licht: 0","168792","3","3","5","12","13","6","","0","0","1","0","0"
"POINT (9.760349719000033 52.367646864000051)","Unfall 168817 (2023) Kat:3, Licht: 0","168817","3","7","6","12","09","5","","0","0","1","1","0"
"POINT (9.736185346000070 52.378879121000068)","Unfall 168818 (2023) Kat:3, Licht: 0","168818","3","2","5","12","12","5","","0","0","1","1","0"
"POINT (9.761999807000052 52.332998955000051)","Unfall 168819 (2023) Kat:3, Licht: 2","168819","3","1","6","12","16","5","","2","1","0","1","0"
"POINT (9.739653862000068 52.381208097000069)","Unfall 168820 (2023) Kat:3, Licht: 2","168820","3","3","5","12","07","5","","2","1","1","0","0"
"POINT (9.765449068000066 52.375312712000039)","Unfall 168822 (2023) Kat:2, Licht: 1","168822","2","7","0","12","07","5","","1","0","0","0","0"
"POINT (9.763811254000075 52.399215160000040)","Unfall 168823 (2023) Kat:3, Licht: 2","168823","3","3","5","12","18","5","","2","1","1","0","0"
"POINT (9.798743482000077 52.385306588000049)","Unfall 168824 (2023) Kat:3, Licht: 0","168824","3","3","5","12","15","5","","0","1","1","0","0"
"POINT (9.738877318000050 52.420967809000047)","Unfall 168858 (2023) Kat:3, Licht: 2","168858","3","3","5","12","17","4","","2","0","1","0","0"
"POINT (9.724778773000025 52.368458147000069)","Unfall 168861 (2023) Kat:2, Licht: 0","168861","2","1","0","12","09","4","","0","1","0","0","0"
"POINT (9.668571524000072 52.414809656000045)","Unfall 168899 (2023) Kat:3, Licht: 0","168899","3","2","6","12","15","3","","0","0","1","1","0"
"POINT (9.690577817000076 52.375556684000060)","Unfall 168900 (2023) Kat:3, Licht: 2","168900","3","3","5","12","21","3","","2","1","1","0","0"
"POINT (9.751470481000069 52.410447809000061)","Unfall 168901 (2023) Kat:3, Licht: 1","168901","3","6","2","12","16","3","","1","0","1","0","0"
"POINT (9.781187933000069 52.361248265000029)","Unfall 168903 (2023) Kat:3, Licht: 2","168903","3","2","5","12","18","3","","2","1","1","0","0"
"POINT (9.707984922000037 52.412916686000074)","Unfall 168905 (2023) Kat:3, Licht: 2","168905","3","2","5","12","20","3","","2","1","1","0","0"
"POINT (9.798021973000061 52.392267879000030)","Unfall 168906 (2023) Kat:3, Licht: 2","168906","3","2","6","12","17","3","","2","0","1","1","0"
"POINT (9.775080898000056 52.363517748000049)","Unfall 168907 (2023) Kat:3, Licht: 0","168907","3","2","5","12","14","3","","0","0","1","0","0"
"POINT (9.746953488000031 52.384948997000038)","Unfall 168933 (2023) Kat:2, Licht: 0","168933","2","4","6","12","11","2","","0","1","0","1","0"
"POINT (9.740401324000061 52.376012489000061)","Unfall 168946 (2023) Kat:3, Licht: 0","168946","3","6","6","12","09","1","","0","1","0","1","0"
"POINT (9.733628628000076 52.374729735000074)","Unfall 168963 (2023) Kat:3, Licht: 2","168963","3","7","6","12","22","7","","2","0","1","1","0"
"POINT (9.733329063000042 52.392273747000047)","Unfall 168966 (2023) Kat:3, Licht: 2","168966","3","3","5","12","19","7","","2","0","1","0","0"
"POINT (9.793011308000075 52.433079884000051)","Unfall 168967 (2023) Kat:3, Licht: 2","168967","3","6","2","12","01","7","","2","1","1","0","0"
"POINT (9.764511521000031 52.368087427000034)","Unfall 168989 (2023) Kat:3, Licht: 0","168989","3","6","2","12","15","6","","0","0","1","0","0"
"POINT (9.652158913000051 52.415285047000054)","Unfall 168990 (2023) Kat:3, Licht: 0","168990","3","2","5","12","14","6","","0","1","1","0","0"
"POINT (9.735016759000075 52.380244534000042)","Unfall 168991 (2023) Kat:3, Licht: 0","168991","3","2","5","12","09","6","","0","0","1","0","0"
"POINT (9.656793549000042 52.407815131000064)","Unfall 169021 (2023) Kat:3, Licht: 2","169021","3","2","5","12","17","5","","2","0","1","0","0"
"POINT (9.754821267000068 52.365249777000031)","Unfall 169041 (2023) Kat:3, Licht: 0","169041","3","6","3","12","13","4","","0","1","0","0","0"
"POINT (9.652708251000035 52.415578657000026)","Unfall 169042 (2023) Kat:3, Licht: 2","169042","3","3","5","12","06","4","","2","1","1","0","0"
"POINT (9.715536968000038 52.400251849000028)","Unfall 169043 (2023) Kat:3, Licht: 2","169043","3","6","2","12","17","4","","2","0","1","0","0"
"POINT (9.764047677000065 52.346542732000046)","Unfall 169044 (2023) Kat:3, Licht: 2","169044","3","3","5","12","17","4","","2","1","0","1","0"
"POINT (9.733993316000067 52.361312687000066)","Unfall 263171 (2023) Kat:3, Licht: 0","263171","3","7","0","01","14","3","","0","1","0","0","0"
"POINT (9.128040344000055 52.533240707000061)","Unfall 263176 (2023) Kat:3, Licht: 0","263176","3","2","5","01","08","6","","0","1","1","0","0"
"POINT (9.719639346000065 52.369930014000033)","Unfall 263186 (2023) Kat:3, Licht: 0","263186","3","7","0","02","15","6","","0","1","0","0","0"
"POINT (9.698065883000027 52.377748479000047)","Unfall 263187 (2023) Kat:3, Licht: 2","263187","3","7","0","02","00","7","","2","1","0","0","0"
"POINT (9.737000323000075 52.362792826000032)","Unfall 263193 (2023) Kat:3, Licht: 0","263193","3","5","1","03","13","6","","0","1","0","0","0"
"POINT (9.636340775000065 52.417210961000080)","Unfall 263200 (2023) Kat:2, Licht: 0","263200","2","7","0","03","12","2","","0","1","0","0","0"
"POINT (9.612051972000074 52.400919131000080)","Unfall 263201 (2023) Kat:3, Licht: 0","263201","3","6","3","03","13","4","","0","1","0","0","0"
"POINT (9.665730973000052 52.390751065000075)","Unfall 263213 (2023) Kat:3, Licht: 0","263213","3","7","0","03","07","5","","0","1","0","0","0"
"POINT (9.742164389000038 52.397789146000036)","Unfall 263215 (2023) Kat:2, Licht: 0","263215","2","4","6","04","08","1","","0","1","0","1","0"
"POINT (9.728953748000038 52.355934922000074)","Unfall 263221 (2023) Kat:3, Licht: 0","263221","3","7","0","04","17","2","","0","1","0","0","0"
"POINT (9.688616659000047 52.340587464000066)","Unfall 263222 (2023) Kat:3, Licht: 0","263222","3","1","8","04","13","3","","0","1","0","0","0"
"POINT (9.741621779000070 52.375711466000041)","Unfall 263227 (2023) Kat:3, Licht: 0","263227","3","7","0","04","10","1","","0","1","0","0","0"
"POINT (9.723359200000061 52.368512529000043)","Unfall 263230 (2023) Kat:3, Licht: 0","263230","3","7","0","04","08","2","","0","1","0","1","0"
"POINT (9.802451728000051 52.340993421000064)","Unfall 263234 (2023) Kat:2, Licht: 0","263234","2","1","9","04","13","7","","0","1","0","0","0"
"POINT (9.746046170000056 52.354200899000034)","Unfall 263236 (2023) Kat:3, Licht: 0","263236","3","7","6","04","18","1","","0","1","0","1","0"
"POINT (9.725751480000042 52.377294124000059)","Unfall 263240 (2023) Kat:3, Licht: 0","263240","3","6","3","05","12","5","","0","1","0","0","0"
"POINT (9.796679825000069 52.405619281000043)","Unfall 263241 (2023) Kat:3, Licht: 0","263241","3","7","0","05","12","6","","0","1","0","0","0"
"POINT (9.718362146000061 52.371497733000069)","Unfall 263242 (2023) Kat:3, Licht: 0","263242","3","4","6","05","19","7","","0","1","0","1","0"
"POINT (9.745689011000024 52.339594685000066)","Unfall 263243 (2023) Kat:2, Licht: 0","263243","2","3","5","05","17","7","","0","1","0","0","0"
"POINT (9.753712224000026 52.378154005000056)","Unfall 263246 (2023) Kat:3, Licht: 0","263246","3","1","8","05","16","2","","0","1","0","0","0"
"POINT (9.769298158000026 52.350139453000054)","Unfall 263247 (2023) Kat:3, Licht: 0","263247","3","3","5","05","16","2","","0","1","0","0","0"
"POINT (9.677170711000031 52.373308268000073)","Unfall 263252 (2023) Kat:3, Licht: 0","263252","3","7","7","05","08","3","","0","1","0","0","0"
"POINT (9.711590795000063 52.384604251000042)","Unfall 263253 (2023) Kat:3, Licht: 0","263253","3","7","0","05","08","3","","0","1","0","0","0"
"POINT (9.756369197000026 52.365545497000028)","Unfall 263254 (2023) Kat:3, Licht: 0","263254","3","3","5","05","11","3","","0","1","1","0","0"
"POINT (9.773581888000024 52.395724940000036)","Unfall 263258 (2023) Kat:3, Licht: 0","263258","3","1","0","05","07","5","","0","1","0","0","0"
"POINT (9.736195731000066 52.355037921000076)","Unfall 263267 (2023) Kat:2, Licht: 2","263267","2","7","0","05","22","5","","2","1","0","0","0"
"POINT (9.782796537000024 52.390585420000036)","Unfall 263273 (2023) Kat:3, Licht: 0","263273","3","7","0","05","16","6","","0","1","0","0","0"
"POINT (9.709319470000025 52.378104854000071)","Unfall 263278 (2023) Kat:3, Licht: 0","263278","3","4","6","05","16","1","","0","1","0","1","0"
"POINT (9.710768552000047 52.379828014000054)","Unfall 263279 (2023) Kat:3, Licht: 0","263279","3","6","4","05","16","1","","0","1","0","0","0"
"POINT (9.738244898000062 52.346863261000067)","Unfall 263285 (2023) Kat:3, Licht: 1","263285","3","6","3","05","22","5","","1","1","0","0","0"
"POINT (9.673676776000036 52.387636217000079)","Unfall 263289 (2023) Kat:3, Licht: 0","263289","3","6","4","05","09","6","","0","1","0","0","0"
"POINT (9.717298395000057 52.373409878000075)","Unfall 263290 (2023) Kat:3, Licht: 0","263290","3","1","2","05","19","6","","0","1","0","0","0"
"POINT (9.717914545000042 52.372243486000059)","Unfall 263298 (2023) Kat:3, Licht: 0","263298","3","6","3","05","14","2","","0","1","0","0","0"
"POINT (9.749596182000062 52.349721610000074)","Unfall 263301 (2023) Kat:2, Licht: 0","263301","2","3","5","05","13","3","","0","1","0","0","0"
"POINT (9.761452354000028 52.392048626000076)","Unfall 263302 (2023) Kat:3, Licht: 0","263302","3","7","0","05","17","3","","0","1","0","0","0"
"POINT (9.759015115000068 52.334859446000053)","Unfall 263303 (2023) Kat:3, Licht: 0","263303","3","6","4","05","17","3","","0","1","0","0","0"
"POINT (9.739616084000033 52.353543553000065)","Unfall 263306 (2023) Kat:3, Licht: 0","263306","3","7","0","06","17","5","","0","1","0","0","0"
"POINT (9.713119188000064 52.383601624000050)","Unfall 263310 (2023) Kat:3, Licht: 0","263310","3","6","4","06","19","7","","0","1","0","0","0"
"POINT (9.776100642000074 52.396432630000049)","Unfall 263316 (2023) Kat:3, Licht: 0","263316","3","1","0","06","13","2","","0","1","0","0","0"
"POINT (9.761364894000053 52.400652411000067)","Unfall 263317 (2023) Kat:3, Licht: 0","263317","3","6","3","06","18","2","","0","1","0","0","0"
"POINT (9.744547423000029 52.394744349000064)","Unfall 263318 (2023) Kat:3, Licht: 0","263318","3","6","3","06","17","2","","0","1","0","0","0"
"POINT (9.797208971000032 52.400174835000030)","Unfall 263320 (2023) Kat:3, Licht: 0","263320","3","1","0","06","18","3","","0","1","0","0","0"
"POINT (9.710045395000066 52.379096434000076)","Unfall 263337 (2023) Kat:3, Licht: 0","263337","3","7","0","06","11","1","","0","1","0","0","0"
"POINT (9.739626932000021 52.353528607000044)","Unfall 263339 (2023) Kat:3, Licht: 0","263339","3","3","5","06","15","2","","0","1","0","0","0"
"POINT (9.706079396000064 52.389862651000044)","Unfall 263343 (2023) Kat:2, Licht: 0","263343","2","7","0","06","10","3","","0","1","0","0","0"
"POINT (9.713609924000025 52.360947772000031)","Unfall 263346 (2023) Kat:3, Licht: 0","263346","3","2","3","06","16","4","","0","1","1","0","0"
"POINT (9.747443940000039 52.338205426000059)","Unfall 263350 (2023) Kat:2, Licht: 0","263350","2","7","0","06","14","7","","0","1","0","0","0"
"POINT (9.689449281000066 52.380480239000065)","Unfall 263351 (2023) Kat:3, Licht: 0","263351","3","6","4","06","16","7","","0","1","0","0","0"
"POINT (9.738944295000067 52.354712595000080)","Unfall 263352 (2023) Kat:3, Licht: 0","263352","3","6","2","06","11","7","","0","1","0","0","0"
"POINT (9.788864601000057 52.373378722000041)","Unfall 263353 (2023) Kat:3, Licht: 0","263353","3","3","5","06","19","7","","0","1","0","0","0"
"POINT (9.760879899000031 52.347380066000028)","Unfall 263357 (2023) Kat:3, Licht: 0","263357","3","1","0","06","18","1","","0","1","0","0","0"
"POINT (9.649107866000065 52.412555732000044)","Unfall 263358 (2023) Kat:3, Licht: 0","263358","3","7","0","06","15","1","","0","1","0","0","0"
"POINT (9.657121256000039 52.351441756000042)","Unfall 263365 (2023) Kat:2, Licht: 0","263365","2","1","0","06","18","4","","0","1","0","0","0"
"POINT (9.729815082000073 52.369077442000048)","Unfall 263369 (2023) Kat:3, Licht: 0","263369","3","7","0","06","15","5","","0","1","0","0","0"
"POINT (9.787636306000024 52.348303463000036)","Unfall 263372 (2023) Kat:3, Licht: 0","263372","3","7","0","06","00","6","","0","1","0","0","0"
"POINT (9.811638608000067 52.403984894000075)","Unfall 263379 (2023) Kat:3, Licht: 0","263379","3","6","6","06","10","3","","0","1","0","1","0"
"POINT (9.752054246000057 52.361635559000035)","Unfall 263380 (2023) Kat:3, Licht: 0","263380","3","1","7","06","15","3","","0","1","0","0","0"
"POINT (9.756967366000026 52.364783029000080)","Unfall 263385 (2023) Kat:3, Licht: 0","263385","3","6","3","06","09","5","","0","1","0","0","0"
"POINT (9.761826899000027 52.332200242000056)","Unfall 263393 (2023) Kat:3, Licht: 0","263393","3","6","6","07","09","1","","0","1","0","1","0"
"POINT (9.652918928000076 52.407344055000067)","Unfall 263394 (2023) Kat:3, Licht: 0","263394","3","7","0","07","18","1","","0","1","0","0","0"
"POINT (9.836677654000027 52.344275466000056)","Unfall 263400 (2023) Kat:3, Licht: 0","263400","3","7","5","07","20","6","","0","1","0","0","0"
"POINT (9.756975381000075 52.364772483000081)","Unfall 263401 (2023) Kat:3, Licht: 0","263401","3","2","5","07","09","6","","0","1","1","0","0"
"POINT (9.844503269000029 52.336019521000026)","Unfall 263405 (2023) Kat:3, Licht: 0","263405","3","1","0","07","19","7","","0","1","0","0","0"
"POINT (9.717914545000042 52.372243486000059)","Unfall 263408 (2023) Kat:3, Licht: 1","263408","3","7","0","07","04","1","","1","1","0","0","0"
"POINT (9.735207990000049 52.384102711000082)","Unfall 263414 (2023) Kat:3, Licht: 0","263414","3","1","0","07","18","2","","0","1","0","0","0"
"POINT (9.709286315000043 52.378106332000073)","Unfall 263423 (2023) Kat:3, Licht: 0","263423","3","6","4","07","13","6","","0","1","0","0","0"
"POINT (9.680989862000047 52.346054567000067)","Unfall 263431 (2023) Kat:3, Licht: 2","263431","3","7","0","07","22","4","","2","1","0","0","0"