WKT,Name,OBJECTID,UKATEGORIE,UTYP1,UART,UMONAT,USTUNDE,UWOCHENTAG,STRZUSTAND,ULICHTVERH,ISTRAD,ISTPKW,ISTFUSS,ISTKRAD
"POINT (9.821502285000065 52.383457572000054)","Unfall 263434 (2023) Kat:3, Licht: 0","263434","3","7","0","07","13","5","","0","1","0","1","0"
"POINT (9.674681159000045 52.375810461000071)","Unfall 263436 (2023) Kat:3, Licht: 0","263436","3","7","0","07","17","7","","0","1","0","0","0"
"POINT (9.852572124000062 52.338973549000059)","Unfall 263441 (2023) Kat:3, Licht: 0","263441","3","7","0","08","09","6","","0","1","0","0","0"
"POINT (9.748963717000038 52.390468243000043)","Unfall 263453 (2023) Kat:3, Licht: 0","263453","3","4","6","08","11","6","","0","1","1","1","0"
"POINT (9.660852170000055 52.385394899000062)","Unfall 263454 (2023) Kat:3, Licht: 0","263454","3","7","0","08","13","6","","0","1","0","0","0"
"POINT (9.713119188000064 52.383601624000050)","Unfall 263455 (2023) Kat:3, Licht: 0","263455","3","6","0","08","11","6","","0","1","0","0","0"
"POINT (9.750032300000044 52.412470258000042)","Unfall 263456 (2023) Kat:3, Licht: 0","263456","3","1","0","08","20","1","","0","1","0","0","0"
"POINT (9.762394359000041 52.370627212000045)","Unfall 263466 (2023) Kat:3, Licht: 0","263466","3","3","5","08","19","4","","0","1","1","0","0"
"POINT (9.737096751000024 52.349579267000081)","Unfall 263482 (2023) Kat:3, Licht: 2","263482","3","6","6","08","21","4","","2","1","0","1","0"
"POINT (9.766704184000048 52.414339212000073)","Unfall 263483 (2023) Kat:3, Licht: 0","263483","3","7","0","08","12","4","","0","1","0","0","0"
"POINT (9.760408428000062 52.382648571000061)","Unfall 263485 (2023) Kat:3, Licht: 0","263485","3","7","0","08","18","1","","0","1","0","1","0"
"POINT (9.779336819000036 52.358687135000082)","Unfall 263496 (2023) Kat:3, Licht: 0","263496","3","7","0","08","19","5","","0","1","0","1","0"
"POINT (9.726251258000048 52.381966525000053)","Unfall 263498 (2023) Kat:3, Licht: 0","263498","3","7","7","09","13","6","","0","1","0","0","0"
"POINT (9.777932597000074 52.354509959000040)","Unfall 263505 (2023) Kat:2, Licht: 0","263505","2","6","3","09","15","2","","0","1","0","0","0"
"POINT (9.758890795000070 52.331720796000070)","Unfall 263508 (2023) Kat:3, Licht: 0","263508","3","7","0","09","18","3","","0","1","0","1","0"
"POINT (9.739122263000070 52.363352031000034)","Unfall 263509 (2023) Kat:3, Licht: 0","263509","3","4","6","09","15","3","","0","1","0","1","0"
"POINT (9.716957307000030 52.401669340000069)","Unfall 263512 (2023) Kat:3, Licht: 0","263512","3","7","6","09","07","4","","0","1","0","1","0"
"POINT (9.812925454000037 52.403764412000044)","Unfall 263514 (2023) Kat:3, Licht: 0","263514","3","7","6","09","14","4","","0","1","0","1","0"
"POINT (9.805725575000054 52.404545851000080)","Unfall 263517 (2023) Kat:2, Licht: 0","263517","2","7","0","09","18","5","","0","1","0","0","0"
"POINT (9.826947119000067 52.372414564000053)","Unfall 263518 (2023) Kat:3, Licht: 0","263518","3","6","3","09","16","5","","0","1","0","0","0"
"POINT (9.751696509000055 52.374768740000036)","Unfall 263525 (2023) Kat:3, Licht: 0","263525","3","3","5","09","08","6","","0","1","1","0","0"
"POINT (9.796876530000077 52.373354255000038)","Unfall 263530 (2023) Kat:3, Licht: 0","263530","3","7","0","09","18","7","","0","1","0","0","0"
"POINT (9.699323546000073 52.372417972000051)","Unfall 263543 (2023) Kat:3, Licht: 2","263543","3","7","0","09","21","6","","2","1","0","0","0"
"POINT (9.714669520000029 52.375879490000045)","Unfall 263549 (2023) Kat:3, Licht: 0","263549","3","4","6","09","15","7","","0","1","0","1","0"
"POINT (9.740100420000033 52.376035986000034)","Unfall 263553 (2023) Kat:3, Licht: 0","263553","3","4","6","09","17","5","","0","1","0","1","0"
"POINT (9.875286327000026 52.364504410000052)","Unfall 263559 (2023) Kat:3, Licht: 0","263559","3","1","0","09","16","2","","0","1","0","0","0"
"POINT (9.841516490000060 52.336220764000075)","Unfall 263560 (2023) Kat:3, Licht: 0","263560","3","7","0","09","18","3","","0","1","0","1","0"
"POINT (9.751270527000031 52.361656779000043)","Unfall 263564 (2023) Kat:3, Licht: 2","263564","3","1","9","09","23","4","","2","1","0","0","0"
"POINT (9.738625069000022 52.345943328000033)","Unfall 263567 (2023) Kat:3, Licht: 0","263567","3","3","5","09","08","5","","0","1","0","0","0"
"POINT (9.803717351000046 52.390882461000047)","Unfall 263572 (2023) Kat:3, Licht: 2","263572","3","7","0","09","00","7","","2","1","0","0","0"
"POINT (9.708569454000042 52.378293413000051)","Unfall 263574 (2023) Kat:3, Licht: 0","263574","3","6","3","10","16","2","","0","1","0","0","0"
"POINT (9.793269213000031 52.374800802000038)","Unfall 263578 (2023) Kat:3, Licht: 1","263578","3","2","5","10","17","4","","1","1","1","0","0"
"POINT (9.695515957000055 52.377887062000070)","Unfall 263579 (2023) Kat:3, Licht: 0","263579","3","3","5","10","13","5","","0","1","0","0","0"
"POINT (9.767742756000075 52.382631765000042)","Unfall 263581 (2023) Kat:3, Licht: 0","263581","3","2","4","10","09","6","","0","1","1","0","0"
"POINT (9.694453363000036 52.418382882000060)","Unfall 263589 (2023) Kat:3, Licht: 0","263589","3","3","5","10","14","2","","0","1","1","0","0"
"POINT (9.713755883000033 52.383209159000046)","Unfall 263592 (2023) Kat:3, Licht: 2","263592","3","6","4","10","22","3","","2","1","0","0","0"
"POINT (9.740895410000064 52.360444935000032)","Unfall 263594 (2023) Kat:3, Licht: 0","263594","3","6","6","10","16","4","","0","1","0","1","0"
"POINT (9.774178714000072 52.353085640000074)","Unfall 263598 (2023) Kat:3, Licht: 2","263598","3","7","0","10","07","6","","2","1","0","0","0"
"POINT (9.729004781000071 52.367368998000074)","Unfall 263604 (2023) Kat:3, Licht: 2","263604","3","1","4","10","15","3","","2","1","0","0","0"
"POINT (9.746046170000056 52.354200899000034)","Unfall 263607 (2023) Kat:3, Licht: 2","263607","3","7","8","10","07","6","","2","1","0","0","0"
"POINT (9.761244441000031 52.411216216000071)","Unfall 263611 (2023) Kat:3, Licht: 0","263611","3","1","0","10","10","7","","0","1","0","0","0"
"POINT (9.724176165000074 52.400454437000064)","Unfall 263614 (2023) Kat:3, Licht: 1","263614","3","6","3","11","17","4","","1","1","0","0","0"
"POINT (9.727685936000057 52.394660748000035)","Unfall 263619 (2023) Kat:3, Licht: 0","263619","3","6","4","11","10","7","","0","1","1","0","0"
"POINT (9.791633728000022 52.402342876000034)","Unfall 263620 (2023) Kat:2, Licht: 0","263620","2","1","0","11","08","3","","0","1","0","0","0"
"POINT (9.792282021000062 52.397049613000036)","Unfall 263621 (2023) Kat:3, Licht: 2","263621","3","2","0","11","18","3","","2","1","1","0","0"
"POINT (9.714965435000067 52.378044365000051)","Unfall 263624 (2023) Kat:3, Licht: 2","263624","3","1","0","11","00","7","","2","1","0","0","0"
"POINT (9.683038927000041 52.347752944000035)","Unfall 263629 (2023) Kat:3, Licht: 1","263629","3","6","4","11","07","3","","1","1","0","0","0"
"POINT (9.742578694000031 52.373799088000055)","Unfall 263631 (2023) Kat:2, Licht: 0","263631","2","1","0","11","15","5","","0","1","0","0","0"
"POINT (9.755091965000076 52.379117900000040)","Unfall 263633 (2023) Kat:3, Licht: 0","263633","3","1","0","11","15","6","","0","1","0","0","0"
"POINT (9.811898838000047 52.359839569000030)","Unfall 263636 (2023) Kat:3, Licht: 0","263636","3","3","5","11","13","6","","0","1","0","0","0"
"POINT (9.665420774000040 52.412063314000079)","Unfall 263641 (2023) Kat:2, Licht: 0","263641","2","7","0","12","09","2","","0","1","0","0","0"
"POINT (9.779255331000059 52.373192857000049)","Unfall 263642 (2023) Kat:3, Licht: 0","263642","3","1","0","12","09","2","","0","1","0","0","0"
"POINT (9.779202331000022 52.358717286000058)","Unfall 263650 (2023) Kat:3, Licht: 0","263650","3","7","0","12","15","7","","0","1","0","0","0"
"POINT (9.722105813000042 52.368206074000057)","Unfall 263651 (2023) Kat:3, Licht: 0","263651","3","2","3","12","14","7","","0","1","0","0","0"
"POINT (9.846013793000054 52.369483769000055)","Unfall 263655 (2023) Kat:3, Licht: 2","263655","3","6","6","12","17","5","","2","1","0","1","0"
"POINT (9.696994767000035 52.341179940000075)","Unfall 7688 (2024) Kat:3, Licht: 2","7688","3","6","2","02","18","7","","2","0","1","0","0"
"POINT (9.804481586000065 52.338278892000062)","Unfall 7689 (2024) Kat:3, Licht: 2","7689","3","6","2","02","18","7","","2","0","1","0","0"
"POINT (9.782747042000040 52.324596233000079)","Unfall 7709 (2024) Kat:2, Licht: 2","7709","2","7","0","02","21","6","","2","1","0","0","0"
"POINT (9.809026648000042 52.334816800000056)","Unfall 7711 (2024) Kat:3, Licht: 2","7711","3","6","2","02","17","6","","2","0","1","0","0"
"POINT (9.733740003000037 52.384536526000034)","Unfall 7713 (2024) Kat:3, Licht: 2","7713","3","3","5","02","18","6","","2","1","1","0","0"
"POINT (9.730068243000062 52.382190461000050)","Unfall 7737 (2024) Kat:3, Licht: 0","7737","3","5","1","02","11","5","","0","0","1","0","0"
"POINT (9.807151204000036 52.335854536000056)","Unfall 7738 (2024) Kat:3, Licht: 0","7738","3","6","2","02","08","5","","0","0","1","0","0"
"POINT (9.735216139000045 52.405682409000065)","Unfall 7878 (2024) Kat:3, Licht: 2","7878","3","3","5","01","20","7","","2","1","1","0","0"
"POINT (9.855979818000037 52.388868358000082)","Unfall 7879 (2024) Kat:3, Licht: 0","7879","3","3","5","01","10","7","","0","1","1","0","0"
"POINT (9.735598775000028 52.403277689000049)","Unfall 7905 (2024) Kat:3, Licht: 2","7905","3","6","2","01","18","6","","2","0","1","0","0"
"POINT (9.696874990000026 52.379020893000074)","Unfall 7906 (2024) Kat:3, Licht: 2","7906","3","6","3","01","06","6","","2","0","1","0","0"
"POINT (9.818880411000066 52.410201220000033)","Unfall 7908 (2024) Kat:3, Licht: 1","7908","3","2","5","01","08","6","","1","0","1","0","0"
"POINT (9.731527859000039 52.382748169000081)","Unfall 7909 (2024) Kat:2, Licht: 0","7909","2","6","3","01","12","6","","0","0","1","0","1"
"POINT (9.656015053000033 52.406457282000076)","Unfall 7945 (2024) Kat:3, Licht: 0","7945","3","6","2","01","09","5","","0","0","1","0","0"
"POINT (9.743897643000025 52.367927958000053)","Unfall 7976 (2024) Kat:3, Licht: 0","7976","3","2","0","01","12","4","","0","1","1","0","0"
"POINT (9.863716983000074 52.374751641000046)","Unfall 7977 (2024) Kat:3, Licht: 2","7977","3","7","7","01","05","4","","2","1","0","0","0"
"POINT (9.793164535000074 52.351592807000031)","Unfall 7980 (2024) Kat:2, Licht: 0","7980","2","6","2","01","13","4","","0","0","1","0","0"
"POINT (9.733951945000058 52.416242029000045)","Unfall 7981 (2024) Kat:2, Licht: 0","7981","2","4","6","01","14","4","","0","0","0","1","0"
"POINT (9.854072216000077 52.416603623000071)","Unfall 7982 (2024) Kat:3, Licht: 2","7982","3","6","3","01","06","4","","2","0","1","0","0"
"POINT (9.768851557000062 52.338131843000042)","Unfall 8012 (2024) Kat:2, Licht: 2","8012","2","2","6","01","21","3","","2","0","1","1","0"
"POINT (9.648312045000068 52.412744335000070)","Unfall 8015 (2024) Kat:3, Licht: 2","8015","3","3","5","01","20","3","","2","0","1","0","0"
"POINT (9.754968043000076 52.354426824000029)","Unfall 8049 (2024) Kat:3, Licht: 1","8049","3","7","0","01","16","2","","1","1","0","0","0"
"POINT (9.647242572000039 52.413759069000037)","Unfall 8050 (2024) Kat:3, Licht: 0","8050","3","6","2","01","11","2","","0","0","1","0","0"
"POINT (9.649971349000054 52.424454980000064)","Unfall 8056 (2024) Kat:3, Licht: 2","8056","3","6","3","01","06","2","","2","0","1","0","0"
"POINT (9.743536184000050 52.368102861000068)","Unfall 8088 (2024) Kat:3, Licht: 0","8088","3","6","2","01","12","7","","0","0","1","0","0"
"POINT (9.764814290000061 52.342760116000079)","Unfall 8089 (2024) Kat:3, Licht: 0","8089","3","3","5","01","12","7","","0","0","1","0","0"
"POINT (9.724152469000046 52.421417349000080)","Unfall 8091 (2024) Kat:3, Licht: 2","8091","3","6","4","01","19","7","","2","0","1","0","0"
"POINT (9.787015176000068 52.389772258000050)","Unfall 8133 (2024) Kat:3, Licht: 0","8133","3","6","0","01","09","2","","0","0","1","0","0"
"POINT (9.823057431000052 52.407899572000076)","Unfall 8142 (2024) Kat:3, Licht: 0","8142","3","6","1","01","14","6","","0","0","1","0","0"
"POINT (9.862898136000069 52.372837013000037)","Unfall 8150 (2024) Kat:3, Licht: 1","8150","3","4","6","01","07","6","","1","0","1","1","0"
"POINT (9.730160770000055 52.368701382000040)","Unfall 8186 (2024) Kat:3, Licht: 2","8186","3","3","5","01","07","5","","2","1","1","0","0"
"POINT (9.818391825000049 52.409186051000063)","Unfall 8187 (2024) Kat:3, Licht: 0","8187","3","6","2","01","09","5","","0","0","1","0","0"
"POINT (9.785337762000040 52.335294234000060)","Unfall 8188 (2024) Kat:3, Licht: 2","8188","3","6","4","01","07","5","","2","1","0","0","0"
"POINT (9.827138950000062 52.342487885000082)","Unfall 8212 (2024) Kat:3, Licht: 2","8212","3","6","2","01","18","4","","2","0","1","0","0"
"POINT (9.805540848000021 52.408208362000039)","Unfall 8216 (2024) Kat:3, Licht: 0","8216","3","2","5","01","16","4","","0","1","1","0","0"
"POINT (9.793167060000030 52.430456783000068)","Unfall 8249 (2024) Kat:3, Licht: 2","8249","3","7","9","01","03","7","","2","0","1","0","0"
"POINT (9.799657672000023 52.424907810000036)","Unfall 8321 (2024) Kat:3, Licht: 0","8321","3","4","6","01","11","2","","0","0","1","1","0"
"POINT (9.630020406000028 52.420928390000029)","Unfall 8353 (2024) Kat:3, Licht: 0","8353","3","6","3","01","11","1","","0","0","1","0","0"
"POINT (9.818981771000040 52.410344120000047)","Unfall 8367 (2024) Kat:3, Licht: 0","8367","3","2","6","01","11","7","","0","0","1","1","0"
"POINT (9.735855091000076 52.399240766000048)","Unfall 8385 (2024) Kat:3, Licht: 0","8385","3","2","3","01","10","6","","0","1","1","0","0"
"POINT (9.855947125000057 52.388893687000063)","Unfall 8454 (2024) Kat:3, Licht: 2","8454","3","2","6","01","17","4","","2","0","1","1","0"
"POINT (9.798409523000032 52.371020803000079)","Unfall 8472 (2024) Kat:3, Licht: 0","8472","3","5","1","01","10","4","","0","0","1","0","0"
"POINT (9.735684363000075 52.400688508000030)","Unfall 8479 (2024) Kat:3, Licht: 0","8479","3","6","2","01","13","4","","0","0","1","0","0"
"POINT (9.735264825000058 52.393332914000041)","Unfall 8481 (2024) Kat:3, Licht: 0","8481","3","6","2","01","13","3","","0","0","1","0","0"
"POINT (9.792875212000069 52.394499977000066)","Unfall 8516 (2024) Kat:3, Licht: 2","8516","3","2","3","01","19","3","","2","0","1","0","0"
"POINT (9.810575632000052 52.318390772000043)","Unfall 8517 (2024) Kat:3, Licht: 2","8517","3","2","5","01","19","3","","2","0","1","0","0"
"POINT (9.885786431000042 52.398642978000055)","Unfall 8523 (2024) Kat:3, Licht: 0","8523","3","6","2","01","16","3","","0","0","1","0","0"
"POINT (9.715116416000058 52.360798415000033)","Unfall 8525 (2024) Kat:3, Licht: 2","8525","3","6","2","02","21","5","","2","0","1","0","0"
"POINT (9.813178393000044 52.321332528000028)","Unfall 8581 (2024) Kat:3, Licht: 0","8581","3","6","2","01","08","2","","0","0","1","0","0"
"POINT (9.702010759000075 52.364174291000040)","Unfall 8582 (2024) Kat:3, Licht: 0","8582","3","2","5","01","16","2","","0","1","1","0","0"
"POINT (9.799353072000031 52.409770476000062)","Unfall 8583 (2024) Kat:3, Licht: 2","8583","3","4","6","01","06","2","","2","0","1","1","0"
"POINT (9.697768614000040 52.377118981000081)","Unfall 8648 (2024) Kat:3, Licht: 0","8648","3","6","2","01","13","7","","0","0","1","0","0"
"POINT (9.753975200000070 52.370034320000059)","Unfall 8693 (2024) Kat:3, Licht: 0","8693","3","6","2","01","11","3","","0","0","1","0","0"
"POINT (9.655356978000043 52.406923585000072)","Unfall 8732 (2024) Kat:3, Licht: 1","8732","3","6","2","01","17","5","","1","0","1","0","0"
"POINT (9.740454667000051 52.368275983000046)","Unfall 8733 (2024) Kat:3, Licht: 0","8733","3","6","0","01","10","5","","0","0","1","0","1"
"POINT (9.761882697000033 52.345846454000082)","Unfall 8734 (2024) Kat:3, Licht: 2","8734","3","6","3","01","19","5","","2","0","1","0","0"
"POINT (9.639647596000032 52.413701668000044)","Unfall 8735 (2024) Kat:3, Licht: 2","8735","3","6","4","01","18","5","","2","1","0","0","0"
"POINT (9.707824186000039 52.423694999000077)","Unfall 8770 (2024) Kat:3, Licht: 0","8770","3","3","5","01","15","4","","0","1","1","0","0"
"POINT (9.793200027000069 52.417324839000059)","Unfall 8771 (2024) Kat:3, Licht: 1","8771","3","6","2","01","08","4","","1","0","1","0","0"
"POINT (9.722486306000064 52.368484048000028)","Unfall 8773 (2024) Kat:3, Licht: 2","8773","3","3","5","01","16","4","","2","1","0","0","0"
"POINT (9.859752483000022 52.385804830000041)","Unfall 8808 (2024) Kat:3, Licht: 2","8808","3","1","0","01","21","3","","2","0","0","0","0"
"POINT (9.697136147000037 52.378377912000076)","Unfall 8809 (2024) Kat:3, Licht: 0","8809","3","6","2","01","13","3","","0","0","1","0","0"
"POINT (9.691428609000070 52.332247002000031)","Unfall 8817 (2024) Kat:3, Licht: 0","8817","3","2","5","01","15","3","","0","0","1","0","0"
"POINT (9.675372947000028 52.377564721000056)","Unfall 8818 (2024) Kat:3, Licht: 2","8818","3","6","6","01","00","3","","2","0","1","1","0"
"POINT (9.677954650000061 52.371780788000081)","Unfall 8840 (2024) Kat:3, Licht: 0","8840","3","1","8","01","13","2","","0","0","1","0","0"
"POINT (9.651722994000068 52.417100904000051)","Unfall 8928 (2024) Kat:3, Licht: 2","8928","3","2","5","01","05","3","","2","0","1","0","0"
"POINT (9.719769096000050 52.337042048000058)","Unfall 8969 (2024) Kat:3, Licht: 0","8969","3","6","2","01","15","5","","0","0","1","0","0"
"POINT (9.752874587000065 52.357049643000039)","Unfall 9381 (2024) Kat:3, Licht: 2","9381","3","7","7","01","06","4","","2","0","1","0","0"
"POINT (9.650746192000042 52.422050949000038)","Unfall 9539 (2024) Kat:3, Licht: 2","9539","3","7","0","01","06","2","","2","0","0","0","0"
"POINT (9.722379861000036 52.378530096000077)","Unfall 9708 (2024) Kat:3, Licht: 2","9708","3","2","5","01","17","3","","2","1","1","0","0"
"POINT (9.827228354000056 52.346120807000034)","Unfall 9720 (2024) Kat:3, Licht: 2","9720","3","2","5","01","17","6","","2","0","1","0","0"
"POINT (9.754401873000063 52.370057447000079)","Unfall 9783 (2024) Kat:3, Licht: 0","9783","3","6","2","01","14","6","","0","0","1","0","0"
"POINT (9.624088594000057 52.425152408000031)","Unfall 9878 (2024) Kat:3, Licht: 1","9878","3","6","2","03","17","4","","1","0","1","0","0"
"POINT (9.878311029000031 52.359750414000075)","Unfall 9879 (2024) Kat:3, Licht: 0","9879","3","6","3","03","09","4","","0","0","1","0","0"
"POINT (9.757177269000067 52.427249846000052)","Unfall 9945 (2024) Kat:3, Licht: 0","9945","3","6","2","03","06","2","","0","0","1","0","0"
"POINT (9.735488861000022 52.401919656000075)","Unfall 9990 (2024) Kat:3, Licht: 0","9990","3","4","6","03","15","7","","0","0","0","1","0"
"POINT (9.632249952000052 52.411129074000030)","Unfall 10033 (2024) Kat:3, Licht: 0","10033","3","3","5","03","09","6","","0","0","1","0","0"
"POINT (9.733935173000077 52.416366936000031)","Unfall 10034 (2024) Kat:3, Licht: 2","10034","3","7","0","03","21","6","","2","0","0","1","0"
"POINT (9.711782947000074 52.405064479000032)","Unfall 10061 (2024) Kat:3, Licht: 0","10061","3","3","5","03","10","5","","0","1","1","0","0"
"POINT (9.726791393000042 52.375713104000056)","Unfall 10062 (2024) Kat:3, Licht: 0","10062","3","3","5","03","14","5","","0","1","1","0","0"
"POINT (9.716841887000044 52.366967777000070)","Unfall 10063 (2024) Kat:3, Licht: 0","10063","3","7","0","03","17","5","","0","1","0","0","0"
"POINT (9.689368574000071 52.377967817000069)","Unfall 10066 (2024) Kat:2, Licht: 0","10066","2","6","3","03","13","5","","0","1","0","0","0"
"POINT (9.632294610000031 52.411293087000047)","Unfall 10067 (2024) Kat:3, Licht: 2","10067","3","3","5","03","22","5","","2","0","1","0","0"
"POINT (9.776615485000036 52.332852659000082)","Unfall 10068 (2024) Kat:2, Licht: 0","10068","2","2","5","03","16","5","","0","1","0","0","0"
"POINT (9.657372664000036 52.425719185000048)","Unfall 10097 (2024) Kat:3, Licht: 0","10097","3","6","2","03","16","4","","0","0","1","0","0"
"POINT (9.733432183000048 52.417402541000058)","Unfall 10101 (2024) Kat:3, Licht: 0","10101","3","2","5","03","08","4","","0","1","1","0","0"
"POINT (9.645305707000034 52.414020173000040)","Unfall 10128 (2024) Kat:3, Licht: 0","10128","3","6","2","03","15","3","","0","0","1","0","0"
"POINT (9.734051492000049 52.415437438000026)","Unfall 10129 (2024) Kat:2, Licht: 0","10129","2","3","5","03","15","3","","0","1","1","0","0"
"POINT (9.892981765000059 52.367084331000058)","Unfall 10130 (2024) Kat:2, Licht: 0","10130","2","6","3","03","16","3","","0","0","1","0","0"
"POINT (9.734534293000024 52.411724090000064)","Unfall 10131 (2024) Kat:3, Licht: 0","10131","3","2","5","03","08","3","","0","1","1","0","0"
"POINT (9.810885003000067 52.333233376000067)","Unfall 10149 (2024) Kat:3, Licht: 0","10149","3","6","2","03","11","6","","0","0","1","0","0"
"POINT (9.690550518000066 52.346786209000072)","Unfall 10160 (2024) Kat:3, Licht: 0","10160","3","6","2","03","17","2","","0","0","1","0","0"
"POINT (9.732431599000051 52.383280201000048)","Unfall 10192 (2024) Kat:3, Licht: 2","10192","3","2","4","03","19","1","","2","0","1","0","0"
"POINT (9.800321764000046 52.343298282000035)","Unfall 10233 (2024) Kat:3, Licht: 0","10233","3","6","2","03","13","7","","0","0","1","0","0"
"POINT (9.861925523000025 52.358419057000049)","Unfall 10268 (2024) Kat:3, Licht: 0","10268","3","7","6","03","11","6","","0","0","1","1","0"
"POINT (9.828578650000054 52.416221966000080)","Unfall 10274 (2024) Kat:2, Licht: 2","10274","2","4","6","03","23","6","","2","0","0","1","0"
"POINT (9.626774066000053 52.423449487000028)","Unfall 10275 (2024) Kat:3, Licht: 0","10275","3","6","2","03","12","6","","0","0","1","0","0"
"POINT (9.709233380000057 52.408028416000036)","Unfall 10305 (2024) Kat:3, Licht: 2","10305","3","3","5","03","19","7","","2","0","1","0","0"
"POINT (9.734273813000073 52.387151164000045)","Unfall 10310 (2024) Kat:3, Licht: 0","10310","3","3","5","02","16","5","","0","0","1","0","0"
"POINT (9.728471187000025 52.373562193000055)","Unfall 10311 (2024) Kat:3, Licht: 0","10311","3","6","2","02","15","5","","0","0","1","0","1"
"POINT (9.735455457000057 52.395459760000051)","Unfall 10314 (2024) Kat:3, Licht: 2","10314","3","6","2","02","22","5","","2","0","1","0","0"
"POINT (9.799720765000075 52.408286299000054)","Unfall 10346 (2024) Kat:3, Licht: 0","10346","3","3","5","02","15","4","","0","1","1","0","0"
"POINT (9.627036229000055 52.423276457000043)","Unfall 10385 (2024) Kat:3, Licht: 2","10385","3","6","2","02","21","3","","2","0","1","0","0"
"POINT (9.696427527000026 52.379763243000070)","Unfall 10386 (2024) Kat:3, Licht: 2","10386","3","6","2","02","05","3","","2","0","1","0","0"
"POINT (9.713316308000060 52.400045056000067)","Unfall 10407 (2024) Kat:3, Licht: 0","10407","3","6","2","02","10","2","","0","0","1","0","0"
"POINT (9.797447012000021 52.371119465000049)","Unfall 10411 (2024) Kat:3, Licht: 2","10411","3","5","1","02","00","2","","2","0","1","0","0"
"POINT (9.652110065000045 52.409960381000076)","Unfall 10433 (2024) Kat:3, Licht: 2","10433","3","6","2","02","18","1","","2","0","1","0","0"
"POINT (9.751124697000023 52.359319775000074)","Unfall 10455 (2024) Kat:3, Licht: 0","10455","3","2","3","02","14","7","","0","1","1","0","0"
"POINT (9.837975268000037 52.418660426000031)","Unfall 10457 (2024) Kat:3, Licht: 0","10457","3","3","0","02","12","7","","0","0","1","0","0"
"POINT (9.628657244000067 52.422301359000073)","Unfall 10458 (2024) Kat:3, Licht: 0","10458","3","6","2","02","13","7","","0","0","1","0","0"
"POINT (9.715444904000037 52.397989574000064)","Unfall 10490 (2024) Kat:3, Licht: 2","10490","3","7","0","02","23","6","","2","0","0","0","0"
"POINT (9.839467801000069 52.417721281000070)","Unfall 10491 (2024) Kat:3, Licht: 0","10491","3","6","2","02","10","6","","0","0","1","0","0"
"POINT (9.897155157000043 52.409798670000043)","Unfall 10492 (2024) Kat:2, Licht: 2","10492","2","6","0","02","05","6","","2","0","1","0","0"
"POINT (9.740333408000026 52.368051415000082)","Unfall 10493 (2024) Kat:3, Licht: 0","10493","3","2","5","02","12","6","","0","1","1","0","0"
"POINT (9.733491229000037 52.384519918000080)","Unfall 10545 (2024) Kat:3, Licht: 0","10545","3","6","4","02","15","5","","0","1","0","0","0"
"POINT (9.694029745000023 52.419969617000049)","Unfall 10637 (2024) Kat:3, Licht: 0","10637","3","6","2","02","07","3","","0","0","1","0","0"
"POINT (9.728419150000036 52.374040924000042)","Unfall 10638 (2024) Kat:3, Licht: 0","10638","3","6","2","02","07","3","","0","0","1","0","0"
"POINT (9.713270662000070 52.366748277000056)","Unfall 10639 (2024) Kat:3, Licht: 1","10639","3","7","0","02","17","3","","1","0","0","0","0"
"POINT (9.807122401000072 52.335864157000060)","Unfall 10644 (2024) Kat:3, Licht: 0","10644","3","6","2","02","10","3","","0","0","1","0","0"
"POINT (9.723289131000058 52.363380585000073)","Unfall 10645 (2024) Kat:3, Licht: 0","10645","3","6","3","02","15","3","","0","0","1","0","0"
"POINT (9.717268582000031 52.346166137000068)","Unfall 10675 (2024) Kat:3, Licht: 0","10675","3","6","2","02","11","2","","0","0","1","0","0"
"POINT (9.854789311000047 52.390247091000049)","Unfall 10676 (2024) Kat:3, Licht: 0","10676","3","3","5","02","07","2","","0","1","1","0","0"
"POINT (9.695529754000063 52.374637270000051)","Unfall 10677 (2024) Kat:3, Licht: 0","10677","3","6","3","02","07","2","","0","0","1","0","0"
"POINT (9.830867257000023 52.417555639000057)","Unfall 10678 (2024) Kat:3, Licht: 0","10678","3","2","5","02","10","2","","0","0","1","0","0"
"POINT (9.728262322000035 52.292802885000071)","Unfall 10680 (2024) Kat:3, Licht: 1","10680","3","2","5","02","07","2","","1","1","1","0","0"
"POINT (9.807173965000061 52.335846933000028)","Unfall 10683 (2024) Kat:3, Licht: 0","10683","3","6","2","02","16","2","","0","0","1","0","0"
"POINT (9.814526710000052 52.401899404000062)","Unfall 10687 (2024) Kat:3, Licht: 0","10687","3","6","2","02","08","2","","0","0","1","0","0"
"POINT (9.648236911000026 52.412799561000043)","Unfall 10714 (2024) Kat:3, Licht: 2","10714","3","3","5","02","23","1","","2","0","1","0","0"
"POINT (9.727678062000052 52.381361511000080)","Unfall 10716 (2024) Kat:2, Licht: 2","10716","2","5","1","02","18","1","","2","0","1","0","1"
"POINT (9.747815593000041 52.363609084000075)","Unfall 10739 (2024) Kat:3, Licht: 0","10739","3","4","6","02","11","7","","0","0","1","1","0"
"POINT (9.727912040000035 52.336151505000032)","Unfall 10740 (2024) Kat:3, Licht: 0","10740","3","6","2","02","15","7","","0","0","1","0","0"
"POINT (9.677100766000024 52.358145784000044)","Unfall 10741 (2024) Kat:3, Licht: 2","10741","3","4","0","02","18","7","","2","0","0","1","0"