WKT,Name,OBJECTID,UKATEGORIE,UTYP1,UART,UMONAT,USTUNDE,UWOCHENTAG,STRZUSTAND,ULICHTVERH,ISTRAD,ISTPKW,ISTFUSS,ISTKRAD
"POINT (9.768515943000068 52.338122518000034)","Unfall 10743 (2024) Kat:3, Licht: 0","10743","3","2","2","02","14","7","","0","0","1","0","0"
"POINT (9.739296979000073 52.337639633000038)","Unfall 10745 (2024) Kat:1, Licht: 2","10745","1","6","2","02","18","7","","2","0","1","0","0"
"POINT (9.733380585000077 52.417809483000042)","Unfall 10786 (2024) Kat:3, Licht: 0","10786","3","3","5","02","12","6","","0","1","0","0","0"
"POINT (9.762201975000039 52.370533080000030)","Unfall 10824 (2024) Kat:3, Licht: 0","10824","3","2","5","02","16","5","","0","1","1","0","0"
"POINT (9.641828465000060 52.414715181000076)","Unfall 10825 (2024) Kat:3, Licht: 0","10825","3","1","0","02","10","5","","0","1","0","0","0"
"POINT (9.722020468000039 52.421542070000044)","Unfall 10826 (2024) Kat:3, Licht: 0","10826","3","6","2","02","16","5","","0","0","1","0","0"
"POINT (9.759324177000053 52.370339391000073)","Unfall 10876 (2024) Kat:3, Licht: 0","10876","3","6","2","02","12","4","","0","0","1","0","0"
"POINT (9.713411535000034 52.361935465000045)","Unfall 10877 (2024) Kat:3, Licht: 0","10877","3","6","2","02","14","4","","0","0","1","0","0"
"POINT (9.683703242000036 52.347508614000049)","Unfall 10878 (2024) Kat:3, Licht: 0","10878","3","6","2","02","14","4","","0","0","1","0","0"
"POINT (9.762077275000024 52.335828267000068)","Unfall 10908 (2024) Kat:3, Licht: 0","10908","3","4","6","02","11","3","","0","0","1","1","0"
"POINT (9.648312045000068 52.412744335000070)","Unfall 10909 (2024) Kat:3, Licht: 2","10909","3","3","5","02","18","3","","2","0","1","0","0"
"POINT (9.719577096000023 52.392439146000072)","Unfall 10910 (2024) Kat:2, Licht: 0","10910","2","1","6","02","16","3","","0","1","0","1","0"
"POINT (9.704273531000069 52.417144427000039)","Unfall 10946 (2024) Kat:3, Licht: 2","10946","3","6","2","02","19","2","","2","0","1","0","0"
"POINT (9.816397966000068 52.404028130000029)","Unfall 10971 (2024) Kat:3, Licht: 2","10971","3","6","2","02","22","1","","2","0","1","0","0"
"POINT (9.861901867000029 52.369782272000066)","Unfall 11009 (2024) Kat:3, Licht: 2","11009","3","7","8","02","21","7","","2","0","1","0","0"
"POINT (9.728489161000027 52.381662794000079)","Unfall 11011 (2024) Kat:3, Licht: 2","11011","3","6","2","02","23","7","","2","0","1","0","0"
"POINT (9.827224682000065 52.346013467000034)","Unfall 11013 (2024) Kat:3, Licht: 2","11013","3","3","5","02","19","7","","2","1","1","0","0"
"POINT (9.778186128000073 52.371259036000026)","Unfall 11062 (2024) Kat:3, Licht: 2","11062","3","2","2","02","22","6","","2","0","1","0","0"
"POINT (9.721671478000076 52.378464931000053)","Unfall 11063 (2024) Kat:3, Licht: 0","11063","3","6","2","02","15","6","","0","0","1","0","0"
"POINT (9.652034083000046 52.424851959000080)","Unfall 11067 (2024) Kat:3, Licht: 0","11067","3","6","2","02","15","6","","0","0","1","0","0"
"POINT (9.640166927000053 52.422569591000070)","Unfall 11068 (2024) Kat:3, Licht: 0","11068","3","6","2","02","17","6","","0","0","1","0","0"
"POINT (9.671677058000057 52.396385141000053)","Unfall 11087 (2024) Kat:1, Licht: 0","11087","1","6","2","03","16","4","","0","0","1","0","1"
"POINT (9.759549017000040 52.370350981000058)","Unfall 11127 (2024) Kat:3, Licht: 0","11127","3","6","2","02","15","5","","0","0","1","0","0"
"POINT (9.632351180000057 52.411289739000040)","Unfall 11128 (2024) Kat:3, Licht: 2","11128","3","2","4","02","22","5","","2","0","1","0","0"
"POINT (9.696868023000036 52.420514570000080)","Unfall 11130 (2024) Kat:3, Licht: 0","11130","3","4","6","02","12","5","","0","0","1","1","0"
"POINT (9.777546810000047 52.371213785000066)","Unfall 11174 (2024) Kat:3, Licht: 1","11174","3","6","2","02","17","4","","1","0","1","0","0"
"POINT (9.803755852000052 52.407772864000037)","Unfall 11176 (2024) Kat:1, Licht: 2","11176","1","4","6","02","21","3","","2","0","0","1","0"
"POINT (9.756564022000020 52.370175443000051)","Unfall 11214 (2024) Kat:3, Licht: 0","11214","3","6","2","02","07","3","","0","0","1","0","0"
"POINT (9.811957182000071 52.318675580000047)","Unfall 11248 (2024) Kat:3, Licht: 2","11248","3","6","2","02","22","6","","2","0","1","0","0"
"POINT (9.725489873000072 52.389089054000067)","Unfall 11254 (2024) Kat:3, Licht: 0","11254","3","6","2","02","14","5","","0","0","1","0","0"
"POINT (9.791916702000037 52.335036380000076)","Unfall 11260 (2024) Kat:3, Licht: 1","11260","3","3","5","02","07","2","","1","1","1","0","0"
"POINT (9.834677252000063 52.420743425000069)","Unfall 11264 (2024) Kat:3, Licht: 0","11264","3","6","3","02","12","2","","0","0","1","0","0"
"POINT (9.825032704000023 52.425529178000033)","Unfall 11265 (2024) Kat:3, Licht: 0","11265","3","7","2","02","12","2","","0","0","1","0","0"
"POINT (9.751586546000055 52.427376732000027)","Unfall 11266 (2024) Kat:3, Licht: 0","11266","3","6","2","02","10","2","","0","0","0","0","0"
"POINT (9.730993998000031 52.383626022000044)","Unfall 11268 (2024) Kat:3, Licht: 2","11268","3","3","5","02","04","2","","2","1","1","0","0"
"POINT (9.695623105000038 52.380187497000065)","Unfall 11289 (2024) Kat:3, Licht: 0","11289","3","6","3","02","14","1","","0","0","1","0","0"
"POINT (9.648909912000022 52.412460024000040)","Unfall 11290 (2024) Kat:3, Licht: 2","11290","3","1","0","02","04","1","","2","1","0","0","0"
"POINT (9.812236219000056 52.429492479000032)","Unfall 11329 (2024) Kat:2, Licht: 0","11329","2","6","2","05","16","3","","0","0","1","0","0"
"POINT (9.783614950000072 52.360092651000059)","Unfall 11330 (2024) Kat:3, Licht: 0","11330","3","6","3","05","05","3","","0","0","1","0","1"
"POINT (9.676964108000050 52.357068164000054)","Unfall 11376 (2024) Kat:3, Licht: 0","11376","3","2","5","05","13","2","","0","0","1","0","0"
"POINT (9.750593941000034 52.360011214000053)","Unfall 11451 (2024) Kat:3, Licht: 2","11451","3","7","0","05","22","7","","2","0","0","0","1"
"POINT (9.749286374000064 52.369237997000027)","Unfall 11485 (2024) Kat:3, Licht: 0","11485","3","6","2","05","10","6","","0","0","1","0","0"
"POINT (9.852395572000034 52.389837617000069)","Unfall 11487 (2024) Kat:3, Licht: 0","11487","3","2","5","05","17","6","","0","1","1","0","0"
"POINT (9.732535656000039 52.369416865000062)","Unfall 11488 (2024) Kat:3, Licht: 2","11488","3","6","3","05","21","6","","2","0","1","0","1"
"POINT (9.714545427000076 52.366566636000073)","Unfall 11490 (2024) Kat:3, Licht: 0","11490","3","2","6","05","10","6","","0","0","1","1","0"
"POINT (9.727071006000074 52.366908632000047)","Unfall 11533 (2024) Kat:3, Licht: 0","11533","3","1","0","05","18","5","","0","1","0","0","0"
"POINT (9.827248867000037 52.358393222000075)","Unfall 11534 (2024) Kat:2, Licht: 0","11534","2","4","6","05","12","5","","0","0","1","1","0"
"POINT (9.875652195000043 52.359932339000068)","Unfall 11571 (2024) Kat:3, Licht: 0","11571","3","6","2","05","15","4","","0","0","1","0","0"
"POINT (9.740457173000038 52.368276099000070)","Unfall 11573 (2024) Kat:3, Licht: 0","11573","3","6","2","05","19","4","","0","0","1","0","1"
"POINT (9.662574215000063 52.384936537000044)","Unfall 11574 (2024) Kat:3, Licht: 0","11574","3","6","2","05","13","4","","0","0","1","0","0"
"POINT (9.799997532000077 52.407045825000068)","Unfall 11575 (2024) Kat:3, Licht: 0","11575","3","6","3","05","15","4","","0","0","1","0","0"
"POINT (9.853849446000027 52.390430305000052)","Unfall 11576 (2024) Kat:3, Licht: 0","11576","3","2","2","05","07","4","","0","0","1","0","0"
"POINT (9.828653073000055 52.360890049000034)","Unfall 11577 (2024) Kat:3, Licht: 0","11577","3","4","6","05","17","4","","0","1","0","1","0"
"POINT (9.807572478000054 52.335976636000055)","Unfall 11580 (2024) Kat:3, Licht: 0","11580","3","6","2","05","10","4","","0","0","1","0","0"
"POINT (9.807516385000042 52.335989903000041)","Unfall 11623 (2024) Kat:3, Licht: 0","11623","3","6","2","05","11","3","","0","0","1","0","0"
"POINT (9.734023330000070 52.387096557000064)","Unfall 11624 (2024) Kat:3, Licht: 0","11624","3","2","5","05","06","3","","0","1","1","0","0"
"POINT (9.715124526000068 52.361497612000051)","Unfall 11659 (2024) Kat:3, Licht: 0","11659","3","6","2","05","09","2","","0","0","1","0","0"
"POINT (9.726916851000055 52.375329574000034)","Unfall 11660 (2024) Kat:3, Licht: 0","11660","3","1","0","05","11","2","","0","0","0","0","1"
"POINT (9.740585186000033 52.368282023000063)","Unfall 11722 (2024) Kat:3, Licht: 2","11722","3","7","0","05","22","7","","2","1","0","0","0"
"POINT (9.812010083000075 52.409298090000050)","Unfall 11725 (2024) Kat:3, Licht: 0","11725","3","7","2","05","13","7","","0","0","1","0","0"
"POINT (9.728126352000061 52.374052834000054)","Unfall 11754 (2024) Kat:3, Licht: 0","11754","3","3","5","05","16","6","","0","0","1","0","0"
"POINT (9.707824186000039 52.423694999000077)","Unfall 11801 (2024) Kat:3, Licht: 0","11801","3","7","2","05","15","5","","0","1","0","0","0"
"POINT (9.702539434000073 52.364461097000060)","Unfall 11802 (2024) Kat:3, Licht: 0","11802","3","7","0","05","18","5","","0","1","0","0","0"
"POINT (9.685096556000076 52.374581513000066)","Unfall 11803 (2024) Kat:3, Licht: 0","11803","3","3","5","05","16","5","","0","0","1","0","1"
"POINT (9.771676488000026 52.334818413000050)","Unfall 11809 (2024) Kat:2, Licht: 0","11809","2","3","5","05","14","5","","0","1","0","0","0"
"POINT (9.789317960000062 52.354739218000077)","Unfall 11810 (2024) Kat:3, Licht: 0","11810","3","6","2","05","16","5","","0","0","1","0","0"
"POINT (9.781602199000076 52.428225339000051)","Unfall 11812 (2024) Kat:3, Licht: 0","11812","3","6","3","05","08","5","","0","0","1","0","0"
"POINT (9.665087043000028 52.357612607000078)","Unfall 11814 (2024) Kat:3, Licht: 0","11814","3","5","1","05","11","5","","0","1","1","0","0"
"POINT (9.727397864000068 52.381254150000075)","Unfall 11856 (2024) Kat:2, Licht: 1","11856","2","4","6","05","04","4","","1","0","0","1","1"
"POINT (9.858533288000046 52.358513295000080)","Unfall 11904 (2024) Kat:3, Licht: 0","11904","3","4","6","04","13","3","","0","0","0","1","0"
"POINT (9.715145850000056 52.398221284000044)","Unfall 11960 (2024) Kat:3, Licht: 0","11960","3","6","2","04","15","2","","0","0","1","0","0"
"POINT (9.722024983000040 52.359529105000036)","Unfall 12011 (2024) Kat:3, Licht: 0","12011","3","6","2","04","19","7","","0","0","1","0","0"
"POINT (9.697645699000077 52.377142473000049)","Unfall 12012 (2024) Kat:3, Licht: 0","12012","3","6","2","04","15","7","","0","0","1","0","0"
"POINT (9.648527704000060 52.414306895000038)","Unfall 12048 (2024) Kat:3, Licht: 0","12048","3","6","2","04","14","6","","0","0","1","0","0"
"POINT (9.818477624000025 52.409030745000052)","Unfall 12049 (2024) Kat:3, Licht: 0","12049","3","6","2","04","07","6","","0","0","1","0","0"
"POINT (9.764845292000075 52.342722896000055)","Unfall 12051 (2024) Kat:3, Licht: 0","12051","3","2","5","04","18","6","","0","0","1","0","0"
"POINT (9.614094498000043 52.421657380000056)","Unfall 12055 (2024) Kat:3, Licht: 0","12055","3","6","3","04","09","6","","0","0","1","0","0"
"POINT (9.831950091000067 52.418169412000054)","Unfall 12056 (2024) Kat:3, Licht: 0","12056","3","6","2","04","12","6","","0","0","1","0","0"
"POINT (9.718157188000021 52.367229550000047)","Unfall 12091 (2024) Kat:3, Licht: 2","12091","3","2","5","04","20","5","","2","0","1","0","1"
"POINT (9.756016436000039 52.352678696000055)","Unfall 12133 (2024) Kat:3, Licht: 2","12133","3","2","0","04","00","4","","2","0","0","0","1"
"POINT (9.811984341000027 52.331784299000049)","Unfall 12136 (2024) Kat:3, Licht: 0","12136","3","6","2","04","09","4","","0","0","1","0","0"
"POINT (9.783506216000035 52.323274550000065)","Unfall 12138 (2024) Kat:3, Licht: 0","12138","3","7","0","04","18","4","","0","0","1","0","0"
"POINT (9.698019420000037 52.376997919000075)","Unfall 12153 (2024) Kat:3, Licht: 0","12153","3","6","2","05","09","2","","0","0","1","0","0"
"POINT (9.778235203000065 52.327875741000071)","Unfall 12169 (2024) Kat:3, Licht: 0","12169","3","2","3","05","08","3","","0","1","1","0","0"
"POINT (9.797938070000043 52.413210337000066)","Unfall 12179 (2024) Kat:3, Licht: 0","12179","3","6","2","04","16","3","","0","0","1","0","0"
"POINT (9.740707254000029 52.427535568000053)","Unfall 12215 (2024) Kat:3, Licht: 0","12215","3","6","2","04","12","2","","0","0","1","0","0"
"POINT (9.749089852000054 52.361960628000077)","Unfall 12235 (2024) Kat:3, Licht: 0","12235","3","2","4","04","17","1","","0","0","1","0","0"
"POINT (9.704195083000059 52.417068127000050)","Unfall 12266 (2024) Kat:3, Licht: 0","12266","3","3","5","04","15","7","","0","1","1","0","0"
"POINT (9.698365124000077 52.347513291000041)","Unfall 12303 (2024) Kat:3, Licht: 0","12303","3","6","2","04","13","6","","0","0","1","0","0"
"POINT (9.712585872000034 52.401985417000049)","Unfall 12313 (2024) Kat:3, Licht: 0","12313","3","6","6","04","07","6","","0","0","0","1","0"
"POINT (9.730232661000059 52.368965034000041)","Unfall 12338 (2024) Kat:3, Licht: 2","12338","3","3","0","04","22","5","","2","1","1","0","0"
"POINT (9.857505371000059 52.316941289000056)","Unfall 12341 (2024) Kat:2, Licht: 0","12341","2","1","9","04","07","5","","0","0","1","0","0"
"POINT (9.629794964000041 52.421537519000026)","Unfall 12343 (2024) Kat:3, Licht: 0","12343","3","7","9","04","18","5","","0","0","0","0","0"
"POINT (9.637879614000042 52.416388458000029)","Unfall 12432 (2024) Kat:3, Licht: 0","12432","3","6","2","04","08","3","","0","0","1","0","0"
"POINT (9.766716901000052 52.340447042000051)","Unfall 12433 (2024) Kat:3, Licht: 0","12433","3","6","2","04","08","3","","0","0","1","0","0"
"POINT (9.708449217000066 52.420822550000082)","Unfall 12438 (2024) Kat:3, Licht: 0","12438","3","2","0","04","13","3","","0","1","1","0","0"
"POINT (9.734052513000051 52.412457241000027)","Unfall 12439 (2024) Kat:3, Licht: 2","12439","3","2","5","04","05","3","","2","0","1","0","0"
"POINT (9.623902692000058 52.421082771000044)","Unfall 12471 (2024) Kat:3, Licht: 0","12471","3","6","2","04","13","2","","0","0","1","0","0"
"POINT (9.735837107000066 52.399511187000030)","Unfall 12477 (2024) Kat:3, Licht: 0","12477","3","6","2","04","13","6","","0","0","1","0","0"
"POINT (9.735305263000043 52.394775732000028)","Unfall 12518 (2024) Kat:3, Licht: 0","12518","3","2","5","04","21","7","","0","1","1","0","0"
"POINT (9.832777196000052 52.338420880000058)","Unfall 12531 (2024) Kat:3, Licht: 0","12531","3","3","5","04","14","7","","0","1","1","0","0"
"POINT (9.741127570000060 52.368101721000073)","Unfall 12583 (2024) Kat:3, Licht: 2","12583","3","6","0","04","21","6","","2","0","1","0","0"
"POINT (9.723418326000058 52.377726249000034)","Unfall 12586 (2024) Kat:3, Licht: 0","12586","3","2","5","04","12","6","","0","1","1","0","0"
"POINT (9.757861315000071 52.370258553000042)","Unfall 12617 (2024) Kat:3, Licht: 2","12617","3","7","0","04","00","5","","2","1","0","0","0"
"POINT (9.726989644000071 52.366537387000051)","Unfall 12619 (2024) Kat:3, Licht: 0","12619","3","3","5","04","13","5","","0","1","1","0","0"
"POINT (9.698009228000046 52.376565904000074)","Unfall 12620 (2024) Kat:3, Licht: 0","12620","3","6","2","04","07","5","","0","0","1","0","0"
"POINT (9.707006430000035 52.430036954000059)","Unfall 12621 (2024) Kat:3, Licht: 0","12621","3","6","2","04","15","5","","0","0","1","0","0"
"POINT (9.648106584000061 52.412895356000035)","Unfall 12658 (2024) Kat:3, Licht: 0","12658","3","6","9","04","17","4","","0","0","1","0","1"
"POINT (9.677980309000077 52.360435821000067)","Unfall 12662 (2024) Kat:3, Licht: 0","12662","3","3","5","04","09","4","","0","1","1","0","0"
"POINT (9.831784222000067 52.361192906000042)","Unfall 12709 (2024) Kat:3, Licht: 0","12709","3","7","0","04","12","3","","0","0","0","0","0"
"POINT (9.713148951000051 52.346506629000032)","Unfall 12758 (2024) Kat:3, Licht: 2","12758","3","6","3","04","01","2","","2","1","1","0","0"
"POINT (9.678493112000069 52.381058147000033)","Unfall 12759 (2024) Kat:3, Licht: 1","12759","3","6","3","04","20","2","","1","1","1","0","0"
"POINT (9.827509564000025 52.360060435000037)","Unfall 12761 (2024) Kat:3, Licht: 0","12761","3","6","4","04","09","2","","0","1","1","0","0"
"POINT (9.773881087000063 52.331892689000028)","Unfall 12762 (2024) Kat:3, Licht: 0","12762","3","7","0","04","13","2","","0","1","0","0","0"
"POINT (9.724057135000066 52.363733491000062)","Unfall 12843 (2024) Kat:3, Licht: 0","12843","3","3","5","05","18","3","","0","0","1","0","0"
"POINT (9.723004297000045 52.358105360000081)","Unfall 12847 (2024) Kat:3, Licht: 0","12847","3","6","2","04","14","7","","0","0","1","0","0"
"POINT (9.762818979000031 52.344438585000034)","Unfall 12849 (2024) Kat:3, Licht: 0","12849","3","3","5","04","15","7","","0","1","1","0","0"
"POINT (9.648771630000056 52.412397953000038)","Unfall 12854 (2024) Kat:3, Licht: 2","12854","3","6","2","04","22","7","","2","0","1","0","0"
"POINT (9.735873986000058 52.401500319000036)","Unfall 12906 (2024) Kat:3, Licht: 1","12906","3","6","2","04","19","6","","1","0","1","0","0"
"POINT (9.799533527000051 52.447412179000082)","Unfall 12907 (2024) Kat:3, Licht: 0","12907","3","1","8","04","18","6","","0","0","1","0","0"
"POINT (9.730808894000063 52.370825419000028)","Unfall 12923 (2024) Kat:3, Licht: 0","12923","3","6","2","04","09","6","","0","0","1","0","0"
"POINT (9.731866930000024 52.369087663000073)","Unfall 12970 (2024) Kat:3, Licht: 0","12970","3","3","5","04","07","5","","0","1","1","0","0"
"POINT (9.781277160000059 52.364148914000054)","Unfall 12978 (2024) Kat:3, Licht: 0","12978","3","6","3","04","08","5","","0","0","1","0","0"
"POINT (9.833260366000047 52.398631447000071)","Unfall 13023 (2024) Kat:3, Licht: 0","13023","3","6","2","04","08","4","","0","0","1","0","0"
"POINT (9.736442376000070 52.427231672000062)","Unfall 13028 (2024) Kat:3, Licht: 2","13028","3","1","3","04","22","4","","2","0","1","0","0"
"POINT (9.817099105000068 52.428266018000045)","Unfall 13029 (2024) Kat:3, Licht: 0","13029","3","6","2","04","14","4","","0","0","1","0","0"
"POINT (9.725474842000040 52.376781282000081)","Unfall 13068 (2024) Kat:3, Licht: 0","13068","3","6","2","04","10","3","","0","0","1","0","0"
"POINT (9.677928886000075 52.359886157000062)","Unfall 13072 (2024) Kat:3, Licht: 0","13072","3","7","8","04","09","3","","0","0","0","0","0"
"POINT (9.764833099000043 52.342737428000078)","Unfall 13100 (2024) Kat:3, Licht: 2","13100","3","3","5","04","20","2","","2","0","1","0","0"
"POINT (9.697318314000029 52.341635076000046)","Unfall 13117 (2024) Kat:2, Licht: 2","13117","2","3","5","04","22","5","","2","0","1","0","1"
"POINT (9.627034823000031 52.423277375000055)","Unfall 13124 (2024) Kat:3, Licht: 0","13124","3","7","5","03","11","1","","0","0","1","0","0"
"POINT (9.782097989000022 52.325278542000035)","Unfall 13126 (2024) Kat:3, Licht: 2","13126","3","2","5","03","00","1","","2","0","1","0","0"
"POINT (9.734976974000062 52.408544681000080)","Unfall 13131 (2024) Kat:3, Licht: 2","13131","3","1","7","04","22","5","","2","1","0","0","0"
"POINT (9.764839357000028 52.342729969000061)","Unfall 13186 (2024) Kat:3, Licht: 0","13186","3","2","5","05","13","4","","0","1","1","0","0"
"POINT (9.761995367000054 52.370519413000068)","Unfall 13197 (2024) Kat:3, Licht: 0","13197","3","7","0","03","16","6","","0","1","0","0","0"
"POINT (9.771109584000044 52.370853951000072)","Unfall 13214 (2024) Kat:3, Licht: 0","13214","3","6","2","04","08","6","","0","0","1","0","0"
"POINT (9.727151176000064 52.381159628000034)","Unfall 13240 (2024) Kat:3, Licht: 0","13240","3","6","2","03","16","5","","0","0","1","0","0"
"POINT (9.821300620000045 52.339162175000070)","Unfall 13244 (2024) Kat:2, Licht: 0","13244","2","3","5","03","11","5","","0","1","1","0","0"
"POINT (9.735322701000030 52.393528161000063)","Unfall 13247 (2024) Kat:3, Licht: 0","13247","3","4","0","03","13","5","","0","1","0","1","0"
"POINT (9.739499039000066 52.368197070000065)","Unfall 13279 (2024) Kat:3, Licht: 2","13279","3","6","2","03","20","4","","2","0","1","0","0"
"POINT (9.722041761000071 52.378563337000060)","Unfall 13281 (2024) Kat:3, Licht: 0","13281","3","7","2","03","12","4","","0","0","1","0","1"
"POINT (9.733197792000055 52.421783625000046)","Unfall 13325 (2024) Kat:3, Licht: 0","13325","3","6","2","03","16","3","","0","0","1","0","0"
"POINT (9.718463155000052 52.393853703000048)","Unfall 13330 (2024) Kat:3, Licht: 0","13330","3","1","0","03","17","3","","0","1","0","0","0"
"POINT (9.722505834000060 52.358445452000069)","Unfall 13359 (2024) Kat:3, Licht: 0","13359","3","6","2","03","06","2","","0","0","1","0","0"
"POINT (9.728874614000063 52.372982253000032)","Unfall 13360 (2024) Kat:3, Licht: 0","13360","3","2","0","03","08","2","","0","1","1","0","0"
"POINT (9.842013946000066 52.415891389000080)","Unfall 13366 (2024) Kat:3, Licht: 0","13366","3","6","3","03","08","2","","0","0","0","0","0"
"POINT (9.742814225000075 52.368388556000070)","Unfall 13368 (2024) Kat:3, Licht: 2","13368","3","3","5","03","05","2","","2","1","1","0","0"
"POINT (9.697128558000031 52.341636868000080)","Unfall 13369 (2024) Kat:3, Licht: 0","13369","3","2","5","03","10","2","","0","0","1","0","0"
"POINT (9.733737860000076 52.384688725000046)","Unfall 13390 (2024) Kat:3, Licht: 0","13390","3","3","5","04","16","2","","0","0","1","0","0"
"POINT (9.654531597000073 52.408087737000074)","Unfall 13395 (2024) Kat:3, Licht: 0","13395","3","6","2","03","18","1","","0","0","1","0","0"
"POINT (9.733945342000027 52.369100668000044)","Unfall 13415 (2024) Kat:3, Licht: 0","13415","3","3","5","04","08","5","","0","1","1","0","0"
"POINT (9.618274119000034 52.405826444000070)","Unfall 13417 (2024) Kat:3, Licht: 0","13417","3","3","5","05","08","4","","0","1","1","0","0"
"POINT (9.728785610000045 52.386068433000048)","Unfall 13418 (2024) Kat:3, Licht: 0","13418","3","5","1","05","06","4","","0","0","1","0","0"
"POINT (9.813121130000070 52.325891345000059)","Unfall 13434 (2024) Kat:2, Licht: 0","13434","2","6","2","03","14","7","","0","0","1","0","0"
"POINT (9.735559410000064 52.394493204000071)","Unfall 13437 (2024) Kat:3, Licht: 2","13437","3","6","2","03","22","7","","2","0","1","0","0"
"POINT (9.790964396000049 52.350538544000074)","Unfall 13497 (2024) Kat:3, Licht: 2","13497","3","1","0","04","03","1","","2","0","1","0","0"
"POINT (9.763453439000045 52.343828698000038)","Unfall 13501 (2024) Kat:3, Licht: 0","13501","3","3","5","03","11","6","","0","1","1","0","0"
"POINT (9.646970290000070 52.423540168000045)","Unfall 13506 (2024) Kat:3, Licht: 2","13506","3","6","2","03","05","6","","2","0","1","0","0"
"POINT (9.698788334000028 52.347713012000042)","Unfall 13541 (2024) Kat:3, Licht: 0","13541","3","2","5","03","17","5","","0","0","1","0","0"
"POINT (9.708225427000059 52.420852682000032)","Unfall 13545 (2024) Kat:3, Licht: 2","13545","3","3","5","03","06","5","","2","1","1","0","0"
"POINT (9.646227978000070 52.423421242000074)","Unfall 13587 (2024) Kat:3, Licht: 0","13587","3","6","2","03","10","4","","0","0","1","0","0"
"POINT (9.733797419000041 52.385804987000029)","Unfall 13588 (2024) Kat:3, Licht: 0","13588","3","6","9","03","06","4","","0","0","1","0","0"
"POINT (9.748670080000068 52.362503685000036)","Unfall 13591 (2024) Kat:3, Licht: 1","13591","3","5","1","03","18","4","","1","0","1","0","0"
"POINT (9.711014396000053 52.406295833000058)","Unfall 13592 (2024) Kat:3, Licht: 0","13592","3","2","2","03","14","4","","0","0","1","0","0"
"POINT (9.829008575000046 52.339615380000055)","Unfall 13593 (2024) Kat:3, Licht: 1","13593","3","6","6","04","20","7","","1","0","1","1","0"
"POINT (9.849585540000021 52.326631008000049)","Unfall 13637 (2024) Kat:3, Licht: 0","13637","3","2","5","03","17","3","","0","0","1","0","0"
"POINT (9.808270502000028 52.335349460000032)","Unfall 13643 (2024) Kat:2, Licht: 0","13643","2","6","2","03","09","3","","0","0","1","0","1"
"POINT (9.648077888000046 52.412916449000079)","Unfall 13670 (2024) Kat:3, Licht: 0","13670","3","6","2","03","17","2","","0","0","1","0","1"
"POINT (9.721714673000065 52.337899687000061)","Unfall 13735 (2024) Kat:3, Licht: 0","13735","3","6","2","03","13","7","","0","0","1","0","0"
"POINT (9.723000777000038 52.358119757000054)","Unfall 13737 (2024) Kat:3, Licht: 0","13737","3","6","2","03","09","7","","0","0","1","0","0"
"POINT (9.812751039000034 52.317184027000053)","Unfall 13763 (2024) Kat:3, Licht: 0","13763","3","6","9","04","15","1","","0","0","1","0","1"
"POINT (9.642528058000039 52.414656545000071)","Unfall 13793 (2024) Kat:3, Licht: 2","13793","3","2","3","03","23","6","","2","0","1","0","0"
"POINT (9.655902092000076 52.406380739000042)","Unfall 13794 (2024) Kat:3, Licht: 0","13794","3","6","2","03","07","6","","0","0","1","0","0"
"POINT (9.734903031000044 52.391505672000051)","Unfall 13795 (2024) Kat:3, Licht: 0","13795","3","2","0","03","11","6","","0","0","1","0","0"
"POINT (9.796550208000042 52.415065758000026)","Unfall 13796 (2024) Kat:3, Licht: 0","13796","3","7","0","03","15","6","","0","0","0","0","0"
"POINT (9.652108710000050 52.415933104000032)","Unfall 13854 (2024) Kat:3, Licht: 0","13854","3","7","0","03","11","5","","0","1","0","0","0"
"POINT (9.735765013000048 52.400066878000075)","Unfall 13855 (2024) Kat:3, Licht: 2","13855","3","4","6","03","18","5","","2","1","0","1","0"
"POINT (9.675891031000049 52.353726488000063)","Unfall 13856 (2024) Kat:3, Licht: 0","13856","3","3","5","03","09","5","","0","1","1","0","0"
"POINT (9.786848525000039 52.335272281000073)","Unfall 13857 (2024) Kat:3, Licht: 0","13857","3","2","4","03","12","5","","0","1","0","0","0"
"POINT (9.645841687000029 52.423354977000031)","Unfall 13863 (2024) Kat:3, Licht: 0","13863","3","6","2","03","16","5","","0","0","1","0","0"
"POINT (9.804325141000049 52.407787519000067)","Unfall 13865 (2024) Kat:3, Licht: 0","13865","3","3","5","05","17","4","","0","0","1","0","0"
"POINT (9.650246838000044 52.424508001000049)","Unfall 13866 (2024) Kat:3, Licht: 0","13866","3","6","2","03","16","5","","0","0","1","0","0"
"POINT (9.726728413000046 52.375767289000066)","Unfall 13867 (2024) Kat:3, Licht: 2","13867","3","3","5","03","21","5","","2","1","1","0","0"
"POINT (9.641914085000053 52.414687519000040)","Unfall 13930 (2024) Kat:3, Licht: 0","13930","3","6","2","08","12","4","","0","0","0","0","0"
"POINT (9.705139904000021 52.412842813000054)","Unfall 13931 (2024) Kat:3, Licht: 0","13931","3","6","2","08","08","4","","0","0","1","0","0"
"POINT (9.791084309000041 52.420537672000080)","Unfall 13932 (2024) Kat:3, Licht: 0","13932","3","7","0","08","07","4","","0","1","0","0","0"
"POINT (9.809644172000048 52.368916232000061)","Unfall 13965 (2024) Kat:3, Licht: 0","13965","3","7","0","08","08","3","","0","1","0","0","0"
"POINT (9.718087336000053 52.346073750000073)","Unfall 13966 (2024) Kat:3, Licht: 0","13966","3","6","2","08","15","3","","0","0","1","0","0"