WKT,Name,OBJECTID,UKATEGORIE,UTYP1,UART,UMONAT,USTUNDE,UWOCHENTAG,STRZUSTAND,ULICHTVERH,ISTRAD,ISTPKW,ISTFUSS,ISTKRAD
"POINT (9.840363218000050 52.416931845000079)","Unfall 13968 (2024) Kat:3, Licht: 0","13968","3","7","9","08","13","3","","0","0","1","0","0"
"POINT (9.731584039000040 52.369406474000073)","Unfall 14003 (2024) Kat:3, Licht: 0","14003","3","2","4","08","12","2","","0","1","1","0","0"
"POINT (9.835419706000039 52.337503059000028)","Unfall 14004 (2024) Kat:3, Licht: 0","14004","3","2","0","08","08","2","","0","1","1","0","0"
"POINT (9.734273813000073 52.387151164000045)","Unfall 14035 (2024) Kat:3, Licht: 0","14035","3","7","0","08","20","1","","0","0","0","0","0"
"POINT (9.690414309000062 52.346869582000068)","Unfall 14068 (2024) Kat:3, Licht: 0","14068","3","6","2","08","09","7","","0","0","1","0","0"
"POINT (9.759897326000043 52.370368935000045)","Unfall 14073 (2024) Kat:3, Licht: 0","14073","3","6","2","08","14","7","","0","0","1","0","0"
"POINT (9.673063986000045 52.395837125000071)","Unfall 14094 (2024) Kat:3, Licht: 0","14094","3","6","3","08","13","3","","0","0","1","0","0"
"POINT (9.762836813000035 52.344420414000069)","Unfall 14096 (2024) Kat:3, Licht: 0","14096","3","3","5","08","07","6","","0","1","1","0","0"
"POINT (9.652834985000027 52.409421909000059)","Unfall 14158 (2024) Kat:3, Licht: 0","14158","3","6","2","08","14","4","","0","0","1","0","0"
"POINT (9.814471167000022 52.338070443000049)","Unfall 14159 (2024) Kat:3, Licht: 0","14159","3","7","0","08","14","4","","0","0","0","0","0"
"POINT (9.704148119000024 52.417025518000059)","Unfall 14161 (2024) Kat:3, Licht: 0","14161","3","4","6","08","15","4","","0","0","1","1","0"
"POINT (9.727816499000028 52.381414553000070)","Unfall 14190 (2024) Kat:3, Licht: 0","14190","3","6","2","08","17","3","","0","0","1","0","0"
"POINT (9.798443350000070 52.417197154000064)","Unfall 14191 (2024) Kat:3, Licht: 0","14191","3","6","2","08","16","3","","0","0","1","0","0"
"POINT (9.778091364000034 52.370953706000080)","Unfall 14216 (2024) Kat:3, Licht: 2","14216","3","6","2","08","22","1","","2","0","1","0","0"
"POINT (9.691890258000058 52.382747706000032)","Unfall 14230 (2024) Kat:3, Licht: 2","14230","3","6","2","08","05","2","","2","0","1","0","0"
"POINT (9.697761953000054 52.377125274000036)","Unfall 14231 (2024) Kat:3, Licht: 0","14231","3","6","2","08","17","2","","0","0","1","0","0"
"POINT (9.825113098000031 52.340331693000053)","Unfall 14232 (2024) Kat:3, Licht: 0","14232","3","6","2","08","17","2","","0","0","1","0","0"
"POINT (9.785313524000060 52.335293544000081)","Unfall 14233 (2024) Kat:3, Licht: 0","14233","3","3","5","08","13","2","","0","0","1","0","0"
"POINT (9.743403369000021 52.368353486000046)","Unfall 14263 (2024) Kat:3, Licht: 2","14263","3","1","8","08","03","1","","2","0","1","0","0"
"POINT (9.764839357000028 52.342729969000061)","Unfall 14264 (2024) Kat:3, Licht: 0","14264","3","3","5","08","11","1","","0","0","1","0","0"
"POINT (9.795875268000032 52.474210514000049)","Unfall 14265 (2024) Kat:3, Licht: 0","14265","3","2","5","08","05","1","","0","1","1","0","0"
"POINT (9.734868969000047 52.391295389000049)","Unfall 14291 (2024) Kat:3, Licht: 1","14291","3","7","0","08","04","7","","1","0","0","0","0"
"POINT (9.799276620000057 52.410076991000039)","Unfall 14293 (2024) Kat:3, Licht: 0","14293","3","3","5","08","16","7","","0","0","1","0","1"
"POINT (9.725526860000059 52.420741463000070)","Unfall 14319 (2024) Kat:3, Licht: 2","14319","3","6","4","08","03","6","","2","0","0","0","0"
"POINT (9.696385850000070 52.379804833000037)","Unfall 14320 (2024) Kat:3, Licht: 2","14320","3","2","4","08","00","6","","2","0","1","0","0"
"POINT (9.769254898000042 52.337643987000035)","Unfall 14321 (2024) Kat:3, Licht: 0","14321","3","7","0","08","16","6","","0","0","0","0","0"
"POINT (9.810021391000021 52.334060096000030)","Unfall 14324 (2024) Kat:3, Licht: 0","14324","3","6","2","08","18","6","","0","0","1","0","0"
"POINT (9.734987115000024 52.405113303000064)","Unfall 14356 (2024) Kat:3, Licht: 0","14356","3","6","2","08","16","5","","0","0","1","0","0"
"POINT (9.849647191000031 52.326368658000035)","Unfall 14357 (2024) Kat:3, Licht: 2","14357","3","7","0","08","00","5","","2","0","1","0","0"
"POINT (9.735910957000044 52.368757660000028)","Unfall 14358 (2024) Kat:3, Licht: 0","14358","3","6","0","08","18","1","","0","0","1","0","0"
"POINT (9.892221523000046 52.365738655000030)","Unfall 14437 (2024) Kat:3, Licht: 0","14437","3","6","2","07","10","3","","0","0","1","0","0"
"POINT (9.723217304000059 52.378080444000034)","Unfall 14438 (2024) Kat:2, Licht: 1","14438","2","6","4","07","21","3","","1","1","0","0","0"
"POINT (9.734404351000023 52.412585625000077)","Unfall 14440 (2024) Kat:3, Licht: 0","14440","3","2","5","07","11","3","","0","0","0","0","0"
"POINT (9.767196007000052 52.339617411000063)","Unfall 14452 (2024) Kat:3, Licht: 0","14452","3","7","1","08","08","4","","0","1","1","0","0"
"POINT (9.759809903000075 52.370364429000063)","Unfall 14482 (2024) Kat:3, Licht: 0","14482","3","2","5","07","16","2","","0","1","1","0","0"
"POINT (9.734090562000063 52.386078702000077)","Unfall 14483 (2024) Kat:3, Licht: 0","14483","3","6","2","07","13","2","","0","0","1","0","0"
"POINT (9.851437835000070 52.359543682000037)","Unfall 14488 (2024) Kat:3, Licht: 0","14488","3","7","5","07","14","2","","0","1","1","0","0"
"POINT (9.758323951000023 52.427223694000077)","Unfall 14514 (2024) Kat:3, Licht: 0","14514","3","7","8","07","06","1","","0","0","1","0","0"
"POINT (9.696186208000029 52.379985137000062)","Unfall 14539 (2024) Kat:3, Licht: 0","14539","3","1","0","07","19","7","","0","0","0","0","0"
"POINT (9.675206219000074 52.428982429000030)","Unfall 14544 (2024) Kat:3, Licht: 2","14544","3","1","8","07","22","7","","2","0","1","0","0"
"POINT (9.642678260000025 52.414617689000067)","Unfall 14576 (2024) Kat:3, Licht: 0","14576","3","6","2","07","11","6","","0","0","1","0","0"
"POINT (9.840597513000034 52.387762029000044)","Unfall 14584 (2024) Kat:3, Licht: 0","14584","3","6","2","07","18","6","","0","0","1","0","0"
"POINT (9.752357864000032 52.369757783000068)","Unfall 14586 (2024) Kat:3, Licht: 0","14586","3","5","1","07","13","6","","0","0","1","1","0"
"POINT (9.764850903000024 52.342716210000049)","Unfall 14612 (2024) Kat:2, Licht: 0","14612","2","3","5","07","11","5","","0","0","1","0","0"
"POINT (9.653531760000021 52.408904945000074)","Unfall 14633 (2024) Kat:3, Licht: 0","14633","3","6","2","07","14","5","","0","0","1","0","0"
"POINT (9.791050959000074 52.371754873000043)","Unfall 14643 (2024) Kat:3, Licht: 0","14643","3","4","6","07","11","3","","0","1","1","1","0"
"POINT (9.654463176000036 52.407877477000056)","Unfall 14644 (2024) Kat:3, Licht: 0","14644","3","7","3","07","05","3","","0","0","1","0","0"
"POINT (9.734205179000071 52.368837586000041)","Unfall 14648 (2024) Kat:3, Licht: 0","14648","3","2","5","07","19","3","","0","1","0","0","0"
"POINT (9.696431151000070 52.379959374000066)","Unfall 14662 (2024) Kat:3, Licht: 0","14662","3","6","2","08","09","7","","0","0","1","0","0"
"POINT (9.641867896000065 52.414702441000031)","Unfall 14681 (2024) Kat:3, Licht: 0","14681","3","6","2","07","16","2","","0","0","1","0","0"
"POINT (9.723355421000065 52.368093629000043)","Unfall 14682 (2024) Kat:3, Licht: 0","14682","3","6","3","07","07","2","","0","0","1","0","0"
"POINT (9.896027210000057 52.412023949000059)","Unfall 14687 (2024) Kat:3, Licht: 0","14687","3","6","2","07","13","2","","0","0","1","0","0"
"POINT (9.768946627000048 52.338016854000045)","Unfall 14689 (2024) Kat:2, Licht: 0","14689","2","4","6","07","18","2","","0","0","1","1","0"
"POINT (9.770351943000037 52.342823301000067)","Unfall 14719 (2024) Kat:3, Licht: 0","14719","3","3","0","07","17","1","","0","0","1","0","0"
"POINT (9.718715528000075 52.421540796000045)","Unfall 14722 (2024) Kat:2, Licht: 2","14722","2","1","8","07","00","1","","2","0","1","0","0"
"POINT (9.807502989000056 52.430480818000035)","Unfall 14733 (2024) Kat:3, Licht: 0","14733","3","6","2","07","06","3","","0","0","1","0","0"
"POINT (9.626703079000038 52.423496427000032)","Unfall 14749 (2024) Kat:3, Licht: 0","14749","3","6","2","07","17","7","","0","0","1","0","0"
"POINT (9.655205255000055 52.407064850000040)","Unfall 14752 (2024) Kat:3, Licht: 2","14752","3","6","0","07","03","7","","2","0","1","0","0"
"POINT (9.696348981000028 52.379841687000066)","Unfall 14753 (2024) Kat:3, Licht: 2","14753","3","2","4","07","00","7","","2","0","1","0","0"
"POINT (9.747197374000052 52.339176325000039)","Unfall 14754 (2024) Kat:3, Licht: 0","14754","3","6","2","07","17","7","","0","0","1","0","0"
"POINT (9.743859630000031 52.369002904000070)","Unfall 14787 (2024) Kat:3, Licht: 0","14787","3","2","6","08","17","5","","0","0","1","1","0"
"POINT (9.699500352000030 52.347394789000077)","Unfall 14793 (2024) Kat:3, Licht: 0","14793","3","2","5","07","18","6","","0","0","1","0","1"
"POINT (9.669899706000024 52.383081178000054)","Unfall 14798 (2024) Kat:3, Licht: 1","14798","3","3","5","08","19","3","","1","1","1","0","0"
"POINT (9.634230205000051 52.418913781000072)","Unfall 14799 (2024) Kat:3, Licht: 0","14799","3","6","0","08","09","3","","0","0","1","0","1"
"POINT (9.723636583000030 52.377844983000045)","Unfall 14841 (2024) Kat:2, Licht: 0","14841","2","1","0","07","19","5","","0","1","0","0","0"
"POINT (9.647406550000028 52.413454017000049)","Unfall 14869 (2024) Kat:3, Licht: 0","14869","3","2","0","07","08","4","","0","0","1","0","0"
"POINT (9.725476984000068 52.376779710000051)","Unfall 14871 (2024) Kat:2, Licht: 0","14871","2","6","3","07","18","4","","0","0","1","0","0"
"POINT (9.751184808000062 52.359239793000029)","Unfall 14873 (2024) Kat:3, Licht: 0","14873","3","2","5","07","17","4","","0","0","1","0","1"
"POINT (9.856663771000058 52.388501425000072)","Unfall 14966 (2024) Kat:3, Licht: 0","14966","3","2","2","07","20","1","","0","0","1","0","1"
"POINT (9.816086154000061 52.409205171000053)","Unfall 14970 (2024) Kat:3, Licht: 0","14970","3","4","6","07","13","1","","0","0","1","1","0"
"POINT (9.783823558000051 52.322435088000077)","Unfall 14995 (2024) Kat:3, Licht: 0","14995","3","5","1","07","13","7","","0","1","1","0","0"
"POINT (9.794422230000066 52.394737296000073)","Unfall 15021 (2024) Kat:3, Licht: 0","15021","3","6","2","07","14","6","","0","0","1","0","0"
"POINT (9.794294436000030 52.394258347000061)","Unfall 15023 (2024) Kat:3, Licht: 0","15023","3","3","5","07","16","6","","0","1","1","0","0"
"POINT (9.876346845000057 52.435171553000032)","Unfall 15107 (2024) Kat:3, Licht: 0","15107","3","6","2","07","09","4","","0","0","1","0","0"
"POINT (9.733679548000055 52.418270606000078)","Unfall 15118 (2024) Kat:3, Licht: 0","15118","3","2","5","08","07","4","","0","1","0","0","0"
"POINT (9.800827109000068 52.428728433000060)","Unfall 15130 (2024) Kat:3, Licht: 0","15130","3","7","5","08","17","1","","0","1","1","0","0"
"POINT (9.827461777000053 52.359884709000028)","Unfall 15142 (2024) Kat:3, Licht: 0","15142","3","2","2","07","16","3","","0","1","1","0","0"
"POINT (9.762242785000069 52.370415670000057)","Unfall 15149 (2024) Kat:3, Licht: 0","15149","3","2","5","07","10","3","","0","1","1","0","0"
"POINT (9.801878129000045 52.432430706000048)","Unfall 15184 (2024) Kat:3, Licht: 0","15184","3","1","0","07","14","2","","0","1","0","0","0"
"POINT (9.799834357000066 52.336109562000047)","Unfall 15249 (2024) Kat:3, Licht: 0","15249","3","2","0","07","20","7","","0","0","0","0","0"
"POINT (9.860911268000052 52.383538248000036)","Unfall 15286 (2024) Kat:3, Licht: 0","15286","3","3","5","07","14","6","","0","1","1","0","0"
"POINT (9.715833704000033 52.366784357000029)","Unfall 15289 (2024) Kat:3, Licht: 0","15289","3","7","1","08","17","4","","0","1","1","0","0"
"POINT (9.896295242000065 52.411372519000054)","Unfall 15290 (2024) Kat:3, Licht: 0","15290","3","6","2","07","15","6","","0","0","1","0","0"
"POINT (9.707380301000057 52.424371667000059)","Unfall 15293 (2024) Kat:3, Licht: 0","15293","3","3","5","07","12","6","","0","0","1","0","1"
"POINT (9.722549026000024 52.378439266000044)","Unfall 15323 (2024) Kat:3, Licht: 0","15323","3","3","5","07","16","5","","0","1","1","0","0"
"POINT (9.678190691000054 52.359390886000028)","Unfall 15324 (2024) Kat:3, Licht: 0","15324","3","6","2","07","14","5","","0","0","1","0","0"
"POINT (9.827521077000029 52.355312864000041)","Unfall 15325 (2024) Kat:3, Licht: 0","15325","3","6","2","07","14","5","","0","0","1","0","0"
"POINT (9.641694234000056 52.414901046000068)","Unfall 15338 (2024) Kat:2, Licht: 0","15338","2","6","2","07","17","2","","0","0","1","0","1"
"POINT (9.830743953000024 52.361116147000075)","Unfall 15358 (2024) Kat:3, Licht: 0","15358","3","2","5","07","13","2","","0","0","1","0","0"
"POINT (9.734385617000044 52.389353926000069)","Unfall 15364 (2024) Kat:3, Licht: 0","15364","3","6","4","07","10","4","","0","1","1","0","0"
"POINT (9.696183677000022 52.379693178000082)","Unfall 15402 (2024) Kat:3, Licht: 0","15402","3","1","8","07","19","3","","0","0","1","0","0"
"POINT (9.719516708000072 52.367381174000059)","Unfall 15403 (2024) Kat:3, Licht: 0","15403","3","2","3","07","17","3","","0","1","1","0","0"
"POINT (9.793269015000021 52.415339737000068)","Unfall 15404 (2024) Kat:3, Licht: 0","15404","3","2","5","07","11","3","","0","0","1","0","1"
"POINT (9.786713461000033 52.389811713000029)","Unfall 15407 (2024) Kat:3, Licht: 0","15407","3","6","2","07","18","3","","0","0","1","0","0"
"POINT (9.748113927000077 52.363223154000082)","Unfall 15468 (2024) Kat:3, Licht: 1","15468","3","6","4","07","21","2","","1","1","0","0","0"
"POINT (9.787302530000034 52.390236109000057)","Unfall 15473 (2024) Kat:3, Licht: 0","15473","3","6","3","07","19","2","","0","0","1","0","0"
"POINT (9.785734994000052 52.372327750000068)","Unfall 15475 (2024) Kat:3, Licht: 1","15475","3","6","3","07","21","2","","1","0","1","0","1"
"POINT (9.684208464000051 52.428560946000061)","Unfall 15507 (2024) Kat:3, Licht: 0","15507","3","6","8","06","20","1","","0","0","1","0","0"
"POINT (9.799492958000030 52.409209622000049)","Unfall 15540 (2024) Kat:3, Licht: 0","15540","3","2","4","06","11","7","","0","1","1","0","0"
"POINT (9.690096929000049 52.430033332000050)","Unfall 15586 (2024) Kat:3, Licht: 2","15586","3","1","0","06","23","6","","2","0","0","0","1"
"POINT (9.678250860000048 52.362875458000076)","Unfall 15627 (2024) Kat:3, Licht: 0","15627","3","6","2","06","12","5","","0","0","1","0","0"
"POINT (9.697345026000050 52.361601616000030)","Unfall 15629 (2024) Kat:3, Licht: 0","15629","3","3","5","06","08","5","","0","1","1","0","0"
"POINT (9.798657632000072 52.395822638000027)","Unfall 15636 (2024) Kat:3, Licht: 0","15636","3","6","2","06","17","5","","0","0","1","0","0"
"POINT (9.854803854000068 52.409149861000060)","Unfall 15637 (2024) Kat:3, Licht: 0","15637","3","6","2","06","16","5","","0","0","1","0","0"
"POINT (9.760322256000052 52.370417818000078)","Unfall 15639 (2024) Kat:3, Licht: 0","15639","3","5","1","06","12","5","","0","1","0","0","0"
"POINT (9.654290872000047 52.408172669000066)","Unfall 15676 (2024) Kat:3, Licht: 0","15676","3","6","2","08","15","1","","0","0","1","0","0"
"POINT (9.641798613000049 52.414724825000064)","Unfall 15690 (2024) Kat:3, Licht: 0","15690","3","6","2","06","17","4","","0","0","1","0","0"
"POINT (9.620102512000074 52.421253416000070)","Unfall 15702 (2024) Kat:3, Licht: 2","15702","3","6","3","06","20","4","","2","0","1","0","0"
"POINT (9.670956981000074 52.382623374000048)","Unfall 15703 (2024) Kat:3, Licht: 0","15703","3","4","6","06","07","4","","0","1","0","1","0"
"POINT (9.734863178000069 52.392684901000052)","Unfall 15745 (2024) Kat:3, Licht: 0","15745","3","6","4","07","18","4","","0","1","0","0","0"
"POINT (9.627855629000067 52.422854552000047)","Unfall 15750 (2024) Kat:3, Licht: 0","15750","3","6","2","06","12","3","","0","0","0","0","0"
"POINT (9.735195487000055 52.403455523000048)","Unfall 15751 (2024) Kat:3, Licht: 0","15751","3","2","3","06","15","3","","0","0","1","0","0"
"POINT (9.742694162000021 52.368087048000064)","Unfall 15752 (2024) Kat:3, Licht: 0","15752","3","3","5","06","14","3","","0","1","0","0","0"
"POINT (9.807460292000030 52.336003171000073)","Unfall 15758 (2024) Kat:3, Licht: 1","15758","3","6","2","07","05","2","","1","0","1","0","0"
"POINT (9.710900168000023 52.406090567000035)","Unfall 15764 (2024) Kat:3, Licht: 1","15764","3","7","0","06","04","3","","1","0","0","0","1"
"POINT (9.750685643000054 52.369339780000075)","Unfall 15802 (2024) Kat:3, Licht: 0","15802","3","7","0","06","13","2","","0","1","0","1","0"
"POINT (9.735620829000027 52.403135271000053)","Unfall 15848 (2024) Kat:3, Licht: 0","15848","3","6","2","07","18","7","","0","0","1","0","0"
"POINT (9.798546198000054 52.431001301000038)","Unfall 15894 (2024) Kat:3, Licht: 1","15894","3","6","3","06","21","7","","1","0","1","0","0"
"POINT (9.745194262000041 52.369042261000061)","Unfall 15944 (2024) Kat:3, Licht: 0","15944","3","6","2","06","15","6","","0","0","1","0","0"
"POINT (9.795140892000063 52.415139532000069)","Unfall 15946 (2024) Kat:3, Licht: 0","15946","3","3","5","06","13","6","","0","1","1","0","0"
"POINT (9.782160509000050 52.325167090000036)","Unfall 15947 (2024) Kat:3, Licht: 0","15947","3","2","3","06","16","6","","0","1","1","0","0"
"POINT (9.677504272000022 52.359189474000061)","Unfall 15977 (2024) Kat:3, Licht: 0","15977","3","2","3","08","09","2","","0","1","1","0","0"
"POINT (9.744608395000057 52.369018651000033)","Unfall 16002 (2024) Kat:3, Licht: 0","16002","3","6","2","06","14","5","","0","0","1","0","0"
"POINT (9.697731005000037 52.377154513000050)","Unfall 16046 (2024) Kat:3, Licht: 0","16046","3","6","2","06","05","4","","0","0","1","0","0"
"POINT (9.659269363000021 52.425733891000050)","Unfall 16059 (2024) Kat:3, Licht: 0","16059","3","6","2","06","16","4","","0","0","1","0","0"
"POINT (9.877360395000039 52.399909575000038)","Unfall 16060 (2024) Kat:3, Licht: 0","16060","3","6","2","06","15","4","","0","0","1","0","0"
"POINT (9.624384609000060 52.424973815000044)","Unfall 16062 (2024) Kat:3, Licht: 0","16062","3","6","2","06","16","4","","0","0","1","0","0"
"POINT (9.648552354000060 52.412728446000074)","Unfall 16097 (2024) Kat:3, Licht: 0","16097","3","6","2","07","19","2","","0","0","1","0","1"
"POINT (9.774165770000025 52.371015823000050)","Unfall 16100 (2024) Kat:3, Licht: 0","16100","3","6","2","06","11","5","","0","0","1","0","0"
"POINT (9.862107711000021 52.370799079000051)","Unfall 16104 (2024) Kat:3, Licht: 0","16104","3","3","5","06","17","3","","0","1","1","0","0"
"POINT (9.655360531000042 52.425492051000049)","Unfall 16105 (2024) Kat:3, Licht: 0","16105","3","6","2","06","08","3","","0","0","1","0","0"
"POINT (9.729608755000072 52.382031863000066)","Unfall 16132 (2024) Kat:3, Licht: 2","16132","3","6","8","07","20","7","","2","0","1","0","0"
"POINT (9.863874565000060 52.332804355000064)","Unfall 16144 (2024) Kat:3, Licht: 0","16144","3","1","9","06","14","5","","0","0","1","0","0"
"POINT (9.754323186000022 52.355344115000037)","Unfall 16164 (2024) Kat:3, Licht: 0","16164","3","6","2","06","18","2","","0","0","1","0","0"
"POINT (9.774250047000066 52.371020598000030)","Unfall 16166 (2024) Kat:3, Licht: 0","16166","3","6","2","06","18","2","","0","0","1","0","0"
"POINT (9.732851947000029 52.421754875000033)","Unfall 16168 (2024) Kat:3, Licht: 0","16168","3","6","2","06","18","2","","0","0","1","0","0"
"POINT (9.727487870000061 52.374800660000062)","Unfall 16169 (2024) Kat:3, Licht: 0","16169","3","6","2","06","16","2","","0","0","1","0","0"
"POINT (9.724759117000076 52.376889769000059)","Unfall 16171 (2024) Kat:3, Licht: 2","16171","3","7","0","06","23","2","","2","0","1","0","0"
"POINT (9.807986828000026 52.335950953000065)","Unfall 16176 (2024) Kat:3, Licht: 0","16176","3","6","2","06","11","2","","0","0","1","0","0"
"POINT (9.785499434000030 52.386939779000045)","Unfall 16177 (2024) Kat:2, Licht: 2","16177","2","7","7","06","00","2","","2","0","0","0","1"
"POINT (9.872676749000050 52.359650926000029)","Unfall 16207 (2024) Kat:3, Licht: 0","16207","3","1","9","06","16","1","","0","0","0","0","1"
"POINT (9.829869354000039 52.339484385000048)","Unfall 16209 (2024) Kat:3, Licht: 0","16209","3","2","4","06","19","1","","0","0","1","0","1"
"POINT (9.624014815000066 52.425196921000065)","Unfall 16242 (2024) Kat:3, Licht: 0","16242","3","6","2","06","11","7","","0","0","1","0","0"
"POINT (9.649349620000066 52.424181133000047)","Unfall 16248 (2024) Kat:3, Licht: 2","16248","3","6","2","06","01","7","","2","0","1","0","0"
"POINT (9.627686709000045 52.422085498000058)","Unfall 16261 (2024) Kat:3, Licht: 0","16261","3","1","9","07","09","5","","0","0","1","0","0"
"POINT (9.774903285000050 52.330841480000061)","Unfall 16275 (2024) Kat:3, Licht: 0","16275","3","7","7","06","21","6","","0","1","0","0","0"
"POINT (9.723511414000029 52.427751195000042)","Unfall 16283 (2024) Kat:3, Licht: 2","16283","3","7","3","06","21","6","","2","0","0","0","0"
"POINT (9.794701485000076 52.350023794000037)","Unfall 16286 (2024) Kat:3, Licht: 2","16286","3","1","9","06","02","6","","2","0","1","0","0"
"POINT (9.734289606000061 52.388783464000028)","Unfall 16287 (2024) Kat:3, Licht: 0","16287","3","2","5","06","16","6","","0","1","1","0","0"
"POINT (9.744464034000032 52.367796727000041)","Unfall 16332 (2024) Kat:3, Licht: 0","16332","3","6","2","06","10","5","","0","0","1","0","0"
"POINT (9.733828894000055 52.385984946000065)","Unfall 16334 (2024) Kat:3, Licht: 0","16334","3","3","5","06","15","5","","0","1","1","0","0"
"POINT (9.818483781000054 52.362813179000057)","Unfall 16335 (2024) Kat:3, Licht: 0","16335","3","1","0","06","15","5","","0","0","0","0","0"
"POINT (9.680350630000021 52.359572154000034)","Unfall 16337 (2024) Kat:2, Licht: 0","16337","2","6","3","06","14","5","","0","1","1","0","0"
"POINT (9.732183348000035 52.383011590000081)","Unfall 16338 (2024) Kat:3, Licht: 0","16338","3","1","0","07","10","3","","0","0","0","0","1"
"POINT (9.864996782000048 52.339463098000067)","Unfall 16339 (2024) Kat:2, Licht: 0","16339","2","7","6","06","08","5","","0","0","1","1","0"
"POINT (9.734273813000073 52.387151164000045)","Unfall 16340 (2024) Kat:3, Licht: 0","16340","3","2","3","06","17","5","","0","0","1","0","0"
"POINT (9.794287009000072 52.394253799000069)","Unfall 16373 (2024) Kat:3, Licht: 0","16373","3","1","0","07","05","3","","0","0","0","0","1"
"POINT (9.767305351000061 52.342968736000046)","Unfall 16394 (2024) Kat:3, Licht: 0","16394","3","6","2","06","10","4","","0","0","1","0","0"
"POINT (9.762201975000039 52.370533080000030)","Unfall 16396 (2024) Kat:2, Licht: 0","16396","2","2","4","06","13","4","","0","0","1","0","1"
"POINT (9.698708542000077 52.347738203000063)","Unfall 16439 (2024) Kat:3, Licht: 0","16439","3","6","3","06","16","3","","0","0","1","0","0"
"POINT (9.676964108000050 52.357068164000054)","Unfall 16489 (2024) Kat:3, Licht: 0","16489","3","2","5","06","06","2","","0","0","1","0","1"
"POINT (9.762274718000072 52.336300155000060)","Unfall 16498 (2024) Kat:3, Licht: 0","16498","3","6","4","07","16","5","","0","1","0","0","0"
"POINT (9.735849523000070 52.399400509000031)","Unfall 16578 (2024) Kat:3, Licht: 0","16578","3","6","3","06","20","7","","0","1","0","0","0"
"POINT (9.697091657000044 52.375147887000026)","Unfall 16580 (2024) Kat:3, Licht: 0","16580","3","2","5","06","14","7","","0","1","1","0","0"
"POINT (9.651055221000036 52.415235486000029)","Unfall 16699 (2024) Kat:3, Licht: 2","16699","3","6","3","06","22","5","","2","0","1","0","0"
"POINT (9.768756538000048 52.338223597000081)","Unfall 16700 (2024) Kat:3, Licht: 0","16700","3","2","5","06","08","5","","0","0","1","0","0"
"POINT (9.835487004000072 52.361314313000037)","Unfall 16714 (2024) Kat:3, Licht: 2","16714","3","5","1","06","03","1","","2","0","1","0","0"
"POINT (9.831973489000063 52.385990711000034)","Unfall 16760 (2024) Kat:3, Licht: 0","16760","3","2","5","06","14","4","","0","1","1","0","0"
"POINT (9.641060041000060 52.414963437000040)","Unfall 16762 (2024) Kat:3, Licht: 2","16762","3","6","2","08","22","7","","2","0","1","0","0"
"POINT (9.686200446000043 52.375006812000038)","Unfall 16818 (2024) Kat:3, Licht: 0","16818","3","1","4","06","17","2","","0","0","1","0","1"
"POINT (9.751984555000035 52.358205846000033)","Unfall 16821 (2024) Kat:3, Licht: 0","16821","3","3","5","06","15","3","","0","1","1","0","0"
"POINT (9.734022125000024 52.387089668000044)","Unfall 16822 (2024) Kat:3, Licht: 0","16822","3","6","2","06","08","3","","0","0","1","0","0"
"POINT (9.740122786000029 52.368245570000056)","Unfall 16823 (2024) Kat:3, Licht: 0","16823","3","6","2","06","13","3","","0","0","1","0","0"
"POINT (9.787024000000031 52.335263240000074)","Unfall 16824 (2024) Kat:3, Licht: 0","16824","3","3","5","06","08","3","","0","0","1","0","0"
"POINT (9.807429851000052 52.336010370000054)","Unfall 16830 (2024) Kat:3, Licht: 0","16830","3","3","5","06","19","3","","0","0","1","0","0"
"POINT (9.827251382000043 52.358373753000080)","Unfall 16831 (2024) Kat:3, Licht: 0","16831","3","4","6","06","18","3","","0","0","1","1","0"
"POINT (9.735552624000036 52.403534038000032)","Unfall 16832 (2024) Kat:3, Licht: 0","16832","3","2","5","06","15","3","","0","1","1","0","0"
"POINT (9.696095853000031 52.418737255000053)","Unfall 16833 (2024) Kat:3, Licht: 0","16833","3","3","5","06","13","3","","0","0","1","0","0"
"POINT (9.753479427000059 52.370007446000045)","Unfall 16879 (2024) Kat:3, Licht: 0","16879","3","2","5","06","07","6","","0","1","1","0","0"
"POINT (9.619785302000025 52.421281564000026)","Unfall 16921 (2024) Kat:3, Licht: 0","16921","3","6","3","06","21","1","","0","0","1","0","0"
"POINT (9.853480422000075 52.390473358000065)","Unfall 16944 (2024) Kat:3, Licht: 0","16944","3","6","2","06","12","6","","0","0","1","0","0"
"POINT (9.782097989000022 52.325278542000035)","Unfall 16974 (2024) Kat:3, Licht: 0","16974","3","3","5","06","16","7","","0","0","1","0","0"
"POINT (9.851386599000023 52.410507683000048)","Unfall 16977 (2024) Kat:3, Licht: 0","16977","3","1","8","06","17","7","","0","0","1","0","0"
"POINT (9.736283222000054 52.398355973000037)","Unfall 17020 (2024) Kat:3, Licht: 0","17020","3","6","3","05","16","6","","0","0","1","0","0"
"POINT (9.697677131000034 52.376391634000072)","Unfall 17022 (2024) Kat:3, Licht: 0","17022","3","6","2","05","17","6","","0","0","1","0","0"
"POINT (9.668272491000039 52.383796265000058)","Unfall 17023 (2024) Kat:3, Licht: 0","17023","3","6","2","05","17","6","","0","0","1","0","0"
"POINT (9.806613287000062 52.336349472000052)","Unfall 17024 (2024) Kat:2, Licht: 0","17024","2","6","2","06","07","5","","0","0","1","0","0"