WKT,Name,OBJECTID,UKATEGORIE,UTYP1,UART,UMONAT,USTUNDE,UWOCHENTAG,STRZUSTAND,ULICHTVERH,ISTRAD,ISTPKW,ISTFUSS,ISTKRAD
"POINT (9.677575413000056 52.371701384000062)","Unfall 17025 (2024) Kat:3, Licht: 0","17025","3","2","4","05","13","6","","0","0","1","0","0"
"POINT (9.765181652000024 52.341942281000058)","Unfall 17027 (2024) Kat:3, Licht: 0","17027","3","1","0","05","12","6","","0","1","0","0","0"
"POINT (9.799484172000064 52.409244850000050)","Unfall 17078 (2024) Kat:3, Licht: 0","17078","3","7","6","07","13","2","","0","0","1","1","0"
"POINT (9.734528369000031 52.390938714000072)","Unfall 17102 (2024) Kat:3, Licht: 0","17102","3","6","2","05","17","5","","0","0","1","0","0"
"POINT (9.623491313000045 52.421087229000079)","Unfall 17107 (2024) Kat:3, Licht: 0","17107","3","3","5","05","17","5","","0","0","1","0","0"
"POINT (9.733402561000048 52.384260090000055)","Unfall 17108 (2024) Kat:3, Licht: 0","17108","3","6","2","05","16","5","","0","0","1","0","0"
"POINT (9.827288053000075 52.355671970000060)","Unfall 17167 (2024) Kat:3, Licht: 0","17167","3","3","5","05","18","4","","0","1","1","0","0"
"POINT (9.771425218000047 52.335104406000028)","Unfall 17169 (2024) Kat:3, Licht: 0","17169","3","7","0","05","09","4","","0","1","0","0","0"
"POINT (9.809304507000036 52.379540743000064)","Unfall 17176 (2024) Kat:3, Licht: 2","17176","3","2","3","08","21","7","","2","0","1","0","0"
"POINT (9.765685974000064 52.337340204000043)","Unfall 17216 (2024) Kat:3, Licht: 0","17216","3","3","5","06","16","3","","0","0","1","0","0"
"POINT (9.730825554000035 52.370808082000053)","Unfall 17228 (2024) Kat:2, Licht: 2","17228","2","1","0","06","21","5","","2","1","1","0","0"
"POINT (9.690552323000077 52.346785207000039)","Unfall 17229 (2024) Kat:3, Licht: 0","17229","3","3","5","05","14","3","","0","1","1","0","0"
"POINT (9.716224980000050 52.358092393000049)","Unfall 17237 (2024) Kat:2, Licht: 0","17237","2","4","6","05","14","3","","0","0","1","1","0"
"POINT (9.692240684000069 52.376582214000052)","Unfall 17238 (2024) Kat:3, Licht: 0","17238","3","6","2","05","11","3","","0","0","1","0","0"
"POINT (9.800333382000076 52.370825642000057)","Unfall 17239 (2024) Kat:3, Licht: 0","17239","3","2","0","05","08","3","","0","0","0","0","0"
"POINT (9.800331161000031 52.406145559000038)","Unfall 17247 (2024) Kat:3, Licht: 0","17247","3","2","5","05","07","3","","0","1","1","0","0"
"POINT (9.713630251000041 52.361898010000061)","Unfall 17301 (2024) Kat:3, Licht: 0","17301","3","6","2","05","12","2","","0","0","1","0","0"
"POINT (9.814119934000075 52.383542531000046)","Unfall 17355 (2024) Kat:3, Licht: 0","17355","3","1","0","05","16","1","","0","0","0","0","1"
"POINT (9.629748849000066 52.409410302000026)","Unfall 17356 (2024) Kat:3, Licht: 0","17356","3","7","7","05","19","1","","0","1","0","0","0"
"POINT (9.742856084000039 52.368094361000033)","Unfall 17358 (2024) Kat:3, Licht: 0","17358","3","6","2","05","18","1","","0","0","1","0","0"
"POINT (9.697361101000070 52.377486652000073)","Unfall 17359 (2024) Kat:3, Licht: 0","17359","3","6","2","05","14","1","","0","0","1","0","0"
"POINT (9.664478708000047 52.376965538000036)","Unfall 17364 (2024) Kat:3, Licht: 2","17364","3","7","0","05","22","1","","2","0","0","1","0"
"POINT (9.882359209000072 52.359089249000078)","Unfall 17413 (2024) Kat:3, Licht: 0","17413","3","6","3","08","12","5","","0","0","1","0","0"
"POINT (9.779083892000074 52.371515000000045)","Unfall 17414 (2024) Kat:3, Licht: 0","17414","3","6","2","05","15","7","","0","0","1","0","0"
"POINT (9.801085810000075 52.429436121000037)","Unfall 17416 (2024) Kat:3, Licht: 0","17416","3","2","4","05","19","7","","0","0","1","0","0"
"POINT (9.727068464000070 52.366906315000051)","Unfall 17491 (2024) Kat:3, Licht: 0","17491","3","2","5","05","18","6","","0","1","1","0","0"
"POINT (9.734042938000073 52.387208652000027)","Unfall 17494 (2024) Kat:3, Licht: 0","17494","3","2","5","05","15","6","","0","1","1","0","0"
"POINT (9.782180948000075 52.371972740000047)","Unfall 17534 (2024) Kat:3, Licht: 0","17534","3","2","5","05","08","6","","0","1","0","0","0"
"POINT (9.722100775000058 52.368413943000064)","Unfall 17561 (2024) Kat:3, Licht: 0","17561","3","7","2","05","13","5","","0","0","1","0","1"
"POINT (9.714500104000024 52.428918620000047)","Unfall 17563 (2024) Kat:3, Licht: 0","17563","3","6","2","05","07","5","","0","0","0","0","0"
"POINT (9.689767059000076 52.430008723000071)","Unfall 17564 (2024) Kat:3, Licht: 0","17564","3","6","2","05","07","5","","0","0","0","0","0"
"POINT (9.747679166000069 52.363784315000032)","Unfall 17565 (2024) Kat:3, Licht: 0","17565","3","4","6","05","18","5","","0","1","0","1","0"
"POINT (9.887504916000069 52.360810550000053)","Unfall 17588 (2024) Kat:3, Licht: 0","17588","3","6","3","06","13","1","","0","0","1","0","0"
"POINT (9.736221703000069 52.399031184000080)","Unfall 17635 (2024) Kat:3, Licht: 0","17635","3","6","2","05","09","4","","0","0","1","0","0"
"POINT (9.731315413000061 52.382577335000065)","Unfall 17636 (2024) Kat:3, Licht: 1","17636","3","6","2","05","06","4","","1","0","1","0","0"
"POINT (9.768411084000036 52.338240542000051)","Unfall 17637 (2024) Kat:3, Licht: 0","17637","3","6","2","05","09","4","","0","0","1","0","0"
"POINT (9.832916757000021 52.418974622000064)","Unfall 17680 (2024) Kat:3, Licht: 1","17680","3","1","0","07","05","2","","1","0","0","0","1"
"POINT (9.730126854000048 52.368690019000042)","Unfall 17681 (2024) Kat:3, Licht: 0","17681","3","3","5","05","14","5","","0","1","1","0","0"
"POINT (9.735208528000044 52.405755313000043)","Unfall 17698 (2024) Kat:3, Licht: 2","17698","3","7","0","06","00","6","","2","1","0","0","0"
"POINT (9.743699128000060 52.369023189000075)","Unfall 17705 (2024) Kat:3, Licht: 0","17705","3","3","5","08","16","3","","0","0","1","0","0"
"POINT (9.714354394000054 52.362148117000061)","Unfall 17712 (2024) Kat:3, Licht: 0","17712","3","2","5","05","16","3","","0","0","1","0","1"
"POINT (9.719349745000045 52.335965379000072)","Unfall 17713 (2024) Kat:3, Licht: 0","17713","3","6","3","05","06","3","","0","0","1","0","1"
"POINT (9.882354063000037 52.399101237000082)","Unfall 17721 (2024) Kat:3, Licht: 0","17721","3","6","2","05","13","3","","0","0","1","0","0"
"POINT (9.827296189000037 52.356344791000026)","Unfall 17722 (2024) Kat:3, Licht: 0","17722","3","3","5","05","08","3","","0","1","1","0","0"
"POINT (9.722219861000042 52.359206316000041)","Unfall 17768 (2024) Kat:3, Licht: 0","17768","3","3","5","05","17","2","","0","1","1","0","0"
"POINT (9.719949216000032 52.337106599000037)","Unfall 17770 (2024) Kat:3, Licht: 0","17770","3","6","2","05","12","2","","0","0","1","0","0"
"POINT (9.782000759000027 52.345227787000056)","Unfall 17798 (2024) Kat:3, Licht: 0","17798","3","6","2","08","18","1","","0","0","1","0","0"
"POINT (9.678166572000066 52.365628502000050)","Unfall 17831 (2024) Kat:3, Licht: 0","17831","3","2","5","06","15","3","","0","0","1","0","0"
"POINT (9.807239034000077 52.430691278000040)","Unfall 17837 (2024) Kat:3, Licht: 0","17837","3","6","3","05","19","5","","0","0","1","0","0"
"POINT (9.760351301000071 52.427177429000039)","Unfall 17906 (2024) Kat:3, Licht: 2","17906","3","7","2","06","01","2","","2","0","1","0","0"
"POINT (9.652184677000037 52.415879421000056)","Unfall 17907 (2024) Kat:3, Licht: 2","17907","3","3","5","05","22","5","","2","1","1","0","0"
"POINT (9.627153966000037 52.423338752000063)","Unfall 17908 (2024) Kat:3, Licht: 0","17908","3","6","3","05","09","7","","0","0","1","0","0"
"POINT (9.734654163000073 52.391756936000036)","Unfall 17909 (2024) Kat:3, Licht: 0","17909","3","7","6","05","18","7","","0","1","0","1","0"
"POINT (9.813221255000030 52.323714046000077)","Unfall 17916 (2024) Kat:2, Licht: 1","17916","2","6","2","05","21","7","","1","0","1","0","1"
"POINT (9.716856535000034 52.366970411000068)","Unfall 17932 (2024) Kat:3, Licht: 0","17932","3","6","2","06","18","6","","0","0","1","0","0"
"POINT (9.633118321000040 52.421925392000048)","Unfall 18020 (2024) Kat:3, Licht: 0","18020","3","7","2","05","10","6","","0","0","1","0","0"
"POINT (9.647244375000071 52.413535284000034)","Unfall 18038 (2024) Kat:3, Licht: 0","18038","3","6","4","06","13","4","","0","1","0","0","0"
"POINT (9.759046176000027 52.370324937000078)","Unfall 18039 (2024) Kat:3, Licht: 2","18039","3","6","3","06","23","2","","2","0","1","0","0"
"POINT (9.851515351000046 52.410663504000070)","Unfall 18100 (2024) Kat:2, Licht: 0","18100","2","6","2","05","08","6","","0","0","1","0","0"
"POINT (9.684203149000041 52.360061964000067)","Unfall 18104 (2024) Kat:3, Licht: 0","18104","3","7","0","07","17","2","","0","1","0","0","0"
"POINT (9.682866321000063 52.372979009000062)","Unfall 18127 (2024) Kat:3, Licht: 0","18127","3","1","8","08","06","1","","0","0","1","0","0"
"POINT (9.719400003000032 52.346595999000044)","Unfall 18143 (2024) Kat:3, Licht: 0","18143","3","6","3","06","06","4","","0","0","1","0","0"
"POINT (9.727715852000074 52.381375990000038)","Unfall 18161 (2024) Kat:3, Licht: 0","18161","3","6","2","06","09","7","","0","0","1","0","0"
"POINT (9.717459541000039 52.396094053000070)","Unfall 18185 (2024) Kat:3, Licht: 0","18185","3","1","0","06","09","5","","0","0","0","0","0"
"POINT (9.728733919000035 52.373185104000072)","Unfall 18191 (2024) Kat:3, Licht: 0","18191","3","6","2","05","14","4","","0","0","1","0","1"
"POINT (9.731148725000025 52.427389098000049)","Unfall 18199 (2024) Kat:3, Licht: 0","18199","3","7","2","05","15","4","","0","0","0","0","0"
"POINT (9.883376776000034 52.398771977000081)","Unfall 18200 (2024) Kat:2, Licht: 0","18200","2","6","2","05","14","4","","0","0","1","0","0"
"POINT (9.756797519000031 52.334309939000036)","Unfall 18203 (2024) Kat:3, Licht: 0","18203","3","2","5","05","16","4","","0","1","0","0","0"
"POINT (9.865836782000031 52.362390748000053)","Unfall 18228 (2024) Kat:3, Licht: 0","18228","3","3","5","06","12","5","","0","1","1","0","0"
"POINT (9.680877950000024 52.380903071000034)","Unfall 18239 (2024) Kat:3, Licht: 0","18239","3","3","5","07","13","5","","0","1","1","0","0"
"POINT (9.627079185000071 52.423248379000029)","Unfall 18291 (2024) Kat:3, Licht: 0","18291","3","6","2","09","06","4","","0","0","1","0","0"
"POINT (9.882891944000050 52.359133481000072)","Unfall 18292 (2024) Kat:3, Licht: 0","18292","3","1","9","09","09","4","","0","0","1","0","0"
"POINT (9.734385617000044 52.389353926000069)","Unfall 18299 (2024) Kat:3, Licht: 0","18299","3","6","4","09","14","4","","0","1","0","0","0"
"POINT (9.730504725000060 52.370778711000071)","Unfall 18300 (2024) Kat:3, Licht: 0","18300","3","3","5","09","07","4","","0","1","1","0","0"
"POINT (9.761402323000027 52.370480182000051)","Unfall 18335 (2024) Kat:3, Licht: 2","18335","3","2","5","09","20","3","","2","1","1","0","0"
"POINT (9.696266581000032 52.418629572000043)","Unfall 18336 (2024) Kat:3, Licht: 0","18336","3","1","0","09","10","3","","0","0","0","0","1"
"POINT (9.800117417000024 52.542445365000049)","Unfall 18339 (2024) Kat:3, Licht: 0","18339","3","6","2","09","17","3","","0","0","1","0","0"
"POINT (9.827277156000036 52.355959137000070)","Unfall 18375 (2024) Kat:3, Licht: 0","18375","3","2","5","09","18","2","","0","1","1","0","0"
"POINT (9.745034540000063 52.369035825000026)","Unfall 18414 (2024) Kat:3, Licht: 2","18414","3","6","2","09","20","1","","2","0","1","0","0"
"POINT (9.722604274000048 52.378409601000044)","Unfall 18415 (2024) Kat:3, Licht: 0","18415","3","6","2","09","14","1","","0","0","1","0","0"
"POINT (9.858049486000027 52.407459943000049)","Unfall 18420 (2024) Kat:3, Licht: 0","18420","3","1","8","09","18","1","","0","0","1","0","0"
"POINT (9.696447497000065 52.379743316000031)","Unfall 18421 (2024) Kat:3, Licht: 2","18421","3","1","9","09","01","1","","2","0","1","0","0"
"POINT (9.699937735000049 52.362970620000056)","Unfall 18462 (2024) Kat:3, Licht: 0","18462","3","2","4","09","18","7","","0","1","0","0","0"
"POINT (9.734747996000067 52.407693363000078)","Unfall 18472 (2024) Kat:3, Licht: 0","18472","3","7","6","09","14","7","","0","0","0","1","0"
"POINT (9.657731313000056 52.356994473000043)","Unfall 18519 (2024) Kat:3, Licht: 2","18519","3","3","5","09","21","6","","2","0","1","0","0"
"POINT (9.690040226000065 52.385802870000077)","Unfall 18564 (2024) Kat:3, Licht: 0","18564","3","6","2","09","14","5","","0","0","1","0","0"
"POINT (9.715819940000074 52.378166338000028)","Unfall 18565 (2024) Kat:3, Licht: 0","18565","3","6","2","09","08","5","","0","0","1","0","0"
"POINT (9.833349246000068 52.361246707000078)","Unfall 18566 (2024) Kat:3, Licht: 0","18566","3","3","5","09","17","5","","0","1","0","0","0"
"POINT (9.778922721000072 52.425894208000045)","Unfall 18572 (2024) Kat:3, Licht: 0","18572","3","6","2","09","17","5","","0","1","0","0","0"
"POINT (9.674739798000076 52.381939036000063)","Unfall 18576 (2024) Kat:2, Licht: 0","18576","2","7","0","09","19","5","","0","1","0","0","0"
"POINT (9.746489073000021 52.369092104000060)","Unfall 18629 (2024) Kat:3, Licht: 0","18629","3","6","2","09","14","4","","0","0","1","0","0"
"POINT (9.794006432000060 52.350618687000065)","Unfall 18634 (2024) Kat:3, Licht: 0","18634","3","6","2","09","14","4","","0","0","1","0","0"
"POINT (9.686293119000027 52.429872202000070)","Unfall 18636 (2024) Kat:3, Licht: 0","18636","3","6","2","09","07","4","","0","0","1","0","0"
"POINT (9.723533601000042 52.377902495000058)","Unfall 18667 (2024) Kat:3, Licht: 0","18667","3","7","7","09","14","3","","0","1","0","0","0"
"POINT (9.697216540000056 52.378183162000028)","Unfall 18668 (2024) Kat:3, Licht: 0","18668","3","6","2","09","16","3","","0","0","1","0","0"
"POINT (9.798286862000054 52.420166458000040)","Unfall 18669 (2024) Kat:3, Licht: 0","18669","3","3","5","09","15","3","","0","1","1","0","0"
"POINT (9.761676140000077 52.345722169000055)","Unfall 18673 (2024) Kat:3, Licht: 0","18673","3","7","4","09","16","3","","0","0","1","0","0"
"POINT (9.720043813000075 52.391941859000042)","Unfall 18728 (2024) Kat:3, Licht: 0","18728","3","7","6","09","14","2","","0","0","1","1","0"
"POINT (9.861094121000065 52.420891821000055)","Unfall 18767 (2024) Kat:3, Licht: 0","18767","3","6","2","09","16","2","","0","0","1","0","0"
"POINT (9.671922673000040 52.358500414000048)","Unfall 18775 (2024) Kat:3, Licht: 0","18775","3","7","7","09","12","1","","0","1","0","0","0"
"POINT (9.831570016000057 52.361176763000060)","Unfall 18776 (2024) Kat:3, Licht: 0","18776","3","7","0","09","15","1","","0","1","0","0","0"
"POINT (9.738798843000041 52.368040610000037)","Unfall 18825 (2024) Kat:3, Licht: 0","18825","3","2","5","08","16","7","","0","1","1","0","0"
"POINT (9.710833968000031 52.429553812000051)","Unfall 18826 (2024) Kat:3, Licht: 2","18826","3","6","2","08","04","7","","2","0","1","0","0"
"POINT (9.699780027000031 52.416386525000064)","Unfall 18880 (2024) Kat:3, Licht: 0","18880","3","6","2","08","07","6","","0","0","1","0","0"
"POINT (9.672549399000047 52.428688643000044)","Unfall 18881 (2024) Kat:3, Licht: 1","18881","3","1","9","08","06","6","","1","0","1","0","0"
"POINT (9.822714927000050 52.406438996000077)","Unfall 18882 (2024) Kat:3, Licht: 0","18882","3","3","5","08","11","6","","0","0","1","0","0"
"POINT (9.719218582000053 52.392802584000037)","Unfall 18883 (2024) Kat:3, Licht: 0","18883","3","4","6","08","11","6","","0","0","1","1","0"
"POINT (9.787436626000044 52.372073486000033)","Unfall 18922 (2024) Kat:3, Licht: 0","18922","3","3","5","08","08","5","","0","0","1","0","0"
"POINT (9.648877835000064 52.412484104000043)","Unfall 18923 (2024) Kat:3, Licht: 2","18923","3","7","0","08","00","5","","2","0","0","0","0"
"POINT (9.660008348000076 52.376953330000049)","Unfall 18924 (2024) Kat:2, Licht: 0","18924","2","6","0","08","15","5","","0","0","0","0","1"
"POINT (9.697726497000076 52.377158772000030)","Unfall 18925 (2024) Kat:3, Licht: 0","18925","3","6","1","08","12","5","","0","0","1","0","0"
"POINT (9.773709550000035 52.332098040000062)","Unfall 18926 (2024) Kat:3, Licht: 0","18926","3","6","3","08","09","5","","0","1","0","0","0"
"POINT (9.648428043000024 52.423993198000062)","Unfall 18931 (2024) Kat:3, Licht: 0","18931","3","3","0","08","16","5","","0","0","1","0","0"
"POINT (9.726445410000053 52.366800681000029)","Unfall 18946 (2024) Kat:3, Licht: 0","18946","3","7","8","08","19","7","","0","0","1","0","0"
"POINT (9.734840758000075 52.368944953000039)","Unfall 18982 (2024) Kat:3, Licht: 0","18982","3","6","2","08","19","4","","0","0","1","0","0"
"POINT (9.722515692000059 52.378457164000054)","Unfall 18983 (2024) Kat:3, Licht: 0","18983","3","6","2","08","13","4","","0","0","1","0","0"
"POINT (9.861087802000043 52.420888723000076)","Unfall 18988 (2024) Kat:3, Licht: 0","18988","3","6","2","08","15","4","","0","0","1","0","0"
"POINT (9.818367351000063 52.427678456000081)","Unfall 18989 (2024) Kat:3, Licht: 0","18989","3","6","3","08","11","4","","0","0","1","0","0"
"POINT (9.733320306000053 52.420948466000027)","Unfall 18990 (2024) Kat:3, Licht: 0","18990","3","3","5","08","17","4","","0","1","0","0","0"
"POINT (9.734997094000050 52.393279426000049)","Unfall 18991 (2024) Kat:3, Licht: 0","18991","3","2","5","08","15","4","","0","1","0","0","0"
"POINT (9.714573686000051 52.361075069000037)","Unfall 19027 (2024) Kat:3, Licht: 0","19027","3","2","5","09","15","4","","0","0","1","0","0"
"POINT (9.727066314000069 52.366904355000031)","Unfall 19058 (2024) Kat:3, Licht: 0","19058","3","2","5","08","15","3","","0","1","1","0","0"
"POINT (9.719601527000066 52.367647141000077)","Unfall 19059 (2024) Kat:3, Licht: 2","19059","3","6","2","08","22","3","","2","0","1","0","0"
"POINT (9.824172679000071 52.339615560000027)","Unfall 19060 (2024) Kat:3, Licht: 0","19060","3","2","4","08","07","3","","0","1","1","0","0"
"POINT (9.774665928000047 52.331146377000039)","Unfall 19061 (2024) Kat:3, Licht: 0","19061","3","6","2","08","08","3","","0","0","1","0","0"
"POINT (9.819917459000067 52.406433627000069)","Unfall 19069 (2024) Kat:3, Licht: 0","19069","3","6","2","08","07","3","","0","0","1","0","0"
"POINT (9.704198678000068 52.417071624000073)","Unfall 19070 (2024) Kat:3, Licht: 2","19070","3","3","5","08","03","3","","2","0","1","0","0"
"POINT (9.695035378000057 52.337613476000058)","Unfall 19115 (2024) Kat:3, Licht: 0","19115","3","2","5","08","16","2","","0","1","1","0","0"
"POINT (9.761950073000037 52.370422412000039)","Unfall 19198 (2024) Kat:3, Licht: 0","19198","3","6","2","08","15","7","","0","0","1","0","0"
"POINT (9.720391526000071 52.391498964000050)","Unfall 19199 (2024) Kat:3, Licht: 0","19199","3","4","6","08","08","7","","0","0","0","1","1"
"POINT (9.726604628000075 52.375559118000069)","Unfall 19200 (2024) Kat:3, Licht: 0","19200","3","2","3","08","19","7","","0","0","1","0","0"
"POINT (9.766558410000073 52.340659419000076)","Unfall 19201 (2024) Kat:3, Licht: 2","19201","3","7","0","08","02","7","","2","0","0","0","0"
"POINT (9.648611799000037 52.412683821000030)","Unfall 19236 (2024) Kat:3, Licht: 1","19236","3","6","2","08","19","4","","1","0","1","0","0"
"POINT (9.801979091000021 52.370616138000059)","Unfall 19249 (2024) Kat:3, Licht: 0","19249","3","6","2","08","13","6","","0","0","1","0","0"
"POINT (9.762647374000039 52.344635382000035)","Unfall 19250 (2024) Kat:3, Licht: 0","19250","3","6","2","08","13","6","","0","0","1","0","0"
"POINT (9.799546829000064 52.446826841000075)","Unfall 19259 (2024) Kat:3, Licht: 0","19259","3","7","5","08","17","6","","0","0","1","0","1"
"POINT (9.736192788000039 52.399277006000034)","Unfall 19273 (2024) Kat:3, Licht: 1","19273","3","2","4","09","05","3","","1","1","1","0","0"
"POINT (9.810267518000046 52.382397251000043)","Unfall 19275 (2024) Kat:3, Licht: 0","19275","3","6","2","08","15","2","","0","1","0","0","0"
"POINT (9.717821992000040 52.395465164000029)","Unfall 19303 (2024) Kat:3, Licht: 2","19303","3","7","0","08","21","5","","2","0","0","0","0"
"POINT (9.754197568000052 52.355510656000035)","Unfall 19309 (2024) Kat:3, Licht: 0","19309","3","3","5","08","18","5","","0","1","1","0","0"
"POINT (9.719454681000059 52.346537419000072)","Unfall 19356 (2024) Kat:3, Licht: 2","19356","3","1","8","08","02","4","","2","0","1","0","0"
"POINT (9.675406040000041 52.377153099000054)","Unfall 19357 (2024) Kat:3, Licht: 0","19357","3","2","2","08","17","4","","0","1","1","0","0"
"POINT (9.816880481000055 52.363017296000066)","Unfall 19404 (2024) Kat:3, Licht: 1","19404","3","7","0","09","19","1","","1","0","0","0","0"
"POINT (9.714843509000048 52.398456027000066)","Unfall 19413 (2024) Kat:3, Licht: 0","19413","3","2","5","08","15","3","","0","0","1","0","0"
"POINT (9.733711755000058 52.384512998000048)","Unfall 19414 (2024) Kat:3, Licht: 0","19414","3","6","2","08","14","3","","0","0","1","0","0"
"POINT (9.697759802000064 52.377127307000080)","Unfall 19415 (2024) Kat:3, Licht: 0","19415","3","6","2","08","13","3","","0","0","1","0","0"
"POINT (9.686349482000026 52.378928727000073)","Unfall 19416 (2024) Kat:3, Licht: 1","19416","3","7","0","08","05","3","","1","1","0","0","0"
"POINT (9.721230162000040 52.338230089000035)","Unfall 19488 (2024) Kat:3, Licht: 0","19488","3","2","3","09","15","2","","0","0","1","0","0"
"POINT (9.721295560000044 52.360767445000079)","Unfall 19505 (2024) Kat:3, Licht: 2","19505","3","7","0","08","00","1","","2","0","0","0","0"
"POINT (9.711670171000037 52.405195566000032)","Unfall 19506 (2024) Kat:3, Licht: 0","19506","3","6","2","08","18","1","","0","0","1","0","0"
"POINT (9.697711024000057 52.377173391000042)","Unfall 19547 (2024) Kat:3, Licht: 1","19547","3","6","2","09","19","3","","1","0","1","0","0"
"POINT (9.697117972000058 52.374968266000053)","Unfall 19556 (2024) Kat:3, Licht: 2","19556","3","6","2","08","23","7","","2","0","1","0","1"
"POINT (9.781392051000068 52.363959525000041)","Unfall 19559 (2024) Kat:3, Licht: 0","19559","3","6","2","08","11","7","","0","0","1","0","0"
"POINT (9.852026551000051 52.359453987000052)","Unfall 19561 (2024) Kat:3, Licht: 0","19561","3","4","6","08","17","7","","0","0","1","1","0"
"POINT (9.829361816000073 52.339577754000061)","Unfall 19562 (2024) Kat:3, Licht: 0","19562","3","1","0","08","14","7","","0","0","0","0","1"
"POINT (9.764832125000055 52.342738588000032)","Unfall 19563 (2024) Kat:3, Licht: 2","19563","3","3","5","08","01","7","","2","0","1","0","0"
"POINT (9.675416246000054 52.377027612000063)","Unfall 19574 (2024) Kat:3, Licht: 0","19574","3","6","2","08","14","5","","0","0","1","0","0"
"POINT (9.772044668000035 52.323302859000080)","Unfall 19616 (2024) Kat:3, Licht: 0","19616","3","7","0","08","18","6","","0","1","0","0","0"
"POINT (9.756314696000061 52.370161271000029)","Unfall 19626 (2024) Kat:3, Licht: 0","19626","3","4","6","08","12","6","","0","0","1","1","0"
"POINT (9.885580794000077 52.358645146000072)","Unfall 19634 (2024) Kat:2, Licht: 2","19634","2","1","8","09","21","1","","2","0","1","0","0"
"POINT (9.734516764000034 52.390715966000073)","Unfall 19674 (2024) Kat:3, Licht: 0","19674","3","6","2","08","20","5","","0","0","1","0","0"
"POINT (9.798326864000046 52.420332561000066)","Unfall 19675 (2024) Kat:3, Licht: 2","19675","3","7","0","08","22","5","","2","0","0","0","1"
"POINT (9.827648207000038 52.361358859000063)","Unfall 19676 (2024) Kat:3, Licht: 0","19676","3","4","6","08","08","5","","0","0","1","1","0"
"POINT (9.764565845000050 52.342650019000075)","Unfall 19677 (2024) Kat:3, Licht: 0","19677","3","2","5","08","13","5","","0","1","1","0","0"
"POINT (9.663407422000034 52.357320295000079)","Unfall 19690 (2024) Kat:3, Licht: 0","19690","3","6","2","08","17","5","","0","0","1","0","0"
"POINT (9.723701489000064 52.377574821000053)","Unfall 19691 (2024) Kat:3, Licht: 0","19691","3","6","2","08","16","5","","0","0","1","0","0"
"POINT (9.824939161000032 52.404351748000067)","Unfall 19692 (2024) Kat:3, Licht: 0","19692","3","2","5","08","07","5","","0","1","0","0","0"
"POINT (9.817320333000055 52.404743065000048)","Unfall 19715 (2024) Kat:3, Licht: 2","19715","3","6","2","11","21","2","","2","0","1","0","0"
"POINT (9.815810481000028 52.403378304000057)","Unfall 19716 (2024) Kat:3, Licht: 2","19716","3","1","2","11","19","2","","2","0","1","0","0"
"POINT (9.651684874000068 52.417357491000075)","Unfall 19717 (2024) Kat:3, Licht: 0","19717","3","3","5","11","14","2","","0","1","1","0","0"
"POINT (9.675398438000059 52.377366737000045)","Unfall 19734 (2024) Kat:2, Licht: 2","19734","2","3","5","11","19","1","","2","0","1","0","0"
"POINT (9.707533430000069 52.424225131000071)","Unfall 19748 (2024) Kat:3, Licht: 2","19748","3","7","6","11","02","7","","2","0","1","1","0"
"POINT (9.690512575000071 52.346807265000052)","Unfall 19773 (2024) Kat:3, Licht: 2","19773","3","6","2","11","17","6","","2","0","1","0","0"
"POINT (9.721239812000022 52.361728227000071)","Unfall 19774 (2024) Kat:3, Licht: 1","19774","3","1","0","11","17","6","","1","0","0","0","1"
"POINT (9.859829767000065 52.385696824000036)","Unfall 19775 (2024) Kat:3, Licht: 0","19775","3","3","5","11","07","6","","0","0","1","0","0"
"POINT (9.811681288000045 52.337624944000027)","Unfall 19776 (2024) Kat:3, Licht: 2","19776","3","3","5","11","17","6","","2","0","1","0","0"
"POINT (9.717038100000025 52.346190949000061)","Unfall 19813 (2024) Kat:3, Licht: 0","19813","3","3","5","11","07","5","","0","0","1","0","0"
"POINT (9.798299098000030 52.412543534000065)","Unfall 19842 (2024) Kat:3, Licht: 2","19842","3","2","6","11","20","4","","2","0","1","1","0"
"POINT (9.845118766000041 52.322788515000070)","Unfall 19844 (2024) Kat:3, Licht: 2","19844","3","7","8","11","18","4","","2","0","1","0","0"
"POINT (9.752124174000073 52.358025550000036)","Unfall 19866 (2024) Kat:3, Licht: 0","19866","3","6","2","11","12","3","","0","0","1","0","0"
"POINT (9.701588272000038 52.363928476000069)","Unfall 19867 (2024) Kat:3, Licht: 0","19867","3","7","7","11","14","3","","0","1","0","0","0"
"POINT (9.697757989000024 52.376339950000045)","Unfall 19868 (2024) Kat:3, Licht: 0","19868","3","6","2","11","12","3","","0","0","1","0","0"
"POINT (9.745621629000027 52.427484830000026)","Unfall 19873 (2024) Kat:3, Licht: 1","19873","3","6","2","11","17","3","","1","0","1","0","0"
"POINT (9.642718496000043 52.423059560000070)","Unfall 19874 (2024) Kat:3, Licht: 0","19874","3","6","2","11","15","3","","0","0","1","0","0"
"POINT (9.722450579000053 52.378492125000037)","Unfall 19898 (2024) Kat:3, Licht: 0","19898","3","2","5","11","14","2","","0","1","1","0","0"
"POINT (9.627832568000031 52.421236073000046)","Unfall 19920 (2024) Kat:3, Licht: 0","19920","3","1","8","11","13","1","","0","0","1","0","0"
"POINT (9.650154855000039 52.411528309000062)","Unfall 19921 (2024) Kat:3, Licht: 2","19921","3","6","2","11","18","1","","2","0","1","0","0"