WKT,Name,OBJECTID,UKATEGORIE,UTYP1,UART,UMONAT,USTUNDE,UWOCHENTAG,STRZUSTAND,ULICHTVERH,ISTRAD,ISTPKW,ISTFUSS,ISTKRAD
"POINT (9.655808422000064 52.406440072000066)","Unfall 19965 (2024) Kat:3, Licht: 0","19965","3","6","3","11","13","6","","0","0","1","0","0"
"POINT (9.824811592000060 52.425976558000059)","Unfall 19967 (2024) Kat:3, Licht: 2","19967","3","1","1","11","22","6","","2","0","1","0","0"
"POINT (9.785446990000025 52.372353567000062)","Unfall 19968 (2024) Kat:2, Licht: 0","19968","2","7","6","11","15","6","","0","0","0","1","0"
"POINT (9.782200864000060 52.325095146000081)","Unfall 19989 (2024) Kat:3, Licht: 0","19989","3","2","5","10","13","5","","0","0","1","0","0"
"POINT (9.712648776000037 52.402122482000038)","Unfall 20024 (2024) Kat:3, Licht: 0","20024","3","3","5","10","12","4","","0","1","0","0","0"
"POINT (9.738841696000065 52.368033158000060)","Unfall 20025 (2024) Kat:3, Licht: 0","20025","3","3","5","10","09","4","","0","1","1","0","0"
"POINT (9.718058203000055 52.367186539000045)","Unfall 20026 (2024) Kat:3, Licht: 0","20026","3","7","7","10","15","4","","0","1","0","1","0"
"POINT (9.695695212000032 52.430360491000044)","Unfall 20027 (2024) Kat:3, Licht: 2","20027","3","6","2","10","18","4","","2","0","1","0","0"
"POINT (9.823958695000044 52.384148101000051)","Unfall 20028 (2024) Kat:2, Licht: 2","20028","2","2","5","10","20","4","","2","0","1","0","0"
"POINT (9.801036408000073 52.342393468000068)","Unfall 20029 (2024) Kat:3, Licht: 0","20029","3","6","2","10","16","4","","0","0","1","0","0"
"POINT (9.690359189000048 52.374767779000081)","Unfall 20031 (2024) Kat:3, Licht: 0","20031","3","2","5","10","14","4","","0","0","0","0","1"
"POINT (9.723060834000023 52.357874202000062)","Unfall 20068 (2024) Kat:3, Licht: 0","20068","3","6","2","10","12","3","","0","0","1","0","0"
"POINT (9.735540702000037 52.401611846000037)","Unfall 20069 (2024) Kat:3, Licht: 0","20069","3","7","1","10","12","3","","0","0","1","0","0"
"POINT (9.750173037000025 52.327240899000060)","Unfall 20073 (2024) Kat:3, Licht: 2","20073","3","1","9","10","05","3","","2","0","1","0","0"
"POINT (9.697739819000049 52.377146187000051)","Unfall 20089 (2024) Kat:3, Licht: 2","20089","3","6","2","11","19","2","","2","0","1","0","0"
"POINT (9.662526291000063 52.384955821000062)","Unfall 20110 (2024) Kat:2, Licht: 0","20110","2","2","2","10","13","2","","0","0","1","0","1"
"POINT (9.855954847000021 52.388887705000059)","Unfall 20118 (2024) Kat:3, Licht: 0","20118","3","3","5","10","16","3","","0","0","1","0","0"
"POINT (9.763346272000035 52.343932785000050)","Unfall 20145 (2024) Kat:3, Licht: 0","20145","3","7","6","10","06","1","","0","0","1","0","0"
"POINT (9.738452401000075 52.368311014000028)","Unfall 20186 (2024) Kat:3, Licht: 0","20186","3","6","4","10","12","7","","0","1","0","0","0"
"POINT (9.767421862000049 52.342971393000028)","Unfall 20187 (2024) Kat:3, Licht: 0","20187","3","6","2","10","16","7","","0","0","1","0","1"
"POINT (9.859371925000062 52.419974632000049)","Unfall 20191 (2024) Kat:3, Licht: 0","20191","3","6","2","10","15","7","","0","0","1","0","0"
"POINT (9.642350831000044 52.414701184000080)","Unfall 20241 (2024) Kat:3, Licht: 0","20241","3","3","5","10","07","6","","0","0","1","0","0"
"POINT (9.712248357000021 52.404464949000044)","Unfall 20242 (2024) Kat:3, Licht: 0","20242","3","6","2","10","13","6","","0","0","1","0","0"
"POINT (9.814400781000074 52.364455713000041)","Unfall 20243 (2024) Kat:3, Licht: 0","20243","3","3","5","10","12","6","","0","1","1","0","0"
"POINT (9.763833355000031 52.343456642000035)","Unfall 20244 (2024) Kat:3, Licht: 2","20244","3","2","4","10","19","4","","2","1","1","0","0"
"POINT (9.778163613000061 52.371257028000059)","Unfall 20308 (2024) Kat:3, Licht: 0","20308","3","2","5","10","15","5","","0","0","1","0","0"
"POINT (9.698159928000052 52.376968252000040)","Unfall 20309 (2024) Kat:3, Licht: 1","20309","3","6","2","10","19","5","","1","0","1","0","0"
"POINT (9.761646868000071 52.345753029000036)","Unfall 20311 (2024) Kat:3, Licht: 0","20311","3","2","2","10","12","5","","0","0","1","0","0"
"POINT (9.733736500000020 52.368943296000054)","Unfall 20312 (2024) Kat:3, Licht: 0","20312","3","6","2","10","13","5","","0","0","1","0","0"
"POINT (9.773950070000069 52.371003598000073)","Unfall 20313 (2024) Kat:3, Licht: 0","20313","3","3","5","10","11","5","","0","1","0","0","0"
"POINT (9.812137912000026 52.409493593000036)","Unfall 20314 (2024) Kat:3, Licht: 2","20314","3","2","3","10","18","3","","2","1","1","0","0"
"POINT (9.677549363000026 52.371765732000028)","Unfall 20346 (2024) Kat:3, Licht: 0","20346","3","2","0","10","14","4","","0","0","1","0","0"
"POINT (9.781973554000047 52.345216905000029)","Unfall 20347 (2024) Kat:3, Licht: 0","20347","3","6","2","10","15","4","","0","0","1","0","0"
"POINT (9.797479996000050 52.346779074000040)","Unfall 20351 (2024) Kat:3, Licht: 0","20351","3","6","2","10","15","4","","0","0","1","0","0"
"POINT (9.690383156000053 52.374766160000036)","Unfall 20385 (2024) Kat:3, Licht: 0","20385","3","7","0","10","08","3","","0","0","0","0","1"
"POINT (9.805381185000044 52.408159938000040)","Unfall 20386 (2024) Kat:3, Licht: 2","20386","3","1","0","10","22","3","","2","0","0","0","1"
"POINT (9.833359477000045 52.419242112000063)","Unfall 20396 (2024) Kat:3, Licht: 1","20396","3","2","5","10","07","3","","1","0","1","0","0"
"POINT (9.735325836000072 52.394898967000074)","Unfall 20398 (2024) Kat:3, Licht: 0","20398","3","4","6","10","16","3","","0","0","0","1","0"
"POINT (9.855958579000060 52.388884812000072)","Unfall 20427 (2024) Kat:3, Licht: 2","20427","3","3","5","10","06","2","","2","1","1","0","0"
"POINT (9.739601174000029 52.368205011000043)","Unfall 20428 (2024) Kat:3, Licht: 0","20428","3","6","3","10","15","2","","0","0","1","0","0"
"POINT (9.801456453000071 52.430736257000035)","Unfall 20429 (2024) Kat:3, Licht: 0","20429","3","4","6","10","11","2","","0","0","1","1","0"
"POINT (9.800331161000031 52.406145559000038)","Unfall 20435 (2024) Kat:3, Licht: 0","20435","3","4","6","10","07","2","","0","0","1","1","0"
"POINT (9.710153743000035 52.379212900000027)","Unfall 20469 (2024) Kat:3, Licht: 2","20469","3","7","0","10","22","1","","2","0","1","0","0"
"POINT (9.812425777000044 52.330896721000045)","Unfall 20470 (2024) Kat:3, Licht: 0","20470","3","6","3","10","15","1","","0","0","1","0","1"
"POINT (9.698766210000031 52.347698184000080)","Unfall 20471 (2024) Kat:2, Licht: 0","20471","2","2","5","10","14","1","","0","0","1","0","1"
"POINT (9.801532652000049 52.341531453000073)","Unfall 20522 (2024) Kat:3, Licht: 2","20522","3","6","2","10","19","7","","2","0","1","0","0"
"POINT (9.811673064000047 52.332935522000071)","Unfall 20526 (2024) Kat:3, Licht: 0","20526","3","6","2","10","14","7","","0","0","1","0","0"
"POINT (9.884319395000034 52.398815715000069)","Unfall 20553 (2024) Kat:3, Licht: 0","20553","3","6","2","10","10","2","","0","0","1","0","0"
"POINT (9.736249552000061 52.398794422000037)","Unfall 20555 (2024) Kat:3, Licht: 0","20555","3","6","3","11","16","6","","0","0","1","0","0"
"POINT (9.715671663000023 52.378154265000035)","Unfall 20574 (2024) Kat:3, Licht: 0","20574","3","6","2","10","09","4","","0","0","1","0","0"
"POINT (9.771458725000059 52.370873748000065)","Unfall 20582 (2024) Kat:3, Licht: 0","20582","3","3","5","10","09","6","","0","0","1","0","0"
"POINT (9.764840995000043 52.342332728000031)","Unfall 20583 (2024) Kat:3, Licht: 0","20583","3","2","4","10","16","6","","0","1","1","0","0"
"POINT (9.718791032000070 52.428360375000068)","Unfall 20588 (2024) Kat:3, Licht: 0","20588","3","7","2","10","12","6","","0","0","1","0","0"
"POINT (9.713067754000065 52.400637689000064)","Unfall 20589 (2024) Kat:2, Licht: 1","20589","2","1","0","10","07","6","","1","0","0","0","1"
"POINT (9.862835193000024 52.372688729000060)","Unfall 20630 (2024) Kat:3, Licht: 0","20630","3","3","5","10","14","5","","0","0","1","0","1"
"POINT (9.896566868000036 52.411326788000054)","Unfall 20634 (2024) Kat:3, Licht: 2","20634","3","3","5","10","19","5","","2","0","1","0","0"
"POINT (9.745265744000051 52.427331964000075)","Unfall 20635 (2024) Kat:3, Licht: 0","20635","3","6","2","10","18","5","","0","0","1","0","0"
"POINT (9.726782768000021 52.375721164000026)","Unfall 20636 (2024) Kat:3, Licht: 0","20636","3","2","5","10","16","5","","0","1","1","0","0"
"POINT (9.726517242000057 52.375623337000036)","Unfall 20637 (2024) Kat:3, Licht: 0","20637","3","6","3","10","14","5","","0","0","1","0","0"
"POINT (9.760976553000035 52.346918267000035)","Unfall 20668 (2024) Kat:1, Licht: 0","20668","1","3","5","10","16","4","","0","1","0","0","0"
"POINT (9.715115252000032 52.361167142000056)","Unfall 20757 (2024) Kat:3, Licht: 0","20757","3","7","0","10","10","2","","0","1","0","0","0"
"POINT (9.745786862000045 52.366375414000061)","Unfall 20760 (2024) Kat:3, Licht: 0","20760","3","6","3","10","16","2","","0","0","1","0","0"
"POINT (9.827283298000054 52.356083569000077)","Unfall 20761 (2024) Kat:3, Licht: 0","20761","3","3","5","10","13","2","","0","0","1","0","1"
"POINT (9.720794086000069 52.339140687000054)","Unfall 20813 (2024) Kat:3, Licht: 2","20813","3","6","3","10","20","7","","2","0","1","0","0"
"POINT (9.715606832000049 52.397864108000078)","Unfall 20814 (2024) Kat:3, Licht: 0","20814","3","6","2","10","13","7","","0","0","1","0","0"
"POINT (9.695366716000024 52.374712220000049)","Unfall 20815 (2024) Kat:3, Licht: 2","20815","3","3","5","10","20","7","","2","0","1","0","0"
"POINT (9.825235127000042 52.408382031000031)","Unfall 20833 (2024) Kat:3, Licht: 0","20833","3","6","2","11","10","1","","0","0","1","0","0"
"POINT (9.701850339000032 52.347333323000043)","Unfall 20848 (2024) Kat:3, Licht: 2","20848","3","1","0","10","18","3","","2","0","1","0","0"
"POINT (9.722033027000066 52.354763877000039)","Unfall 20856 (2024) Kat:3, Licht: 0","20856","3","2","5","10","12","6","","0","0","1","0","0"
"POINT (9.726711302000069 52.375781808000056)","Unfall 20861 (2024) Kat:3, Licht: 0","20861","3","3","5","10","11","6","","0","1","1","0","0"
"POINT (9.758020351000027 52.350464733000081)","Unfall 20888 (2024) Kat:3, Licht: 0","20888","3","1","0","10","09","5","","0","1","0","0","0"
"POINT (9.832156756000074 52.386044851000065)","Unfall 20890 (2024) Kat:2, Licht: 0","20890","2","7","0","10","09","5","","0","0","0","0","0"
"POINT (9.824693581000076 52.339812868000081)","Unfall 20891 (2024) Kat:3, Licht: 2","20891","3","3","5","10","20","5","","2","0","1","0","0"
"POINT (9.723622515000045 52.377852840000060)","Unfall 20896 (2024) Kat:3, Licht: 0","20896","3","7","4","10","13","3","","0","0","1","0","0"
"POINT (9.756587266000054 52.427263298000071)","Unfall 20897 (2024) Kat:3, Licht: 0","20897","3","6","3","10","14","5","","0","0","1","0","0"
"POINT (9.747097664000023 52.364546578000045)","Unfall 20935 (2024) Kat:3, Licht: 2","20935","3","4","6","10","18","4","","2","0","0","1","0"
"POINT (9.698606775000030 52.420983285000034)","Unfall 20936 (2024) Kat:3, Licht: 0","20936","3","3","5","10","16","4","","0","1","1","0","0"
"POINT (9.819795860000056 52.406373674000065)","Unfall 20942 (2024) Kat:3, Licht: 0","20942","3","3","0","10","09","4","","0","0","1","0","0"
"POINT (9.727387763000024 52.381250280000074)","Unfall 20944 (2024) Kat:2, Licht: 0","20944","2","4","6","10","11","4","","0","0","1","1","0"
"POINT (9.746477058000039 52.365313298000046)","Unfall 20953 (2024) Kat:3, Licht: 0","20953","3","3","5","10","14","4","","0","1","1","0","0"
"POINT (9.697808404000057 52.377081388000079)","Unfall 20979 (2024) Kat:3, Licht: 0","20979","3","6","2","10","15","4","","0","0","1","0","0"
"POINT (9.719070906000070 52.332327580000026)","Unfall 20981 (2024) Kat:3, Licht: 2","20981","3","6","3","10","22","3","","2","0","1","0","0"
"POINT (9.707780009000032 52.410045300000036)","Unfall 20982 (2024) Kat:3, Licht: 2","20982","3","7","0","10","21","3","","2","1","0","0","0"
"POINT (9.726366238000026 52.380826722000052)","Unfall 20984 (2024) Kat:3, Licht: 2","20984","3","3","5","10","22","3","","2","0","1","0","0"
"POINT (9.669787411000073 52.383131055000035)","Unfall 21018 (2024) Kat:3, Licht: 0","21018","3","5","6","10","13","2","","0","0","1","1","0"
"POINT (9.777792592000026 52.327879673000041)","Unfall 21019 (2024) Kat:3, Licht: 0","21019","3","6","2","10","13","2","","0","0","1","0","1"
"POINT (9.735579426000072 52.394595525000057)","Unfall 21064 (2024) Kat:3, Licht: 0","21064","3","2","5","10","14","1","","0","1","1","0","0"
"POINT (9.778016037000043 52.374376712000071)","Unfall 21065 (2024) Kat:3, Licht: 0","21065","3","7","8","10","11","1","","0","0","1","0","0"
"POINT (9.719401153000035 52.336073404000047)","Unfall 21078 (2024) Kat:3, Licht: 0","21078","3","6","2","10","17","5","","0","0","1","0","0"
"POINT (9.695239929000024 52.374586730000033)","Unfall 21092 (2024) Kat:3, Licht: 2","21092","3","7","0","10","00","7","","2","0","0","0","0"
"POINT (9.774859740000068 52.371271468000032)","Unfall 21143 (2024) Kat:3, Licht: 0","21143","3","2","5","10","17","5","","0","1","1","0","0"
"POINT (9.778123194000045 52.371734790000062)","Unfall 21145 (2024) Kat:3, Licht: 0","21145","3","1","8","10","09","6","","0","0","1","0","0"
"POINT (9.727034830000036 52.366586270000028)","Unfall 21175 (2024) Kat:3, Licht: 0","21175","3","3","5","10","18","5","","0","1","0","0","0"
"POINT (9.734902509000051 52.392859512000030)","Unfall 21193 (2024) Kat:3, Licht: 0","21193","3","5","3","10","15","5","","0","0","1","0","0"
"POINT (9.732312663000073 52.383386028000075)","Unfall 21215 (2024) Kat:3, Licht: 0","21215","3","2","5","10","17","4","","0","1","0","0","0"
"POINT (9.731943928000021 52.369463248000045)","Unfall 21226 (2024) Kat:2, Licht: 0","21226","2","3","5","10","14","4","","0","0","1","0","0"
"POINT (9.778217508000068 52.370197150000081)","Unfall 21227 (2024) Kat:3, Licht: 0","21227","3","1","9","10","11","4","","0","0","1","0","0"
"POINT (9.675720450000028 52.347700237000026)","Unfall 21228 (2024) Kat:3, Licht: 0","21228","3","3","5","10","15","4","","0","0","1","0","0"
"POINT (9.782552099000043 52.324470719000033)","Unfall 21229 (2024) Kat:3, Licht: 0","21229","3","2","0","10","17","4","","0","1","1","0","0"
"POINT (9.724593004000042 52.380003417000069)","Unfall 21234 (2024) Kat:3, Licht: 0","21234","3","1","0","11","15","7","","0","1","0","0","0"
"POINT (9.642043172000058 52.414570105000053)","Unfall 21273 (2024) Kat:3, Licht: 1","21273","3","6","2","10","06","2","","1","0","1","0","0"
"POINT (9.813861291000023 52.365089404000059)","Unfall 21297 (2024) Kat:3, Licht: 0","21297","3","6","2","10","08","3","","0","0","1","0","0"
"POINT (9.827321330000075 52.356854201000033)","Unfall 21307 (2024) Kat:3, Licht: 2","21307","3","4","6","10","20","3","","2","0","1","1","0"
"POINT (9.884112420000065 52.398669265000080)","Unfall 21309 (2024) Kat:3, Licht: 0","21309","3","6","3","10","17","3","","0","0","1","0","0"
"POINT (9.726455075000047 52.366279565000070)","Unfall 21314 (2024) Kat:3, Licht: 0","21314","3","6","2","11","14","7","","0","0","1","0","1"
"POINT (9.688254204000032 52.378397990000053)","Unfall 21361 (2024) Kat:3, Licht: 0","21361","3","7","0","09","07","2","","0","1","0","0","0"
"POINT (9.781496559000061 52.345034426000041)","Unfall 21363 (2024) Kat:3, Licht: 0","21363","3","6","2","09","10","2","","0","0","1","0","0"
"POINT (9.725480611000023 52.380434058000048)","Unfall 21366 (2024) Kat:2, Licht: 2","21366","2","4","6","09","21","2","","2","0","1","1","0"
"POINT (9.629673203000038 52.421060017000059)","Unfall 21415 (2024) Kat:3, Licht: 0","21415","3","6","2","09","16","1","","0","0","1","0","0"
"POINT (9.753368321000039 52.370001421000040)","Unfall 21417 (2024) Kat:3, Licht: 0","21417","3","2","5","09","09","1","","0","1","1","0","0"
"POINT (9.761882697000033 52.345846454000082)","Unfall 21458 (2024) Kat:3, Licht: 2","21458","3","2","5","10","20","2","","2","0","1","0","0"
"POINT (9.696968571000070 52.341090484000063)","Unfall 21461 (2024) Kat:3, Licht: 2","21461","3","1","0","09","21","7","","2","0","0","0","1"
"POINT (9.733308836000049 52.418336968000062)","Unfall 21462 (2024) Kat:3, Licht: 0","21462","3","6","2","09","12","7","","0","0","1","0","0"
"POINT (9.855532989000039 52.431610669000065)","Unfall 21469 (2024) Kat:3, Licht: 0","21469","3","6","2","09","14","7","","0","0","1","0","0"
"POINT (9.812047750000033 52.331673411000054)","Unfall 21491 (2024) Kat:3, Licht: 2","21491","3","6","2","10","06","5","","2","0","1","0","0"
"POINT (9.656389728000022 52.406219392000082)","Unfall 21513 (2024) Kat:3, Licht: 0","21513","3","6","2","09","11","6","","0","0","1","0","0"
"POINT (9.720828838000045 52.339356705000057)","Unfall 21515 (2024) Kat:3, Licht: 0","21515","3","6","3","09","09","6","","0","0","1","0","0"
"POINT (9.807317663000049 52.336036905000071)","Unfall 21521 (2024) Kat:3, Licht: 2","21521","3","6","2","09","19","6","","2","0","1","0","0"
"POINT (9.696348981000028 52.379841687000066)","Unfall 21522 (2024) Kat:3, Licht: 2","21522","3","2","5","09","23","6","","2","0","1","0","0"
"POINT (9.733406805000072 52.417603222000082)","Unfall 21596 (2024) Kat:3, Licht: 0","21596","3","6","2","09","12","5","","0","0","1","0","0"
"POINT (9.774552855000024 52.427472860000080)","Unfall 21602 (2024) Kat:3, Licht: 2","21602","3","6","2","09","06","5","","2","0","1","0","0"
"POINT (9.734997094000050 52.393279426000049)","Unfall 21609 (2024) Kat:3, Licht: 2","21609","3","4","6","10","19","3","","2","0","1","1","0"
"POINT (9.766375242000038 52.370778275000077)","Unfall 21634 (2024) Kat:3, Licht: 0","21634","3","6","2","09","09","4","","0","0","1","0","0"
"POINT (9.748671284000068 52.369206415000065)","Unfall 21635 (2024) Kat:3, Licht: 0","21635","3","3","5","09","10","4","","0","0","1","0","0"
"POINT (9.648351843000057 52.412714341000026)","Unfall 21636 (2024) Kat:3, Licht: 2","21636","3","2","5","09","22","4","","2","0","1","0","0"
"POINT (9.734879605000060 52.392757828000072)","Unfall 21637 (2024) Kat:3, Licht: 0","21637","3","6","3","09","16","4","","0","0","1","0","1"
"POINT (9.893922914000029 52.397987235000073)","Unfall 21641 (2024) Kat:3, Licht: 1","21641","3","6","2","09","07","4","","1","0","1","0","0"
"POINT (9.695283768000024 52.430498801000056)","Unfall 21642 (2024) Kat:2, Licht: 2","21642","2","6","3","09","23","4","","2","0","1","0","0"
"POINT (9.716089103000058 52.397487025000032)","Unfall 21643 (2024) Kat:3, Licht: 2","21643","3","3","5","09","22","4","","2","0","1","0","0"
"POINT (9.786137948000032 52.422836127000039)","Unfall 21645 (2024) Kat:3, Licht: 0","21645","3","3","5","09","07","4","","0","1","1","0","0"
"POINT (9.713723849000075 52.399473872000044)","Unfall 21666 (2024) Kat:3, Licht: 0","21666","3","3","5","11","15","2","","0","0","1","0","0"
"POINT (9.797620625000036 52.413686133000056)","Unfall 21683 (2024) Kat:3, Licht: 2","21683","3","1","0","09","19","3","","2","1","0","0","0"
"POINT (9.769112784000072 52.426984495000056)","Unfall 21688 (2024) Kat:3, Licht: 2","21688","3","6","3","09","21","3","","2","0","1","0","0"
"POINT (9.724628760000030 52.377282358000059)","Unfall 21689 (2024) Kat:3, Licht: 1","21689","3","1","0","09","19","3","","1","1","0","0","0"
"POINT (9.802657028000056 52.435092166000061)","Unfall 21691 (2024) Kat:3, Licht: 0","21691","3","2","2","09","12","3","","0","0","1","0","1"
"POINT (9.717215941000063 52.346363820000079)","Unfall 21739 (2024) Kat:3, Licht: 0","21739","3","3","5","09","15","2","","0","0","1","0","0"
"POINT (9.827820574000043 52.361007692000044)","Unfall 21740 (2024) Kat:3, Licht: 0","21740","3","3","0","09","16","2","","0","1","0","1","0"
"POINT (9.716905788000076 52.366979264000065)","Unfall 21743 (2024) Kat:3, Licht: 0","21743","3","7","1","09","13","2","","0","1","1","0","0"
"POINT (9.667346324000050 52.377070328000059)","Unfall 21763 (2024) Kat:3, Licht: 2","21763","3","3","5","11","06","6","","2","0","1","0","0"
"POINT (9.714308607000021 52.362212842000076)","Unfall 21819 (2024) Kat:3, Licht: 2","21819","3","6","3","09","20","7","","2","0","1","0","1"
"POINT (9.730213768000056 52.368958507000059)","Unfall 21820 (2024) Kat:3, Licht: 2","21820","3","3","5","09","21","7","","2","1","1","0","0"
"POINT (9.840999476000036 52.361529849000078)","Unfall 21910 (2024) Kat:3, Licht: 0","21910","3","5","1","09","17","6","","0","0","1","0","0"
"POINT (9.632766342000025 52.419670128000064)","Unfall 21971 (2024) Kat:3, Licht: 1","21971","3","6","2","09","07","5","","1","0","1","0","0"
"POINT (9.781279264000034 52.428338704000055)","Unfall 21974 (2024) Kat:3, Licht: 0","21974","3","6","2","09","16","5","","0","0","1","0","0"
"POINT (9.781396823000023 52.363951657000030)","Unfall 21976 (2024) Kat:3, Licht: 0","21976","3","6","2","09","17","5","","0","0","1","0","0"
"POINT (9.654435341000067 52.407925165000051)","Unfall 22024 (2024) Kat:3, Licht: 2","22024","3","6","2","09","05","4","","2","0","1","0","0"
"POINT (9.725242018000074 52.380326683000078)","Unfall 22025 (2024) Kat:3, Licht: 0","22025","3","6","2","09","12","4","","0","0","1","0","0"
"POINT (9.732510026000057 52.383373094000035)","Unfall 22027 (2024) Kat:3, Licht: 0","22027","3","7","0","09","12","4","","0","1","0","0","0"
"POINT (9.782771129000025 52.424403437000080)","Unfall 22028 (2024) Kat:3, Licht: 2","22028","3","3","5","09","21","4","","2","0","1","0","0"
"POINT (9.719550141000070 52.421480349000035)","Unfall 22030 (2024) Kat:3, Licht: 1","22030","3","6","2","09","18","4","","1","0","1","0","0"
"POINT (9.800141888000041 52.406454489000055)","Unfall 22031 (2024) Kat:3, Licht: 0","22031","3","2","5","09","16","4","","0","1","0","0","0"
"POINT (9.865753908000045 52.359023489000037)","Unfall 22032 (2024) Kat:3, Licht: 0","22032","3","6","2","09","16","4","","0","0","1","0","0"
"POINT (9.630623799000034 52.421124932000055)","Unfall 22041 (2024) Kat:2, Licht: 2","22041","2","7","7","09","22","4","","2","0","1","0","0"
"POINT (9.745009768000045 52.369034827000064)","Unfall 22085 (2024) Kat:3, Licht: 1","22085","3","3","5","09","19","3","","1","1","0","0","0"
"POINT (9.651476582000043 52.410550584000077)","Unfall 22087 (2024) Kat:3, Licht: 0","22087","3","6","2","09","14","3","","0","0","1","0","0"
"POINT (9.727013631000034 52.366563338000049)","Unfall 22088 (2024) Kat:3, Licht: 0","22088","3","3","5","09","11","3","","0","1","0","0","0"
"POINT (9.730988028000070 52.370645973000080)","Unfall 22147 (2024) Kat:3, Licht: 0","22147","3","6","2","09","15","2","","0","0","1","0","0"
"POINT (9.802271813000061 52.437477976000082)","Unfall 22150 (2024) Kat:3, Licht: 0","22150","3","3","5","09","07","4","","0","1","1","0","0"
"POINT (9.897680999000045 52.410220572000071)","Unfall 22151 (2024) Kat:3, Licht: 0","22151","3","7","6","09","17","2","","0","0","1","1","0"
"POINT (9.735154293000051 52.406277320000072)","Unfall 22153 (2024) Kat:3, Licht: 0","22153","3","3","5","09","16","2","","0","1","1","0","0"
"POINT (9.756145622000076 52.352892324000038)","Unfall 22236 (2024) Kat:3, Licht: 0","22236","3","3","5","09","10","7","","0","1","1","0","0"
"POINT (9.735486148000064 52.401935765000076)","Unfall 22237 (2024) Kat:3, Licht: 0","22237","3","4","6","09","17","7","","0","1","0","1","0"
"POINT (9.722203983000043 52.378352025000027)","Unfall 22238 (2024) Kat:3, Licht: 0","22238","3","1","0","09","10","7","","0","0","0","0","1"
"POINT (9.678225629000053 52.381051325000044)","Unfall 22239 (2024) Kat:3, Licht: 0","22239","3","6","4","09","18","7","","0","1","0","0","0"
"POINT (9.866052574000037 52.339510677000078)","Unfall 22242 (2024) Kat:3, Licht: 0","22242","3","7","7","09","14","7","","0","0","1","0","0"
"POINT (9.872343245000025 52.359099700000058)","Unfall 22243 (2024) Kat:3, Licht: 2","22243","3","1","9","09","19","7","","2","0","1","0","0"
"POINT (9.734918935000053 52.392932439000049)","Unfall 22289 (2024) Kat:3, Licht: 1","22289","3","6","2","09","19","6","","1","0","1","0","0"
"POINT (9.691372444000024 52.376803169000027)","Unfall 22291 (2024) Kat:3, Licht: 0","22291","3","7","0","09","11","6","","0","1","0","0","0"
"POINT (9.701189964000037 52.370311717000050)","Unfall 22339 (2024) Kat:3, Licht: 1","22339","3","6","2","09","18","5","","1","0","1","0","0"
"POINT (9.697883479000041 52.377038833000029)","Unfall 22340 (2024) Kat:3, Licht: 0","22340","3","6","2","09","14","5","","0","0","1","0","0"
"POINT (9.734027698000034 52.387121527000033)","Unfall 22341 (2024) Kat:3, Licht: 0","22341","3","2","5","09","17","5","","0","1","1","0","0"
"POINT (9.781941966000034 52.424784546000069)","Unfall 22342 (2024) Kat:3, Licht: 0","22342","3","6","0","09","17","5","","0","0","1","0","0"
"POINT (9.687045971000032 52.392278874000056)","Unfall 22343 (2024) Kat:3, Licht: 0","22343","3","6","3","10","14","3","","0","0","1","0","0"
"POINT (9.647049038000034 52.423892248000072)","Unfall 22344 (2024) Kat:3, Licht: 0","22344","3","6","2","09","18","5","","0","0","1","0","0"
"POINT (9.640892636000046 52.422401230000048)","Unfall 22346 (2024) Kat:3, Licht: 0","22346","3","6","2","09","15","5","","0","0","1","0","0"
"POINT (9.848514471000044 52.411738076000063)","Unfall 22347 (2024) Kat:3, Licht: 0","22347","3","7","3","09","11","5","","0","0","1","0","0"
"POINT (9.654145693000032 52.408357080000030)","Unfall 22894 (2024) Kat:3, Licht: 2","22894","3","6","2","12","17","2","","2","0","1","0","0"
"POINT (9.732589424000025 52.423349572000063)","Unfall 22896 (2024) Kat:3, Licht: 2","22896","3","2","5","12","20","2","","2","0","1","0","0"
"POINT (9.713571140000056 52.361648837000075)","Unfall 22917 (2024) Kat:3, Licht: 1","22917","3","2","5","12","16","7","","1","0","1","0","0"
"POINT (9.649953331000063 52.424451513000065)","Unfall 22919 (2024) Kat:2, Licht: 2","22919","2","7","8","12","00","7","","2","0","0","0","0"
"POINT (9.721130049000067 52.361464216000059)","Unfall 22920 (2024) Kat:3, Licht: 0","22920","3","4","6","12","15","7","","0","0","0","1","0"
"POINT (9.762844254000072 52.370570826000062)","Unfall 22989 (2024) Kat:3, Licht: 2","22989","3","6","2","12","17","4","","2","0","1","0","0"
"POINT (9.825601342000027 52.425110721000067)","Unfall 23009 (2024) Kat:3, Licht: 2","23009","3","6","3","12","17","3","","2","0","1","0","0"
"POINT (9.833257628000069 52.338263826000059)","Unfall 23036 (2024) Kat:3, Licht: 2","23036","3","2","4","12","07","2","","2","0","1","0","0"
"POINT (9.721240861000069 52.361729607000029)","Unfall 23067 (2024) Kat:3, Licht: 0","23067","3","7","0","12","10","1","","0","1","0","0","0"
"POINT (9.857879253000021 52.407537065000042)","Unfall 23070 (2024) Kat:3, Licht: 2","23070","3","1","8","12","01","1","","2","0","1","0","0"
"POINT (9.719454681000059 52.346537419000072)","Unfall 23098 (2024) Kat:3, Licht: 0","23098","3","2","5","12","15","7","","0","0","1","0","0"