WKT,Name,OBJECTID,UKATEGORIE,UTYP1,UART,UMONAT,USTUNDE,UWOCHENTAG,STRZUSTAND,ULICHTVERH,ISTRAD,ISTPKW,ISTFUSS,ISTKRAD
"POINT (9.744965789000048 52.369033054000056)","Unfall 23131 (2024) Kat:3, Licht: 2","23131","3","5","1","12","23","6","","2","0","1","0","0"
"POINT (9.697905221000042 52.377026510000064)","Unfall 23132 (2024) Kat:3, Licht: 0","23132","3","6","2","12","10","6","","0","0","1","0","0"
"POINT (9.842889896000031 52.361000826000065)","Unfall 23134 (2024) Kat:3, Licht: 2","23134","3","7","0","12","22","6","","2","1","0","0","0"
"POINT (9.733428146000051 52.417434469000057)","Unfall 23169 (2024) Kat:3, Licht: 0","23169","3","4","6","12","15","5","","0","0","1","1","0"
"POINT (9.762266293000039 52.336120388000040)","Unfall 23170 (2024) Kat:3, Licht: 2","23170","3","4","6","12","17","5","","2","0","1","1","0"
"POINT (9.751355335000028 52.359020934000057)","Unfall 23175 (2024) Kat:2, Licht: 2","23175","2","4","6","12","16","5","","2","0","1","1","0"
"POINT (9.764889430000039 52.342670292000037)","Unfall 23191 (2024) Kat:3, Licht: 2","23191","3","3","5","12","07","7","","2","1","1","0","0"
"POINT (9.795112675000041 52.415141828000060)","Unfall 23222 (2024) Kat:3, Licht: 1","23222","3","3","0","12","18","4","","1","0","1","0","0"
"POINT (9.768639648000033 52.337979643000040)","Unfall 23225 (2024) Kat:3, Licht: 2","23225","3","4","6","12","07","4","","2","0","0","1","0"
"POINT (9.677651738000066 52.358815302000039)","Unfall 23261 (2024) Kat:3, Licht: 0","23261","3","6","2","12","15","3","","0","0","1","0","0"
"POINT (9.857092211000065 52.408114258000069)","Unfall 23264 (2024) Kat:3, Licht: 1","23264","3","6","2","12","07","3","","1","0","0","0","0"
"POINT (9.853040548000024 52.409959422000043)","Unfall 23265 (2024) Kat:3, Licht: 2","23265","3","6","2","12","07","3","","2","0","1","0","0"
"POINT (9.809280839000053 52.379436530000078)","Unfall 23294 (2024) Kat:3, Licht: 1","23294","3","4","6","12","08","2","","1","0","1","1","0"
"POINT (9.692537874000038 52.334449048000067)","Unfall 23295 (2024) Kat:3, Licht: 2","23295","3","6","2","12","16","2","","2","0","1","0","0"
"POINT (9.699958840000022 52.416269970000030)","Unfall 23296 (2024) Kat:3, Licht: 2","23296","3","1","0","12","03","2","","2","1","0","0","0"
"POINT (9.823627288000068 52.339527251000050)","Unfall 23298 (2024) Kat:3, Licht: 0","23298","3","6","2","12","12","2","","0","0","1","0","0"
"POINT (9.861893130000055 52.405711920000044)","Unfall 23299 (2024) Kat:1, Licht: 2","23299","1","6","2","12","01","1","","2","0","1","0","0"
"POINT (9.813125782000043 52.325790442000027)","Unfall 23303 (2024) Kat:3, Licht: 0","23303","3","6","2","12","12","2","","0","0","1","0","0"
"POINT (9.706334616000049 52.411786711000047)","Unfall 23304 (2024) Kat:3, Licht: 0","23304","3","1","8","12","07","2","","0","0","1","0","0"
"POINT (9.646874320000052 52.413562223000042)","Unfall 23336 (2024) Kat:3, Licht: 2","23336","3","7","2","12","19","1","","2","0","1","0","1"
"POINT (9.864149722000036 52.334059490000072)","Unfall 23340 (2024) Kat:3, Licht: 2","23340","3","6","2","12","20","1","","2","0","1","0","0"
"POINT (9.871777210000062 52.347630072000072)","Unfall 23341 (2024) Kat:3, Licht: 2","23341","3","6","2","12","20","1","","2","0","1","0","1"
"POINT (9.778001499000027 52.427855262000037)","Unfall 23342 (2024) Kat:3, Licht: 2","23342","3","6","3","12","20","1","","2","0","1","0","0"
"POINT (9.773665133000065 52.370987450000030)","Unfall 23363 (2024) Kat:3, Licht: 2","23363","3","6","2","12","18","7","","2","0","1","0","0"
"POINT (9.634457389000033 52.420802112000047)","Unfall 23366 (2024) Kat:3, Licht: 0","23366","3","1","9","12","15","7","","0","0","1","0","0"
"POINT (9.625433049000037 52.424336228000072)","Unfall 23394 (2024) Kat:3, Licht: 2","23394","3","6","3","12","16","6","","2","0","1","0","0"
"POINT (9.801058557000033 52.429348305000076)","Unfall 23395 (2024) Kat:3, Licht: 2","23395","3","2","4","12","07","6","","2","1","1","0","0"
"POINT (9.719158810000067 52.347340895000059)","Unfall 23399 (2024) Kat:2, Licht: 1","23399","2","4","6","12","17","6","","1","0","1","1","0"
"POINT (9.749886093000043 52.369270923000045)","Unfall 23439 (2024) Kat:2, Licht: 2","23439","2","4","6","12","17","5","","2","1","0","1","0"
"POINT (9.730895734000057 52.370735050000064)","Unfall 23440 (2024) Kat:3, Licht: 0","23440","3","7","2","12","09","5","","0","0","1","0","0"
"POINT (9.794181557000059 52.394294739000031)","Unfall 23441 (2024) Kat:3, Licht: 0","23441","3","6","2","12","12","5","","0","0","1","0","0"
"POINT (9.829504680000070 52.423360361000050)","Unfall 23442 (2024) Kat:3, Licht: 2","23442","3","6","2","12","17","5","","2","0","1","0","0"
"POINT (9.716095469000038 52.397481885000047)","Unfall 23453 (2024) Kat:3, Licht: 2","23453","3","3","5","12","20","5","","2","0","1","0","0"
"POINT (9.634117517000050 52.418691006000074)","Unfall 23454 (2024) Kat:3, Licht: 2","23454","3","6","2","12","07","5","","2","0","1","0","0"
"POINT (9.651847879000059 52.416141542000048)","Unfall 23490 (2024) Kat:3, Licht: 0","23490","3","6","2","12","14","4","","0","0","1","0","0"
"POINT (9.754887951000057 52.370083792000059)","Unfall 23491 (2024) Kat:3, Licht: 2","23491","3","6","0","12","18","6","","2","0","1","0","1"
"POINT (9.643615471000032 52.422926115000053)","Unfall 23496 (2024) Kat:3, Licht: 0","23496","3","6","2","12","08","4","","0","0","1","0","0"
"POINT (9.725987483000040 52.367010621000077)","Unfall 23507 (2024) Kat:3, Licht: 0","23507","3","7","0","12","16","6","","0","1","0","0","0"
"POINT (9.723857951000070 52.391214511000044)","Unfall 23524 (2024) Kat:3, Licht: 0","23524","3","6","2","12","10","3","","0","0","1","0","0"
"POINT (9.751242242000046 52.359166079000033)","Unfall 23570 (2024) Kat:3, Licht: 1","23570","3","2","6","12","08","2","","1","0","1","1","0"
"POINT (9.774120368000069 52.331963771000062)","Unfall 23571 (2024) Kat:3, Licht: 0","23571","3","2","6","12","10","2","","0","0","1","1","0"
"POINT (9.618379557000026 52.421254008000062)","Unfall 23577 (2024) Kat:3, Licht: 2","23577","3","6","2","12","07","2","","2","0","1","0","0"
"POINT (9.740486357000066 52.368277449000061)","Unfall 23606 (2024) Kat:3, Licht: 2","23606","3","6","2","12","17","1","","2","0","1","0","0"
"POINT (9.847698044000026 52.329916069000035)","Unfall 23608 (2024) Kat:3, Licht: 2","23608","3","7","0","12","06","1","","2","0","1","0","0"
"POINT (9.811682318000067 52.332933075000028)","Unfall 23613 (2024) Kat:3, Licht: 2","23613","3","6","2","12","18","1","","2","0","1","0","0"
"POINT (9.708009339000057 52.420885807000047)","Unfall 23630 (2024) Kat:3, Licht: 2","23630","3","2","5","12","02","7","","2","0","1","0","0"
"POINT (9.658005264000053 52.388253074000033)","Unfall 23638 (2024) Kat:3, Licht: 2","23638","3","6","4","12","20","7","","2","1","0","0","0"
"POINT (9.730525841000031 52.371136462000038)","Unfall 23642 (2024) Kat:3, Licht: 2","23642","3","2","2","12","21","7","","2","0","1","0","0"
"POINT (9.760735074000024 52.427168405000032)","Unfall 23646 (2024) Kat:3, Licht: 2","23646","3","7","8","12","02","7","","2","0","1","0","0"
"POINT (9.698637619000067 52.347425906000069)","Unfall 23647 (2024) Kat:3, Licht: 1","23647","3","3","5","12","07","7","","1","0","1","0","0"
"POINT (9.759744715000068 52.370361069000069)","Unfall 23690 (2024) Kat:3, Licht: 2","23690","3","7","8","12","03","6","","2","1","0","0","0"
"POINT (9.731900809000024 52.369459140000060)","Unfall 23692 (2024) Kat:3, Licht: 2","23692","3","7","0","12","16","6","","2","1","0","0","0"
"POINT (9.671057131000055 52.377153554000074)","Unfall 23693 (2024) Kat:3, Licht: 1","23693","3","6","2","12","16","6","","1","0","1","0","0"
"POINT (9.710518139000044 52.429595011000060)","Unfall 23704 (2024) Kat:3, Licht: 0","23704","3","6","2","12","15","6","","0","0","1","0","0"
"POINT (9.655591329000060 52.425536458000067)","Unfall 23706 (2024) Kat:3, Licht: 0","23706","3","6","2","12","13","6","","0","0","1","0","0"
"POINT (9.723442278000050 52.377713440000036)","Unfall 23707 (2024) Kat:3, Licht: 2","23707","3","2","5","12","21","6","","2","1","1","0","0"
"POINT (9.774781914000073 52.371267036000063)","Unfall 23708 (2024) Kat:3, Licht: 0","23708","3","2","5","12","13","6","","0","0","1","0","0"
"POINT (9.694839748000049 52.419485976000033)","Unfall 23765 (2024) Kat:3, Licht: 0","23765","3","3","5","12","09","5","","0","0","1","0","0"
"POINT (9.759264960000053 52.427202224000041)","Unfall 23775 (2024) Kat:3, Licht: 2","23775","3","6","2","12","17","5","","2","0","1","0","0"
"POINT (9.717626181000071 52.395974350000074)","Unfall 23821 (2024) Kat:3, Licht: 2","23821","3","7","0","12","23","4","","2","0","0","0","0"
"POINT (9.878201357000023 52.359655365000037)","Unfall 23822 (2024) Kat:3, Licht: 2","23822","3","6","2","12","16","4","","2","0","1","0","0"
"POINT (9.628079241000023 52.422557936000032)","Unfall 23875 (2024) Kat:3, Licht: 2","23875","3","6","2","12","17","3","","2","0","1","0","0"
"POINT (9.817793251000069 52.405269935000035)","Unfall 23886 (2024) Kat:3, Licht: 0","23886","3","1","8","12","12","3","","0","0","1","0","0"
"POINT (9.702978002000066 52.415276953000046)","Unfall 23934 (2024) Kat:3, Licht: 2","23934","3","7","8","12","07","2","","2","0","1","0","0"
"POINT (9.709390824000025 52.379487479000034)","Unfall 23935 (2024) Kat:3, Licht: 2","23935","3","6","2","12","18","2","","2","0","1","0","0"
"POINT (9.631194234000077 52.421315868000079)","Unfall 23937 (2024) Kat:3, Licht: 0","23937","3","6","2","12","15","2","","0","0","1","0","0"
"POINT (9.752353957000025 52.427359662000072)","Unfall 23938 (2024) Kat:3, Licht: 1","23938","3","6","2","12","07","2","","1","0","1","0","0"
"POINT (9.746807784000055 52.365003943000033)","Unfall 23979 (2024) Kat:3, Licht: 2","23979","3","7","0","12","05","1","","2","0","0","0","0"
"POINT (9.735028251000074 52.393429641000068)","Unfall 23982 (2024) Kat:2, Licht: 2","23982","2","4","6","12","21","1","","2","0","1","1","0"
"POINT (9.715724633000036 52.397772833000033)","Unfall 23983 (2024) Kat:2, Licht: 2","23983","2","4","6","12","17","1","","2","0","1","1","0"
"POINT (9.845090850000076 52.360457090000068)","Unfall 23997 (2024) Kat:2, Licht: 0","23997","2","3","5","12","15","4","","0","1","0","0","0"
"POINT (9.835881836000056 52.387083504000032)","Unfall 24000 (2024) Kat:3, Licht: 1","24000","3","6","4","12","08","2","","1","0","1","0","0"
"POINT (9.743377583000040 52.368279422000057)","Unfall 24006 (2024) Kat:3, Licht: 0","24006","3","3","5","12","09","6","","0","0","1","0","0"
"POINT (9.642163017000030 52.414604958000041)","Unfall 24019 (2024) Kat:3, Licht: 2","24019","3","6","2","11","17","7","","2","0","1","0","0"
"POINT (9.697295473000054 52.375205995000044)","Unfall 24020 (2024) Kat:3, Licht: 0","24020","3","2","2","11","15","7","","0","0","1","0","0"
"POINT (9.789999294000040 52.354489311000066)","Unfall 24023 (2024) Kat:3, Licht: 0","24023","3","6","3","11","10","7","","0","0","1","0","0"
"POINT (9.735264605000054 52.394569138000065)","Unfall 24127 (2024) Kat:3, Licht: 0","24127","3","2","6","11","12","5","","0","0","1","1","0"
"POINT (9.735336526000026 52.404710990000069)","Unfall 24129 (2024) Kat:3, Licht: 0","24129","3","6","2","11","07","5","","0","0","1","0","0"
"POINT (9.814368529000035 52.364488257000062)","Unfall 24130 (2024) Kat:3, Licht: 2","24130","3","6","2","11","17","5","","2","0","1","0","0"
"POINT (9.791917376000072 52.335036357000035)","Unfall 24131 (2024) Kat:3, Licht: 2","24131","3","3","5","11","17","5","","2","1","1","0","0"
"POINT (9.801053442000068 52.429334605000065)","Unfall 24138 (2024) Kat:3, Licht: 1","24138","3","2","5","11","16","5","","1","0","1","0","0"
"POINT (9.809094895000044 52.379657464000047)","Unfall 24185 (2024) Kat:3, Licht: 2","24185","3","6","2","11","21","4","","2","0","1","0","0"
"POINT (9.721598670000049 52.361635309000064)","Unfall 24186 (2024) Kat:3, Licht: 2","24186","3","4","6","11","17","4","","2","0","0","1","0"
"POINT (9.729347256000040 52.372868213000061)","Unfall 24187 (2024) Kat:3, Licht: 2","24187","3","6","2","11","19","4","","2","0","1","0","0"
"POINT (9.695238544000063 52.361320563000049)","Unfall 24188 (2024) Kat:3, Licht: 0","24188","3","3","5","11","08","4","","0","1","1","0","0"
"POINT (9.826904892000073 52.424562444000060)","Unfall 24201 (2024) Kat:3, Licht: 2","24201","3","6","2","11","19","4","","2","0","1","0","0"
"POINT (9.835636807000071 52.418156650000071)","Unfall 24202 (2024) Kat:3, Licht: 1","24202","3","6","2","11","16","4","","1","0","1","0","0"
"POINT (9.812998241000059 52.328274177000026)","Unfall 24204 (2024) Kat:3, Licht: 0","24204","3","6","2","11","09","4","","0","0","1","0","0"
"POINT (9.868193804000043 52.309700857000053)","Unfall 24255 (2024) Kat:3, Licht: 0","24255","3","2","4","12","14","7","","0","0","1","0","0"
"POINT (9.746473151000032 52.365319379000027)","Unfall 24309 (2024) Kat:3, Licht: 0","24309","3","7","0","11","07","2","","0","1","0","0","0"
"POINT (9.652143084000045 52.415908813000044)","Unfall 24314 (2024) Kat:2, Licht: 0","24314","2","3","5","11","15","2","","0","1","1","0","0"
"POINT (9.776589058000070 52.332844532000081)","Unfall 24315 (2024) Kat:3, Licht: 2","24315","3","2","5","11","19","2","","2","1","1","0","0"
"POINT (9.732284510000056 52.383119190000059)","Unfall 24317 (2024) Kat:3, Licht: 0","24317","3","3","5","11","13","2","","0","0","1","0","0"
"POINT (9.735608713000033 52.403213512000036)","Unfall 24394 (2024) Kat:3, Licht: 2","24394","3","6","2","11","21","7","","2","0","1","0","0"
"POINT (9.800164575000053 52.426636168000073)","Unfall 24395 (2024) Kat:3, Licht: 0","24395","3","7","0","11","10","7","","0","1","0","0","0"
"POINT (9.815790316000061 52.403167588000031)","Unfall 24400 (2024) Kat:3, Licht: 0","24400","3","6","2","11","12","7","","0","0","1","0","0"
"POINT (9.825896638000074 52.424986522000040)","Unfall 24420 (2024) Kat:3, Licht: 2","24420","3","6","3","12","17","3","","2","0","1","0","0"
"POINT (9.717198347000021 52.396331651000082)","Unfall 24477 (2024) Kat:3, Licht: 0","24477","3","6","2","11","14","6","","0","0","1","0","0"
"POINT (9.799280994000071 52.410059451000052)","Unfall 24478 (2024) Kat:3, Licht: 2","24478","3","3","5","11","17","6","","2","1","1","0","0"
"POINT (9.650540804000059 52.422776379000027)","Unfall 24488 (2024) Kat:3, Licht: 2","24488","3","1","9","11","23","6","","2","0","1","0","0"
"POINT (9.725359572000059 52.376860294000039)","Unfall 24489 (2024) Kat:3, Licht: 0","24489","3","2","2","11","11","6","","0","0","1","0","0"
"POINT (9.678012535000050 52.359229370000037)","Unfall 24490 (2024) Kat:3, Licht: 2","24490","3","2","6","11","05","6","","2","0","1","1","0"
"POINT (9.728252801000053 52.374233588000038)","Unfall 24522 (2024) Kat:3, Licht: 0","24522","3","3","5","11","09","5","","0","0","1","0","0"
"POINT (9.731593722000071 52.383524212000054)","Unfall 24523 (2024) Kat:3, Licht: 1","24523","3","2","5","12","08","5","","1","1","1","0","0"
"POINT (9.678144810000049 52.365898168000058)","Unfall 24524 (2024) Kat:3, Licht: 0","24524","3","6","2","11","08","5","","0","0","1","0","0"
"POINT (9.810719606000021 52.318182071000081)","Unfall 24527 (2024) Kat:3, Licht: 2","24527","3","6","2","11","16","5","","2","0","1","0","0"
"POINT (9.749909059000061 52.360907405000034)","Unfall 24635 (2024) Kat:3, Licht: 0","24635","3","7","5","12","10","3","","0","1","1","0","0"
"POINT (9.692734411000060 52.361030047000042)","Unfall 24651 (2024) Kat:3, Licht: 2","24651","3","3","5","11","19","3","","2","1","1","0","0"
"POINT (9.694441338000047 52.375915644000031)","Unfall 24659 (2024) Kat:2, Licht: 0","24659","2","4","0","11","08","3","","0","0","0","1","0"
"POINT (9.761164242000063 52.370464922000053)","Unfall 24662 (2024) Kat:2, Licht: 2","24662","2","7","0","11","20","3","","2","0","1","0","0"
"POINT (9.808600897000076 52.337264140000059)","Unfall 24663 (2024) Kat:3, Licht: 2","24663","3","2","6","11","17","3","","2","0","1","1","0"
"POINT (9.776236759000028 52.343527244000029)","Unfall 24664 (2024) Kat:3, Licht: 0","24664","3","6","2","11","11","3","","0","0","1","0","0"
"POINT (9.652687844000070 52.424820192000027)","Unfall 24695 (2024) Kat:2, Licht: 0","24695","2","6","3","12","15","5","","0","0","1","0","0"
"POINT (9.791292934000069 52.371731530000034)","Unfall 24698 (2024) Kat:3, Licht: 0","24698","3","6","2","11","15","3","","0","0","1","0","0"
"POINT (9.736752856000066 52.368396349000079)","Unfall 24730 (2024) Kat:3, Licht: 1","24730","3","2","5","11","07","2","","1","1","0","0","0"
"POINT (9.709423867000055 52.408139160000076)","Unfall 24735 (2024) Kat:2, Licht: 0","24735","2","4","6","11","07","2","","0","0","0","1","1"
"POINT (9.812885658000027 52.329262571000072)","Unfall 24751 (2024) Kat:3, Licht: 2","24751","3","6","2","12","16","3","","2","0","1","0","0"
"POINT (9.782950127000049 52.361390967000034)","Unfall 24753 (2024) Kat:3, Licht: 2","24753","3","1","9","11","21","3","","2","0","1","0","0"
"POINT (9.878674456000056 52.359704019000048)","Unfall 24781 (2024) Kat:3, Licht: 1","24781","3","6","4","11","07","1","","1","0","1","0","0"
"POINT (9.717614494000031 52.395994622000046)","Unfall 24809 (2024) Kat:3, Licht: 2","24809","3","2","5","12","20","5","","2","1","1","0","0"
"POINT (9.721644738000066 52.391670073000057)","Unfall 24827 (2024) Kat:2, Licht: 2","24827","2","3","5","12","18","2","","2","1","1","0","0"
"POINT (9.827592099000071 52.360443549000081)","Unfall 24828 (2024) Kat:3, Licht: 0","24828","3","1","0","11","10","7","","0","1","0","0","0"
"POINT (9.824088838000023 52.339601985000058)","Unfall 24883 (2024) Kat:3, Licht: 0","24883","3","1","8","11","15","6","","0","0","0","0","1"
"POINT (9.832068137000022 52.386018672000034)","Unfall 24918 (2024) Kat:3, Licht: 0","24918","3","4","6","12","11","6","","0","1","0","1","0"
"POINT (9.744127782000021 52.367969556000048)","Unfall 24952 (2024) Kat:3, Licht: 1","24952","3","5","0","11","16","5","","1","1","1","0","0"
"POINT (9.762827970000046 52.370569870000054)","Unfall 24953 (2024) Kat:3, Licht: 0","24953","3","2","3","11","08","5","","0","1","1","0","0"
"POINT (9.732623646000036 52.383757716000048)","Unfall 24955 (2024) Kat:3, Licht: 0","24955","3","6","2","11","07","5","","0","1","0","0","0"
"POINT (9.872214537000048 52.359960906000026)","Unfall 24957 (2024) Kat:3, Licht: 2","24957","3","6","3","11","21","5","","2","0","1","0","0"
"POINT (9.664002830000072 52.376965721000033)","Unfall 24958 (2024) Kat:3, Licht: 2","24958","3","7","6","11","17","5","","2","0","1","1","0"
"POINT (9.749475880000034 52.427423655000041)","Unfall 24963 (2024) Kat:3, Licht: 2","24963","3","6","2","11","17","5","","2","0","1","0","0"
"POINT (9.842260499000076 52.416063730000076)","Unfall 24969 (2024) Kat:3, Licht: 2","24969","3","7","8","11","01","5","","2","0","1","0","0"
"POINT (9.812731714000051 52.366014566000047)","Unfall 24971 (2024) Kat:3, Licht: 0","24971","3","3","5","11","13","5","","0","1","0","0","0"
"POINT (9.730576558000053 52.430092307000052)","Unfall 25020 (2024) Kat:3, Licht: 0","25020","3","1","8","11","13","4","","0","0","0","0","0"
"POINT (9.721951289000060 52.359650238000029)","Unfall 25031 (2024) Kat:3, Licht: 2","25031","3","6","3","11","17","4","","2","0","1","0","0"
"POINT (9.769361732000050 52.337514766000027)","Unfall 25032 (2024) Kat:3, Licht: 2","25032","3","6","2","11","18","4","","2","0","1","0","0"
"POINT (9.797567883000056 52.416371942000069)","Unfall 25043 (2024) Kat:2, Licht: 2","25043","2","2","6","11","19","4","","2","0","1","1","0"
"POINT (9.647057707000045 52.423893917000044)","Unfall 25045 (2024) Kat:3, Licht: 2","25045","3","6","2","11","17","4","","2","0","1","0","0"
"POINT (9.621143293000046 52.421015249000050)","Unfall 25046 (2024) Kat:3, Licht: 2","25046","3","7","7","11","04","4","","2","0","1","0","0"
"POINT (9.697563751000075 52.347599490000050)","Unfall 25050 (2024) Kat:3, Licht: 0","25050","3","6","2","11","10","4","","0","0","1","0","0"
"POINT (9.689398737000033 52.374832648000051)","Unfall 25051 (2024) Kat:3, Licht: 0","25051","3","6","3","11","07","4","","0","1","0","0","0"
"POINT (9.785290357000065 52.423222237000061)","Unfall 25096 (2024) Kat:3, Licht: 2","25096","3","5","1","11","18","4","","2","0","1","0","0"
"POINT (9.722055981000040 52.378561938000075)","Unfall 25112 (2024) Kat:3, Licht: 0","25112","3","6","0","11","13","3","","0","1","0","0","0"
"POINT (9.718782226000030 52.378452216000028)","Unfall 25113 (2024) Kat:3, Licht: 0","25113","3","6","2","11","15","3","","0","0","1","0","0"
"POINT (9.687693991000060 52.378541411000072)","Unfall 25119 (2024) Kat:3, Licht: 0","25119","3","1","2","11","14","3","","0","0","1","0","1"
"POINT (9.697114010000064 52.375153928000032)","Unfall 25147 (2024) Kat:3, Licht: 0","25147","3","2","6","12","10","6","","0","0","1","1","0"
"POINT (9.766592727000045 52.367176046000054)","Unfall 155385 (2024) Kat:3, Licht: 2","155385","3","3","0","01","16","4","","2","1","1","0","0"
"POINT (9.770060020000074 52.410259289000066)","Unfall 155388 (2024) Kat:1, Licht: 0","155388","1","3","5","01","10","4","","0","1","1","0","0"
"POINT (9.793226281000045 52.415277671000069)","Unfall 155393 (2024) Kat:3, Licht: 1","155393","3","6","3","01","16","3","","1","0","1","0","0"
"POINT (9.730629740000040 52.378529889000049)","Unfall 155394 (2024) Kat:3, Licht: 2","155394","3","2","5","01","20","3","","2","1","1","0","0"
"POINT (9.749661591000063 52.384191966000060)","Unfall 155402 (2024) Kat:3, Licht: 2","155402","3","4","6","01","03","2","","2","0","1","1","0"
"POINT (9.762797730000045 52.410286974000030)","Unfall 157133 (2024) Kat:3, Licht: 2","157133","3","3","5","02","18","2","","2","0","1","0","0"
"POINT (9.741704534000064 52.378502649000040)","Unfall 157134 (2024) Kat:3, Licht: 2","157134","3","2","6","02","18","2","","2","0","1","1","0"
"POINT (9.696967206000068 52.341405198000075)","Unfall 157135 (2024) Kat:3, Licht: 0","157135","3","6","2","02","07","2","","0","0","1","0","0"
"POINT (9.763641509000024 52.356101066000065)","Unfall 157149 (2024) Kat:3, Licht: 2","157149","3","5","1","02","19","1","","2","1","1","0","0"
"POINT (9.696946477000040 52.341679839000051)","Unfall 157150 (2024) Kat:3, Licht: 0","157150","3","6","2","02","15","1","","0","0","1","0","0"
"POINT (9.695592011000031 52.408839397000065)","Unfall 157167 (2024) Kat:3, Licht: 2","157167","3","2","3","02","17","7","","2","1","1","0","0"
"POINT (9.730812757000024 52.398379001000080)","Unfall 157198 (2024) Kat:3, Licht: 0","157198","3","3","5","02","13","5","","0","0","1","0","0"
"POINT (9.744233092000059 52.373327130000064)","Unfall 157199 (2024) Kat:3, Licht: 0","157199","3","7","0","02","12","5","","0","1","0","0","0"
"POINT (9.744079976000023 52.372581978000028)","Unfall 157200 (2024) Kat:3, Licht: 0","157200","3","3","5","02","11","5","","0","1","1","0","0"
"POINT (9.741300593000062 52.375530219000041)","Unfall 157201 (2024) Kat:3, Licht: 0","157201","3","4","6","02","12","5","","0","1","0","1","0"
"POINT (9.741640117000031 52.378447426000037)","Unfall 157203 (2024) Kat:3, Licht: 0","157203","3","6","2","02","10","5","","0","1","1","0","0"
"POINT (9.798320346000025 52.397979714000030)","Unfall 157204 (2024) Kat:3, Licht: 2","157204","3","6","0","02","20","5","","2","1","0","1","0"
"POINT (9.744228460000045 52.373300433000054)","Unfall 157225 (2024) Kat:3, Licht: 0","157225","3","1","0","02","14","4","","0","1","0","0","0"
"POINT (9.737245053000038 52.370768186000078)","Unfall 157226 (2024) Kat:3, Licht: 2","157226","3","2","4","02","06","4","","2","1","1","0","0"
"POINT (9.707570005000036 52.367167689000041)","Unfall 157227 (2024) Kat:3, Licht: 0","157227","3","7","0","02","13","4","","0","1","0","0","0"
"POINT (9.770390787000053 52.397175611000080)","Unfall 157228 (2024) Kat:3, Licht: 2","157228","3","6","2","02","18","4","","2","0","1","0","0"
"POINT (9.653578291000031 52.411992989000055)","Unfall 157230 (2024) Kat:3, Licht: 2","157230","3","3","5","02","17","4","","2","0","1","0","0"
"POINT (9.785613338000076 52.398043962000031)","Unfall 157231 (2024) Kat:3, Licht: 2","157231","3","2","6","02","18","4","","2","0","1","1","0"
"POINT (9.736952898000027 52.404597510000031)","Unfall 157232 (2024) Kat:3, Licht: 0","157232","3","3","5","02","15","4","","0","0","1","0","0"
"POINT (9.772569802000021 52.365423808000060)","Unfall 157233 (2024) Kat:3, Licht: 2","157233","3","2","6","02","07","4","","2","0","1","1","0"
"POINT (9.808554972000024 52.379579593000074)","Unfall 157257 (2024) Kat:3, Licht: 1","157257","3","3","5","02","18","3","","1","1","1","0","0"
"POINT (9.828657705000069 52.399475122000069)","Unfall 157258 (2024) Kat:3, Licht: 2","157258","3","3","5","02","17","3","","2","1","1","0","0"
"POINT (9.735772903000054 52.362561148000054)","Unfall 157259 (2024) Kat:3, Licht: 0","157259","3","6","2","02","09","3","","0","0","1","0","0"
"POINT (9.736607308000032 52.371165145000077)","Unfall 157263 (2024) Kat:3, Licht: 0","157263","3","2","5","02","11","3","","0","1","1","0","0"
"POINT (9.809857939000040 52.348826048000035)","Unfall 157280 (2024) Kat:3, Licht: 0","157280","3","7","5","02","14","2","","0","0","1","0","0"
"POINT (9.765126262000024 52.347909497000046)","Unfall 157281 (2024) Kat:3, Licht: 1","157281","3","5","1","02","08","2","","1","0","1","0","0"
"POINT (9.738829182000075 52.371191857000042)","Unfall 157282 (2024) Kat:3, Licht: 0","157282","3","4","6","02","09","2","","0","0","1","1","0"
"POINT (9.747453916000040 52.387675155000068)","Unfall 157283 (2024) Kat:3, Licht: 0","157283","3","3","5","02","10","2","","0","0","1","0","0"
"POINT (9.703984005000052 52.366901706000078)","Unfall 157294 (2024) Kat:2, Licht: 2","157294","2","2","5","02","18","1","","2","0","1","0","1"
"POINT (9.750140226000042 52.375127670000040)","Unfall 157304 (2024) Kat:3, Licht: 0","157304","3","1","0","02","08","7","","0","1","0","0","0"
"POINT (9.768502749000049 52.356854868000028)","Unfall 157332 (2024) Kat:3, Licht: 2","157332","3","4","6","02","21","6","","2","0","1","1","0"
"POINT (9.767488137000043 52.358194597000079)","Unfall 157366 (2024) Kat:3, Licht: 2","157366","3","2","4","02","19","5","","2","1","1","0","0"
"POINT (9.717189669000049 52.344844870000031)","Unfall 157367 (2024) Kat:3, Licht: 2","157367","3","7","1","02","08","5","","2","0","1","0","0"
"POINT (9.737304483000059 52.375695996000047)","Unfall 157368 (2024) Kat:3, Licht: 0","157368","3","4","6","02","14","5","","0","1","0","1","0"
"POINT (9.790353692000053 52.328978658000040)","Unfall 157369 (2024) Kat:3, Licht: 2","157369","3","5","1","02","21","5","","2","0","1","0","0"
"POINT (9.750660354000047 52.375479381000048)","Unfall 157370 (2024) Kat:3, Licht: 2","157370","3","2","2","02","18","5","","2","0","1","0","0"
"POINT (9.732293864000042 52.379093625000053)","Unfall 157408 (2024) Kat:3, Licht: 2","157408","3","6","2","02","17","4","","2","0","1","0","0"