WKT,Name,OBJECTID,UKATEGORIE,UTYP1,UART,UMONAT,USTUNDE,UWOCHENTAG,STRZUSTAND,ULICHTVERH,ISTRAD,ISTPKW,ISTFUSS,ISTKRAD
"POINT (9.740930045000027 52.376424667000038)","Unfall 157409 (2024) Kat:3, Licht: 0","157409","3","3","6","02","15","4","","0","1","0","1","0"
"POINT (9.732675925000024 52.379362308000054)","Unfall 157411 (2024) Kat:3, Licht: 2","157411","3","3","5","02","18","4","","2","1","1","0","0"
"POINT (9.733731324000075 52.379820376000055)","Unfall 157412 (2024) Kat:3, Licht: 2","157412","3","3","5","02","17","4","","2","1","1","0","0"
"POINT (9.733711460000052 52.399037455000041)","Unfall 157413 (2024) Kat:3, Licht: 0","157413","3","3","5","02","13","4","","0","1","1","0","0"
"POINT (9.737788000000023 52.374767100000042)","Unfall 157434 (2024) Kat:2, Licht: 2","157434","2","4","6","02","00","3","","2","0","0","1","0"
"POINT (9.776996342000075 52.362948466000034)","Unfall 157435 (2024) Kat:3, Licht: 0","157435","3","4","6","02","08","3","","0","0","0","1","0"
"POINT (9.821505645000059 52.339935073000049)","Unfall 157454 (2024) Kat:3, Licht: 0","157454","3","1","0","02","15","2","","0","0","0","0","0"
"POINT (9.746909090000031 52.385456840000074)","Unfall 157455 (2024) Kat:3, Licht: 0","157455","3","6","2","02","15","2","","0","0","1","0","0"
"POINT (9.691773749000049 52.364988125000082)","Unfall 157456 (2024) Kat:3, Licht: 0","157456","3","6","3","02","12","2","","0","0","1","0","0"
"POINT (9.723315707000040 52.372079565000035)","Unfall 157480 (2024) Kat:3, Licht: 2","157480","3","7","0","02","23","7","","2","0","0","0","0"
"POINT (9.741739519000021 52.378532641000049)","Unfall 157494 (2024) Kat:3, Licht: 0","157494","3","1","0","02","14","6","","0","0","0","0","0"
"POINT (9.748338059000048 52.378370271000051)","Unfall 157496 (2024) Kat:3, Licht: 0","157496","3","1","0","02","16","6","","0","1","0","0","0"
"POINT (9.751578422000023 52.371395250000035)","Unfall 157497 (2024) Kat:3, Licht: 1","157497","3","4","6","02","07","6","","1","0","1","1","0"
"POINT (9.744508963000044 52.380809024000030)","Unfall 157498 (2024) Kat:3, Licht: 2","157498","3","1","0","02","05","6","","2","0","0","0","0"
"POINT (9.813531502000046 52.389717724000036)","Unfall 157514 (2024) Kat:3, Licht: 0","157514","3","7","3","02","14","5","","0","0","1","0","1"
"POINT (9.752556552000044 52.373862037000038)","Unfall 157515 (2024) Kat:3, Licht: 0","157515","3","5","4","02","10","5","","0","1","1","0","0"
"POINT (9.676853228000027 52.396337326000037)","Unfall 157531 (2024) Kat:3, Licht: 0","157531","3","6","2","01","16","4","","0","0","1","0","0"
"POINT (9.714723983000056 52.366887177000081)","Unfall 157532 (2024) Kat:3, Licht: 0","157532","3","7","0","01","15","4","","0","0","0","0","0"
"POINT (9.746317041000054 52.381125846000032)","Unfall 157535 (2024) Kat:3, Licht: 0","157535","3","5","0","01","14","4","","0","1","1","0","0"
"POINT (9.771023144000026 52.418282742000031)","Unfall 157536 (2024) Kat:3, Licht: 0","157536","3","3","5","01","15","4","","0","0","1","0","0"
"POINT (9.724851048000062 52.394830606000028)","Unfall 157556 (2024) Kat:3, Licht: 2","157556","3","5","1","01","17","3","","2","1","1","0","0"
"POINT (9.747303105000071 52.409557121000034)","Unfall 157557 (2024) Kat:3, Licht: 2","157557","3","7","0","01","22","3","","2","1","0","0","0"
"POINT (9.792508413000064 52.396831622000036)","Unfall 157558 (2024) Kat:3, Licht: 1","157558","3","6","3","01","16","3","","1","0","1","0","0"
"POINT (9.712741776000030 52.382153775000063)","Unfall 157576 (2024) Kat:3, Licht: 0","157576","3","3","5","01","11","2","","0","1","1","0","0"
"POINT (9.668041001000063 52.382406164000031)","Unfall 157577 (2024) Kat:3, Licht: 0","157577","3","5","0","01","13","2","","0","0","1","0","0"
"POINT (9.811201379000067 52.364066379000064)","Unfall 157578 (2024) Kat:3, Licht: 0","157578","3","7","0","01","10","2","","0","0","0","0","0"
"POINT (9.729695739000022 52.355514907000043)","Unfall 157592 (2024) Kat:2, Licht: 1","157592","2","3","5","01","16","1","","1","0","1","0","0"
"POINT (9.735442903000035 52.384501348000072)","Unfall 157593 (2024) Kat:3, Licht: 2","157593","3","3","5","01","19","1","","2","1","1","0","0"
"POINT (9.737733553000055 52.374669553000047)","Unfall 157609 (2024) Kat:3, Licht: 2","157609","3","1","0","01","19","7","","2","1","0","0","0"
"POINT (9.844516802000044 52.387639620000073)","Unfall 157626 (2024) Kat:3, Licht: 0","157626","3","2","3","01","14","6","","0","0","1","0","0"
"POINT (9.787263798000026 52.333204566000063)","Unfall 157627 (2024) Kat:3, Licht: 0","157627","3","5","1","01","13","6","","0","0","1","0","0"
"POINT (9.779560926000045 52.329555119000077)","Unfall 157628 (2024) Kat:3, Licht: 2","157628","3","5","3","01","07","6","","2","0","1","0","0"
"POINT (9.735338709000075 52.399322465000068)","Unfall 157629 (2024) Kat:2, Licht: 0","157629","2","4","6","01","13","6","","0","0","0","1","0"
"POINT (9.814162443000043 52.331817754000042)","Unfall 157630 (2024) Kat:3, Licht: 2","157630","3","2","5","01","07","6","","2","0","1","0","0"
"POINT (9.836862769000049 52.396317904000057)","Unfall 157643 (2024) Kat:3, Licht: 1","157643","3","6","6","01","08","5","","1","0","1","1","0"
"POINT (9.728308412000047 52.358961929000031)","Unfall 157644 (2024) Kat:3, Licht: 2","157644","3","3","5","01","18","5","","2","1","1","0","0"
"POINT (9.660873131000073 52.431244839000044)","Unfall 157656 (2024) Kat:3, Licht: 2","157656","3","2","5","01","21","4","","2","0","1","0","1"
"POINT (9.727290226000036 52.401931087000037)","Unfall 157701 (2024) Kat:3, Licht: 0","157701","3","4","6","01","16","2","","0","0","1","1","0"
"POINT (9.704259802000024 52.369647195000027)","Unfall 157702 (2024) Kat:3, Licht: 0","157702","3","3","5","01","13","2","","0","1","1","0","0"
"POINT (9.704009880000058 52.376192034000042)","Unfall 157703 (2024) Kat:3, Licht: 0","157703","3","3","5","01","13","2","","0","1","0","0","0"
"POINT (9.708033625000041 52.367159542000081)","Unfall 157704 (2024) Kat:3, Licht: 0","157704","3","4","6","01","07","2","","0","0","1","1","0"
"POINT (9.739536952000037 52.364281043000062)","Unfall 157725 (2024) Kat:3, Licht: 0","157725","3","2","2","01","14","7","","0","0","1","0","0"
"POINT (9.800434547000066 52.335065829000030)","Unfall 157727 (2024) Kat:3, Licht: 0","157727","3","2","4","01","12","7","","0","1","1","0","0"
"POINT (9.784848792000048 52.372644036000054)","Unfall 157751 (2024) Kat:3, Licht: 0","157751","3","6","2","01","15","6","","0","0","1","0","0"
"POINT (9.700030373000061 52.344277116000058)","Unfall 157752 (2024) Kat:3, Licht: 1","157752","3","4","6","01","08","6","","1","0","1","1","0"
"POINT (9.743961590000026 52.371135756000058)","Unfall 157753 (2024) Kat:3, Licht: 0","157753","3","6","2","01","09","6","","0","0","1","0","1"
"POINT (9.773353888000031 52.350852007000071)","Unfall 157754 (2024) Kat:3, Licht: 1","157754","3","3","5","01","16","3","","1","0","1","0","0"
"POINT (9.693194794000021 52.367544875000078)","Unfall 157755 (2024) Kat:3, Licht: 1","157755","3","2","2","01","16","6","","1","0","1","0","0"
"POINT (9.717936296000062 52.364600517000042)","Unfall 157756 (2024) Kat:3, Licht: 0","157756","3","7","0","01","14","6","","0","1","1","0","0"
"POINT (9.681472287000076 52.416166146000080)","Unfall 157757 (2024) Kat:3, Licht: 2","157757","3","2","5","01","21","6","","2","0","1","0","0"
"POINT (9.654737553000075 52.409887108000078)","Unfall 157790 (2024) Kat:3, Licht: 2","157790","3","4","6","01","17","5","","2","0","1","1","0"
"POINT (9.729401267000071 52.361649847000081)","Unfall 157791 (2024) Kat:3, Licht: 0","157791","3","6","2","01","11","5","","0","0","1","0","0"
"POINT (9.706675718000042 52.373719086000051)","Unfall 157792 (2024) Kat:3, Licht: 2","157792","3","7","0","01","20","5","","2","1","0","0","0"
"POINT (9.803027622000059 52.358907227000032)","Unfall 157793 (2024) Kat:3, Licht: 1","157793","3","4","6","01","08","5","","1","0","1","1","0"
"POINT (9.671582575000059 52.355761388000076)","Unfall 157815 (2024) Kat:3, Licht: 2","157815","3","2","6","01","18","4","","2","0","1","1","0"
"POINT (9.731236858000045 52.391438242000049)","Unfall 157844 (2024) Kat:3, Licht: 2","157844","3","3","5","01","18","3","","2","0","1","0","0"
"POINT (9.709845454000060 52.367256261000080)","Unfall 157846 (2024) Kat:3, Licht: 0","157846","3","4","0","01","16","3","","0","0","0","1","0"
"POINT (9.798595270000021 52.412527305000026)","Unfall 157879 (2024) Kat:3, Licht: 0","157879","3","2","5","01","10","2","","0","1","0","0","0"
"POINT (9.719707765000067 52.386598188000050)","Unfall 157882 (2024) Kat:2, Licht: 1","157882","2","4","6","01","17","2","","1","0","1","1","0"
"POINT (9.855343202000029 52.392353635000063)","Unfall 157883 (2024) Kat:2, Licht: 2","157883","2","2","6","01","06","2","","2","0","1","1","0"
"POINT (9.716857474000051 52.362151150000045)","Unfall 157906 (2024) Kat:3, Licht: 1","157906","3","3","5","01","17","7","","1","1","1","0","0"
"POINT (9.731630075000055 52.374770138000031)","Unfall 157907 (2024) Kat:3, Licht: 2","157907","3","7","1","01","03","7","","2","0","1","1","0"
"POINT (9.755121742000028 52.391387952000059)","Unfall 157910 (2024) Kat:3, Licht: 2","157910","3","2","6","01","17","7","","2","0","1","1","0"
"POINT (9.711995175000027 52.392252333000044)","Unfall 157932 (2024) Kat:3, Licht: 0","157932","3","5","1","01","14","6","","0","0","1","0","0"
"POINT (9.722309723000023 52.388829262000058)","Unfall 157933 (2024) Kat:3, Licht: 0","157933","3","7","3","01","08","6","","0","0","1","0","0"
"POINT (9.708144635000053 52.390205526000045)","Unfall 157935 (2024) Kat:2, Licht: 2","157935","2","7","0","01","07","6","","2","1","0","0","0"
"POINT (9.717110779000052 52.363817089000065)","Unfall 157967 (2024) Kat:3, Licht: 2","157967","3","7","0","01","07","5","","2","1","1","0","0"
"POINT (9.802448998000045 52.361501102000034)","Unfall 157968 (2024) Kat:3, Licht: 2","157968","3","1","9","01","21","5","","2","0","1","0","0"
"POINT (9.749159514000041 52.350575618000050)","Unfall 157972 (2024) Kat:3, Licht: 0","157972","3","7","0","01","14","5","","0","0","1","0","0"
"POINT (9.747117488000072 52.373764999000059)","Unfall 157993 (2024) Kat:3, Licht: 0","157993","3","2","5","02","12","6","","0","0","1","0","1"
"POINT (9.814211785000055 52.385615379000058)","Unfall 158008 (2024) Kat:3, Licht: 2","158008","3","4","6","01","07","4","","2","0","1","1","0"
"POINT (9.733746376000056 52.384673593000059)","Unfall 158039 (2024) Kat:3, Licht: 0","158039","3","7","0","02","14","3","","0","1","0","0","0"
"POINT (9.782450529000073 52.373048227000027)","Unfall 158046 (2024) Kat:3, Licht: 0","158046","3","3","5","01","13","3","","0","1","1","0","0"
"POINT (9.668174932000056 52.415387949000035)","Unfall 158047 (2024) Kat:3, Licht: 2","158047","3","4","6","01","06","3","","2","0","1","1","0"
"POINT (9.725045551000051 52.342822943000044)","Unfall 158073 (2024) Kat:3, Licht: 0","158073","3","7","8","01","15","2","","0","0","1","0","0"
"POINT (9.753422030000024 52.390370558000029)","Unfall 158074 (2024) Kat:3, Licht: 2","158074","3","2","5","01","17","2","","2","0","1","0","0"
"POINT (9.762332653000044 52.379027957000062)","Unfall 158075 (2024) Kat:3, Licht: 0","158075","3","5","1","01","09","2","","0","0","1","0","0"
"POINT (9.690314247000060 52.418442430000027)","Unfall 158081 (2024) Kat:3, Licht: 1","158081","3","6","2","01","16","2","","1","0","1","0","0"
"POINT (9.740123720000042 52.368473440000059)","Unfall 158090 (2024) Kat:2, Licht: 0","158090","2","1","0","01","12","1","","0","1","0","0","0"
"POINT (9.734981313000048 52.400965501000030)","Unfall 158103 (2024) Kat:3, Licht: 0","158103","3","7","0","01","10","7","","0","1","0","0","0"
"POINT (9.712094986000068 52.370843021000042)","Unfall 158104 (2024) Kat:3, Licht: 2","158104","3","6","2","01","22","7","","2","0","1","0","0"
"POINT (9.699500905000036 52.326720578000049)","Unfall 158105 (2024) Kat:3, Licht: 2","158105","3","5","1","02","06","5","","2","0","1","0","0"
"POINT (9.744544507000057 52.395031862000053)","Unfall 158106 (2024) Kat:3, Licht: 2","158106","3","2","6","01","18","7","","2","0","1","1","0"
"POINT (9.750027840000030 52.410702745000037)","Unfall 158108 (2024) Kat:3, Licht: 2","158108","3","1","1","01","02","7","","2","0","1","0","0"
"POINT (9.762662204000037 52.357104491000030)","Unfall 158123 (2024) Kat:3, Licht: 2","158123","3","5","1","01","07","6","","2","0","1","0","0"
"POINT (9.693157829000029 52.341918098000065)","Unfall 158125 (2024) Kat:3, Licht: 2","158125","3","6","0","01","17","6","","2","0","1","0","0"
"POINT (9.690763278000077 52.345995698000081)","Unfall 158126 (2024) Kat:3, Licht: 2","158126","3","7","0","01","05","6","","2","0","0","0","0"
"POINT (9.744232884000041 52.373325929000032)","Unfall 158127 (2024) Kat:3, Licht: 0","158127","3","1","0","01","14","6","","0","1","0","0","0"
"POINT (9.741554810000025 52.371041936000040)","Unfall 158129 (2024) Kat:2, Licht: 2","158129","2","1","0","01","22","6","","2","0","0","0","0"
"POINT (9.729569090000041 52.346248234000029)","Unfall 158130 (2024) Kat:3, Licht: 2","158130","3","1","1","01","02","6","","2","0","1","0","0"
"POINT (9.717198600000074 52.345069460000047)","Unfall 158150 (2024) Kat:3, Licht: 0","158150","3","3","5","01","12","5","","0","1","1","0","0"
"POINT (9.819088085000033 52.400013325000032)","Unfall 158161 (2024) Kat:3, Licht: 0","158161","3","3","5","04","13","2","","0","1","1","0","0"
"POINT (9.755570615000067 52.391357712000058)","Unfall 158162 (2024) Kat:3, Licht: 0","158162","3","6","2","04","18","2","","0","0","1","0","0"
"POINT (9.738333229000034 52.382132755000043)","Unfall 158163 (2024) Kat:3, Licht: 0","158163","3","6","4","04","18","2","","0","1","0","0","0"
"POINT (9.708496403000026 52.394393100000059)","Unfall 158167 (2024) Kat:3, Licht: 0","158167","3","2","5","04","18","2","","0","0","1","0","1"
"POINT (9.801045490000035 52.377027144000067)","Unfall 158168 (2024) Kat:3, Licht: 0","158168","3","7","0","04","17","2","","0","1","0","0","0"
"POINT (9.776806601000033 52.362811692000037)","Unfall 158169 (2024) Kat:3, Licht: 0","158169","3","4","6","04","13","2","","0","0","1","1","0"
"POINT (9.804781417000072 52.378073129000029)","Unfall 158170 (2024) Kat:3, Licht: 0","158170","3","3","5","04","09","2","","0","1","0","0","0"
"POINT (9.720665957000051 52.391089310000041)","Unfall 158188 (2024) Kat:3, Licht: 2","158188","3","7","0","04","01","1","","2","1","0","0","0"
"POINT (9.746748441000022 52.394802659000050)","Unfall 158189 (2024) Kat:3, Licht: 0","158189","3","3","5","04","13","1","","0","1","1","0","0"
"POINT (9.737508138000067 52.387984430000074)","Unfall 158191 (2024) Kat:3, Licht: 0","158191","3","2","2","04","14","1","","0","0","1","0","0"
"POINT (9.734876649000057 52.380166559000031)","Unfall 158204 (2024) Kat:3, Licht: 0","158204","3","6","2","04","18","7","","0","0","1","0","0"
"POINT (9.702142124000034 52.398946175000049)","Unfall 158236 (2024) Kat:3, Licht: 0","158236","3","1","7","04","11","6","","0","1","0","0","0"
"POINT (9.729695739000022 52.355514907000043)","Unfall 158237 (2024) Kat:3, Licht: 0","158237","3","3","5","04","16","6","","0","1","1","0","0"
"POINT (9.721609118000060 52.354732494000075)","Unfall 158242 (2024) Kat:3, Licht: 0","158242","3","3","5","04","18","6","","0","0","1","0","0"
"POINT (9.738531861000070 52.389991154000029)","Unfall 158243 (2024) Kat:3, Licht: 0","158243","3","2","5","04","11","6","","0","1","1","0","0"
"POINT (9.745900035000034 52.421261304000041)","Unfall 158244 (2024) Kat:3, Licht: 1","158244","3","7","4","04","06","6","","1","0","1","0","0"
"POINT (9.643089006000025 52.415097138000078)","Unfall 158266 (2024) Kat:3, Licht: 2","158266","3","6","2","04","05","5","","2","0","1","0","0"
"POINT (9.791309376000072 52.404412295000043)","Unfall 158267 (2024) Kat:3, Licht: 0","158267","3","3","5","04","17","5","","0","0","1","0","0"
"POINT (9.753365470000062 52.390254743000071)","Unfall 158270 (2024) Kat:3, Licht: 0","158270","3","1","0","04","08","5","","0","1","0","0","0"
"POINT (9.674798035000038 52.397153027000059)","Unfall 158290 (2024) Kat:3, Licht: 0","158290","3","2","3","04","08","4","","0","1","0","0","0"
"POINT (9.745142310000062 52.372553580000044)","Unfall 158291 (2024) Kat:3, Licht: 0","158291","3","3","5","04","16","4","","0","1","1","0","0"
"POINT (9.722976956000025 52.377750614000036)","Unfall 158292 (2024) Kat:3, Licht: 0","158292","3","6","2","04","13","4","","0","0","1","0","0"
"POINT (9.756762027000036 52.410345370000073)","Unfall 158293 (2024) Kat:3, Licht: 0","158293","3","3","5","04","08","4","","0","0","1","0","0"
"POINT (9.748669611000025 52.379662893000045)","Unfall 158294 (2024) Kat:3, Licht: 0","158294","3","7","1","04","10","4","","0","1","1","0","0"
"POINT (9.741008695000062 52.398801815000070)","Unfall 158295 (2024) Kat:3, Licht: 0","158295","3","2","6","04","07","4","","0","1","0","1","0"
"POINT (9.736829538000052 52.376796536000029)","Unfall 158299 (2024) Kat:3, Licht: 0","158299","3","2","6","04","10","4","","0","0","1","1","0"
"POINT (9.744448445000046 52.364308636000032)","Unfall 158316 (2024) Kat:3, Licht: 0","158316","3","3","5","04","18","3","","0","1","1","0","0"
"POINT (9.846919572000047 52.387329455000042)","Unfall 158317 (2024) Kat:3, Licht: 0","158317","3","3","5","04","16","3","","0","1","1","0","0"
"POINT (9.753841005000027 52.380388299000060)","Unfall 158320 (2024) Kat:3, Licht: 0","158320","3","3","5","04","08","3","","0","0","1","0","1"
"POINT (9.731059951000077 52.375022876000060)","Unfall 158331 (2024) Kat:3, Licht: 2","158331","3","6","2","04","01","2","","2","0","1","0","0"
"POINT (9.788254512000037 52.401616958000034)","Unfall 158341 (2024) Kat:3, Licht: 0","158341","3","7","0","03","10","1","","0","1","0","0","0"
"POINT (9.752344022000045 52.377213830000073)","Unfall 158344 (2024) Kat:3, Licht: 0","158344","3","6","3","03","12","1","","0","1","0","0","0"
"POINT (9.838124332000064 52.388639299000033)","Unfall 158358 (2024) Kat:3, Licht: 0","158358","3","4","6","03","18","7","","0","0","1","1","0"
"POINT (9.738901272000021 52.355973892000065)","Unfall 158375 (2024) Kat:2, Licht: 0","158375","2","7","0","03","16","6","","0","1","0","0","0"
"POINT (9.739947671000039 52.380930855000031)","Unfall 158376 (2024) Kat:3, Licht: 2","158376","3","4","6","03","21","6","","2","0","1","1","0"
"POINT (9.808150244000046 52.386622121000073)","Unfall 158394 (2024) Kat:3, Licht: 0","158394","3","6","2","03","11","5","","0","0","1","0","0"
"POINT (9.749175966000053 52.361985705000052)","Unfall 158395 (2024) Kat:3, Licht: 0","158395","3","2","5","03","16","5","","0","1","1","0","0"
"POINT (9.724573627000041 52.347081884000033)","Unfall 158396 (2024) Kat:3, Licht: 0","158396","3","6","2","03","09","5","","0","0","1","0","0"
"POINT (9.720346315000029 52.354722700000082)","Unfall 158397 (2024) Kat:3, Licht: 0","158397","3","7","4","03","15","5","","0","0","1","0","0"
"POINT (9.718777403000047 52.373769325000069)","Unfall 158398 (2024) Kat:3, Licht: 0","158398","3","2","3","03","15","5","","0","1","1","0","0"
"POINT (9.711175483000034 52.373052116000054)","Unfall 158399 (2024) Kat:3, Licht: 2","158399","3","6","0","03","19","5","","2","0","1","1","0"
"POINT (9.765851710000049 52.418505751000055)","Unfall 158400 (2024) Kat:3, Licht: 0","158400","3","6","2","03","14","5","","0","0","1","0","0"
"POINT (9.728149246000044 52.340652689000080)","Unfall 158401 (2024) Kat:3, Licht: 0","158401","3","3","5","03","10","5","","0","1","1","0","0"
"POINT (9.656596796000031 52.407471247000046)","Unfall 158402 (2024) Kat:3, Licht: 0","158402","3","2","5","03","16","5","","0","0","1","0","0"
"POINT (9.718086109000069 52.361937853000029)","Unfall 158424 (2024) Kat:3, Licht: 0","158424","3","2","5","03","08","4","","0","1","1","0","0"
"POINT (9.799899815000060 52.406222994000075)","Unfall 158435 (2024) Kat:3, Licht: 0","158435","3","4","6","03","17","3","","0","0","1","1","0"
"POINT (9.764345877000039 52.360196254000073)","Unfall 158452 (2024) Kat:3, Licht: 0","158452","3","7","0","03","16","2","","0","0","0","0","0"
"POINT (9.673518900000033 52.406016851000061)","Unfall 158453 (2024) Kat:3, Licht: 2","158453","3","7","0","03","20","2","","2","1","0","0","0"
"POINT (9.740505102000043 52.380646643000034)","Unfall 158454 (2024) Kat:3, Licht: 0","158454","3","6","2","03","08","2","","0","0","1","1","0"
"POINT (9.790282456000057 52.374065124000026)","Unfall 158456 (2024) Kat:1, Licht: 0","158456","1","7","6","03","12","2","","0","0","1","1","0"
"POINT (9.653144112000064 52.412876359000052)","Unfall 158467 (2024) Kat:3, Licht: 0","158467","3","1","4","03","14","1","","0","0","1","0","0"
"POINT (9.717055369000036 52.363759389000052)","Unfall 158468 (2024) Kat:3, Licht: 0","158468","3","1","0","03","11","1","","0","0","0","0","1"
"POINT (9.856443563000028 52.366861735000043)","Unfall 158481 (2024) Kat:3, Licht: 0","158481","3","5","1","03","12","7","","0","1","0","0","0"
"POINT (9.699101723000069 52.366103363000036)","Unfall 158483 (2024) Kat:3, Licht: 0","158483","3","4","6","03","17","7","","0","0","1","1","0"
"POINT (9.801261581000063 52.370617949000064)","Unfall 158496 (2024) Kat:3, Licht: 0","158496","3","3","5","03","12","6","","0","1","1","0","0"
"POINT (9.756455782000046 52.383028712000055)","Unfall 158499 (2024) Kat:3, Licht: 2","158499","3","1","0","03","20","6","","2","0","1","0","0"
"POINT (9.718490858000052 52.374388212000042)","Unfall 158500 (2024) Kat:3, Licht: 0","158500","3","6","0","03","07","6","","0","1","0","0","0"
"POINT (9.758891530000028 52.393357272000060)","Unfall 158520 (2024) Kat:3, Licht: 0","158520","3","6","3","03","14","5","","0","1","1","0","0"
"POINT (9.701517636000062 52.408672297000066)","Unfall 158542 (2024) Kat:3, Licht: 0","158542","3","3","5","03","15","4","","0","0","1","0","0"
"POINT (9.690255162000028 52.376988998000058)","Unfall 158543 (2024) Kat:3, Licht: 0","158543","3","7","0","03","18","4","","0","1","0","0","0"
"POINT (9.772182386000054 52.417329587000040)","Unfall 158544 (2024) Kat:3, Licht: 0","158544","3","6","2","03","18","4","","0","0","1","0","0"
"POINT (9.738577317000022 52.381374178000044)","Unfall 158547 (2024) Kat:3, Licht: 0","158547","3","2","5","03","17","4","","0","0","1","0","0"
"POINT (9.664226734000067 52.380131281000047)","Unfall 158559 (2024) Kat:3, Licht: 0","158559","3","5","3","03","09","3","","0","0","1","0","1"
"POINT (9.722434252000028 52.372941695000065)","Unfall 158561 (2024) Kat:3, Licht: 2","158561","3","3","5","03","20","3","","2","1","1","0","0"
"POINT (9.727898130000028 52.400205588000063)","Unfall 158562 (2024) Kat:3, Licht: 0","158562","3","3","5","03","07","3","","0","1","1","0","0"
"POINT (9.753922303000024 52.386225116000048)","Unfall 158581 (2024) Kat:3, Licht: 0","158581","3","6","2","03","15","2","","0","0","1","0","0"
"POINT (9.669440412000029 52.355329736000044)","Unfall 158582 (2024) Kat:3, Licht: 1","158582","3","7","0","03","18","2","","1","0","0","0","0"
"POINT (9.742048663000048 52.359233324000058)","Unfall 158597 (2024) Kat:3, Licht: 2","158597","3","2","5","03","01","1","","2","0","1","0","1"
"POINT (9.699980738000022 52.330249759000026)","Unfall 158599 (2024) Kat:3, Licht: 0","158599","3","1","7","03","11","1","","0","0","1","0","1"
"POINT (9.639102675000061 52.417064347000064)","Unfall 158607 (2024) Kat:3, Licht: 2","158607","3","3","5","03","23","7","","2","0","1","0","0"
"POINT (9.821002919000023 52.348438955000063)","Unfall 158608 (2024) Kat:3, Licht: 0","158608","3","6","4","03","10","7","","0","0","1","0","0"
"POINT (9.810485794000044 52.348134046000041)","Unfall 158609 (2024) Kat:3, Licht: 0","158609","3","7","0","03","11","7","","0","1","0","0","0"
"POINT (9.732151849000047 52.371109947000036)","Unfall 158632 (2024) Kat:3, Licht: 0","158632","3","3","5","04","15","7","","0","1","0","0","0"
"POINT (9.752262447000021 52.395009591000075)","Unfall 158636 (2024) Kat:3, Licht: 2","158636","3","7","2","03","19","6","","2","0","1","0","0"
"POINT (9.738031848000048 52.382143494000047)","Unfall 158638 (2024) Kat:3, Licht: 0","158638","3","6","2","03","16","6","","0","1","0","0","0"
"POINT (9.739350204000061 52.376900612000043)","Unfall 158639 (2024) Kat:3, Licht: 0","158639","3","6","3","03","13","6","","0","1","0","0","0"
"POINT (9.787454956000033 52.324346320000075)","Unfall 158664 (2024) Kat:3, Licht: 2","158664","3","1","0","03","18","5","","2","0","1","0","0"
"POINT (9.741299017000074 52.394368141000029)","Unfall 158683 (2024) Kat:3, Licht: 2","158683","3","2","3","03","20","4","","2","1","1","0","0"
"POINT (9.723060880000048 52.389876251000032)","Unfall 158684 (2024) Kat:3, Licht: 0","158684","3","3","5","03","15","4","","0","0","1","0","0"
"POINT (9.751606702000061 52.421013897000080)","Unfall 158687 (2024) Kat:3, Licht: 0","158687","3","2","5","03","08","4","","0","0","1","0","0"
"POINT (9.669249831000059 52.351707713000053)","Unfall 158698 (2024) Kat:2, Licht: 2","158698","2","1","0","03","20","5","","2","0","0","0","0"
"POINT (9.755476934000058 52.366765692000058)","Unfall 158703 (2024) Kat:3, Licht: 0","158703","3","2","0","03","13","3","","0","1","1","0","0"
"POINT (9.789733914000067 52.412230334000071)","Unfall 158704 (2024) Kat:3, Licht: 0","158704","3","5","1","03","15","3","","0","0","1","1","0"
"POINT (9.734920973000044 52.380332452000061)","Unfall 158706 (2024) Kat:3, Licht: 2","158706","3","2","5","03","18","3","","2","0","1","0","0"
"POINT (9.728353190000064 52.377877548000072)","Unfall 158707 (2024) Kat:3, Licht: 0","158707","3","2","5","03","07","3","","0","1","0","0","0"
"POINT (9.728335594000043 52.376972683000076)","Unfall 158731 (2024) Kat:3, Licht: 0","158731","3","5","0","03","11","2","","0","1","1","0","0"
"POINT (9.752604671000029 52.355220334000080)","Unfall 158736 (2024) Kat:3, Licht: 0","158736","3","6","3","03","13","2","","0","1","0","0","0"
"POINT (9.747794403000057 52.395926604000067)","Unfall 158739 (2024) Kat:3, Licht: 2","158739","3","7","0","03","20","7","","2","1","0","0","0"
"POINT (9.706128305000050 52.371568725000031)","Unfall 158759 (2024) Kat:3, Licht: 2","158759","3","6","0","03","19","7","","2","1","1","0","0"
"POINT (9.729599587000052 52.342170587000055)","Unfall 158761 (2024) Kat:2, Licht: 2","158761","2","7","0","03","19","7","","2","0","1","0","0"
"POINT (9.763976107000076 52.363053039000079)","Unfall 158781 (2024) Kat:3, Licht: 0","158781","3","6","2","03","14","6","","0","1","1","0","0"
"POINT (9.821106244000021 52.346806299000036)","Unfall 158782 (2024) Kat:3, Licht: 0","158782","3","2","6","03","07","6","","0","0","0","1","0"
"POINT (9.740622315000053 52.400173527000049)","Unfall 158783 (2024) Kat:3, Licht: 0","158783","3","3","5","03","10","6","","0","1","1","0","0"
"POINT (9.718397871000036 52.381044552000048)","Unfall 158784 (2024) Kat:2, Licht: 2","158784","2","4","6","03","19","6","","2","0","0","1","0"