WKT,Name,OBJECTID,UKATEGORIE,UTYP1,UART,UMONAT,USTUNDE,UWOCHENTAG,STRZUSTAND,ULICHTVERH,ISTRAD,ISTPKW,ISTFUSS,ISTKRAD
"POINT (9.761560457000030 52.379762578000054)","Unfall 158785 (2024) Kat:3, Licht: 0","158785","3","3","0","03","17","6","","0","0","1","0","0"
"POINT (9.815717865000067 52.395897876000049)","Unfall 158786 (2024) Kat:3, Licht: 0","158786","3","3","5","03","12","6","","0","1","1","0","0"
"POINT (9.761587110000050 52.379800221000039)","Unfall 158805 (2024) Kat:3, Licht: 0","158805","3","3","5","03","08","5","","0","1","1","0","0"
"POINT (9.744252306000021 52.373437873000057)","Unfall 158821 (2024) Kat:3, Licht: 0","158821","3","1","0","03","15","4","","0","1","0","0","0"
"POINT (9.719204957000045 52.400530878000041)","Unfall 158841 (2024) Kat:3, Licht: 0","158841","3","6","4","03","08","3","","0","1","1","0","0"
"POINT (9.735704988000066 52.376764337000054)","Unfall 158842 (2024) Kat:2, Licht: 2","158842","2","7","0","03","00","3","","2","1","0","0","0"
"POINT (9.735129634000032 52.380445897000072)","Unfall 158844 (2024) Kat:3, Licht: 0","158844","3","6","2","03","15","3","","0","0","1","0","0"
"POINT (9.737760405000074 52.382089718000032)","Unfall 158845 (2024) Kat:3, Licht: 0","158845","3","6","2","03","11","3","","0","0","1","0","0"
"POINT (9.706019688000026 52.390463023000052)","Unfall 158846 (2024) Kat:3, Licht: 0","158846","3","4","6","03","08","3","","0","0","1","1","0"
"POINT (9.765025187000049 52.357332445000054)","Unfall 158874 (2024) Kat:3, Licht: 0","158874","3","5","3","03","16","2","","0","0","1","0","0"
"POINT (9.672059538000042 52.355807668000068)","Unfall 158876 (2024) Kat:3, Licht: 0","158876","3","5","0","03","10","6","","0","1","1","0","0"
"POINT (9.806523196000057 52.398734082000033)","Unfall 158878 (2024) Kat:3, Licht: 0","158878","3","6","3","03","17","2","","0","1","0","0","0"
"POINT (9.658821729000067 52.405980508000027)","Unfall 158879 (2024) Kat:3, Licht: 2","158879","3","2","6","03","05","2","","2","0","1","1","0"
"POINT (9.729913705000058 52.378446397000062)","Unfall 158893 (2024) Kat:3, Licht: 0","158893","3","2","5","03","13","1","","0","1","1","0","0"
"POINT (9.712078176000034 52.369870259000038)","Unfall 158894 (2024) Kat:2, Licht: 2","158894","2","5","1","03","03","1","","2","1","0","0","0"
"POINT (9.722459347000040 52.394799961000047)","Unfall 158912 (2024) Kat:3, Licht: 0","158912","3","7","4","03","16","7","","0","1","1","0","0"
"POINT (9.732640029000038 52.371458643000040)","Unfall 158913 (2024) Kat:3, Licht: 2","158913","3","7","6","03","18","7","","2","0","1","1","0"
"POINT (9.691599884000027 52.371122410000055)","Unfall 158914 (2024) Kat:3, Licht: 0","158914","3","5","1","03","09","7","","0","0","1","0","0"
"POINT (9.769015500000023 52.377894016000027)","Unfall 158916 (2024) Kat:3, Licht: 1","158916","3","1","0","03","06","7","","1","0","0","0","0"
"POINT (9.615770223000027 52.418596561000072)","Unfall 158930 (2024) Kat:3, Licht: 0","158930","3","6","2","03","13","3","","0","0","1","0","0"
"POINT (9.798752114000024 52.385293878000027)","Unfall 158934 (2024) Kat:3, Licht: 0","158934","3","3","5","03","15","6","","0","1","1","0","0"
"POINT (9.746243952000043 52.377679110000031)","Unfall 158935 (2024) Kat:3, Licht: 0","158935","3","1","0","03","13","6","","0","0","0","0","0"
"POINT (9.704504753000037 52.374470509000048)","Unfall 158936 (2024) Kat:3, Licht: 0","158936","3","7","0","03","08","6","","0","1","0","0","0"
"POINT (9.743854224000074 52.379533810000055)","Unfall 158938 (2024) Kat:3, Licht: 0","158938","3","2","5","03","12","6","","0","1","1","0","0"
"POINT (9.734061740000072 52.379902710000067)","Unfall 158939 (2024) Kat:3, Licht: 0","158939","3","1","8","03","14","6","","0","0","0","0","0"
"POINT (9.869609065000077 52.371325814000045)","Unfall 158941 (2024) Kat:3, Licht: 0","158941","3","3","5","03","07","6","","0","0","0","0","0"
"POINT (9.734528825000041 52.394809777000035)","Unfall 158962 (2024) Kat:3, Licht: 0","158962","3","6","6","02","16","5","","0","0","0","1","0"
"POINT (9.820550320000052 52.359820476000039)","Unfall 158963 (2024) Kat:3, Licht: 0","158963","3","7","1","02","10","5","","0","0","1","0","0"
"POINT (9.763296602000025 52.375002566000035)","Unfall 158964 (2024) Kat:3, Licht: 1","158964","3","3","5","02","17","5","","1","0","1","0","0"
"POINT (9.820079182000029 52.389376535000054)","Unfall 158967 (2024) Kat:3, Licht: 0","158967","3","3","5","02","11","5","","0","0","1","0","1"
"POINT (9.710397399000044 52.351805951000074)","Unfall 158985 (2024) Kat:3, Licht: 0","158985","3","6","2","02","16","4","","0","0","1","0","0"
"POINT (9.728081138000050 52.388122480000050)","Unfall 158986 (2024) Kat:3, Licht: 0","158986","3","3","5","02","12","4","","0","1","1","0","0"
"POINT (9.869883619000063 52.367061015000047)","Unfall 158987 (2024) Kat:3, Licht: 0","158987","3","1","0","02","06","4","","0","0","0","0","1"
"POINT (9.738496055000041 52.382220846000052)","Unfall 158988 (2024) Kat:3, Licht: 0","158988","3","6","4","02","13","4","","0","1","0","0","0"
"POINT (9.796671102000062 52.394826703000035)","Unfall 158991 (2024) Kat:3, Licht: 0","158991","3","3","5","02","12","4","","0","1","1","0","0"
"POINT (9.718573768000056 52.373762804000080)","Unfall 159005 (2024) Kat:3, Licht: 0","159005","3","2","0","04","15","3","","0","1","1","0","0"
"POINT (9.680735570000024 52.416096010000047)","Unfall 159007 (2024) Kat:3, Licht: 0","159007","3","3","5","03","09","1","","0","1","1","0","0"
"POINT (9.771756054000036 52.340906949000043)","Unfall 159012 (2024) Kat:3, Licht: 1","159012","3","1","1","02","16","3","","1","1","1","0","0"
"POINT (9.741812053000046 52.388900027000034)","Unfall 159013 (2024) Kat:3, Licht: 0","159013","3","6","2","02","12","3","","0","1","1","0","0"
"POINT (9.753478831000052 52.369386207000048)","Unfall 159014 (2024) Kat:3, Licht: 0","159014","3","3","5","02","13","3","","0","1","1","0","0"
"POINT (9.762204220000058 52.356656439000062)","Unfall 159032 (2024) Kat:3, Licht: 0","159032","3","4","6","02","15","2","","0","0","1","1","0"
"POINT (9.731912526000031 52.377336352000043)","Unfall 159033 (2024) Kat:3, Licht: 0","159033","3","7","5","02","12","2","","0","1","1","0","0"
"POINT (9.772269844000050 52.416453137000076)","Unfall 159034 (2024) Kat:3, Licht: 0","159034","3","6","2","02","09","2","","0","1","1","0","0"
"POINT (9.736240382000062 52.376809877000028)","Unfall 159039 (2024) Kat:3, Licht: 2","159039","3","1","0","02","18","2","","2","1","0","0","0"
"POINT (9.743716140000060 52.384827042000040)","Unfall 159044 (2024) Kat:3, Licht: 2","159044","3","4","6","02","20","5","","2","0","1","1","0"
"POINT (9.781541095000023 52.417688887000054)","Unfall 159050 (2024) Kat:3, Licht: 0","159050","3","3","5","02","17","1","","0","0","1","0","0"
"POINT (9.719658585000047 52.360617077000029)","Unfall 159051 (2024) Kat:3, Licht: 0","159051","3","5","1","02","09","1","","0","1","1","0","0"
"POINT (9.705448224000065 52.374145036000073)","Unfall 159060 (2024) Kat:3, Licht: 2","159060","3","3","5","03","05","4","","2","1","1","0","0"
"POINT (9.728300817000047 52.358976215000041)","Unfall 159061 (2024) Kat:2, Licht: 1","159061","2","4","6","03","18","4","","1","0","1","1","0"
"POINT (9.769033556000068 52.358410620000029)","Unfall 159069 (2024) Kat:3, Licht: 0","159069","3","6","6","02","15","7","","0","1","0","1","0"
"POINT (9.762803254000062 52.365575695000075)","Unfall 159070 (2024) Kat:3, Licht: 0","159070","3","3","5","02","11","7","","0","1","1","0","0"
"POINT (9.719695014000024 52.364585371000032)","Unfall 159071 (2024) Kat:3, Licht: 0","159071","3","7","0","02","07","7","","0","0","0","0","0"
"POINT (9.782000759000027 52.345227787000056)","Unfall 159072 (2024) Kat:3, Licht: 0","159072","3","6","0","02","12","7","","0","0","1","0","0"
"POINT (9.769043763000070 52.358412780000037)","Unfall 159074 (2024) Kat:2, Licht: 0","159074","2","1","7","02","15","7","","0","0","1","0","0"
"POINT (9.738659634000044 52.380158968000046)","Unfall 159075 (2024) Kat:3, Licht: 0","159075","3","6","3","02","16","7","","0","1","1","0","0"
"POINT (9.746812763000037 52.385844948000056)","Unfall 159097 (2024) Kat:3, Licht: 0","159097","3","7","0","02","14","6","","0","1","0","0","0"
"POINT (9.726238677000026 52.373450144000060)","Unfall 159099 (2024) Kat:3, Licht: 2","159099","3","3","5","02","18","6","","2","0","1","0","1"
"POINT (9.740593712000077 52.374049216000060)","Unfall 159100 (2024) Kat:3, Licht: 2","159100","3","1","0","02","17","6","","2","1","1","0","0"
"POINT (9.773233721000054 52.398081332000061)","Unfall 159129 (2024) Kat:3, Licht: 0","159129","3","6","6","02","09","5","","0","0","0","1","0"
"POINT (9.744330845000036 52.377345925000043)","Unfall 159130 (2024) Kat:3, Licht: 2","159130","3","7","0","02","18","5","","2","1","1","0","0"
"POINT (9.724828444000025 52.356257150000033)","Unfall 159131 (2024) Kat:3, Licht: 0","159131","3","3","5","02","17","5","","0","0","1","0","0"
"POINT (9.712635921000071 52.419573881000076)","Unfall 159149 (2024) Kat:3, Licht: 0","159149","3","7","1","02","11","4","","0","0","1","0","0"
"POINT (9.731207197000060 52.398428812000077)","Unfall 159153 (2024) Kat:3, Licht: 0","159153","3","3","5","02","09","4","","0","0","1","0","0"
"POINT (9.751854839000032 52.386014827000054)","Unfall 159154 (2024) Kat:3, Licht: 2","159154","3","2","5","02","05","4","","2","0","1","0","0"
"POINT (9.741668585000070 52.375626833000069)","Unfall 159156 (2024) Kat:3, Licht: 1","159156","3","2","4","02","18","5","","1","1","1","0","0"
"POINT (9.733585929000071 52.374236663000033)","Unfall 159176 (2024) Kat:3, Licht: 0","159176","3","2","0","02","09","3","","0","0","1","1","0"
"POINT (9.789982072000043 52.329402834000064)","Unfall 159177 (2024) Kat:3, Licht: 0","159177","3","6","6","02","12","3","","0","1","0","1","0"
"POINT (9.751735910000036 52.374028251000027)","Unfall 159178 (2024) Kat:3, Licht: 1","159178","3","6","2","02","18","3","","1","0","1","0","0"
"POINT (9.718367202000024 52.396408201000042)","Unfall 159194 (2024) Kat:3, Licht: 0","159194","3","3","5","05","14","3","","0","0","1","0","1"
"POINT (9.741908158000058 52.375626835000048)","Unfall 159195 (2024) Kat:3, Licht: 0","159195","3","7","0","05","19","3","","0","1","0","0","0"
"POINT (9.777439955000034 52.410225986000057)","Unfall 159196 (2024) Kat:3, Licht: 0","159196","3","6","2","05","18","3","","0","0","1","0","0"
"POINT (9.819640068000069 52.331339633000027)","Unfall 159197 (2024) Kat:3, Licht: 0","159197","3","2","4","05","07","3","","0","1","1","0","0"
"POINT (9.735182915000053 52.376018334000037)","Unfall 159201 (2024) Kat:3, Licht: 0","159201","3","2","0","05","11","3","","0","1","1","0","0"
"POINT (9.739888417000031 52.377094955000075)","Unfall 159202 (2024) Kat:2, Licht: 0","159202","2","2","0","05","05","3","","0","1","0","0","0"
"POINT (9.740725241000064 52.374004165000031)","Unfall 159203 (2024) Kat:3, Licht: 0","159203","3","2","5","05","18","3","","0","0","1","0","0"
"POINT (9.757084153000051 52.411091270000043)","Unfall 159204 (2024) Kat:3, Licht: 0","159204","3","4","6","05","14","3","","0","1","0","1","0"
"POINT (9.690524092000032 52.375545226000042)","Unfall 159205 (2024) Kat:3, Licht: 0","159205","3","7","0","05","13","3","","0","0","1","0","1"
"POINT (9.745732133000047 52.379004169000041)","Unfall 159206 (2024) Kat:3, Licht: 0","159206","3","3","5","05","08","3","","0","1","0","0","0"
"POINT (9.758132778000061 52.391604382000082)","Unfall 159207 (2024) Kat:3, Licht: 0","159207","3","1","0","05","07","3","","0","0","0","0","1"
"POINT (9.728421178000076 52.377268071000060)","Unfall 159246 (2024) Kat:3, Licht: 0","159246","3","3","5","05","18","2","","0","0","1","0","0"
"POINT (9.739150870000060 52.373489505000066)","Unfall 159247 (2024) Kat:3, Licht: 0","159247","3","6","6","05","17","2","","0","0","0","1","0"
"POINT (9.740459424000051 52.372261879000064)","Unfall 159248 (2024) Kat:3, Licht: 0","159248","3","5","1","05","10","2","","0","1","1","0","0"
"POINT (9.819736039000077 52.331650211000067)","Unfall 159249 (2024) Kat:3, Licht: 0","159249","3","6","2","05","16","2","","0","0","1","0","0"
"POINT (9.742314949000047 52.380422181000029)","Unfall 159250 (2024) Kat:3, Licht: 0","159250","3","7","0","05","18","2","","0","1","0","0","0"
"POINT (9.774523763000047 52.372738009000045)","Unfall 159251 (2024) Kat:3, Licht: 0","159251","3","6","2","05","09","2","","0","0","1","0","0"
"POINT (9.741010523000057 52.398789335000060)","Unfall 159254 (2024) Kat:3, Licht: 0","159254","3","3","5","05","15","2","","0","1","1","0","0"
"POINT (9.719767163000029 52.366151637000030)","Unfall 159271 (2024) Kat:3, Licht: 0","159271","3","6","4","05","10","1","","0","0","1","0","0"
"POINT (9.843306101000053 52.413709061000077)","Unfall 159272 (2024) Kat:3, Licht: 0","159272","3","1","0","05","15","1","","0","1","0","0","0"
"POINT (9.737204439000038 52.384516349000080)","Unfall 159273 (2024) Kat:3, Licht: 0","159273","3","3","5","05","13","1","","0","0","1","0","1"
"POINT (9.683197873000040 52.326430077000055)","Unfall 159276 (2024) Kat:3, Licht: 0","159276","3","3","5","05","13","1","","0","0","1","0","0"
"POINT (9.721508507000067 52.387411010000051)","Unfall 159298 (2024) Kat:3, Licht: 0","159298","3","7","6","05","09","7","","0","1","0","1","0"
"POINT (9.854584390000070 52.358904665000068)","Unfall 159299 (2024) Kat:3, Licht: 0","159299","3","3","5","05","13","7","","0","1","1","0","0"
"POINT (9.814847279000048 52.397403602000054)","Unfall 159301 (2024) Kat:1, Licht: 0","159301","1","4","6","05","13","7","","0","0","1","1","0"
"POINT (9.714515135000056 52.365868712000065)","Unfall 159302 (2024) Kat:3, Licht: 0","159302","3","4","6","05","11","7","","0","0","0","1","0"
"POINT (9.761064742000030 52.365884968000046)","Unfall 159319 (2024) Kat:3, Licht: 0","159319","3","2","5","05","07","6","","0","1","1","0","0"
"POINT (9.695871025000031 52.409298101000047)","Unfall 159320 (2024) Kat:3, Licht: 0","159320","3","2","5","05","17","6","","0","1","1","0","0"
"POINT (9.731685427000059 52.374702031000027)","Unfall 159321 (2024) Kat:3, Licht: 0","159321","3","7","6","05","13","6","","0","0","1","1","0"
"POINT (9.732184599000050 52.376233576000061)","Unfall 159322 (2024) Kat:3, Licht: 0","159322","3","7","0","05","09","6","","0","0","0","0","0"
"POINT (9.732013740000070 52.375887247000037)","Unfall 159323 (2024) Kat:3, Licht: 0","159323","3","3","5","05","14","6","","0","1","0","0","0"
"POINT (9.694527865000055 52.353069797000046)","Unfall 159324 (2024) Kat:3, Licht: 0","159324","3","6","2","05","10","6","","0","0","1","0","0"
"POINT (9.722412772000041 52.419132782000077)","Unfall 159352 (2024) Kat:3, Licht: 1","159352","3","6","3","05","05","5","","1","0","0","0","1"
"POINT (9.849808099000029 52.366826136000043)","Unfall 159353 (2024) Kat:3, Licht: 0","159353","3","7","0","05","19","5","","0","0","0","0","0"
"POINT (9.730038882000031 52.369128134000050)","Unfall 159354 (2024) Kat:3, Licht: 0","159354","3","7","0","05","18","5","","0","1","0","0","0"
"POINT (9.719624612000075 52.366721343000052)","Unfall 159356 (2024) Kat:3, Licht: 0","159356","3","7","0","05","18","5","","0","1","0","0","0"
"POINT (9.701933297000039 52.382320344000050)","Unfall 159358 (2024) Kat:2, Licht: 0","159358","2","7","1","05","18","5","","0","1","1","0","0"
"POINT (9.698456134000025 52.382181423000077)","Unfall 159359 (2024) Kat:3, Licht: 0","159359","3","3","5","05","20","5","","0","1","1","0","0"
"POINT (9.734145453000053 52.368361565000043)","Unfall 159360 (2024) Kat:3, Licht: 0","159360","3","6","3","05","15","5","","0","1","1","0","0"
"POINT (9.668173904000071 52.415395137000075)","Unfall 159387 (2024) Kat:3, Licht: 0","159387","3","3","5","05","11","4","","0","1","1","0","0"
"POINT (9.731350651000071 52.375386101000061)","Unfall 159388 (2024) Kat:3, Licht: 0","159388","3","1","0","05","14","4","","0","0","0","0","0"
"POINT (9.873500311000043 52.356730937000066)","Unfall 159389 (2024) Kat:3, Licht: 0","159389","3","7","0","05","11","4","","0","1","0","0","0"
"POINT (9.790155607000031 52.407448022000040)","Unfall 159390 (2024) Kat:3, Licht: 0","159390","3","3","5","05","15","4","","0","1","0","0","0"
"POINT (9.790385608000065 52.358382232000054)","Unfall 159391 (2024) Kat:3, Licht: 0","159391","3","2","5","05","06","4","","0","0","1","0","0"
"POINT (9.761070701000051 52.335926576000077)","Unfall 159392 (2024) Kat:3, Licht: 0","159392","3","4","6","05","15","4","","0","1","1","1","0"
"POINT (9.791076530000055 52.402753544000063)","Unfall 159393 (2024) Kat:3, Licht: 0","159393","3","6","2","05","14","4","","0","0","1","0","0"
"POINT (9.805009683000037 52.409453797000026)","Unfall 159396 (2024) Kat:3, Licht: 0","159396","3","3","5","05","16","4","","0","1","1","0","0"
"POINT (9.756862458000057 52.364996667000071)","Unfall 159397 (2024) Kat:3, Licht: 0","159397","3","2","5","05","18","4","","0","1","0","0","0"
"POINT (9.825830710000048 52.378087834000041)","Unfall 159429 (2024) Kat:3, Licht: 0","159429","3","6","8","05","12","2","","0","0","0","0","0"
"POINT (9.722965113000043 52.372696425000072)","Unfall 159465 (2024) Kat:3, Licht: 0","159465","3","3","5","05","11","2","","0","1","1","0","0"
"POINT (9.818963483000061 52.325538863000077)","Unfall 159466 (2024) Kat:3, Licht: 0","159466","3","2","4","05","11","2","","0","1","1","0","0"
"POINT (9.738166865000039 52.389523254000039)","Unfall 159467 (2024) Kat:3, Licht: 1","159467","3","6","4","05","21","2","","1","0","1","0","0"
"POINT (9.691338383000073 52.409402444000079)","Unfall 159469 (2024) Kat:2, Licht: 0","159469","2","6","2","05","15","2","","0","1","0","0","0"
"POINT (9.723181001000057 52.372946215000070)","Unfall 159470 (2024) Kat:3, Licht: 0","159470","3","6","0","05","11","2","","0","0","0","0","0"
"POINT (9.714803605000043 52.335288943000080)","Unfall 159487 (2024) Kat:3, Licht: 0","159487","3","6","4","05","13","1","","0","1","0","0","0"
"POINT (9.717712487000028 52.391403078000053)","Unfall 159488 (2024) Kat:3, Licht: 1","159488","3","3","5","05","20","1","","1","1","1","0","0"
"POINT (9.705424664000077 52.372956015000057)","Unfall 159492 (2024) Kat:2, Licht: 0","159492","2","2","4","05","15","1","","0","0","1","0","1"
"POINT (9.761916116000066 52.334785227000054)","Unfall 159493 (2024) Kat:3, Licht: 0","159493","3","5","1","05","08","1","","0","0","1","0","0"
"POINT (9.704414767000060 52.374494194000079)","Unfall 159512 (2024) Kat:3, Licht: 0","159512","3","7","0","05","09","7","","0","1","0","0","0"
"POINT (9.811281219000023 52.420382061000055)","Unfall 159543 (2024) Kat:3, Licht: 0","159543","3","2","3","05","16","6","","0","1","1","0","0"
"POINT (9.834061570000074 52.336479754000038)","Unfall 159544 (2024) Kat:3, Licht: 0","159544","3","1","0","05","06","6","","0","1","0","0","0"
"POINT (9.718803237000031 52.368295935000049)","Unfall 159546 (2024) Kat:3, Licht: 0","159546","3","3","5","05","08","6","","0","0","1","0","0"
"POINT (9.700792259000025 52.391457780000053)","Unfall 159574 (2024) Kat:3, Licht: 0","159574","3","7","0","05","18","5","","0","1","0","0","0"
"POINT (9.689757365000048 52.349359114000038)","Unfall 159575 (2024) Kat:3, Licht: 0","159575","3","3","5","05","15","5","","0","0","1","0","0"
"POINT (9.746322343000031 52.377244168000061)","Unfall 159576 (2024) Kat:3, Licht: 2","159576","3","3","5","05","23","5","","2","0","1","0","0"
"POINT (9.729082643000027 52.378080449000038)","Unfall 159577 (2024) Kat:3, Licht: 0","159577","3","1","8","05","16","5","","0","0","1","0","0"
"POINT (9.798934647000067 52.420308326000054)","Unfall 159578 (2024) Kat:3, Licht: 0","159578","3","5","1","05","18","5","","0","1","1","0","0"
"POINT (9.732779194000045 52.379275686000028)","Unfall 159594 (2024) Kat:3, Licht: 0","159594","3","1","0","05","11","3","","0","1","0","0","0"
"POINT (9.709388542000056 52.373661100000049)","Unfall 159623 (2024) Kat:3, Licht: 0","159623","3","6","4","05","15","4","","0","0","1","0","0"
"POINT (9.672484057000077 52.365195210000081)","Unfall 159626 (2024) Kat:2, Licht: 2","159626","2","1","0","05","22","4","","2","1","0","0","0"
"POINT (9.754979719000062 52.367399708000050)","Unfall 159643 (2024) Kat:3, Licht: 0","159643","3","2","4","04","10","3","","0","0","1","0","1"
"POINT (9.791170650000026 52.396753443000080)","Unfall 159644 (2024) Kat:3, Licht: 0","159644","3","2","3","04","09","3","","0","1","0","0","0"
"POINT (9.735017289000041 52.380244846000039)","Unfall 159648 (2024) Kat:3, Licht: 0","159648","3","2","5","04","10","3","","0","0","1","0","0"
"POINT (9.720999346000042 52.361733347000040)","Unfall 159649 (2024) Kat:3, Licht: 0","159649","3","2","6","04","17","3","","0","0","0","1","0"
"POINT (9.739904209000031 52.377108847000045)","Unfall 159678 (2024) Kat:3, Licht: 0","159678","3","6","2","04","14","2","","0","0","1","0","0"
"POINT (9.771479022000051 52.399856438000029)","Unfall 159680 (2024) Kat:3, Licht: 1","159680","3","5","1","04","20","2","","1","0","1","0","0"
"POINT (9.743800394000061 52.356980398000076)","Unfall 159681 (2024) Kat:3, Licht: 0","159681","3","6","3","04","14","2","","0","0","0","0","1"
"POINT (9.692476307000049 52.396758853000051)","Unfall 159695 (2024) Kat:3, Licht: 0","159695","3","3","5","04","14","3","","0","1","1","0","0"
"POINT (9.663390224000068 52.410739703000047)","Unfall 159707 (2024) Kat:3, Licht: 0","159707","3","2","0","04","17","1","","0","0","1","0","0"
"POINT (9.695653470000025 52.408826196000064)","Unfall 159708 (2024) Kat:3, Licht: 0","159708","3","2","2","04","14","1","","0","0","1","0","1"
"POINT (9.755113496000035 52.384722559000068)","Unfall 159709 (2024) Kat:3, Licht: 0","159709","3","3","5","04","16","1","","0","1","1","0","0"
"POINT (9.739325248000057 52.391348686000072)","Unfall 159737 (2024) Kat:3, Licht: 2","159737","3","3","5","05","23","5","","2","0","1","0","0"
"POINT (9.693417777000036 52.348997818000043)","Unfall 159752 (2024) Kat:3, Licht: 0","159752","3","3","5","04","13","6","","0","0","1","0","1"
"POINT (9.741908158000058 52.375626835000048)","Unfall 159753 (2024) Kat:3, Licht: 0","159753","3","7","0","04","16","6","","0","1","0","0","0"
"POINT (9.779102328000022 52.362093663000053)","Unfall 159784 (2024) Kat:3, Licht: 0","159784","3","2","3","04","10","5","","0","1","1","0","0"
"POINT (9.667450934000044 52.375697032000062)","Unfall 159785 (2024) Kat:3, Licht: 0","159785","3","7","0","04","17","5","","0","0","0","0","0"
"POINT (9.750650213000029 52.356929183000034)","Unfall 159786 (2024) Kat:2, Licht: 0","159786","2","4","6","04","11","5","","0","1","0","1","0"
"POINT (9.671713239000042 52.355718174000060)","Unfall 159787 (2024) Kat:3, Licht: 0","159787","3","7","6","04","11","5","","0","0","1","1","0"
"POINT (9.772468216000050 52.417276448000052)","Unfall 159788 (2024) Kat:2, Licht: 0","159788","2","4","6","04","07","5","","0","0","1","1","0"
"POINT (9.815235816000040 52.359663224000030)","Unfall 159814 (2024) Kat:3, Licht: 0","159814","3","6","2","04","07","4","","0","0","1","0","1"
"POINT (9.781018472000028 52.398303935000058)","Unfall 159817 (2024) Kat:3, Licht: 0","159817","3","2","5","04","11","4","","0","1","1","0","0"
"POINT (9.798227216000043 52.392143596000039)","Unfall 159842 (2024) Kat:3, Licht: 0","159842","3","3","5","04","19","3","","0","0","1","0","0"
"POINT (9.736508024000045 52.377615026000058)","Unfall 159843 (2024) Kat:3, Licht: 0","159843","3","1","0","04","09","3","","0","1","0","0","0"
"POINT (9.667284708000068 52.365020341000047)","Unfall 159860 (2024) Kat:3, Licht: 0","159860","3","7","6","04","13","2","","0","0","1","1","0"
"POINT (9.717393313000059 52.350733002000027)","Unfall 159863 (2024) Kat:3, Licht: 0","159863","3","3","5","04","07","2","","0","1","1","0","0"
"POINT (9.805771036000067 52.413319782000031)","Unfall 159877 (2024) Kat:3, Licht: 2","159877","3","7","0","04","00","1","","2","1","0","0","0"
"POINT (9.734409017000075 52.399197992000040)","Unfall 159885 (2024) Kat:3, Licht: 0","159885","3","6","2","04","11","7","","0","0","1","0","0"
"POINT (9.724550904000068 52.373078035000049)","Unfall 159886 (2024) Kat:3, Licht: 0","159886","3","2","3","04","17","7","","0","1","1","0","0"
"POINT (9.720665754000038 52.368169612000031)","Unfall 159901 (2024) Kat:3, Licht: 0","159901","3","3","5","04","10","6","","0","0","0","0","0"
"POINT (9.741729837000037 52.382143343000052)","Unfall 159902 (2024) Kat:3, Licht: 0","159902","3","2","5","04","17","6","","0","0","1","0","1"
"POINT (9.719927387000041 52.358324850000031)","Unfall 159924 (2024) Kat:3, Licht: 0","159924","3","7","1","04","15","5","","0","1","1","0","0"
"POINT (9.714434322000045 52.371683649000033)","Unfall 159925 (2024) Kat:3, Licht: 0","159925","3","3","5","04","15","5","","0","1","0","0","1"
"POINT (9.821090290000029 52.346091265000041)","Unfall 159926 (2024) Kat:3, Licht: 0","159926","3","3","5","04","13","5","","0","0","1","0","0"
"POINT (9.793051892000051 52.403201313000068)","Unfall 159929 (2024) Kat:2, Licht: 2","159929","2","2","5","04","20","5","","2","1","1","0","0"
"POINT (9.738450605000025 52.371282100000030)","Unfall 159930 (2024) Kat:3, Licht: 0","159930","3","4","6","04","17","5","","0","0","1","1","0"
"POINT (9.772876661000055 52.362226520000036)","Unfall 159946 (2024) Kat:3, Licht: 0","159946","3","6","2","04","13","4","","0","0","1","0","0"
"POINT (9.766325466000069 52.410274722000054)","Unfall 159947 (2024) Kat:3, Licht: 0","159947","3","7","7","04","15","4","","0","1","0","0","0"
"POINT (9.776133635000065 52.403870146000031)","Unfall 159948 (2024) Kat:3, Licht: 1","159948","3","4","6","04","20","4","","1","0","1","1","0"
"POINT (9.693830933000072 52.381981158000031)","Unfall 159950 (2024) Kat:3, Licht: 0","159950","3","6","2","04","16","6","","0","1","0","0","0"
"POINT (9.725220568000054 52.383943437000028)","Unfall 160010 (2024) Kat:3, Licht: 0","160010","3","3","5","04","17","2","","0","0","1","0","0"
"POINT (9.706953330000033 52.373624362000044)","Unfall 160012 (2024) Kat:3, Licht: 1","160012","3","1","0","04","20","2","","1","1","0","0","0"
"POINT (9.671473186000071 52.383399622000070)","Unfall 160013 (2024) Kat:3, Licht: 0","160013","3","7","0","04","13","2","","0","0","0","0","0"
"POINT (9.743811843000060 52.384870106000051)","Unfall 160014 (2024) Kat:3, Licht: 0","160014","3","2","3","04","18","2","","0","1","1","0","0"
"POINT (9.730571313000041 52.378511524000032)","Unfall 160022 (2024) Kat:3, Licht: 0","160022","3","2","6","04","19","2","","0","0","1","1","0"
"POINT (9.732990639000036 52.376722901000051)","Unfall 160030 (2024) Kat:3, Licht: 2","160030","3","6","6","04","23","7","","2","0","1","1","0"
"POINT (9.794189415000062 52.393643233000034)","Unfall 160038 (2024) Kat:3, Licht: 0","160038","3","6","2","04","15","1","","0","0","1","0","0"