WKT,Name,OBJECTID,UKATEGORIE,UTYP1,UART,UMONAT,USTUNDE,UWOCHENTAG,STRZUSTAND,ULICHTVERH,ISTRAD,ISTPKW,ISTFUSS,ISTKRAD
"POINT (9.741170875000023 52.369069569000033)","Unfall 160039 (2024) Kat:3, Licht: 0","160039","3","3","5","04","11","1","","0","1","0","0","0"
"POINT (9.779084266000041 52.401781831000051)","Unfall 160040 (2024) Kat:3, Licht: 0","160040","3","3","5","04","19","1","","0","0","1","0","0"
"POINT (9.825822579000032 52.427050390000034)","Unfall 160041 (2024) Kat:3, Licht: 0","160041","3","6","4","04","19","1","","0","0","1","0","0"
"POINT (9.724131737000050 52.346678087000043)","Unfall 160064 (2024) Kat:3, Licht: 2","160064","3","7","0","04","23","7","","2","1","0","0","0"
"POINT (9.663763082000060 52.380434831000059)","Unfall 160066 (2024) Kat:3, Licht: 2","160066","3","5","1","04","23","7","","2","0","1","0","0"
"POINT (9.750424553000073 52.394970493000073)","Unfall 160067 (2024) Kat:3, Licht: 2","160067","3","7","5","04","21","7","","2","0","1","0","0"
"POINT (9.728349905000073 52.358883880000064)","Unfall 160070 (2024) Kat:3, Licht: 2","160070","3","1","0","04","22","7","","2","1","0","0","0"
"POINT (9.756686424000065 52.364944231000038)","Unfall 160095 (2024) Kat:3, Licht: 0","160095","3","3","5","04","11","6","","0","0","1","0","0"
"POINT (9.678144506000024 52.416338141000040)","Unfall 160096 (2024) Kat:3, Licht: 0","160096","3","3","5","04","14","6","","0","1","1","0","0"
"POINT (9.701612663000049 52.408702291000054)","Unfall 160097 (2024) Kat:3, Licht: 0","160097","3","3","5","04","18","6","","0","1","1","0","0"
"POINT (9.731108113000062 52.378680269000029)","Unfall 160098 (2024) Kat:3, Licht: 2","160098","3","2","3","04","21","6","","2","1","1","0","0"
"POINT (9.793190344000038 52.326566747000072)","Unfall 160099 (2024) Kat:3, Licht: 1","160099","3","2","5","04","05","6","","1","1","1","0","0"
"POINT (9.684308289000057 52.392836607000049)","Unfall 160101 (2024) Kat:3, Licht: 0","160101","3","7","0","05","16","7","","0","0","0","0","0"
"POINT (9.739648545000023 52.381205296000076)","Unfall 160105 (2024) Kat:3, Licht: 0","160105","3","2","5","04","14","6","","0","1","0","0","0"
"POINT (9.799022896000054 52.376494986000068)","Unfall 160106 (2024) Kat:3, Licht: 0","160106","3","2","5","04","08","6","","0","1","1","0","0"
"POINT (9.809126807000041 52.338184742000067)","Unfall 160107 (2024) Kat:3, Licht: 0","160107","3","4","6","04","08","6","","0","0","1","1","0"
"POINT (9.691199320000067 52.345765891000042)","Unfall 160137 (2024) Kat:3, Licht: 0","160137","3","6","2","04","17","5","","0","0","1","0","0"
"POINT (9.715477085000032 52.392725231000043)","Unfall 160138 (2024) Kat:2, Licht: 0","160138","2","5","1","04","14","5","","0","0","1","0","0"
"POINT (9.738688543000023 52.374375639000050)","Unfall 160139 (2024) Kat:2, Licht: 0","160139","2","7","0","04","12","5","","0","0","0","0","0"
"POINT (9.761888434000070 52.336534886000038)","Unfall 160141 (2024) Kat:3, Licht: 0","160141","3","7","0","04","17","5","","0","1","0","0","0"
"POINT (9.741020568000067 52.398720735000040)","Unfall 160142 (2024) Kat:3, Licht: 1","160142","3","3","5","04","05","5","","1","0","1","0","0"
"POINT (9.744044059000032 52.377467965000051)","Unfall 160146 (2024) Kat:2, Licht: 0","160146","2","2","0","04","11","5","","0","1","1","0","0"
"POINT (9.749247745000048 52.365652558000079)","Unfall 160147 (2024) Kat:3, Licht: 0","160147","3","4","6","04","19","5","","0","1","0","1","0"
"POINT (9.806493570000043 52.389079684000080)","Unfall 160148 (2024) Kat:3, Licht: 0","160148","3","6","2","04","14","5","","0","0","1","0","0"
"POINT (9.693221326000071 52.390255275000072)","Unfall 160190 (2024) Kat:3, Licht: 0","160190","3","1","8","04","18","4","","0","1","0","0","0"
"POINT (9.730265669000062 52.368516735000071)","Unfall 160191 (2024) Kat:3, Licht: 2","160191","3","6","2","04","22","4","","2","0","1","0","0"
"POINT (9.790469316000042 52.396932095000068)","Unfall 160192 (2024) Kat:3, Licht: 0","160192","3","6","2","04","08","4","","0","0","1","0","0"
"POINT (9.710829452000041 52.408353611000052)","Unfall 160196 (2024) Kat:3, Licht: 0","160196","3","7","8","04","18","4","","0","0","1","0","0"
"POINT (9.743760090000023 52.371112543000038)","Unfall 160197 (2024) Kat:3, Licht: 0","160197","3","3","5","04","12","4","","0","1","1","0","0"
"POINT (9.725500735000026 52.397838068000056)","Unfall 160220 (2024) Kat:2, Licht: 0","160220","2","7","0","04","17","3","","0","1","0","0","0"
"POINT (9.761650968000026 52.372824195000078)","Unfall 160221 (2024) Kat:3, Licht: 0","160221","3","7","7","04","07","3","","0","1","0","0","0"
"POINT (9.736799800000028 52.383455330000061)","Unfall 160222 (2024) Kat:3, Licht: 0","160222","3","5","1","04","07","3","","0","0","1","0","1"
"POINT (9.791551456000036 52.327615121000065)","Unfall 160247 (2024) Kat:3, Licht: 0","160247","3","3","5","05","14","4","","0","0","1","0","0"
"POINT (9.787640344000067 52.374436780000053)","Unfall 160251 (2024) Kat:3, Licht: 0","160251","3","5","1","06","14","3","","0","0","1","0","1"
"POINT (9.756569341000045 52.340017494000051)","Unfall 160252 (2024) Kat:3, Licht: 0","160252","3","3","5","06","07","3","","0","0","1","0","0"
"POINT (9.678182789000061 52.416338937000035)","Unfall 160272 (2024) Kat:3, Licht: 1","160272","3","7","5","06","22","2","","1","1","1","0","0"
"POINT (9.695760508000035 52.408931486000029)","Unfall 160273 (2024) Kat:3, Licht: 0","160273","3","1","0","06","15","2","","0","1","0","0","0"
"POINT (9.709924985000043 52.341905382000050)","Unfall 160274 (2024) Kat:3, Licht: 0","160274","3","4","0","06","12","2","","0","0","0","1","0"
"POINT (9.744052230000023 52.372583732000066)","Unfall 160275 (2024) Kat:3, Licht: 0","160275","3","7","0","06","17","2","","0","1","0","0","0"
"POINT (9.707437749000064 52.368794769000033)","Unfall 160276 (2024) Kat:3, Licht: 0","160276","3","1","3","06","19","2","","0","1","1","0","0"
"POINT (9.747992181000029 52.411086781000051)","Unfall 160277 (2024) Kat:3, Licht: 0","160277","3","3","0","06","18","2","","0","0","1","0","1"
"POINT (9.773048045000053 52.403687346000027)","Unfall 160281 (2024) Kat:2, Licht: 0","160281","2","5","1","06","17","2","","0","1","1","0","0"
"POINT (9.774165552000056 52.335684176000029)","Unfall 160282 (2024) Kat:3, Licht: 0","160282","3","2","5","06","12","2","","0","0","1","0","0"
"POINT (9.741477207000059 52.394406044000050)","Unfall 160298 (2024) Kat:2, Licht: 0","160298","2","2","5","06","11","1","","0","1","1","0","0"
"POINT (9.776238003000060 52.363255708000054)","Unfall 160299 (2024) Kat:3, Licht: 0","160299","3","7","0","06","13","1","","0","1","0","0","0"
"POINT (9.760047033000035 52.333365896000032)","Unfall 160310 (2024) Kat:3, Licht: 0","160310","3","3","5","06","18","7","","0","1","1","0","0"
"POINT (9.759516962000021 52.379307529000073)","Unfall 160311 (2024) Kat:3, Licht: 0","160311","3","7","0","06","20","7","","0","1","0","0","0"
"POINT (9.791653496000038 52.372674167000071)","Unfall 160339 (2024) Kat:3, Licht: 0","160339","3","3","5","06","17","6","","0","1","1","0","0"
"POINT (9.750946450000072 52.369239437000033)","Unfall 160367 (2024) Kat:3, Licht: 0","160367","3","3","5","06","16","5","","0","1","1","0","0"
"POINT (9.745511187000034 52.369869400000027)","Unfall 160368 (2024) Kat:3, Licht: 0","160368","3","7","0","06","07","5","","0","1","0","0","0"
"POINT (9.694921227000066 52.391675128000031)","Unfall 160369 (2024) Kat:3, Licht: 0","160369","3","7","0","06","19","5","","0","1","0","0","0"
"POINT (9.735782946000029 52.370549741000048)","Unfall 160370 (2024) Kat:3, Licht: 0","160370","3","5","0","06","13","5","","0","0","1","0","1"
"POINT (9.707649714000070 52.368179617000067)","Unfall 160371 (2024) Kat:3, Licht: 0","160371","3","2","5","06","14","5","","0","1","1","0","0"
"POINT (9.729295196000066 52.387131421000049)","Unfall 160389 (2024) Kat:3, Licht: 0","160389","3","7","3","06","18","4","","0","1","1","0","0"
"POINT (9.720960736000052 52.371244235000063)","Unfall 160390 (2024) Kat:3, Licht: 0","160390","3","1","1","06","15","4","","0","0","1","0","0"
"POINT (9.746868099000039 52.353596635000031)","Unfall 160391 (2024) Kat:3, Licht: 0","160391","3","6","2","06","13","4","","0","0","1","0","0"
"POINT (9.714364775000035 52.369113752000032)","Unfall 160392 (2024) Kat:3, Licht: 0","160392","3","3","5","06","17","4","","0","0","1","0","0"
"POINT (9.738551011000027 52.401974771000027)","Unfall 160393 (2024) Kat:3, Licht: 0","160393","3","7","0","06","09","4","","0","1","0","1","0"
"POINT (9.762420164000048 52.396885702000077)","Unfall 160395 (2024) Kat:3, Licht: 0","160395","3","3","5","06","12","4","","0","1","1","0","0"
"POINT (9.765315096000052 52.366870029000040)","Unfall 160429 (2024) Kat:3, Licht: 0","160429","3","3","5","06","14","3","","0","1","0","0","0"
"POINT (9.753523512000072 52.369401366000034)","Unfall 160430 (2024) Kat:3, Licht: 0","160430","3","3","5","06","12","3","","0","1","1","0","0"
"POINT (9.718069066000055 52.332105254000055)","Unfall 160431 (2024) Kat:3, Licht: 0","160431","3","3","5","06","12","3","","0","1","1","0","0"
"POINT (9.715089551000062 52.388861897000027)","Unfall 160432 (2024) Kat:3, Licht: 0","160432","3","7","0","06","17","3","","0","1","0","0","0"
"POINT (9.727902284000038 52.400151639000057)","Unfall 160433 (2024) Kat:3, Licht: 0","160433","3","3","5","06","06","3","","0","1","1","0","0"
"POINT (9.738529490000076 52.376955668000051)","Unfall 160434 (2024) Kat:3, Licht: 0","160434","3","1","0","06","14","3","","0","1","0","0","0"
"POINT (9.825668243000052 52.400047851000068)","Unfall 160435 (2024) Kat:3, Licht: 0","160435","3","3","5","06","08","3","","0","0","1","0","0"
"POINT (9.796348547000036 52.354422526000064)","Unfall 160436 (2024) Kat:3, Licht: 0","160436","3","6","2","06","09","3","","0","0","1","0","0"
"POINT (9.806007585000032 52.381181831000049)","Unfall 160466 (2024) Kat:3, Licht: 0","160466","3","7","1","06","13","2","","0","1","1","0","0"
"POINT (9.705301854000027 52.374359504000040)","Unfall 160467 (2024) Kat:3, Licht: 2","160467","3","2","0","06","01","2","","2","0","0","0","0"
"POINT (9.681421558000068 52.416259470000057)","Unfall 160491 (2024) Kat:3, Licht: 0","160491","3","3","5","06","16","1","","0","1","1","0","0"
"POINT (9.693859021000037 52.392317467000055)","Unfall 160492 (2024) Kat:3, Licht: 0","160492","3","6","2","06","15","1","","0","0","1","0","0"
"POINT (9.719605850000050 52.373662062000051)","Unfall 160493 (2024) Kat:3, Licht: 2","160493","3","4","6","06","03","1","","2","0","1","1","0"
"POINT (9.716699432000041 52.382185447000040)","Unfall 160520 (2024) Kat:3, Licht: 0","160520","3","3","5","06","21","7","","0","0","1","0","0"
"POINT (9.657607961000053 52.356815039000026)","Unfall 160521 (2024) Kat:3, Licht: 0","160521","3","7","0","06","15","7","","0","1","0","0","0"
"POINT (9.744222833000038 52.359042972000054)","Unfall 160546 (2024) Kat:3, Licht: 0","160546","3","6","4","06","18","6","","0","1","1","0","0"
"POINT (9.769061546000046 52.358416544000079)","Unfall 160547 (2024) Kat:3, Licht: 0","160547","3","3","5","06","15","6","","0","1","0","0","0"
"POINT (9.762601985000060 52.368650823000053)","Unfall 160548 (2024) Kat:3, Licht: 0","160548","3","7","0","06","08","6","","0","1","0","0","0"
"POINT (9.701777902000060 52.398153891000049)","Unfall 160549 (2024) Kat:3, Licht: 0","160549","3","3","5","06","11","6","","0","1","1","0","0"
"POINT (9.732815582000057 52.376729181000030)","Unfall 160550 (2024) Kat:3, Licht: 0","160550","3","7","0","06","07","6","","0","1","0","0","0"
"POINT (9.707515190000038 52.372246577000055)","Unfall 160551 (2024) Kat:3, Licht: 0","160551","3","3","5","06","20","6","","0","1","1","0","0"
"POINT (9.686688055000047 52.377102473000036)","Unfall 160580 (2024) Kat:3, Licht: 0","160580","3","7","0","06","16","5","","0","1","0","0","0"
"POINT (9.739238427000032 52.363727671000049)","Unfall 160584 (2024) Kat:2, Licht: 0","160584","2","7","0","06","07","5","","0","1","0","0","0"
"POINT (9.671411510000041 52.355638754000040)","Unfall 160585 (2024) Kat:3, Licht: 0","160585","3","5","1","06","06","5","","0","1","1","0","0"
"POINT (9.643529816000068 52.415174011000033)","Unfall 160591 (2024) Kat:3, Licht: 0","160591","3","6","2","06","19","5","","0","0","1","0","0"
"POINT (9.837654354000051 52.343657384000039)","Unfall 160598 (2024) Kat:3, Licht: 0","160598","3","3","5","06","16","4","","0","1","1","0","0"
"POINT (9.807593533000045 52.397450490000040)","Unfall 160612 (2024) Kat:3, Licht: 0","160612","3","3","5","06","08","4","","0","1","1","0","0"
"POINT (9.795139286000051 52.408322460000079)","Unfall 160613 (2024) Kat:3, Licht: 0","160613","3","3","5","06","10","4","","0","0","1","0","1"
"POINT (9.807621132000065 52.411006442000030)","Unfall 160614 (2024) Kat:3, Licht: 0","160614","3","2","5","06","15","4","","0","1","1","0","0"
"POINT (9.830307144000074 52.360197121000056)","Unfall 160615 (2024) Kat:3, Licht: 0","160615","3","3","5","06","07","4","","0","1","1","0","0"
"POINT (9.797302049000052 52.378999816000032)","Unfall 160648 (2024) Kat:3, Licht: 0","160648","3","3","5","06","08","3","","0","0","1","0","0"
"POINT (9.668175427000051 52.415384498000037)","Unfall 160649 (2024) Kat:3, Licht: 0","160649","3","3","5","06","13","3","","0","1","1","0","0"
"POINT (9.725382726000021 52.383281274000069)","Unfall 160650 (2024) Kat:3, Licht: 0","160650","3","2","3","06","18","3","","0","1","1","0","0"
"POINT (9.857310680000069 52.359635164000053)","Unfall 160651 (2024) Kat:3, Licht: 0","160651","3","6","4","06","06","3","","0","1","1","0","0"
"POINT (9.779457175000061 52.352117260000057)","Unfall 160652 (2024) Kat:3, Licht: 0","160652","3","7","0","06","20","3","","0","0","0","0","0"
"POINT (9.692691763000028 52.396664746000056)","Unfall 160655 (2024) Kat:3, Licht: 0","160655","3","2","5","06","15","3","","0","0","1","0","0"
"POINT (9.752771048000056 52.387697325000033)","Unfall 160656 (2024) Kat:3, Licht: 0","160656","3","2","2","06","14","3","","0","0","1","0","0"
"POINT (9.701953172000060 52.327829611000027)","Unfall 160682 (2024) Kat:3, Licht: 0","160682","3","7","7","06","17","2","","0","1","0","0","0"
"POINT (9.704797762000055 52.374377156000037)","Unfall 160683 (2024) Kat:3, Licht: 0","160683","3","7","0","06","16","2","","0","1","0","0","0"
"POINT (9.751486705000048 52.389165216000038)","Unfall 160684 (2024) Kat:3, Licht: 0","160684","3","6","3","06","08","2","","0","1","1","0","0"
"POINT (9.775432670000043 52.363366664000068)","Unfall 160687 (2024) Kat:3, Licht: 2","160687","3","2","5","06","22","2","","2","1","1","0","0"
"POINT (9.742022127000041 52.375571284000046)","Unfall 160688 (2024) Kat:3, Licht: 0","160688","3","1","0","06","16","2","","0","1","0","0","0"
"POINT (9.738527354000041 52.379884574000073)","Unfall 160689 (2024) Kat:3, Licht: 0","160689","3","2","4","06","13","2","","0","0","1","0","0"
"POINT (9.765412107000031 52.418589697000073)","Unfall 160690 (2024) Kat:3, Licht: 0","160690","3","2","6","06","10","2","","0","0","1","1","0"
"POINT (9.722324462000074 52.388809449000064)","Unfall 160691 (2024) Kat:3, Licht: 0","160691","3","4","6","06","08","2","","0","1","0","1","0"
"POINT (9.858366972000056 52.394482248000031)","Unfall 160707 (2024) Kat:3, Licht: 0","160707","3","5","1","06","11","1","","0","1","1","0","0"
"POINT (9.841419229000053 52.389615387000049)","Unfall 160708 (2024) Kat:3, Licht: 0","160708","3","6","6","06","20","1","","0","0","0","1","0"
"POINT (9.819094923000023 52.399996299000065)","Unfall 160728 (2024) Kat:3, Licht: 0","160728","3","6","2","06","18","7","","0","0","1","0","1"
"POINT (9.736232924000035 52.369371831000080)","Unfall 160729 (2024) Kat:3, Licht: 0","160729","3","7","6","06","18","7","","0","0","1","1","0"
"POINT (9.729695739000022 52.355514907000043)","Unfall 160730 (2024) Kat:3, Licht: 2","160730","3","3","5","06","23","7","","2","1","1","0","0"
"POINT (9.756732112000066 52.420362325000042)","Unfall 160732 (2024) Kat:2, Licht: 0","160732","2","3","5","06","09","7","","0","1","1","0","0"
"POINT (9.771597022000037 52.417434405000051)","Unfall 160770 (2024) Kat:3, Licht: 0","160770","3","6","2","05","17","6","","0","0","1","0","0"
"POINT (9.682039596000038 52.415185763000068)","Unfall 160805 (2024) Kat:3, Licht: 0","160805","3","3","5","05","13","5","","0","0","1","0","0"
"POINT (9.702077960000054 52.329173234000052)","Unfall 160806 (2024) Kat:3, Licht: 0","160806","3","7","0","05","08","5","","0","0","0","1","0"
"POINT (9.719210013000065 52.365858751000076)","Unfall 160807 (2024) Kat:3, Licht: 0","160807","3","5","0","05","14","5","","0","0","1","0","0"
"POINT (9.671606089000022 52.355702097000062)","Unfall 160808 (2024) Kat:3, Licht: 0","160808","3","7","0","05","11","5","","0","1","0","0","0"
"POINT (9.749656680000044 52.376605886000050)","Unfall 160809 (2024) Kat:3, Licht: 0","160809","3","6","2","05","18","5","","0","0","1","0","0"
"POINT (9.750310612000021 52.372823720000042)","Unfall 160812 (2024) Kat:2, Licht: 0","160812","2","5","1","05","11","5","","0","1","1","0","0"
"POINT (9.728291869000032 52.377860663000035)","Unfall 160813 (2024) Kat:3, Licht: 0","160813","3","1","0","05","09","5","","0","1","0","0","0"
"POINT (9.675936861000025 52.396674158000053)","Unfall 160814 (2024) Kat:3, Licht: 0","160814","3","7","0","05","08","5","","0","1","0","0","0"
"POINT (9.829824211000073 52.337285507000047)","Unfall 160815 (2024) Kat:3, Licht: 0","160815","3","3","5","05","06","5","","0","0","1","0","0"
"POINT (9.741158273000053 52.375375367000061)","Unfall 160824 (2024) Kat:3, Licht: 0","160824","3","4","6","05","16","5","","0","1","0","1","0"
"POINT (9.756241406000072 52.362249481000049)","Unfall 160840 (2024) Kat:3, Licht: 0","160840","3","7","4","05","09","4","","0","1","0","0","0"
"POINT (9.616368081000076 52.419132843000057)","Unfall 160841 (2024) Kat:3, Licht: 0","160841","3","6","2","05","11","4","","0","0","0","0","0"
"POINT (9.738150590000032 52.374600533000034)","Unfall 160842 (2024) Kat:3, Licht: 0","160842","3","6","6","05","13","4","","0","0","0","1","0"
"POINT (9.827532697000038 52.399608114000046)","Unfall 160843 (2024) Kat:3, Licht: 0","160843","3","3","5","05","15","4","","0","1","1","0","0"
"POINT (9.695799873000055 52.365594974000032)","Unfall 160844 (2024) Kat:3, Licht: 0","160844","3","7","0","05","14","4","","0","1","0","0","0"
"POINT (9.763161052000044 52.356689668000058)","Unfall 160873 (2024) Kat:3, Licht: 0","160873","3","2","2","05","07","3","","0","1","0","0","0"
"POINT (9.727079121000031 52.373869295000077)","Unfall 160894 (2024) Kat:3, Licht: 0","160894","3","5","0","05","14","2","","0","1","1","0","0"
"POINT (9.706675586000074 52.370091352000031)","Unfall 160895 (2024) Kat:3, Licht: 0","160895","3","7","0","05","13","2","","0","1","0","0","0"
"POINT (9.790650723000056 52.328759728000080)","Unfall 160896 (2024) Kat:3, Licht: 1","160896","3","3","5","05","19","2","","1","0","1","0","0"
"POINT (9.734325866000063 52.384436077000032)","Unfall 160897 (2024) Kat:3, Licht: 0","160897","3","6","2","05","16","2","","0","0","1","0","0"
"POINT (9.689780260000020 52.350185397000075)","Unfall 160901 (2024) Kat:3, Licht: 0","160901","3","3","5","05","17","2","","0","1","1","0","0"
"POINT (9.719845255000052 52.375107046000039)","Unfall 160902 (2024) Kat:3, Licht: 0","160902","3","7","5","05","09","2","","0","1","1","0","0"
"POINT (9.820303720000027 52.358706484000038)","Unfall 160926 (2024) Kat:3, Licht: 0","160926","3","6","4","05","15","1","","0","1","0","0","0"
"POINT (9.804751176000025 52.348763847000043)","Unfall 160927 (2024) Kat:3, Licht: 0","160927","3","6","3","05","10","1","","0","1","0","0","0"
"POINT (9.765919635000046 52.382482986000070)","Unfall 160931 (2024) Kat:3, Licht: 0","160931","3","1","0","05","15","1","","0","1","0","0","0"
"POINT (9.686986587000035 52.413433238000039)","Unfall 160954 (2024) Kat:3, Licht: 0","160954","3","6","6","05","08","7","","0","0","1","1","0"
"POINT (9.667923332000044 52.387130821000028)","Unfall 160955 (2024) Kat:3, Licht: 0","160955","3","7","9","05","12","7","","0","0","1","0","0"
"POINT (9.781950539000036 52.328929398000071)","Unfall 160956 (2024) Kat:3, Licht: 0","160956","3","6","2","05","11","7","","0","0","1","0","0"
"POINT (9.731551774000025 52.378109364000068)","Unfall 160959 (2024) Kat:3, Licht: 0","160959","3","1","8","05","18","7","","0","0","1","0","1"
"POINT (9.749788225000032 52.362163987000031)","Unfall 160989 (2024) Kat:3, Licht: 0","160989","3","5","1","05","14","6","","0","0","1","0","0"
"POINT (9.717125186000032 52.341770978000056)","Unfall 160991 (2024) Kat:3, Licht: 0","160991","3","3","5","05","09","6","","0","0","1","0","0"
"POINT (9.707728908000036 52.374215182000057)","Unfall 160992 (2024) Kat:3, Licht: 2","160992","3","3","5","05","21","6","","2","0","1","0","1"
"POINT (9.733707974000026 52.399049432000027)","Unfall 160995 (2024) Kat:2, Licht: 0","160995","2","3","0","05","19","6","","0","0","1","0","1"
"POINT (9.805403504000026 52.407988309000075)","Unfall 160996 (2024) Kat:3, Licht: 0","160996","3","2","3","05","11","6","","0","0","1","0","1"
"POINT (9.723449612000024 52.387254553000048)","Unfall 160997 (2024) Kat:3, Licht: 0","160997","3","2","5","05","20","6","","0","0","1","0","0"
"POINT (9.735415951000050 52.384475799000029)","Unfall 161000 (2024) Kat:3, Licht: 0","161000","3","3","5","05","13","6","","0","1","1","0","0"
"POINT (9.806544928000051 52.389004580000062)","Unfall 161020 (2024) Kat:3, Licht: 0","161020","3","6","2","06","13","6","","0","0","1","0","1"
"POINT (9.716997692000064 52.341671817000076)","Unfall 161024 (2024) Kat:3, Licht: 0","161024","3","2","4","05","07","5","","0","1","1","0","0"
"POINT (9.708514871000034 52.376974103000066)","Unfall 161025 (2024) Kat:3, Licht: 0","161025","3","7","0","05","17","5","","0","1","0","0","0"
"POINT (9.739228453000067 52.370584605000033)","Unfall 161029 (2024) Kat:2, Licht: 0","161029","2","3","5","05","19","5","","0","0","1","0","1"
"POINT (9.724320099000067 52.387429117000067)","Unfall 161065 (2024) Kat:3, Licht: 0","161065","3","7","6","05","12","4","","0","0","1","1","0"
"POINT (9.712467270000047 52.392367520000050)","Unfall 161066 (2024) Kat:3, Licht: 1","161066","3","1","0","05","05","4","","1","0","0","0","1"
"POINT (9.737644898000042 52.399112692000074)","Unfall 161067 (2024) Kat:3, Licht: 0","161067","3","6","2","05","15","4","","0","0","1","0","0"
"POINT (9.798201197000026 52.405559641000082)","Unfall 161073 (2024) Kat:3, Licht: 0","161073","3","1","8","05","17","4","","0","0","0","0","0"
"POINT (9.775870256000076 52.398786013000063)","Unfall 161074 (2024) Kat:3, Licht: 0","161074","3","6","2","05","08","4","","0","0","1","0","0"
"POINT (9.744035581000048 52.379014222000080)","Unfall 161109 (2024) Kat:3, Licht: 0","161109","3","3","5","05","18","3","","0","1","0","0","0"
"POINT (9.764156152000055 52.339539654000077)","Unfall 161112 (2024) Kat:3, Licht: 0","161112","3","7","6","05","15","3","","0","0","1","1","0"
"POINT (9.791447975000040 52.396865632000072)","Unfall 161129 (2024) Kat:3, Licht: 0","161129","3","2","3","06","09","3","","0","0","1","0","0"
"POINT (9.663815642000031 52.377199359000031)","Unfall 161138 (2024) Kat:3, Licht: 0","161138","3","6","2","05","16","2","","0","0","1","0","0"
"POINT (9.712301702000047 52.413785389000054)","Unfall 161139 (2024) Kat:3, Licht: 0","161139","3","1","0","05","18","2","","0","0","0","0","0"
"POINT (9.790501651000056 52.331807582000067)","Unfall 161140 (2024) Kat:3, Licht: 0","161140","3","3","5","05","13","2","","0","0","1","1","0"
"POINT (9.783793293000031 52.375271913000063)","Unfall 161142 (2024) Kat:3, Licht: 0","161142","3","6","3","05","13","2","","0","1","0","0","0"
"POINT (9.733280319000073 52.362169820000076)","Unfall 161164 (2024) Kat:3, Licht: 0","161164","3","7","6","05","15","1","","0","1","0","1","0"
"POINT (9.731504691000055 52.378152672000056)","Unfall 161165 (2024) Kat:3, Licht: 0","161165","3","3","4","05","15","1","","0","0","1","0","0"
"POINT (9.856149342000037 52.397147237000070)","Unfall 161169 (2024) Kat:3, Licht: 0","161169","3","3","5","05","19","1","","0","0","1","0","0"
"POINT (9.720451723000053 52.391388161000066)","Unfall 161170 (2024) Kat:3, Licht: 0","161170","3","1","0","05","12","1","","0","1","0","0","0"
"POINT (9.732848552000064 52.359104835000039)","Unfall 161171 (2024) Kat:3, Licht: 0","161171","3","4","6","05","13","1","","0","1","0","1","0"
"POINT (9.809563163000064 52.354816255000060)","Unfall 161183 (2024) Kat:3, Licht: 2","161183","3","7","0","06","22","5","","2","0","1","0","1"
"POINT (9.692261732000077 52.408493187000033)","Unfall 161190 (2024) Kat:3, Licht: 0","161190","3","3","5","05","17","7","","0","1","0","0","0"
"POINT (9.744232796000063 52.373325424000029)","Unfall 161191 (2024) Kat:3, Licht: 0","161191","3","7","0","05","17","7","","0","0","0","0","0"
"POINT (9.772017557000026 52.347747335000065)","Unfall 161192 (2024) Kat:3, Licht: 0","161192","3","1","0","05","12","7","","0","1","0","0","0"
"POINT (9.758192918000077 52.391562156000077)","Unfall 161198 (2024) Kat:3, Licht: 0","161198","3","1","0","05","09","7","","0","0","0","0","1"
"POINT (9.724031496000066 52.342526618000079)","Unfall 161234 (2024) Kat:3, Licht: 1","161234","3","7","2","05","20","6","","1","0","1","0","0"
"POINT (9.703924558000040 52.367029095000078)","Unfall 161235 (2024) Kat:3, Licht: 0","161235","3","6","2","05","16","6","","0","0","1","0","0"
"POINT (9.857925201000057 52.411125861000073)","Unfall 161236 (2024) Kat:3, Licht: 0","161236","3","7","0","05","16","6","","0","0","1","0","0"
"POINT (9.762757029000056 52.344424865000065)","Unfall 161237 (2024) Kat:3, Licht: 0","161237","3","3","5","05","13","6","","0","1","1","0","0"
"POINT (9.749271683000075 52.390229002000069)","Unfall 161238 (2024) Kat:3, Licht: 2","161238","3","7","6","05","23","6","","2","1","0","1","0"
"POINT (9.693782806000058 52.361967223000079)","Unfall 161241 (2024) Kat:3, Licht: 0","161241","3","3","5","05","17","6","","0","1","1","0","0"
"POINT (9.799589306000030 52.376584890000061)","Unfall 161281 (2024) Kat:3, Licht: 0","161281","3","3","5","05","17","5","","0","1","1","0","0"
"POINT (9.747434946000055 52.373804722000045)","Unfall 161282 (2024) Kat:3, Licht: 0","161282","3","6","2","05","14","5","","0","0","1","0","1"
"POINT (9.704408983000064 52.374495716000069)","Unfall 161283 (2024) Kat:3, Licht: 0","161283","3","7","0","05","19","5","","0","1","0","0","0"
"POINT (9.714060324000059 52.371204843000044)","Unfall 161284 (2024) Kat:3, Licht: 0","161284","3","2","0","05","19","5","","0","1","1","0","0"
"POINT (9.737506381000060 52.394526253000038)","Unfall 161285 (2024) Kat:3, Licht: 0","161285","3","5","1","05","07","5","","0","1","1","0","0"
"POINT (9.737799017000043 52.381866767000076)","Unfall 161290 (2024) Kat:3, Licht: 0","161290","3","1","0","05","14","5","","0","0","0","0","0"