WKT,Name,OBJECTID,UKATEGORIE,UTYP1,UART,UMONAT,USTUNDE,UWOCHENTAG,STRZUSTAND,ULICHTVERH,ISTRAD,ISTPKW,ISTFUSS,ISTKRAD
"POINT (9.813805847000026 52.398980666000057)","Unfall 161316 (2024) Kat:3, Licht: 2","161316","3","3","5","05","01","1","","2","0","1","0","0"
"POINT (9.736137124000038 52.364712782000026)","Unfall 161337 (2024) Kat:3, Licht: 0","161337","3","6","3","05","07","4","","0","1","0","0","0"
"POINT (9.746350658000040 52.354367889000059)","Unfall 161341 (2024) Kat:2, Licht: 0","161341","2","2","4","05","10","4","","0","1","1","0","0"
"POINT (9.772398069000076 52.338025691000041)","Unfall 161342 (2024) Kat:3, Licht: 0","161342","3","1","0","05","18","4","","0","1","0","0","0"
"POINT (9.735982507000074 52.416044199000055)","Unfall 161343 (2024) Kat:3, Licht: 0","161343","3","3","5","05","16","4","","0","0","1","0","1"
"POINT (9.793218028000069 52.397026504000053)","Unfall 161344 (2024) Kat:3, Licht: 0","161344","3","3","5","05","07","4","","0","0","1","0","0"
"POINT (9.675453084000026 52.397043440000061)","Unfall 161348 (2024) Kat:2, Licht: 0","161348","2","4","6","05","14","7","","0","0","1","1","0"
"POINT (9.802265933000058 52.404630412000074)","Unfall 161388 (2024) Kat:3, Licht: 0","161388","3","2","1","07","16","3","","0","0","1","0","0"
"POINT (9.788404051000043 52.331220011000028)","Unfall 161389 (2024) Kat:3, Licht: 0","161389","3","2","2","07","08","3","","0","0","1","0","0"
"POINT (9.789728086000025 52.402385810000055)","Unfall 161390 (2024) Kat:2, Licht: 0","161390","2","7","0","07","10","3","","0","0","0","1","0"
"POINT (9.702560344000062 52.374982051000075)","Unfall 161411 (2024) Kat:3, Licht: 0","161411","3","6","6","07","13","2","","0","0","0","1","0"
"POINT (9.721930728000075 52.386988634000033)","Unfall 161415 (2024) Kat:2, Licht: 0","161415","2","3","5","07","14","2","","0","1","0","0","0"
"POINT (9.747323790000053 52.391738316000044)","Unfall 161416 (2024) Kat:3, Licht: 0","161416","3","2","5","07","16","2","","0","1","1","0","0"
"POINT (9.761471742000026 52.379753293000078)","Unfall 161417 (2024) Kat:3, Licht: 0","161417","3","3","5","07","11","2","","0","0","1","0","0"
"POINT (9.731203158000028 52.378712932000042)","Unfall 161433 (2024) Kat:3, Licht: 0","161433","3","2","2","07","18","1","","0","0","1","0","1"
"POINT (9.748640230000035 52.351260286000070)","Unfall 161434 (2024) Kat:3, Licht: 0","161434","3","7","0","07","09","1","","0","1","0","0","0"
"POINT (9.708342067000046 52.365084886000034)","Unfall 161435 (2024) Kat:2, Licht: 2","161435","2","7","0","07","02","1","","2","1","0","0","0"
"POINT (9.718422154000052 52.331587903000070)","Unfall 161438 (2024) Kat:3, Licht: 1","161438","3","7","0","07","21","1","","1","0","1","0","0"
"POINT (9.691050041000040 52.374095975000046)","Unfall 161439 (2024) Kat:3, Licht: 0","161439","3","5","1","07","07","1","","0","1","1","0","0"
"POINT (9.716005814000027 52.356272690000026)","Unfall 161465 (2024) Kat:3, Licht: 0","161465","3","3","5","07","10","7","","0","1","1","0","0"
"POINT (9.757055437000076 52.370397082000068)","Unfall 161481 (2024) Kat:3, Licht: 0","161481","3","7","0","07","15","6","","0","1","0","0","0"
"POINT (9.712347350000073 52.366950783000050)","Unfall 161482 (2024) Kat:3, Licht: 0","161482","3","7","0","07","19","6","","0","1","0","0","0"
"POINT (9.747179131000053 52.385468485000047)","Unfall 161483 (2024) Kat:3, Licht: 2","161483","3","7","0","07","01","6","","2","0","0","0","0"
"POINT (9.615721262000022 52.418833104000043)","Unfall 161487 (2024) Kat:3, Licht: 0","161487","3","2","2","07","15","6","","0","0","1","0","0"
"POINT (9.767469007000045 52.358033837000050)","Unfall 161509 (2024) Kat:3, Licht: 0","161509","3","2","5","07","14","5","","0","1","0","0","0"
"POINT (9.683196778000024 52.413559909000071)","Unfall 161510 (2024) Kat:3, Licht: 0","161510","3","3","5","07","17","5","","0","1","1","0","0"
"POINT (9.751372488000072 52.374407356000063)","Unfall 161512 (2024) Kat:2, Licht: 0","161512","2","3","5","07","13","5","","0","0","1","0","0"
"POINT (9.777032256000041 52.415020655000035)","Unfall 161513 (2024) Kat:3, Licht: 0","161513","3","7","6","07","16","5","","0","0","1","1","0"
"POINT (9.758802179000043 52.372361419000072)","Unfall 161514 (2024) Kat:3, Licht: 0","161514","3","5","1","07","14","5","","0","1","1","0","0"
"POINT (9.705358980000028 52.367053266000028)","Unfall 161515 (2024) Kat:3, Licht: 0","161515","3","2","5","07","11","5","","0","1","1","0","0"
"POINT (9.742744001000062 52.371265133000065)","Unfall 161533 (2024) Kat:3, Licht: 0","161533","3","5","1","07","13","4","","0","0","1","0","1"
"POINT (9.716482527000039 52.353765637000038)","Unfall 161543 (2024) Kat:3, Licht: 2","161543","3","1","0","07","22","2","","2","1","0","0","0"
"POINT (9.727247341000066 52.398015916000077)","Unfall 161549 (2024) Kat:3, Licht: 0","161549","3","7","0","07","13","3","","0","1","0","0","0"
"POINT (9.722012855000060 52.378742902000056)","Unfall 161550 (2024) Kat:3, Licht: 0","161550","3","6","3","07","10","3","","0","0","1","0","0"
"POINT (9.744015683000043 52.372008613000048)","Unfall 161551 (2024) Kat:3, Licht: 0","161551","3","7","0","07","17","3","","0","1","0","0","0"
"POINT (9.752249837000022 52.421051493000050)","Unfall 161552 (2024) Kat:3, Licht: 0","161552","3","3","5","07","08","3","","0","1","1","0","0"
"POINT (9.825955617000034 52.359047621000059)","Unfall 161553 (2024) Kat:3, Licht: 0","161553","3","1","9","07","10","3","","0","1","0","0","0"
"POINT (9.758994514000051 52.361962334000054)","Unfall 161556 (2024) Kat:2, Licht: 0","161556","2","4","6","07","07","3","","0","1","0","1","0"
"POINT (9.728431787000034 52.377348208000058)","Unfall 161557 (2024) Kat:3, Licht: 0","161557","3","6","4","07","17","3","","0","0","1","0","1"
"POINT (9.792480963000060 52.397481283000047)","Unfall 161558 (2024) Kat:3, Licht: 0","161558","3","6","2","07","09","3","","0","0","1","0","0"
"POINT (9.714897473000065 52.381234605000031)","Unfall 161582 (2024) Kat:3, Licht: 0","161582","3","7","0","07","08","2","","0","1","0","0","0"
"POINT (9.852189407000026 52.359245405000081)","Unfall 161583 (2024) Kat:3, Licht: 0","161583","3","3","5","07","18","2","","0","1","0","0","0"
"POINT (9.738901272000021 52.355973892000065)","Unfall 161584 (2024) Kat:3, Licht: 0","161584","3","2","5","07","12","2","","0","1","0","0","0"
"POINT (9.764465717000064 52.395725526000035)","Unfall 161586 (2024) Kat:3, Licht: 0","161586","3","4","6","07","17","2","","0","0","0","1","0"
"POINT (9.837195470000040 52.391540292000059)","Unfall 161595 (2024) Kat:3, Licht: 0","161595","3","4","6","07","18","1","","0","1","0","1","0"
"POINT (9.759439525000062 52.419846586000062)","Unfall 161596 (2024) Kat:3, Licht: 0","161596","3","3","5","07","16","1","","0","1","1","0","0"
"POINT (9.831641638000065 52.336021985000059)","Unfall 161597 (2024) Kat:3, Licht: 0","161597","3","7","0","07","16","1","","0","0","1","0","1"
"POINT (9.771869448000075 52.338719176000041)","Unfall 161598 (2024) Kat:3, Licht: 0","161598","3","3","5","07","18","1","","0","1","1","0","0"
"POINT (9.730016822000039 52.374801318000038)","Unfall 161602 (2024) Kat:3, Licht: 2","161602","3","5","1","07","03","1","","2","0","1","0","0"
"POINT (9.693302890000041 52.395560442000033)","Unfall 161621 (2024) Kat:3, Licht: 0","161621","3","2","5","07","12","7","","0","0","1","0","1"
"POINT (9.762817633000054 52.416106897000077)","Unfall 161654 (2024) Kat:3, Licht: 0","161654","3","3","5","07","18","6","","0","1","0","0","0"
"POINT (9.746652343000051 52.373408812000037)","Unfall 161655 (2024) Kat:3, Licht: 0","161655","3","7","0","07","07","6","","0","0","1","0","0"
"POINT (9.657192083000041 52.413789825000038)","Unfall 161677 (2024) Kat:3, Licht: 0","161677","3","7","1","07","15","5","","0","1","0","0","0"
"POINT (9.726872975000049 52.384008508000079)","Unfall 161678 (2024) Kat:3, Licht: 0","161678","3","3","5","07","10","5","","0","0","0","0","0"
"POINT (9.734098665000033 52.376681671000028)","Unfall 161679 (2024) Kat:3, Licht: 0","161679","3","1","0","07","11","5","","0","1","0","0","0"
"POINT (9.669815030000052 52.355114801000070)","Unfall 161680 (2024) Kat:3, Licht: 0","161680","3","7","6","07","17","5","","0","0","0","1","0"
"POINT (9.668935564000037 52.364865863000034)","Unfall 161681 (2024) Kat:3, Licht: 0","161681","3","7","0","07","16","5","","0","1","0","0","0"
"POINT (9.803997982000055 52.420235586000047)","Unfall 161682 (2024) Kat:3, Licht: 0","161682","3","7","0","07","16","5","","0","1","0","0","0"
"POINT (9.840445919000047 52.341809052000031)","Unfall 161683 (2024) Kat:3, Licht: 0","161683","3","7","0","07","16","5","","0","1","0","0","0"
"POINT (9.682424397000034 52.414560894000033)","Unfall 161684 (2024) Kat:2, Licht: 0","161684","2","4","0","07","17","5","","0","0","1","1","0"
"POINT (9.744017894000024 52.372026504000075)","Unfall 161709 (2024) Kat:2, Licht: 0","161709","2","1","0","07","09","4","","0","1","0","0","0"
"POINT (9.732788276000065 52.375578811000082)","Unfall 161710 (2024) Kat:3, Licht: 0","161710","3","6","3","07","15","4","","0","1","0","0","0"
"POINT (9.717624741000066 52.354449955000064)","Unfall 161730 (2024) Kat:3, Licht: 0","161730","3","7","0","07","12","3","","0","1","0","0","0"
"POINT (9.718877438000050 52.373916195000049)","Unfall 161731 (2024) Kat:3, Licht: 0","161731","3","2","5","07","17","3","","0","1","1","0","0"
"POINT (9.704750918000059 52.374392080000064)","Unfall 161732 (2024) Kat:3, Licht: 1","161732","3","7","0","07","22","3","","1","1","0","0","0"
"POINT (9.690390913000044 52.374809038000080)","Unfall 161733 (2024) Kat:3, Licht: 0","161733","3","2","5","07","11","3","","0","0","1","0","0"
"POINT (9.729308857000035 52.370303546000059)","Unfall 161763 (2024) Kat:3, Licht: 0","161763","3","5","1","07","08","2","","0","1","1","0","0"
"POINT (9.707918667000058 52.376436097000067)","Unfall 161764 (2024) Kat:3, Licht: 0","161764","3","3","5","07","12","2","","0","1","1","0","0"
"POINT (9.705352537000067 52.352704320000043)","Unfall 161779 (2024) Kat:3, Licht: 0","161779","3","7","0","07","12","1","","0","1","0","0","0"
"POINT (9.736139496000021 52.378537892000054)","Unfall 161780 (2024) Kat:3, Licht: 1","161780","3","7","0","07","04","1","","1","0","0","0","0"
"POINT (9.721432091000054 52.354681247000030)","Unfall 161799 (2024) Kat:3, Licht: 0","161799","3","2","3","07","14","7","","0","1","1","0","0"
"POINT (9.739380864000054 52.381032724000079)","Unfall 161800 (2024) Kat:3, Licht: 0","161800","3","6","2","07","18","7","","0","0","1","0","0"
"POINT (9.761448785000027 52.379863751000073)","Unfall 161801 (2024) Kat:3, Licht: 0","161801","3","3","5","07","15","7","","0","1","1","0","0"
"POINT (9.804057324000041 52.394026915000040)","Unfall 161804 (2024) Kat:3, Licht: 2","161804","3","1","1","07","04","7","","2","0","1","0","0"
"POINT (9.729617845000064 52.346071237000046)","Unfall 161821 (2024) Kat:3, Licht: 0","161821","3","7","7","07","18","6","","0","0","0","0","0"
"POINT (9.671400620000043 52.355635861000053)","Unfall 161822 (2024) Kat:3, Licht: 0","161822","3","5","0","07","13","6","","0","1","1","0","0"
"POINT (9.762746993000064 52.415880087000062)","Unfall 161827 (2024) Kat:3, Licht: 0","161827","3","3","5","07","15","6","","0","0","1","0","0"
"POINT (9.858525680000071 52.364431198000034)","Unfall 161848 (2024) Kat:3, Licht: 0","161848","3","3","5","07","14","5","","0","0","1","0","0"
"POINT (9.776884633000066 52.403653517000066)","Unfall 161850 (2024) Kat:3, Licht: 2","161850","3","7","0","07","02","5","","2","0","0","0","0"
"POINT (9.759983318000025 52.393885189000059)","Unfall 161851 (2024) Kat:3, Licht: 0","161851","3","2","5","07","10","5","","0","0","1","0","0"
"POINT (9.736003940000046 52.415994184000056)","Unfall 161852 (2024) Kat:3, Licht: 0","161852","3","3","5","07","18","4","","0","1","1","0","0"
"POINT (9.840724268000031 52.420876747000079)","Unfall 161863 (2024) Kat:3, Licht: 0","161863","3","3","5","07","15","7","","0","1","1","0","0"
"POINT (9.714050231000044 52.398488404000034)","Unfall 161869 (2024) Kat:3, Licht: 0","161869","3","4","6","07","14","4","","0","0","1","1","0"
"POINT (9.711251441000059 52.372206809000033)","Unfall 161870 (2024) Kat:3, Licht: 0","161870","3","3","5","07","20","4","","0","1","1","0","0"
"POINT (9.663602417000050 52.366905598000073)","Unfall 161871 (2024) Kat:3, Licht: 0","161871","3","7","0","07","08","4","","0","1","0","0","0"
"POINT (9.782199838000054 52.398595175000082)","Unfall 161872 (2024) Kat:3, Licht: 0","161872","3","6","2","07","09","4","","0","0","1","0","0"
"POINT (9.746891327000071 52.396063029000061)","Unfall 161873 (2024) Kat:3, Licht: 0","161873","3","5","1","07","06","4","","0","1","1","0","0"
"POINT (9.726525884000068 52.394745637000028)","Unfall 161874 (2024) Kat:2, Licht: 0","161874","2","1","0","07","10","4","","0","0","0","0","0"
"POINT (9.855268003000049 52.392305566000061)","Unfall 161891 (2024) Kat:3, Licht: 0","161891","3","1","0","07","17","3","","0","0","0","0","1"
"POINT (9.768868358000077 52.335123392000071)","Unfall 161892 (2024) Kat:3, Licht: 0","161892","3","1","0","07","10","3","","0","1","0","0","0"
"POINT (9.744615107000072 52.394952031000059)","Unfall 161893 (2024) Kat:3, Licht: 0","161893","3","6","0","07","15","3","","0","0","1","0","0"
"POINT (9.751101318000053 52.388344345000064)","Unfall 161894 (2024) Kat:3, Licht: 0","161894","3","7","0","07","07","3","","0","1","0","0","0"
"POINT (9.717413367000063 52.381637016000070)","Unfall 161895 (2024) Kat:3, Licht: 0","161895","3","3","5","07","14","3","","0","1","1","0","0"
"POINT (9.716832089000036 52.342789178000032)","Unfall 161920 (2024) Kat:3, Licht: 0","161920","3","2","0","07","18","2","","0","1","0","0","0"
"POINT (9.724372994000021 52.387439724000046)","Unfall 161921 (2024) Kat:3, Licht: 0","161921","3","4","6","07","12","2","","0","0","1","1","0"
"POINT (9.723078525000062 52.372891815000060)","Unfall 161924 (2024) Kat:3, Licht: 0","161924","3","7","0","07","20","2","","0","1","0","0","0"
"POINT (9.740093206000040 52.367771588000039)","Unfall 161925 (2024) Kat:3, Licht: 0","161925","3","7","4","07","09","2","","0","0","1","0","0"
"POINT (9.761800470000026 52.334520640000051)","Unfall 161926 (2024) Kat:3, Licht: 0","161926","3","1","0","07","15","2","","0","1","0","0","0"
"POINT (9.772145500000022 52.395502953000062)","Unfall 161927 (2024) Kat:3, Licht: 0","161927","3","6","2","07","09","2","","0","0","1","0","0"
"POINT (9.660099094000032 52.405037253000046)","Unfall 161929 (2024) Kat:3, Licht: 0","161929","3","4","6","07","14","2","","0","0","1","1","0"
"POINT (9.702054674000067 52.375113090000070)","Unfall 161930 (2024) Kat:3, Licht: 0","161930","3","4","6","07","07","2","","0","0","0","1","0"
"POINT (9.873875746000067 52.357016998000063)","Unfall 161931 (2024) Kat:3, Licht: 0","161931","3","4","6","07","06","2","","0","0","0","1","0"
"POINT (9.763299405000055 52.356852815000082)","Unfall 161951 (2024) Kat:3, Licht: 2","161951","3","1","0","06","00","1","","2","0","0","0","0"
"POINT (9.742423070000029 52.378870317000064)","Unfall 161952 (2024) Kat:3, Licht: 0","161952","3","1","0","06","12","1","","0","1","0","0","0"
"POINT (9.719986556000038 52.397058286000060)","Unfall 161953 (2024) Kat:3, Licht: 0","161953","3","7","0","06","19","1","","0","1","0","0","0"
"POINT (9.738021205000052 52.382150785000078)","Unfall 161954 (2024) Kat:3, Licht: 0","161954","3","2","5","06","10","1","","0","1","1","0","0"
"POINT (9.692189845000030 52.398142100000030)","Unfall 161972 (2024) Kat:3, Licht: 0","161972","3","3","5","06","18","7","","0","1","1","0","0"
"POINT (9.850870495000038 52.335762781000028)","Unfall 161984 (2024) Kat:2, Licht: 0","161984","2","3","5","07","16","4","","0","1","0","0","0"
"POINT (9.706878919000076 52.376815202000046)","Unfall 161989 (2024) Kat:3, Licht: 0","161989","3","5","3","07","12","2","","0","1","1","0","0"
"POINT (9.721538911000039 52.382188301000042)","Unfall 162009 (2024) Kat:3, Licht: 2","162009","3","4","6","06","23","6","","2","0","1","1","0"
"POINT (9.782097989000022 52.325278542000035)","Unfall 162010 (2024) Kat:3, Licht: 0","162010","3","5","3","06","08","6","","0","1","1","0","0"
"POINT (9.750988907000021 52.410517909000077)","Unfall 162018 (2024) Kat:2, Licht: 0","162018","2","3","5","06","09","6","","0","0","1","0","0"
"POINT (9.763826059000053 52.357652295000037)","Unfall 162033 (2024) Kat:3, Licht: 0","162033","3","7","9","06","12","5","","0","0","1","0","0"
"POINT (9.685316990000047 52.394269272000031)","Unfall 162034 (2024) Kat:3, Licht: 0","162034","3","7","0","06","10","5","","0","1","1","0","0"
"POINT (9.685319546000073 52.394288435000078)","Unfall 162035 (2024) Kat:2, Licht: 0","162035","2","7","0","06","10","5","","0","0","1","0","1"
"POINT (9.722165650000022 52.376815811000029)","Unfall 162036 (2024) Kat:3, Licht: 2","162036","3","3","5","06","22","5","","2","1","1","0","0"
"POINT (9.672789772000044 52.355996377000054)","Unfall 162037 (2024) Kat:3, Licht: 0","162037","3","7","0","06","17","5","","0","0","0","0","1"
"POINT (9.748166579000042 52.390947524000069)","Unfall 162038 (2024) Kat:3, Licht: 0","162038","3","3","5","06","09","5","","0","1","1","0","0"
"POINT (9.709066711000048 52.417935791000048)","Unfall 162044 (2024) Kat:3, Licht: 0","162044","3","6","4","06","16","5","","0","1","0","0","0"
"POINT (9.721372738000071 52.379241871000033)","Unfall 162045 (2024) Kat:3, Licht: 0","162045","3","6","4","06","08","5","","0","1","0","0","0"
"POINT (9.616870573000028 52.417932579000080)","Unfall 162081 (2024) Kat:3, Licht: 0","162081","3","2","5","06","13","4","","0","1","1","0","0"
"POINT (9.739173198000060 52.376845204000062)","Unfall 162082 (2024) Kat:3, Licht: 2","162082","3","1","0","06","01","4","","2","0","0","0","0"
"POINT (9.788209886000061 52.331482704000052)","Unfall 162083 (2024) Kat:3, Licht: 0","162083","3","6","2","06","15","4","","0","0","1","0","0"
"POINT (9.690052190000074 52.392628713000079)","Unfall 162088 (2024) Kat:3, Licht: 0","162088","3","3","5","06","08","4","","0","1","1","0","0"
"POINT (9.701385953000056 52.396252039000046)","Unfall 162089 (2024) Kat:3, Licht: 1","162089","3","3","5","06","21","4","","1","0","1","0","0"
"POINT (9.738673791000053 52.371342863000052)","Unfall 162123 (2024) Kat:3, Licht: 0","162123","3","2","4","06","17","3","","0","1","1","0","0"
"POINT (9.731059323000068 52.378663501000062)","Unfall 162138 (2024) Kat:3, Licht: 0","162138","3","2","5","07","19","1","","0","1","1","0","0"
"POINT (9.692284047000044 52.398137214000030)","Unfall 162164 (2024) Kat:3, Licht: 0","162164","3","3","5","06","11","2","","0","1","1","0","0"
"POINT (9.719868706000057 52.365225007000049)","Unfall 162165 (2024) Kat:3, Licht: 1","162165","3","1","0","06","22","2","","1","1","0","0","0"
"POINT (9.708646022000039 52.388402284000051)","Unfall 162166 (2024) Kat:3, Licht: 0","162166","3","3","0","06","15","2","","0","1","1","0","0"
"POINT (9.816126864000069 52.410678658000052)","Unfall 162167 (2024) Kat:3, Licht: 0","162167","3","2","4","06","20","2","","0","1","1","0","0"
"POINT (9.728035465000062 52.336140244000035)","Unfall 162192 (2024) Kat:3, Licht: 0","162192","3","6","2","06","15","1","","0","0","1","0","0"
"POINT (9.681474808000075 52.416166404000080)","Unfall 162197 (2024) Kat:3, Licht: 0","162197","3","1","8","06","10","1","","0","0","0","0","1"
"POINT (9.661244981000038 52.404234325000061)","Unfall 162212 (2024) Kat:3, Licht: 0","162212","3","6","2","06","14","7","","0","0","1","0","0"
"POINT (9.731336362000036 52.406821671000046)","Unfall 162213 (2024) Kat:3, Licht: 0","162213","3","1","0","06","14","7","","0","1","0","0","0"
"POINT (9.832774885000049 52.388328773000069)","Unfall 162214 (2024) Kat:3, Licht: 0","162214","3","7","0","06","17","7","","0","1","0","0","0"
"POINT (9.727854740000055 52.374112975000060)","Unfall 162215 (2024) Kat:3, Licht: 0","162215","3","2","3","06","14","7","","0","0","1","0","0"
"POINT (9.827567548000047 52.350958324000032)","Unfall 162220 (2024) Kat:2, Licht: 0","162220","2","7","0","06","17","7","","0","0","0","0","0"
"POINT (9.672212192000075 52.354329592000056)","Unfall 162221 (2024) Kat:3, Licht: 0","162221","3","6","2","06","12","7","","0","1","1","0","0"
"POINT (9.826009534000036 52.426969816000053)","Unfall 162253 (2024) Kat:3, Licht: 0","162253","3","7","0","06","09","6","","0","0","1","1","0"
"POINT (9.763460622000025 52.400672216000032)","Unfall 162254 (2024) Kat:3, Licht: 0","162254","3","3","5","06","07","6","","0","1","1","0","0"
"POINT (9.705704368000056 52.370193775000075)","Unfall 162260 (2024) Kat:3, Licht: 0","162260","3","3","5","06","16","6","","0","1","1","0","0"
"POINT (9.738120080000044 52.376881963000073)","Unfall 162282 (2024) Kat:3, Licht: 0","162282","3","7","1","06","11","6","","0","0","0","0","0"
"POINT (9.766836019000039 52.352430589000051)","Unfall 162302 (2024) Kat:3, Licht: 0","162302","3","1","0","06","18","5","","0","1","0","0","0"
"POINT (9.729555378000043 52.378709451000077)","Unfall 162303 (2024) Kat:3, Licht: 0","162303","3","3","5","06","08","5","","0","1","1","0","0"
"POINT (9.780223089000060 52.342988437000031)","Unfall 162304 (2024) Kat:3, Licht: 0","162304","3","7","0","06","19","5","","0","1","0","0","0"
"POINT (9.716196835000062 52.372566835000043)","Unfall 162306 (2024) Kat:3, Licht: 0","162306","3","4","6","07","09","5","","0","0","1","1","0"
"POINT (9.740930045000027 52.376424667000038)","Unfall 162309 (2024) Kat:2, Licht: 0","162309","2","2","6","06","17","5","","0","1","0","1","0"
"POINT (9.750341839000043 52.386512289000052)","Unfall 162310 (2024) Kat:2, Licht: 0","162310","2","4","6","06","17","5","","0","1","0","1","0"
"POINT (9.733237423000048 52.392293074000065)","Unfall 162349 (2024) Kat:3, Licht: 0","162349","3","3","5","06","18","4","","0","0","1","0","0"
"POINT (9.787073969000062 52.410192532000053)","Unfall 162352 (2024) Kat:3, Licht: 0","162352","3","3","5","06","07","4","","0","0","1","0","0"
"POINT (9.839723376000052 52.340627932000075)","Unfall 162353 (2024) Kat:3, Licht: 0","162353","3","1","0","06","07","4","","0","1","0","0","0"
"POINT (9.714853547000075 52.370827239000050)","Unfall 162356 (2024) Kat:3, Licht: 0","162356","3","3","5","06","09","4","","0","1","0","0","0"
"POINT (9.739634030000047 52.391818742000055)","Unfall 162357 (2024) Kat:3, Licht: 0","162357","3","3","5","06","05","4","","0","0","1","0","0"
"POINT (9.787943915000028 52.374793446000069)","Unfall 162385 (2024) Kat:3, Licht: 0","162385","3","7","0","06","06","3","","0","0","0","0","0"
"POINT (9.714255717000071 52.371617382000068)","Unfall 162386 (2024) Kat:3, Licht: 0","162386","3","7","0","06","20","3","","0","0","0","0","0"
"POINT (9.663733492000063 52.383357558000057)","Unfall 162387 (2024) Kat:3, Licht: 0","162387","3","7","3","06","17","3","","0","0","1","0","0"
"POINT (9.732028768000021 52.364901544000077)","Unfall 162388 (2024) Kat:2, Licht: 0","162388","2","3","5","06","08","3","","0","1","1","0","0"
"POINT (9.656165141000031 52.421193375000030)","Unfall 162390 (2024) Kat:3, Licht: 1","162390","3","1","8","06","17","3","","1","0","0","0","0"
"POINT (9.751350951000063 52.374942611000051)","Unfall 162407 (2024) Kat:3, Licht: 2","162407","3","6","3","08","20","1","","2","1","0","0","0"
"POINT (9.756712729000071 52.420366679000040)","Unfall 162424 (2024) Kat:3, Licht: 0","162424","3","3","5","08","13","7","","0","1","1","0","0"
"POINT (9.760804946000064 52.327965020000079)","Unfall 162425 (2024) Kat:3, Licht: 0","162425","3","6","2","08","14","7","","0","1","0","0","0"
"POINT (9.790447372000074 52.403557420000027)","Unfall 162426 (2024) Kat:3, Licht: 0","162426","3","7","0","08","12","7","","0","1","0","0","0"
"POINT (9.660990459000061 52.431273650000037)","Unfall 162454 (2024) Kat:3, Licht: 0","162454","3","3","0","08","13","6","","0","1","1","0","0"
"POINT (9.704518202000031 52.375116454000079)","Unfall 162455 (2024) Kat:3, Licht: 0","162455","3","3","5","08","15","6","","0","1","1","0","0"
"POINT (9.818167951000021 52.355639851000035)","Unfall 162456 (2024) Kat:3, Licht: 2","162456","3","7","1","08","23","6","","2","1","1","0","0"
"POINT (9.833754985000041 52.354463324000051)","Unfall 162480 (2024) Kat:3, Licht: 0","162480","3","7","0","08","13","5","","0","1","0","0","0"
"POINT (9.774872378000055 52.396390928000073)","Unfall 162481 (2024) Kat:3, Licht: 0","162481","3","6","2","08","18","5","","0","0","1","0","0"
"POINT (9.678111163000040 52.409972754000080)","Unfall 162483 (2024) Kat:2, Licht: 2","162483","2","3","5","08","22","5","","2","1","0","0","0"
"POINT (9.714483042000040 52.369131060000029)","Unfall 162484 (2024) Kat:3, Licht: 0","162484","3","3","5","08","16","5","","0","1","1","0","0"
"POINT (9.695288417000029 52.374595283000076)","Unfall 162485 (2024) Kat:3, Licht: 0","162485","3","3","5","08","07","5","","0","0","1","0","0"
"POINT (9.681222517000037 52.409430282000073)","Unfall 162507 (2024) Kat:3, Licht: 0","162507","3","2","2","08","07","4","","0","0","1","0","0"
"POINT (9.708238187000063 52.367139718000033)","Unfall 162508 (2024) Kat:3, Licht: 0","162508","3","7","0","08","19","4","","0","1","0","0","0"
"POINT (9.715093789000036 52.364883250000048)","Unfall 162509 (2024) Kat:3, Licht: 0","162509","3","2","4","08","15","4","","0","1","0","0","0"
"POINT (9.785834359000035 52.398103034000030)","Unfall 162510 (2024) Kat:3, Licht: 1","162510","3","6","2","08","06","4","","1","0","1","0","0"
"POINT (9.717453422000062 52.341787422000039)","Unfall 162546 (2024) Kat:3, Licht: 0","162546","3","2","3","08","09","3","","0","1","1","0","0"
"POINT (9.731453711000029 52.364847747000056)","Unfall 162547 (2024) Kat:3, Licht: 0","162547","3","5","3","08","14","3","","0","0","1","0","0"
"POINT (9.709075184000028 52.334810053000069)","Unfall 162575 (2024) Kat:3, Licht: 0","162575","3","7","7","08","08","2","","0","1","0","0","0"
"POINT (9.667200357000070 52.409613356000079)","Unfall 162579 (2024) Kat:3, Licht: 0","162579","3","3","5","08","15","2","","0","1","1","0","0"
"POINT (9.675467874000049 52.386960614000031)","Unfall 162580 (2024) Kat:2, Licht: 0","162580","2","6","4","08","07","2","","0","1","0","0","0"
"POINT (9.774610585000062 52.372213506000037)","Unfall 162593 (2024) Kat:3, Licht: 0","162593","3","6","2","08","15","1","","0","0","1","0","0"
"POINT (9.741625354000064 52.371149873000036)","Unfall 162594 (2024) Kat:3, Licht: 2","162594","3","7","0","08","23","1","","2","0","0","0","0"
"POINT (9.738407093000035 52.377059174000067)","Unfall 162595 (2024) Kat:3, Licht: 0","162595","3","7","0","08","19","1","","0","0","0","0","0"
"POINT (9.734587410000074 52.380033520000040)","Unfall 162596 (2024) Kat:3, Licht: 0","162596","3","6","2","08","11","1","","0","0","1","0","0"