WKT,Name,OBJECTID,UKATEGORIE,UTYP1,UART,UMONAT,USTUNDE,UWOCHENTAG,STRZUSTAND,ULICHTVERH,ISTRAD,ISTPKW,ISTFUSS,ISTKRAD
"POINT (9.695619049000072 52.392159993000064)","Unfall 162608 (2024) Kat:3, Licht: 0","162608","3","7","0","08","17","7","","0","0","0","0","0"
"POINT (9.722953039000060 52.383575812000061)","Unfall 162609 (2024) Kat:3, Licht: 0","162609","3","5","1","08","18","7","","0","1","1","0","0"
"POINT (9.741808310000067 52.375645185000053)","Unfall 162610 (2024) Kat:3, Licht: 0","162610","3","7","0","08","13","7","","0","1","0","0","0"
"POINT (9.748388912000053 52.390853145000051)","Unfall 162611 (2024) Kat:3, Licht: 0","162611","3","1","0","08","16","7","","0","0","0","0","1"
"POINT (9.741763114000037 52.398579087000030)","Unfall 162614 (2024) Kat:3, Licht: 0","162614","3","1","0","08","12","7","","0","0","0","0","1"
"POINT (9.761538793000057 52.372058529000071)","Unfall 162651 (2024) Kat:3, Licht: 0","162651","3","1","0","08","13","6","","0","1","0","0","0"
"POINT (9.805125272000055 52.408856115000049)","Unfall 162653 (2024) Kat:3, Licht: 0","162653","3","3","5","08","11","6","","0","1","1","0","0"
"POINT (9.752253160000066 52.370719123000072)","Unfall 162654 (2024) Kat:3, Licht: 0","162654","3","6","2","08","11","6","","0","0","1","0","0"
"POINT (9.700411103000022 52.329953253000042)","Unfall 162687 (2024) Kat:3, Licht: 0","162687","3","6","6","08","11","5","","0","0","1","1","0"
"POINT (9.730018747000031 52.361759270000050)","Unfall 162688 (2024) Kat:3, Licht: 0","162688","3","7","0","08","14","5","","0","1","0","0","0"
"POINT (9.821209794000026 52.345472571000073)","Unfall 162691 (2024) Kat:3, Licht: 0","162691","3","3","5","08","13","5","","0","0","1","0","0"
"POINT (9.720726840000054 52.342518854000048)","Unfall 162727 (2024) Kat:3, Licht: 0","162727","3","6","2","08","08","4","","0","0","1","0","0"
"POINT (9.744549150000068 52.380358192000074)","Unfall 162728 (2024) Kat:3, Licht: 0","162728","3","7","0","08","13","4","","0","0","0","0","0"
"POINT (9.747261628000047 52.389866935000043)","Unfall 162729 (2024) Kat:3, Licht: 0","162729","3","5","1","08","08","4","","0","1","0","0","0"
"POINT (9.751866652000047 52.372060068000053)","Unfall 162762 (2024) Kat:3, Licht: 0","162762","3","6","2","08","17","3","","0","0","1","0","0"
"POINT (9.737485583000023 52.381691088000082)","Unfall 162763 (2024) Kat:3, Licht: 0","162763","3","7","0","08","17","3","","0","1","0","0","0"
"POINT (9.718807381000033 52.373746122000057)","Unfall 162764 (2024) Kat:3, Licht: 0","162764","3","2","3","08","21","3","","0","1","1","0","0"
"POINT (9.774363691000076 52.349080661000073)","Unfall 162765 (2024) Kat:3, Licht: 0","162765","3","7","0","08","13","3","","0","1","0","0","0"
"POINT (9.760211615000060 52.332647623000071)","Unfall 162766 (2024) Kat:3, Licht: 0","162766","3","5","1","08","16","3","","0","1","1","0","0"
"POINT (9.756472271000064 52.340813782000055)","Unfall 162768 (2024) Kat:3, Licht: 0","162768","3","7","0","08","06","3","","0","0","0","0","0"
"POINT (9.716845459000069 52.341762012000061)","Unfall 162771 (2024) Kat:3, Licht: 0","162771","3","4","0","08","15","3","","0","0","0","1","0"
"POINT (9.791373984000074 52.404139903000043)","Unfall 162773 (2024) Kat:3, Licht: 0","162773","3","4","6","08","14","3","","0","1","0","1","0"
"POINT (9.743907874000058 52.411301024000068)","Unfall 162774 (2024) Kat:2, Licht: 0","162774","2","4","6","08","10","3","","0","0","1","1","0"
"POINT (9.787112837000052 52.410192438000081)","Unfall 162807 (2024) Kat:3, Licht: 0","162807","3","2","2","08","18","2","","0","0","1","0","0"
"POINT (9.792979885000022 52.333628709000038)","Unfall 162808 (2024) Kat:3, Licht: 0","162808","3","3","5","08","07","2","","0","0","1","0","0"
"POINT (9.772965326000076 52.398009890000026)","Unfall 162809 (2024) Kat:3, Licht: 0","162809","3","4","6","08","14","2","","0","1","0","1","0"
"POINT (9.728600587000074 52.394607074000078)","Unfall 162815 (2024) Kat:3, Licht: 0","162815","3","3","0","08","11","2","","0","0","0","0","0"
"POINT (9.703821492000031 52.372013906000063)","Unfall 162816 (2024) Kat:3, Licht: 0","162816","3","6","3","08","07","2","","0","1","0","0","0"
"POINT (9.695510669000043 52.408113709000077)","Unfall 162849 (2024) Kat:3, Licht: 0","162849","3","2","5","08","19","1","","0","0","1","0","0"
"POINT (9.799630851000074 52.405871097000045)","Unfall 162851 (2024) Kat:3, Licht: 2","162851","3","7","0","08","21","1","","2","1","0","0","0"
"POINT (9.788531622000050 52.331058042000052)","Unfall 162852 (2024) Kat:3, Licht: 0","162852","3","2","5","08","15","1","","0","1","1","0","0"
"POINT (9.749140348000026 52.398164235000081)","Unfall 162853 (2024) Kat:3, Licht: 0","162853","3","2","3","08","14","1","","0","1","1","0","0"
"POINT (9.805278854000051 52.337566700000082)","Unfall 162856 (2024) Kat:3, Licht: 0","162856","3","7","8","08","19","1","","0","0","1","0","0"
"POINT (9.795128732000023 52.359517141000026)","Unfall 162857 (2024) Kat:3, Licht: 0","162857","3","1","8","08","20","1","","0","0","0","0","1"
"POINT (9.748254049000025 52.365410714000063)","Unfall 162872 (2024) Kat:3, Licht: 0","162872","3","5","1","08","18","7","","0","1","1","0","0"
"POINT (9.706687915000032 52.337636926000073)","Unfall 162873 (2024) Kat:3, Licht: 2","162873","3","5","1","08","22","7","","2","1","1","0","0"
"POINT (9.719459052000047 52.362003754000057)","Unfall 162874 (2024) Kat:3, Licht: 0","162874","3","4","6","08","09","7","","0","0","0","1","0"
"POINT (9.727308392000054 52.358904274000054)","Unfall 162875 (2024) Kat:3, Licht: 2","162875","3","7","0","08","03","7","","2","0","0","0","0"
"POINT (9.689910310000073 52.377037481000059)","Unfall 162876 (2024) Kat:3, Licht: 0","162876","3","7","0","08","16","7","","0","1","0","0","0"
"POINT (9.677601307000032 52.377364859000068)","Unfall 162878 (2024) Kat:3, Licht: 0","162878","3","7","0","08","15","7","","0","1","0","0","0"
"POINT (9.738333066000052 52.381669810000062)","Unfall 162879 (2024) Kat:3, Licht: 1","162879","3","6","3","08","20","7","","1","0","1","0","0"
"POINT (9.748755247000076 52.392518030000076)","Unfall 162880 (2024) Kat:3, Licht: 0","162880","3","7","1","08","12","7","","0","1","1","0","0"
"POINT (9.780784924000045 52.404390817000035)","Unfall 162881 (2024) Kat:2, Licht: 0","162881","2","7","6","08","16","7","","0","0","1","1","0"
"POINT (9.775248698000041 52.363516127000082)","Unfall 162906 (2024) Kat:3, Licht: 0","162906","3","7","0","08","17","6","","0","0","0","0","0"
"POINT (9.725507208000067 52.377022839000063)","Unfall 162907 (2024) Kat:3, Licht: 0","162907","3","6","2","08","16","6","","0","0","1","0","0"
"POINT (9.716509795000036 52.377655052000080)","Unfall 162908 (2024) Kat:3, Licht: 0","162908","3","6","4","08","18","6","","0","1","0","0","0"
"POINT (9.653080044000035 52.412926926000068)","Unfall 162916 (2024) Kat:3, Licht: 0","162916","3","2","5","08","09","3","","0","1","0","0","0"
"POINT (9.741015175000030 52.398757562000071)","Unfall 162934 (2024) Kat:3, Licht: 0","162934","3","2","5","08","17","2","","0","1","1","0","0"
"POINT (9.731936946000076 52.374392546000081)","Unfall 162943 (2024) Kat:3, Licht: 1","162943","3","4","6","08","20","5","","1","0","1","1","0"
"POINT (9.764282685000069 52.362196672000039)","Unfall 162944 (2024) Kat:3, Licht: 0","162944","3","3","5","08","13","5","","0","1","1","0","0"
"POINT (9.743726313000025 52.364042274000042)","Unfall 162945 (2024) Kat:3, Licht: 0","162945","3","4","6","08","11","5","","0","0","1","1","0"
"POINT (9.659410787000070 52.408990268000082)","Unfall 162946 (2024) Kat:3, Licht: 0","162946","3","3","5","08","16","5","","0","0","1","0","0"
"POINT (9.677196765000076 52.395915476000027)","Unfall 162947 (2024) Kat:3, Licht: 0","162947","3","3","0","08","14","5","","0","1","1","0","0"
"POINT (9.710263851000036 52.372581032000028)","Unfall 162948 (2024) Kat:3, Licht: 0","162948","3","4","0","08","16","5","","0","1","0","1","0"
"POINT (9.730713810000054 52.391265732000079)","Unfall 162953 (2024) Kat:3, Licht: 0","162953","3","2","4","08","07","5","","0","0","1","0","1"
"POINT (9.819371505000049 52.342631938000068)","Unfall 162954 (2024) Kat:3, Licht: 1","162954","3","3","5","08","21","5","","1","1","0","0","1"
"POINT (9.669804724000073 52.363210889000072)","Unfall 162955 (2024) Kat:3, Licht: 0","162955","3","3","5","08","16","5","","0","1","1","0","0"
"POINT (9.715036844000053 52.371032722000052)","Unfall 162956 (2024) Kat:3, Licht: 0","162956","3","2","0","08","15","5","","0","0","1","0","0"
"POINT (9.732605408000040 52.379210750000027)","Unfall 162957 (2024) Kat:3, Licht: 2","162957","3","6","4","08","00","5","","2","1","0","0","0"
"POINT (9.760633613000039 52.394970706000038)","Unfall 162987 (2024) Kat:3, Licht: 0","162987","3","7","0","08","11","4","","0","1","0","0","0"
"POINT (9.743622522000067 52.357189248000054)","Unfall 162988 (2024) Kat:3, Licht: 0","162988","3","7","0","08","20","4","","0","0","0","0","0"
"POINT (9.733735709000030 52.398969194000074)","Unfall 162989 (2024) Kat:2, Licht: 0","162989","2","3","0","08","14","4","","0","0","1","0","0"
"POINT (9.723150536000048 52.368622227000060)","Unfall 162990 (2024) Kat:3, Licht: 1","162990","3","7","0","08","20","4","","1","1","0","0","0"
"POINT (9.667473252000036 52.386311422000063)","Unfall 162992 (2024) Kat:3, Licht: 0","162992","3","3","0","08","16","4","","0","0","1","0","1"
"POINT (9.661407449000023 52.376079500000060)","Unfall 162993 (2024) Kat:3, Licht: 0","162993","3","7","6","08","12","4","","0","0","1","1","0"
"POINT (9.747231659000022 52.385470750000081)","Unfall 162996 (2024) Kat:2, Licht: 0","162996","2","3","0","08","17","4","","0","1","0","0","0"
"POINT (9.725403793000055 52.383065168000030)","Unfall 162997 (2024) Kat:3, Licht: 0","162997","3","5","0","08","13","4","","0","0","1","0","0"
"POINT (9.654980177000027 52.409627601000068)","Unfall 163031 (2024) Kat:3, Licht: 2","163031","3","5","1","08","20","3","","2","0","1","0","1"
"POINT (9.797825997000075 52.405202638000048)","Unfall 163032 (2024) Kat:3, Licht: 0","163032","3","2","5","08","08","3","","0","1","1","0","0"
"POINT (9.781692808000059 52.400382265000076)","Unfall 163033 (2024) Kat:3, Licht: 0","163033","3","6","0","08","07","3","","0","0","1","0","1"
"POINT (9.715557412000067 52.368305626000051)","Unfall 163039 (2024) Kat:3, Licht: 0","163039","3","4","6","08","16","3","","0","0","1","1","0"
"POINT (9.726014309000050 52.397491800000068)","Unfall 163063 (2024) Kat:3, Licht: 0","163063","3","1","8","08","07","6","","0","0","1","0","1"
"POINT (9.796579299000030 52.373674597000047)","Unfall 163075 (2024) Kat:3, Licht: 0","163075","3","7","0","08","14","2","","0","1","0","0","0"
"POINT (9.709097163000024 52.359966652000026)","Unfall 163076 (2024) Kat:3, Licht: 0","163076","3","6","2","08","11","2","","0","0","1","0","0"
"POINT (9.723582729000043 52.387281249000068)","Unfall 163077 (2024) Kat:3, Licht: 1","163077","3","6","0","08","05","2","","1","0","0","1","0"
"POINT (9.743640050000067 52.377096104000032)","Unfall 163079 (2024) Kat:3, Licht: 0","163079","3","7","0","08","18","2","","0","1","0","0","0"
"POINT (9.682547849000059 52.379253217000041)","Unfall 163080 (2024) Kat:3, Licht: 1","163080","3","7","7","08","05","2","","1","0","0","0","1"
"POINT (9.805047897000065 52.381040202000065)","Unfall 163083 (2024) Kat:3, Licht: 0","163083","3","5","1","08","16","2","","0","1","1","0","0"
"POINT (9.757340816000067 52.365139151000051)","Unfall 163105 (2024) Kat:3, Licht: 0","163105","3","2","0","08","19","1","","0","1","0","0","1"
"POINT (9.712775332000035 52.373877281000034)","Unfall 163106 (2024) Kat:3, Licht: 0","163106","3","6","4","08","18","1","","0","1","1","0","0"
"POINT (9.740003841000032 52.367156114000068)","Unfall 163107 (2024) Kat:3, Licht: 1","163107","3","6","4","08","20","1","","1","1","0","0","0"
"POINT (9.732922814000062 52.374545097000066)","Unfall 163109 (2024) Kat:3, Licht: 0","163109","3","4","6","08","06","1","","0","0","1","1","0"
"POINT (9.738157271000034 52.381788896000046)","Unfall 163127 (2024) Kat:3, Licht: 0","163127","3","2","5","08","17","7","","0","0","1","0","0"
"POINT (9.754751436000049 52.345006126000044)","Unfall 163159 (2024) Kat:3, Licht: 0","163159","3","6","3","08","13","6","","0","1","0","0","0"
"POINT (9.738027163000027 52.382146703000046)","Unfall 163160 (2024) Kat:3, Licht: 0","163160","3","2","3","08","12","6","","0","1","1","0","0"
"POINT (9.762788494000063 52.413669660000039)","Unfall 163164 (2024) Kat:3, Licht: 2","163164","3","7","2","08","04","6","","2","0","1","0","0"
"POINT (9.689708789000065 52.349588165000057)","Unfall 163186 (2024) Kat:3, Licht: 0","163186","3","6","0","08","16","5","","0","0","1","0","1"
"POINT (9.724891060000061 52.384560412000042)","Unfall 163187 (2024) Kat:3, Licht: 0","163187","3","6","3","08","13","3","","0","0","1","0","0"
"POINT (9.729618705000064 52.346068112000069)","Unfall 163188 (2024) Kat:3, Licht: 2","163188","3","5","1","08","01","5","","2","1","1","0","0"
"POINT (9.721905079000067 52.378812127000060)","Unfall 163189 (2024) Kat:3, Licht: 0","163189","3","6","2","08","10","5","","0","0","1","0","0"
"POINT (9.721667061000062 52.376517381000042)","Unfall 163191 (2024) Kat:3, Licht: 0","163191","3","7","0","08","17","5","","0","1","0","0","0"
"POINT (9.704430978000062 52.374489927000070)","Unfall 163192 (2024) Kat:3, Licht: 0","163192","3","7","0","08","18","5","","0","1","0","0","0"
"POINT (9.680496444000028 52.384902723000039)","Unfall 163196 (2024) Kat:2, Licht: 0","163196","2","1","0","08","08","5","","0","1","0","0","0"
"POINT (9.705835097000033 52.390740614000038)","Unfall 163197 (2024) Kat:3, Licht: 0","163197","3","2","5","08","17","5","","0","1","1","0","0"
"POINT (9.726102767000043 52.384399326000050)","Unfall 163228 (2024) Kat:3, Licht: 0","163228","3","7","0","07","20","4","","0","1","0","0","0"
"POINT (9.743440834000069 52.357421472000055)","Unfall 163229 (2024) Kat:3, Licht: 1","163229","3","6","4","07","19","4","","1","1","0","0","0"
"POINT (9.795228958000052 52.325455913000042)","Unfall 163231 (2024) Kat:3, Licht: 2","163231","3","7","1","07","23","4","","2","0","1","0","0"
"POINT (9.756517377000023 52.392057967000028)","Unfall 163232 (2024) Kat:3, Licht: 0","163232","3","6","2","07","08","4","","0","0","1","0","0"
"POINT (9.737810606000039 52.375792388000036)","Unfall 163234 (2024) Kat:3, Licht: 0","163234","3","5","5","07","10","4","","0","0","1","0","0"
"POINT (9.762767658000030 52.412032884000041)","Unfall 163235 (2024) Kat:3, Licht: 0","163235","3","6","3","07","09","4","","0","1","0","1","0"
"POINT (9.696442600000069 52.365692970000055)","Unfall 163244 (2024) Kat:3, Licht: 0","163244","3","2","5","08","10","4","","0","0","1","0","0"
"POINT (9.761797855000054 52.410290774000032)","Unfall 163265 (2024) Kat:3, Licht: 0","163265","3","6","2","08","12","3","","0","0","1","0","0"
"POINT (9.854378857000029 52.363161336000076)","Unfall 163271 (2024) Kat:3, Licht: 0","163271","3","7","0","07","14","3","","0","1","0","0","0"
"POINT (9.781591974000037 52.417619186000081)","Unfall 163272 (2024) Kat:3, Licht: 0","163272","3","2","3","07","15","3","","0","0","1","0","1"
"POINT (9.723069940000073 52.377696317000073)","Unfall 163293 (2024) Kat:3, Licht: 2","163293","3","6","3","08","21","6","","2","0","1","0","0"
"POINT (9.695871025000031 52.409298101000047)","Unfall 163308 (2024) Kat:3, Licht: 0","163308","3","3","5","07","17","2","","0","1","1","0","0"
"POINT (9.671740722000038 52.415605130000074)","Unfall 163309 (2024) Kat:3, Licht: 0","163309","3","3","0","07","19","2","","0","1","1","0","0"
"POINT (9.695483182000032 52.417168520000075)","Unfall 163310 (2024) Kat:3, Licht: 0","163310","3","3","5","07","19","2","","0","1","0","0","0"
"POINT (9.708718321000049 52.369185792000053)","Unfall 163311 (2024) Kat:3, Licht: 0","163311","3","4","0","07","15","2","","0","0","1","1","0"
"POINT (9.662931109000056 52.388649010000051)","Unfall 163313 (2024) Kat:3, Licht: 0","163313","3","2","5","07","12","2","","0","1","0","0","0"
"POINT (9.753690586000062 52.390436257000033)","Unfall 163314 (2024) Kat:3, Licht: 0","163314","3","6","2","07","14","2","","0","0","1","0","0"
"POINT (9.739434417000041 52.376778443000035)","Unfall 163318 (2024) Kat:3, Licht: 0","163318","3","7","0","07","18","4","","0","1","0","0","0"
"POINT (9.705292958000030 52.326979034000033)","Unfall 163335 (2024) Kat:3, Licht: 0","163335","3","3","5","07","19","1","","0","1","0","0","0"
"POINT (9.740474417000030 52.374148299000069)","Unfall 163336 (2024) Kat:3, Licht: 0","163336","3","3","5","07","17","1","","0","1","1","0","0"
"POINT (9.855346743000041 52.392355899000052)","Unfall 163337 (2024) Kat:3, Licht: 0","163337","3","7","0","07","18","1","","0","1","0","0","0"
"POINT (9.747387101000072 52.391760567000063)","Unfall 163338 (2024) Kat:3, Licht: 0","163338","3","2","5","07","20","1","","0","1","1","0","0"
"POINT (9.687662887000045 52.334515543000066)","Unfall 163363 (2024) Kat:3, Licht: 0","163363","3","5","1","07","12","7","","0","0","1","0","0"
"POINT (9.709490483000025 52.387574764000078)","Unfall 163364 (2024) Kat:3, Licht: 2","163364","3","4","6","07","22","7","","2","0","1","1","0"
"POINT (9.681756352000036 52.377585984000063)","Unfall 163365 (2024) Kat:3, Licht: 0","163365","3","6","0","07","17","7","","0","1","1","0","0"
"POINT (9.742362159000038 52.390222455000071)","Unfall 163370 (2024) Kat:2, Licht: 0","163370","2","1","0","07","20","7","","0","0","0","0","1"
"POINT (9.750931864000052 52.387849001000063)","Unfall 163372 (2024) Kat:3, Licht: 0","163372","3","7","0","07","15","7","","0","0","0","0","0"
"POINT (9.708146154000076 52.367283947000033)","Unfall 163388 (2024) Kat:3, Licht: 0","163388","3","4","6","08","13","6","","0","0","0","1","0"
"POINT (9.752992795000068 52.370000005000065)","Unfall 163400 (2024) Kat:3, Licht: 0","163400","3","2","5","07","18","6","","0","1","1","0","0"
"POINT (9.731515130000048 52.364851786000031)","Unfall 163401 (2024) Kat:3, Licht: 0","163401","3","7","0","07","10","6","","0","1","0","0","0"
"POINT (9.736145057000044 52.378875209000057)","Unfall 163421 (2024) Kat:3, Licht: 0","163421","3","2","6","07","12","5","","0","0","1","1","0"
"POINT (9.766849395000065 52.372639790000051)","Unfall 163422 (2024) Kat:2, Licht: 0","163422","2","7","5","07","21","5","","0","1","0","1","0"
"POINT (9.762937806000025 52.419765983000048)","Unfall 163445 (2024) Kat:3, Licht: 0","163445","3","3","5","07","13","4","","0","1","1","0","0"
"POINT (9.754236555000034 52.408337986000049)","Unfall 163456 (2024) Kat:3, Licht: 0","163456","3","7","0","07","18","4","","0","1","0","0","0"
"POINT (9.743722947000037 52.367113043000074)","Unfall 163473 (2024) Kat:3, Licht: 1","163473","3","6","2","09","19","6","","1","0","1","0","0"
"POINT (9.759380757000031 52.361458269000082)","Unfall 163474 (2024) Kat:3, Licht: 0","163474","3","7","0","09","10","6","","0","1","0","0","0"
"POINT (9.631849869000064 52.411325173000080)","Unfall 163492 (2024) Kat:3, Licht: 2","163492","3","6","2","09","05","5","","2","0","1","0","0"
"POINT (9.720349921000036 52.390546235000045)","Unfall 163493 (2024) Kat:3, Licht: 2","163493","3","5","1","09","19","5","","2","1","1","0","0"
"POINT (9.869217259000038 52.367817215000059)","Unfall 163494 (2024) Kat:3, Licht: 0","163494","3","6","4","09","15","5","","0","0","1","0","0"
"POINT (9.801125949000038 52.411504421000075)","Unfall 163495 (2024) Kat:3, Licht: 0","163495","3","7","0","09","14","5","","0","1","0","0","0"
"POINT (9.785834359000035 52.398103034000030)","Unfall 163496 (2024) Kat:3, Licht: 1","163496","3","3","5","09","07","5","","1","1","1","0","0"
"POINT (9.791562247000059 52.403337538000073)","Unfall 163497 (2024) Kat:3, Licht: 0","163497","3","6","3","09","14","5","","0","0","1","0","0"
"POINT (9.756182373000058 52.390540931000032)","Unfall 163498 (2024) Kat:3, Licht: 0","163498","3","3","5","09","12","5","","0","0","1","0","0"
"POINT (9.750992638000071 52.387718523000046)","Unfall 163499 (2024) Kat:3, Licht: 0","163499","3","7","0","09","11","5","","0","0","0","0","0"
"POINT (9.738779018000059 52.420982445000050)","Unfall 163503 (2024) Kat:3, Licht: 0","163503","3","1","4","09","07","5","","0","0","1","0","0"
"POINT (9.733604895000042 52.393337894000069)","Unfall 163523 (2024) Kat:3, Licht: 0","163523","3","3","5","09","10","4","","0","0","1","0","0"
"POINT (9.739237233000040 52.370586319000040)","Unfall 163524 (2024) Kat:3, Licht: 0","163524","3","2","5","09","08","4","","0","1","1","0","0"
"POINT (9.771671865000030 52.375383426000042)","Unfall 163525 (2024) Kat:3, Licht: 0","163525","3","6","2","09","17","4","","0","0","1","0","0"
"POINT (9.728933535000067 52.347631943000067)","Unfall 163563 (2024) Kat:3, Licht: 0","163563","3","3","5","09","08","3","","0","1","1","0","0"
"POINT (9.729790375000050 52.398316077000061)","Unfall 163564 (2024) Kat:3, Licht: 0","163564","3","3","5","09","11","3","","0","1","0","0","1"
"POINT (9.699986317000025 52.367041655000037)","Unfall 163565 (2024) Kat:3, Licht: 1","163565","3","1","0","09","19","3","","1","1","0","0","0"
"POINT (9.740107159000047 52.399637679000080)","Unfall 163566 (2024) Kat:3, Licht: 0","163566","3","7","0","09","16","3","","0","0","0","0","1"
"POINT (9.733360282000035 52.392296562000070)","Unfall 163567 (2024) Kat:3, Licht: 0","163567","3","3","5","09","14","3","","0","0","0","0","0"
"POINT (9.747684156000048 52.358235778000051)","Unfall 163584 (2024) Kat:3, Licht: 0","163584","3","5","5","09","13","2","","0","0","1","0","0"
"POINT (9.701689074000058 52.332030833000033)","Unfall 163585 (2024) Kat:3, Licht: 0","163585","3","7","0","09","13","2","","0","0","0","0","0"
"POINT (9.741798984000070 52.398558945000048)","Unfall 163586 (2024) Kat:3, Licht: 0","163586","3","6","4","09","18","2","","0","0","1","0","0"
"POINT (9.766685521000056 52.394978414000036)","Unfall 163587 (2024) Kat:3, Licht: 0","163587","3","3","5","09","08","2","","0","0","1","0","0"
"POINT (9.740995624000050 52.398852148000060)","Unfall 163591 (2024) Kat:3, Licht: 0","163591","3","3","5","09","08","2","","0","1","1","0","0"
"POINT (9.773268629000029 52.350962479000032)","Unfall 163606 (2024) Kat:3, Licht: 0","163606","3","6","4","09","08","1","","0","1","0","0","0"
"POINT (9.769560910000052 52.397081803000049)","Unfall 163607 (2024) Kat:3, Licht: 2","163607","3","6","3","09","01","1","","2","1","1","0","0"
"POINT (9.714252989000045 52.371622504000072)","Unfall 163609 (2024) Kat:3, Licht: 0","163609","3","3","5","09","17","1","","0","1","1","0","0"
"POINT (9.764047903000062 52.364921075000041)","Unfall 163627 (2024) Kat:3, Licht: 1","163627","3","4","6","09","19","7","","1","0","1","1","0"
"POINT (9.735595097000044 52.399331175000043)","Unfall 163629 (2024) Kat:3, Licht: 0","163629","3","6","2","09","15","7","","0","0","1","0","0"
"POINT (9.762365702000068 52.341087877000064)","Unfall 163630 (2024) Kat:3, Licht: 0","163630","3","3","5","09","14","7","","0","1","1","0","0"
"POINT (9.714329158000055 52.393026938000048)","Unfall 163668 (2024) Kat:3, Licht: 0","163668","3","7","6","09","13","6","","0","0","1","1","0"
"POINT (9.737796102000061 52.381865421000043)","Unfall 163669 (2024) Kat:3, Licht: 1","163669","3","6","2","09","18","6","","1","0","1","0","0"
"POINT (9.798292330000038 52.334475678000047)","Unfall 163670 (2024) Kat:3, Licht: 2","163670","3","7","0","09","23","6","","2","1","0","0","0"
"POINT (9.750675339000054 52.388366622000035)","Unfall 163671 (2024) Kat:3, Licht: 0","163671","3","5","1","09","11","6","","0","0","1","0","0"
"POINT (9.748191204000022 52.391063389000067)","Unfall 163676 (2024) Kat:3, Licht: 0","163676","3","4","6","09","13","6","","0","0","0","1","0"
"POINT (9.798080647000063 52.392266171000074)","Unfall 163677 (2024) Kat:3, Licht: 0","163677","3","2","5","09","07","6","","0","1","1","0","0"
"POINT (9.754976710000051 52.355526045000033)","Unfall 163700 (2024) Kat:3, Licht: 0","163700","3","7","2","09","15","5","","0","0","1","0","1"
"POINT (9.690836979000039 52.376905704000080)","Unfall 163701 (2024) Kat:3, Licht: 0","163701","3","2","3","09","17","5","","0","0","1","0","0"
"POINT (9.766221317000031 52.381927817000076)","Unfall 163702 (2024) Kat:3, Licht: 0","163702","3","2","2","09","18","5","","0","0","1","0","0"
"POINT (9.739391444000034 52.394396737000079)","Unfall 163738 (2024) Kat:3, Licht: 2","163738","3","4","6","09","21","4","","2","0","1","1","0"
"POINT (9.769100480000077 52.358425298000043)","Unfall 163739 (2024) Kat:3, Licht: 0","163739","3","6","2","09","07","4","","0","0","1","0","0"
"POINT (9.743606400000033 52.377064117000032)","Unfall 163763 (2024) Kat:3, Licht: 0","163763","3","4","6","09","09","3","","0","0","0","1","0"
"POINT (9.738332635000063 52.382132433000038)","Unfall 163765 (2024) Kat:3, Licht: 2","163765","3","6","2","09","22","3","","2","0","1","0","0"
"POINT (9.690295146000039 52.346834589000082)","Unfall 163787 (2024) Kat:3, Licht: 0","163787","3","6","2","09","08","2","","0","0","1","0","0"
"POINT (9.716994122000074 52.389798115000076)","Unfall 163788 (2024) Kat:3, Licht: 0","163788","3","7","5","09","16","2","","0","1","0","0","0"
"POINT (9.750908264000032 52.375523423000061)","Unfall 163789 (2024) Kat:3, Licht: 0","163789","3","2","4","09","11","2","","0","1","1","0","0"
"POINT (9.730776324000033 52.391185571000051)","Unfall 163804 (2024) Kat:3, Licht: 0","163804","3","2","4","09","15","1","","0","1","1","0","0"
"POINT (9.787211119000062 52.413088203000029)","Unfall 163805 (2024) Kat:3, Licht: 0","163805","3","3","5","09","16","1","","0","1","1","0","0"
"POINT (9.660032972000067 52.406615972000054)","Unfall 163807 (2024) Kat:3, Licht: 1","163807","3","3","5","09","18","1","","1","0","1","0","0"
"POINT (9.762442695000061 52.360381111000038)","Unfall 163827 (2024) Kat:3, Licht: 0","163827","3","7","0","09","11","7","","0","1","0","0","0"
"POINT (9.663160177000066 52.409822981000048)","Unfall 163828 (2024) Kat:3, Licht: 1","163828","3","7","6","09","18","7","","1","0","1","1","0"
"POINT (9.726812225000060 52.373667750000038)","Unfall 163829 (2024) Kat:3, Licht: 0","163829","3","6","2","09","18","7","","0","0","1","0","0"
"POINT (9.692547219000062 52.396622964000073)","Unfall 163832 (2024) Kat:3, Licht: 0","163832","3","3","0","09","15","7","","0","0","1","0","1"
"POINT (9.715844253000057 52.362910156000055)","Unfall 163862 (2024) Kat:3, Licht: 0","163862","3","3","5","09","15","5","","0","1","1","0","0"
"POINT (9.714278525000054 52.408712399000080)","Unfall 163870 (2024) Kat:3, Licht: 0","163870","3","1","0","09","18","6","","0","0","0","0","1"
"POINT (9.716955446000043 52.337269790000050)","Unfall 163873 (2024) Kat:3, Licht: 0","163873","3","2","5","09","16","4","","0","0","1","0","0"
"POINT (9.692693069000029 52.396664756000064)","Unfall 163877 (2024) Kat:3, Licht: 2","163877","3","2","5","09","22","6","","2","1","1","0","0"