WKT,Name,OBJECTID,UKATEGORIE,UTYP1,UART,UMONAT,USTUNDE,UWOCHENTAG,STRZUSTAND,ULICHTVERH,ISTRAD,ISTPKW,ISTFUSS,ISTKRAD
"POINT (9.735460824000029 52.372208107000063)","Unfall 163879 (2024) Kat:3, Licht: 2","163879","3","3","5","09","02","6","","2","0","1","0","0"
"POINT (9.724970228000075 52.358550802000082)","Unfall 163904 (2024) Kat:3, Licht: 0","163904","3","7","0","09","16","5","","0","1","0","0","0"
"POINT (9.732002439000041 52.375868760000060)","Unfall 163905 (2024) Kat:3, Licht: 0","163905","3","6","0","09","12","5","","0","1","0","1","0"
"POINT (9.709857566000039 52.367257442000039)","Unfall 163906 (2024) Kat:3, Licht: 0","163906","3","7","0","09","08","5","","0","1","0","0","0"
"POINT (9.766384913000024 52.359131432000027)","Unfall 163908 (2024) Kat:2, Licht: 0","163908","2","4","6","09","17","5","","0","0","1","1","0"
"POINT (9.781489155000031 52.400325583000040)","Unfall 163909 (2024) Kat:2, Licht: 0","163909","2","4","6","09","13","5","","0","0","1","1","0"
"POINT (9.725411283000028 52.382988341000043)","Unfall 163915 (2024) Kat:3, Licht: 0","163915","3","5","0","09","16","3","","0","1","1","0","0"
"POINT (9.849882238000021 52.395702241000038)","Unfall 163943 (2024) Kat:3, Licht: 0","163943","3","5","3","09","17","4","","0","1","1","0","0"
"POINT (9.763271445000044 52.402122373000054)","Unfall 163946 (2024) Kat:3, Licht: 2","163946","3","1","5","09","05","4","","2","0","1","0","0"
"POINT (9.729422404000047 52.343324262000067)","Unfall 163971 (2024) Kat:3, Licht: 0","163971","3","3","5","09","17","3","","0","1","0","0","0"
"POINT (9.765915562000032 52.382490455000038)","Unfall 163976 (2024) Kat:2, Licht: 0","163976","2","4","6","09","16","3","","0","0","1","1","0"
"POINT (9.860388882000052 52.368308990000060)","Unfall 163989 (2024) Kat:3, Licht: 0","163989","3","6","4","09","17","1","","0","1","1","0","0"
"POINT (9.754657777000034 52.360730313000033)","Unfall 164010 (2024) Kat:3, Licht: 0","164010","3","7","0","09","17","2","","0","1","0","1","0"
"POINT (9.714131815000030 52.337102901000037)","Unfall 164011 (2024) Kat:3, Licht: 0","164011","3","6","6","09","15","2","","0","0","1","1","0"
"POINT (9.734972251000045 52.380358785000055)","Unfall 164012 (2024) Kat:3, Licht: 2","164012","3","1","9","09","01","2","","2","0","1","0","0"
"POINT (9.825411519000056 52.364087201000075)","Unfall 164013 (2024) Kat:3, Licht: 0","164013","3","3","5","09","16","2","","0","1","1","0","0"
"POINT (9.703788481000061 52.328876812000033)","Unfall 164014 (2024) Kat:3, Licht: 1","164014","3","3","5","09","18","4","","1","1","1","0","0"
"POINT (9.751127061000034 52.387429914000052)","Unfall 164015 (2024) Kat:3, Licht: 0","164015","3","4","6","09","16","2","","0","1","0","1","0"
"POINT (9.747128263000036 52.392696075000060)","Unfall 164016 (2024) Kat:3, Licht: 0","164016","3","6","6","09","11","2","","0","0","1","1","0"
"POINT (9.733848620000060 52.403458893000050)","Unfall 164039 (2024) Kat:3, Licht: 0","164039","3","7","0","09","14","5","","0","1","0","0","0"
"POINT (9.757368904000032 52.370737965000046)","Unfall 164044 (2024) Kat:3, Licht: 0","164044","3","3","0","09","14","1","","0","1","1","0","0"
"POINT (9.692646011000022 52.398560472000042)","Unfall 164045 (2024) Kat:3, Licht: 1","164045","3","1","0","09","19","1","","1","1","0","0","0"
"POINT (9.669885229000045 52.370411308000030)","Unfall 164046 (2024) Kat:3, Licht: 2","164046","3","3","5","09","21","1","","2","1","1","0","0"
"POINT (9.799629297000024 52.347810121000066)","Unfall 164047 (2024) Kat:3, Licht: 0","164047","3","7","0","09","08","1","","0","1","0","0","0"
"POINT (9.738150144000031 52.381794276000051)","Unfall 164048 (2024) Kat:3, Licht: 0","164048","3","2","5","09","18","1","","0","0","1","0","0"
"POINT (9.694376698000042 52.404042053000069)","Unfall 164052 (2024) Kat:2, Licht: 1","164052","2","1","0","09","20","1","","1","1","0","0","0"
"POINT (9.763630181000053 52.399557081000069)","Unfall 164053 (2024) Kat:3, Licht: 2","164053","3","3","5","09","19","1","","2","1","1","0","0"
"POINT (9.762362348000067 52.396867909000036)","Unfall 164054 (2024) Kat:3, Licht: 0","164054","3","3","5","09","16","1","","0","1","1","0","0"
"POINT (9.731563604000030 52.375282582000068)","Unfall 164055 (2024) Kat:3, Licht: 2","164055","3","4","6","09","00","1","","2","0","1","1","0"
"POINT (9.687947550000047 52.341632340000046)","Unfall 164071 (2024) Kat:3, Licht: 0","164071","3","3","5","09","19","7","","0","0","1","0","1"
"POINT (9.826737777000062 52.389388658000030)","Unfall 164075 (2024) Kat:3, Licht: 0","164075","3","1","0","09","17","7","","0","1","0","0","0"
"POINT (9.853383961000077 52.388669488000062)","Unfall 164076 (2024) Kat:3, Licht: 0","164076","3","2","5","09","11","7","","0","1","1","0","0"
"POINT (9.827049618000046 52.399792167000044)","Unfall 164085 (2024) Kat:2, Licht: 1","164085","2","4","6","09","19","7","","1","0","1","1","0"
"POINT (9.762345318000030 52.360700451000071)","Unfall 164112 (2024) Kat:3, Licht: 0","164112","3","3","0","09","07","6","","0","1","1","0","0"
"POINT (9.739572144000022 52.402509792000046)","Unfall 164113 (2024) Kat:3, Licht: 0","164113","3","7","0","09","17","6","","0","1","0","0","0"
"POINT (9.745859802000041 52.383168091000073)","Unfall 164114 (2024) Kat:3, Licht: 2","164114","3","5","1","09","03","6","","2","1","1","0","0"
"POINT (9.714401088000045 52.371333699000047)","Unfall 164116 (2024) Kat:3, Licht: 0","164116","3","3","5","09","18","6","","0","1","1","0","0"
"POINT (9.798743482000077 52.385306588000049)","Unfall 164117 (2024) Kat:3, Licht: 0","164117","3","3","5","09","07","6","","0","1","1","0","0"
"POINT (9.693415592000065 52.392483047000042)","Unfall 164146 (2024) Kat:3, Licht: 0","164146","3","2","5","09","18","5","","0","1","1","0","0"
"POINT (9.741179869000064 52.371458191000045)","Unfall 164147 (2024) Kat:3, Licht: 0","164147","3","7","8","09","08","5","","0","1","0","0","0"
"POINT (9.663735320000058 52.383663217000048)","Unfall 164148 (2024) Kat:3, Licht: 0","164148","3","2","2","09","16","5","","0","0","1","0","0"
"POINT (9.722366070000021 52.388265159000071)","Unfall 164149 (2024) Kat:3, Licht: 0","164149","3","3","5","09","10","1","","0","1","1","0","0"
"POINT (9.743803450000030 52.380700439000066)","Unfall 164150 (2024) Kat:3, Licht: 0","164150","3","7","0","09","17","5","","0","1","0","0","0"
"POINT (9.731996855000034 52.375861293000071)","Unfall 164156 (2024) Kat:3, Licht: 2","164156","3","3","0","09","21","5","","2","1","0","0","0"
"POINT (9.832452633000059 52.331588090000082)","Unfall 164185 (2024) Kat:3, Licht: 0","164185","3","3","5","09","08","4","","0","1","1","0","0"
"POINT (9.793220266000048 52.326593478000063)","Unfall 164186 (2024) Kat:3, Licht: 0","164186","3","2","2","09","07","4","","0","1","1","0","0"
"POINT (9.736088572000028 52.416065035000031)","Unfall 164189 (2024) Kat:3, Licht: 1","164189","3","3","5","09","06","4","","1","0","0","0","0"
"POINT (9.728282472000046 52.376789328000029)","Unfall 164230 (2024) Kat:3, Licht: 0","164230","3","2","5","09","16","3","","0","1","1","0","0"
"POINT (9.820564444000070 52.396560893000071)","Unfall 164231 (2024) Kat:3, Licht: 0","164231","3","1","8","09","09","3","","0","0","1","0","1"
"POINT (9.735273201000041 52.384187482000073)","Unfall 164232 (2024) Kat:3, Licht: 1","164232","3","6","3","09","19","3","","1","0","1","0","1"
"POINT (9.794109252000055 52.375210938000066)","Unfall 164233 (2024) Kat:3, Licht: 0","164233","3","3","5","09","14","3","","0","0","1","0","0"
"POINT (9.660973330000047 52.409437460000049)","Unfall 164234 (2024) Kat:3, Licht: 0","164234","3","3","5","09","13","3","","0","0","1","0","1"
"POINT (9.792915918000062 52.394767700000045)","Unfall 164245 (2024) Kat:3, Licht: 0","164245","3","6","2","09","18","1","","0","0","1","0","0"
"POINT (9.704361502000040 52.374508213000070)","Unfall 164253 (2024) Kat:3, Licht: 0","164253","3","7","0","09","18","1","","0","1","0","0","0"
"POINT (9.683961440000076 52.390292152000029)","Unfall 164278 (2024) Kat:3, Licht: 0","164278","3","7","0","09","15","2","","0","1","0","0","0"
"POINT (9.829626045000055 52.382764637000037)","Unfall 164280 (2024) Kat:3, Licht: 0","164280","3","7","5","09","16","2","","0","1","0","0","0"
"POINT (9.689843115000031 52.364823000000058)","Unfall 164281 (2024) Kat:3, Licht: 0","164281","3","6","2","09","17","2","","0","0","1","0","1"
"POINT (9.669629167000039 52.364867715000059)","Unfall 164282 (2024) Kat:3, Licht: 0","164282","3","2","4","09","09","2","","0","1","1","0","0"
"POINT (9.753459489000022 52.376670416000081)","Unfall 164283 (2024) Kat:3, Licht: 0","164283","3","2","5","09","14","2","","0","1","1","0","0"
"POINT (9.750878580000062 52.375558803000047)","Unfall 164288 (2024) Kat:2, Licht: 0","164288","2","2","5","09","15","2","","0","1","0","0","0"
"POINT (9.781154547000028 52.400232450000033)","Unfall 164302 (2024) Kat:3, Licht: 0","164302","3","3","5","09","18","1","","0","0","1","0","0"
"POINT (9.748825107000073 52.410860990000060)","Unfall 164307 (2024) Kat:3, Licht: 0","164307","3","3","5","09","14","6","","0","1","1","0","0"
"POINT (9.660651955000048 52.409456401000057)","Unfall 164309 (2024) Kat:3, Licht: 1","164309","3","6","0","09","20","1","","1","0","0","0","0"
"POINT (9.717723380000052 52.373198861000049)","Unfall 164310 (2024) Kat:2, Licht: 2","164310","2","3","0","09","01","1","","2","1","1","0","0"
"POINT (9.705764973000043 52.369988919000036)","Unfall 164323 (2024) Kat:2, Licht: 0","164323","2","2","5","09","15","3","","0","0","1","0","1"
"POINT (9.701867476000075 52.328913942000042)","Unfall 164332 (2024) Kat:3, Licht: 2","164332","3","7","0","08","23","7","","2","1","0","0","0"
"POINT (9.710130968000044 52.404549577000068)","Unfall 164333 (2024) Kat:3, Licht: 0","164333","3","3","5","08","16","7","","0","0","0","0","1"
"POINT (9.736690614000054 52.377153370000030)","Unfall 164334 (2024) Kat:3, Licht: 0","164334","3","5","1","08","17","7","","0","0","1","0","0"
"POINT (9.715225016000034 52.342583508000075)","Unfall 164336 (2024) Kat:3, Licht: 2","164336","3","7","0","08","04","7","","2","0","1","0","1"
"POINT (9.722072308000065 52.353229808000037)","Unfall 164357 (2024) Kat:3, Licht: 0","164357","3","6","2","08","09","6","","0","0","1","0","0"
"POINT (9.752820866000036 52.377282026000046)","Unfall 164358 (2024) Kat:3, Licht: 0","164358","3","2","3","08","08","6","","0","1","0","0","0"
"POINT (9.732795124000063 52.388115025000047)","Unfall 164362 (2024) Kat:3, Licht: 0","164362","3","3","5","08","15","6","","0","0","1","0","0"
"POINT (9.745828763000077 52.380972635000035)","Unfall 164363 (2024) Kat:3, Licht: 0","164363","3","3","5","08","13","6","","0","1","0","0","0"
"POINT (9.718533240000056 52.374331180000070)","Unfall 164370 (2024) Kat:3, Licht: 2","164370","3","7","0","09","23","7","","2","1","0","0","0"
"POINT (9.799755940000068 52.375353449000045)","Unfall 164373 (2024) Kat:3, Licht: 0","164373","3","4","6","09","07","2","","0","0","1","1","0"
"POINT (9.683876779000059 52.409608241000058)","Unfall 164395 (2024) Kat:3, Licht: 0","164395","3","7","0","09","15","6","","0","0","0","0","0"
"POINT (9.685326012000075 52.394336904000056)","Unfall 164398 (2024) Kat:3, Licht: 0","164398","3","7","0","08","17","5","","0","1","0","0","0"
"POINT (9.704208856000037 52.395333675000074)","Unfall 164399 (2024) Kat:3, Licht: 0","164399","3","7","1","08","16","5","","0","0","1","0","1"
"POINT (9.737419775000035 52.372069517000057)","Unfall 164400 (2024) Kat:3, Licht: 0","164400","3","3","0","08","09","5","","0","1","0","0","0"
"POINT (9.852784976000066 52.414559512000039)","Unfall 164402 (2024) Kat:3, Licht: 0","164402","3","7","8","08","17","5","","0","1","0","0","0"
"POINT (9.778905819000045 52.398799744000030)","Unfall 164403 (2024) Kat:3, Licht: 0","164403","3","3","5","08","16","5","","0","0","1","0","0"
"POINT (9.673052798000072 52.398135413000034)","Unfall 164409 (2024) Kat:3, Licht: 0","164409","3","5","1","08","16","5","","0","0","1","0","0"
"POINT (9.750475184000038 52.355984290000038)","Unfall 164410 (2024) Kat:3, Licht: 0","164410","3","5","1","08","14","5","","0","1","1","0","0"
"POINT (9.839973289000056 52.340476479000074)","Unfall 164455 (2024) Kat:3, Licht: 0","164455","3","5","1","08","08","4","","0","1","1","0","0"
"POINT (9.787600185000031 52.330786268000054)","Unfall 164456 (2024) Kat:3, Licht: 0","164456","3","3","5","08","16","4","","0","1","1","0","0"
"POINT (9.764667111000051 52.342722735000052)","Unfall 164457 (2024) Kat:3, Licht: 0","164457","3","7","6","08","16","4","","0","0","1","1","0"
"POINT (9.729766577000021 52.345304622000072)","Unfall 164461 (2024) Kat:3, Licht: 2","164461","3","7","1","09","21","3","","2","0","1","0","0"
"POINT (9.743025732000035 52.384532220000040)","Unfall 164463 (2024) Kat:2, Licht: 2","164463","2","4","6","08","03","4","","2","0","1","1","0"
"POINT (9.732495521000033 52.379169438000076)","Unfall 164464 (2024) Kat:3, Licht: 0","164464","3","6","3","08","11","4","","0","0","1","0","1"
"POINT (9.793737256000043 52.393456761000039)","Unfall 164497 (2024) Kat:3, Licht: 0","164497","3","3","5","08","18","3","","0","1","1","0","0"
"POINT (9.723193908000042 52.384239635000029)","Unfall 164498 (2024) Kat:3, Licht: 0","164498","3","7","0","08","16","3","","0","1","0","0","0"
"POINT (9.742832508000049 52.369644421000032)","Unfall 164499 (2024) Kat:3, Licht: 0","164499","3","7","0","08","16","3","","0","0","0","1","0"
"POINT (9.692760154000041 52.365131069000029)","Unfall 164500 (2024) Kat:3, Licht: 0","164500","3","3","5","08","07","3","","0","1","1","0","0"
"POINT (9.748326771000052 52.375863819000074)","Unfall 164509 (2024) Kat:2, Licht: 0","164509","2","4","6","08","14","3","","0","0","1","1","0"
"POINT (9.676231518000066 52.397366009000052)","Unfall 164550 (2024) Kat:3, Licht: 0","164550","3","2","5","08","10","2","","0","1","1","0","0"
"POINT (9.719812300000058 52.374942613000030)","Unfall 164551 (2024) Kat:3, Licht: 2","164551","3","7","0","08","22","2","","2","1","0","0","0"
"POINT (9.821020827000041 52.347979610000039)","Unfall 164552 (2024) Kat:3, Licht: 0","164552","3","3","5","08","11","2","","0","0","0","0","1"
"POINT (9.739374802000043 52.392998672000033)","Unfall 164553 (2024) Kat:3, Licht: 0","164553","3","7","0","08","06","2","","0","1","0","0","0"
"POINT (9.674088011000038 52.397749468000029)","Unfall 164557 (2024) Kat:3, Licht: 0","164557","3","4","6","08","18","2","","0","1","0","1","0"
"POINT (9.734034020000024 52.379888879000077)","Unfall 164568 (2024) Kat:3, Licht: 2","164568","3","1","0","10","19","5","","2","0","0","0","0"
"POINT (9.806346769000072 52.417220363000069)","Unfall 164569 (2024) Kat:3, Licht: 0","164569","3","3","5","10","15","5","","0","1","1","0","0"
"POINT (9.712741776000030 52.382153775000063)","Unfall 164592 (2024) Kat:3, Licht: 0","164592","3","3","5","10","07","4","","0","1","1","0","0"
"POINT (9.805126096000038 52.408851707000053)","Unfall 164596 (2024) Kat:3, Licht: 0","164596","3","2","5","10","16","4","","0","0","1","0","0"
"POINT (9.751913492000028 52.385900623000055)","Unfall 164597 (2024) Kat:3, Licht: 0","164597","3","2","5","10","07","4","","0","1","1","0","0"
"POINT (9.689030224000021 52.345787770000072)","Unfall 164630 (2024) Kat:3, Licht: 0","164630","3","7","0","10","11","3","","0","1","0","0","0"
"POINT (9.741380942000035 52.411356124000065)","Unfall 164631 (2024) Kat:3, Licht: 0","164631","3","6","2","10","09","3","","0","0","1","0","0"
"POINT (9.756466888000034 52.341202278000026)","Unfall 164632 (2024) Kat:3, Licht: 1","164632","3","1","7","10","15","3","","1","1","0","0","0"
"POINT (9.735831767000036 52.391766524000047)","Unfall 164633 (2024) Kat:3, Licht: 0","164633","3","3","5","10","14","3","","0","0","1","0","0"
"POINT (9.786983826000039 52.402934466000033)","Unfall 164635 (2024) Kat:3, Licht: 0","164635","3","7","0","10","13","3","","0","1","0","0","0"
"POINT (9.748204468000040 52.396047551000038)","Unfall 164636 (2024) Kat:3, Licht: 0","164636","3","7","0","10","09","3","","0","1","0","0","0"
"POINT (9.719147030000045 52.380585131000032)","Unfall 164640 (2024) Kat:3, Licht: 2","164640","3","6","2","10","17","3","","2","0","1","0","0"
"POINT (9.720244274000038 52.364432590000035)","Unfall 164641 (2024) Kat:3, Licht: 1","164641","3","3","5","10","16","3","","1","0","1","0","0"
"POINT (9.662934939000024 52.409778988000028)","Unfall 164671 (2024) Kat:3, Licht: 0","164671","3","4","0","10","14","2","","0","0","1","1","0"
"POINT (9.619663579000076 52.414394846000050)","Unfall 164672 (2024) Kat:3, Licht: 0","164672","3","1","0","10","07","2","","0","1","0","0","0"
"POINT (9.664703672000030 52.386638095000080)","Unfall 164673 (2024) Kat:3, Licht: 0","164673","3","7","0","10","16","2","","0","1","0","0","0"
"POINT (9.788185681000073 52.331020420000073)","Unfall 164674 (2024) Kat:3, Licht: 0","164674","3","7","0","10","12","2","","0","1","0","0","0"
"POINT (9.722999255000047 52.387866461000044)","Unfall 164676 (2024) Kat:3, Licht: 0","164676","3","1","0","10","11","2","","0","1","0","0","0"
"POINT (9.696947356000067 52.341457093000031)","Unfall 164696 (2024) Kat:3, Licht: 2","164696","3","6","2","10","19","1","","2","0","1","0","0"
"POINT (9.702079716000071 52.375106624000068)","Unfall 164697 (2024) Kat:3, Licht: 0","164697","3","7","0","10","12","1","","0","1","0","0","0"
"POINT (9.783397920000027 52.338160328000072)","Unfall 164698 (2024) Kat:3, Licht: 2","164698","3","7","0","10","21","1","","2","1","0","0","0"
"POINT (9.673873144000027 52.365321223000080)","Unfall 164712 (2024) Kat:3, Licht: 2","164712","3","3","5","10","19","7","","2","0","1","0","1"
"POINT (9.710583414000041 52.377416090000054)","Unfall 164713 (2024) Kat:3, Licht: 1","164713","3","7","0","10","18","7","","1","1","0","0","0"
"POINT (9.757250186000022 52.364222480000080)","Unfall 164715 (2024) Kat:2, Licht: 0","164715","2","7","0","10","13","7","","0","0","0","0","1"
"POINT (9.780306968000048 52.416598122000039)","Unfall 164716 (2024) Kat:2, Licht: 0","164716","2","7","0","10","10","7","","0","1","0","0","0"
"POINT (9.760908456000038 52.396092789000079)","Unfall 164764 (2024) Kat:3, Licht: 0","164764","3","1","0","10","15","6","","0","1","0","0","0"
"POINT (9.813894670000025 52.398967267000046)","Unfall 164769 (2024) Kat:2, Licht: 0","164769","2","2","5","10","12","6","","0","0","1","0","0"
"POINT (9.812658522000049 52.400649923000060)","Unfall 164771 (2024) Kat:2, Licht: 0","164771","2","1","0","10","12","6","","0","0","1","0","0"
"POINT (9.687732593000021 52.402564301000041)","Unfall 164809 (2024) Kat:3, Licht: 0","164809","3","3","5","10","15","5","","0","1","1","0","0"
"POINT (9.711720979000063 52.408553934000054)","Unfall 164810 (2024) Kat:3, Licht: 0","164810","3","7","5","10","16","5","","0","0","1","0","0"
"POINT (9.703976451000074 52.416877908000060)","Unfall 164811 (2024) Kat:3, Licht: 0","164811","3","6","2","10","10","5","","0","0","1","0","0"
"POINT (9.695472878000032 52.365545114000042)","Unfall 164812 (2024) Kat:3, Licht: 0","164812","3","3","5","10","09","5","","0","1","1","0","0"
"POINT (9.809665335000034 52.404881730000056)","Unfall 164813 (2024) Kat:3, Licht: 0","164813","3","3","5","10","14","5","","0","1","1","0","0"
"POINT (9.743562943000029 52.379517335000060)","Unfall 164815 (2024) Kat:3, Licht: 0","164815","3","7","0","10","11","5","","0","1","1","0","0"
"POINT (9.801388589000055 52.402891940000075)","Unfall 164816 (2024) Kat:2, Licht: 2","164816","2","3","5","10","07","5","","2","1","1","0","0"
"POINT (9.696358770000074 52.410916691000068)","Unfall 164844 (2024) Kat:3, Licht: 2","164844","3","3","5","10","21","4","","2","1","0","0","0"
"POINT (9.694451009000034 52.419473723000067)","Unfall 164846 (2024) Kat:3, Licht: 0","164846","3","6","2","10","12","4","","0","0","1","0","0"
"POINT (9.723007807000045 52.349848490000056)","Unfall 164847 (2024) Kat:3, Licht: 2","164847","3","6","2","10","19","4","","2","0","1","0","0"
"POINT (9.696951016000071 52.341447523000056)","Unfall 164848 (2024) Kat:3, Licht: 1","164848","3","6","2","10","17","4","","1","0","1","0","0"
"POINT (9.787606676000053 52.330792950000045)","Unfall 164849 (2024) Kat:3, Licht: 2","164849","3","4","6","10","21","4","","2","0","1","1","0"
"POINT (9.758210644000030 52.388704075000078)","Unfall 164850 (2024) Kat:3, Licht: 0","164850","3","1","0","10","12","4","","0","1","0","0","0"
"POINT (9.749823845000037 52.392589316000056)","Unfall 164851 (2024) Kat:3, Licht: 1","164851","3","3","0","10","18","4","","1","1","1","0","0"
"POINT (9.701738522000028 52.390591197000049)","Unfall 164887 (2024) Kat:3, Licht: 0","164887","3","7","0","10","17","3","","0","1","0","0","0"
"POINT (9.827945936000049 52.392223371000057)","Unfall 164888 (2024) Kat:3, Licht: 0","164888","3","3","5","10","16","3","","0","0","1","0","1"
"POINT (9.751944703000049 52.410387805000028)","Unfall 164889 (2024) Kat:3, Licht: 0","164889","3","6","2","10","10","3","","0","0","1","0","0"
"POINT (9.718497408000076 52.357730680000031)","Unfall 164923 (2024) Kat:3, Licht: 2","164923","3","6","4","10","01","2","","2","0","1","0","0"
"POINT (9.855753949000075 52.394110190000049)","Unfall 164924 (2024) Kat:3, Licht: 0","164924","3","5","1","10","13","2","","0","1","1","0","0"
"POINT (9.705266477000066 52.369832661000032)","Unfall 164925 (2024) Kat:3, Licht: 0","164925","3","6","2","10","15","2","","0","0","1","0","0"
"POINT (9.765715230000069 52.341872440000031)","Unfall 164926 (2024) Kat:3, Licht: 0","164926","3","3","5","10","08","2","","0","1","1","0","0"
"POINT (9.754913304000070 52.367388277000032)","Unfall 164933 (2024) Kat:2, Licht: 2","164933","2","2","5","10","18","3","","2","0","1","0","1"
"POINT (9.717038723000030 52.336341382000057)","Unfall 164949 (2024) Kat:3, Licht: 2","164949","3","7","0","10","23","1","","2","1","0","1","0"
"POINT (9.709263617000033 52.360178293000047)","Unfall 164950 (2024) Kat:3, Licht: 2","164950","3","3","5","10","22","1","","2","0","1","0","0"
"POINT (9.683999214000039 52.378122552000036)","Unfall 164951 (2024) Kat:3, Licht: 0","164951","3","6","6","10","16","1","","0","1","0","1","0"
"POINT (9.733756265000068 52.399033464000070)","Unfall 164967 (2024) Kat:3, Licht: 0","164967","3","1","0","10","12","7","","0","0","0","0","1"
"POINT (9.738671021000073 52.374396390000072)","Unfall 164968 (2024) Kat:3, Licht: 0","164968","3","7","0","10","15","7","","0","0","0","0","0"
"POINT (9.740837070000055 52.360831934000032)","Unfall 164969 (2024) Kat:3, Licht: 0","164969","3","6","6","10","15","7","","0","1","0","1","0"
"POINT (9.703755333000061 52.374667756000065)","Unfall 164970 (2024) Kat:3, Licht: 0","164970","3","7","0","10","10","7","","0","1","0","0","0"
"POINT (9.753607056000021 52.381477223000047)","Unfall 164971 (2024) Kat:3, Licht: 0","164971","3","3","5","10","10","7","","0","0","1","0","0"
"POINT (9.753112517000034 52.376511863000076)","Unfall 164975 (2024) Kat:3, Licht: 2","164975","3","6","0","10","22","7","","2","1","1","0","0"
"POINT (9.734183568000049 52.375470660000076)","Unfall 164976 (2024) Kat:2, Licht: 1","164976","2","6","6","10","17","7","","1","1","0","1","0"
"POINT (9.763419927000029 52.417112722000070)","Unfall 164977 (2024) Kat:2, Licht: 0","164977","2","3","5","10","12","7","","0","1","0","0","1"
"POINT (9.652183518000072 52.415198527000030)","Unfall 164997 (2024) Kat:3, Licht: 0","164997","3","6","2","10","13","6","","0","0","1","0","0"
"POINT (9.741728197000043 52.378522935000035)","Unfall 164998 (2024) Kat:3, Licht: 2","164998","3","7","0","10","00","6","","2","0","0","0","0"
"POINT (9.743528046000051 52.377802437000071)","Unfall 164999 (2024) Kat:3, Licht: 2","164999","3","5","1","10","20","6","","2","0","1","0","0"
"POINT (9.703981769000052 52.366857885000059)","Unfall 165000 (2024) Kat:3, Licht: 0","165000","3","3","5","10","11","6","","0","0","1","0","0"
"POINT (9.719700748000037 52.366447604000030)","Unfall 165001 (2024) Kat:3, Licht: 1","165001","3","7","0","10","07","6","","1","1","0","0","0"
"POINT (9.781694620000053 52.400382770000078)","Unfall 165002 (2024) Kat:3, Licht: 2","165002","3","2","5","10","19","6","","2","0","1","0","0"
"POINT (9.663737306000030 52.383995647000063)","Unfall 165004 (2024) Kat:3, Licht: 0","165004","3","4","6","10","11","6","","0","1","0","1","0"
"POINT (9.753697045000024 52.385264182000071)","Unfall 165005 (2024) Kat:3, Licht: 0","165005","3","7","9","10","17","6","","0","0","1","0","0"
"POINT (9.767823868000050 52.358138973000052)","Unfall 165024 (2024) Kat:3, Licht: 0","165024","3","2","4","10","11","5","","0","1","1","0","0"
"POINT (9.732421965000071 52.404447312000059)","Unfall 165025 (2024) Kat:3, Licht: 0","165025","3","3","5","10","07","5","","0","1","0","0","0"
"POINT (9.669782859000065 52.348097718000076)","Unfall 165026 (2024) Kat:3, Licht: 2","165026","3","3","5","10","06","5","","2","0","1","0","0"
"POINT (9.772321331000057 52.350615349000066)","Unfall 165027 (2024) Kat:3, Licht: 0","165027","3","6","3","10","13","5","","0","1","0","0","0"
"POINT (9.745912677000035 52.385353749000046)","Unfall 165028 (2024) Kat:3, Licht: 0","165028","3","4","6","10","11","5","","0","0","0","1","0"
"POINT (9.733730133000051 52.387345712000069)","Unfall 165053 (2024) Kat:3, Licht: 0","165053","3","2","3","10","09","4","","0","0","1","0","0"
"POINT (9.759363281000049 52.361480675000053)","Unfall 165093 (2024) Kat:3, Licht: 1","165093","3","7","0","10","18","3","","1","1","0","0","0"
"POINT (9.732632005000028 52.376735768000060)","Unfall 165094 (2024) Kat:3, Licht: 1","165094","3","2","5","10","07","3","","1","1","1","0","0"
"POINT (9.713569053000072 52.372217514000056)","Unfall 165095 (2024) Kat:3, Licht: 0","165095","3","5","4","10","11","3","","0","1","1","0","0"
"POINT (9.805315184000051 52.408163654000077)","Unfall 165096 (2024) Kat:3, Licht: 0","165096","3","2","3","10","17","3","","0","1","0","0","0"
"POINT (9.738892881000027 52.382654739000031)","Unfall 165097 (2024) Kat:3, Licht: 0","165097","3","3","5","10","16","3","","0","1","1","0","0"
"POINT (9.709337786000049 52.371618242000068)","Unfall 165099 (2024) Kat:3, Licht: 0","165099","3","3","5","10","13","3","","0","0","1","0","0"
"POINT (9.717737510000063 52.382114007000041)","Unfall 165120 (2024) Kat:3, Licht: 0","165120","3","6","4","10","13","2","","0","1","0","0","0"
"POINT (9.747789354000076 52.395394462000070)","Unfall 165124 (2024) Kat:3, Licht: 1","165124","3","2","5","10","18","2","","1","1","1","0","0"
"POINT (9.631226593000065 52.414074744000061)","Unfall 165137 (2024) Kat:3, Licht: 0","165137","3","1","4","10","17","1","","0","0","1","0","0"
"POINT (9.821442181000066 52.346100459000070)","Unfall 165148 (2024) Kat:3, Licht: 0","165148","3","2","6","10","09","7","","0","0","1","1","0"
"POINT (9.716997910000032 52.341689842000051)","Unfall 165174 (2024) Kat:3, Licht: 0","165174","3","2","5","10","11","6","","0","0","1","0","0"