WKT,Name,OBJECTID,UKATEGORIE,UTYP1,UART,UMONAT,USTUNDE,UWOCHENTAG,STRZUSTAND,ULICHTVERH,ISTRAD,ISTPKW,ISTFUSS,ISTKRAD
"POINT (9.744014043000050 52.374401279000040)","Unfall 165175 (2024) Kat:3, Licht: 2","165175","3","3","5","10","18","6","","2","1","1","0","0"
"POINT (9.745371043000034 52.372694624000076)","Unfall 165176 (2024) Kat:3, Licht: 0","165176","3","3","5","10","13","6","","0","0","1","0","0"
"POINT (9.792939853000064 52.394915232000074)","Unfall 165177 (2024) Kat:3, Licht: 0","165177","3","6","3","10","16","6","","0","0","1","0","0"
"POINT (9.820958280000070 52.350854386000037)","Unfall 165179 (2024) Kat:3, Licht: 0","165179","3","3","5","10","13","6","","0","1","1","0","0"
"POINT (9.829918233000058 52.333645692000061)","Unfall 165183 (2024) Kat:3, Licht: 2","165183","3","2","5","10","23","6","","2","0","1","0","0"
"POINT (9.753702694000026 52.381981714000062)","Unfall 165184 (2024) Kat:3, Licht: 0","165184","3","2","5","10","08","6","","0","1","0","0","0"
"POINT (9.717879477000054 52.335637370000029)","Unfall 165200 (2024) Kat:3, Licht: 0","165200","3","5","0","10","16","3","","0","1","1","0","0"
"POINT (9.717741545000024 52.379853887000081)","Unfall 165211 (2024) Kat:3, Licht: 0","165211","3","3","5","10","17","5","","0","1","0","0","1"
"POINT (9.694095270000048 52.352755456000068)","Unfall 165231 (2024) Kat:3, Licht: 0","165231","3","6","2","10","10","4","","0","0","1","0","0"
"POINT (9.718405356000062 52.381039903000044)","Unfall 165232 (2024) Kat:3, Licht: 2","165232","3","4","0","10","18","4","","2","0","0","1","0"
"POINT (9.720404359000042 52.391454232000058)","Unfall 165233 (2024) Kat:3, Licht: 0","165233","3","1","0","10","15","4","","0","0","0","0","0"
"POINT (9.736771242000032 52.376949506000074)","Unfall 165234 (2024) Kat:3, Licht: 0","165234","3","2","4","10","17","4","","0","1","1","0","0"
"POINT (9.744060338000054 52.372369936000041)","Unfall 165235 (2024) Kat:3, Licht: 0","165235","3","1","0","10","13","4","","0","1","0","0","0"
"POINT (9.734295006000025 52.375374899000064)","Unfall 165236 (2024) Kat:3, Licht: 0","165236","3","7","0","10","11","4","","0","1","0","0","0"
"POINT (9.673514246000025 52.356184385000063)","Unfall 165237 (2024) Kat:3, Licht: 0","165237","3","7","0","10","11","4","","0","1","0","0","0"
"POINT (9.689030540000033 52.345785824000075)","Unfall 165240 (2024) Kat:2, Licht: 0","165240","2","2","5","10","15","4","","0","1","1","0","0"
"POINT (9.697224762000076 52.413711445000047)","Unfall 165241 (2024) Kat:3, Licht: 2","165241","3","2","5","10","05","4","","2","0","1","0","1"
"POINT (9.737887603000047 52.381907700000056)","Unfall 165251 (2024) Kat:3, Licht: 2","165251","3","3","5","10","19","2","","2","0","1","0","1"
"POINT (9.759050254000044 52.367256765000036)","Unfall 165272 (2024) Kat:3, Licht: 0","165272","3","5","1","10","16","3","","0","1","1","0","0"
"POINT (9.656581964000054 52.415674937000063)","Unfall 165273 (2024) Kat:3, Licht: 2","165273","3","7","0","10","19","3","","2","0","0","0","0"
"POINT (9.712221306000060 52.357072222000056)","Unfall 165274 (2024) Kat:3, Licht: 0","165274","3","3","5","10","11","3","","0","1","1","0","0"
"POINT (9.739630618000035 52.381099179000046)","Unfall 165275 (2024) Kat:3, Licht: 2","165275","3","4","6","10","19","3","","2","0","1","1","0"
"POINT (9.653593463000050 52.411957946000030)","Unfall 165277 (2024) Kat:2, Licht: 0","165277","2","3","5","10","10","3","","0","1","1","0","0"
"POINT (9.759923790000073 52.379477430000065)","Unfall 165294 (2024) Kat:3, Licht: 2","165294","3","7","0","10","22","2","","2","1","0","0","0"
"POINT (9.750866075000033 52.375573710000026)","Unfall 165295 (2024) Kat:3, Licht: 0","165295","3","2","5","10","10","2","","0","0","1","0","1"
"POINT (9.716037236000034 52.382467931000065)","Unfall 165318 (2024) Kat:3, Licht: 0","165318","3","1","0","10","17","1","","0","0","0","0","1"
"POINT (9.747087757000031 52.394055285000036)","Unfall 165319 (2024) Kat:3, Licht: 2","165319","3","7","7","10","20","1","","2","1","0","0","0"
"POINT (9.662881772000048 52.403376805000050)","Unfall 165338 (2024) Kat:3, Licht: 0","165338","3","1","8","10","13","7","","0","0","0","0","0"
"POINT (9.835276717000056 52.392248403000053)","Unfall 165339 (2024) Kat:3, Licht: 0","165339","3","3","5","10","16","7","","0","1","1","0","0"
"POINT (9.677628770000069 52.395961659000079)","Unfall 165362 (2024) Kat:3, Licht: 0","165362","3","3","5","10","18","6","","0","1","1","0","0"
"POINT (9.731026483000051 52.378653386000053)","Unfall 165363 (2024) Kat:3, Licht: 0","165363","3","2","4","10","09","6","","0","1","1","0","0"
"POINT (9.733783576000064 52.384641463000037)","Unfall 165377 (2024) Kat:2, Licht: 0","165377","2","3","5","10","08","3","","0","0","1","0","0"
"POINT (9.716854830000045 52.375259595000045)","Unfall 165382 (2024) Kat:3, Licht: 2","165382","3","7","0","10","03","5","","2","0","0","0","0"
"POINT (9.736596420000069 52.371231964000060)","Unfall 165383 (2024) Kat:3, Licht: 2","165383","3","2","5","10","20","5","","2","1","1","0","0"
"POINT (9.697070589000077 52.413249774000064)","Unfall 165416 (2024) Kat:3, Licht: 0","165416","3","7","0","10","11","4","","0","1","0","0","0"
"POINT (9.783653373000050 52.406685475000074)","Unfall 165417 (2024) Kat:3, Licht: 0","165417","3","1","0","10","18","4","","0","0","0","0","0"
"POINT (9.749032779000061 52.401278117000061)","Unfall 165418 (2024) Kat:3, Licht: 0","165418","3","7","6","10","16","4","","0","0","1","1","0"
"POINT (9.785346017000052 52.410195961000056)","Unfall 165422 (2024) Kat:2, Licht: 2","165422","2","1","8","10","00","4","","2","0","1","0","0"
"POINT (9.762757059000023 52.410244732000081)","Unfall 165423 (2024) Kat:3, Licht: 2","165423","3","2","5","10","22","4","","2","0","1","0","0"
"POINT (9.863003542000058 52.361115209000047)","Unfall 165424 (2024) Kat:3, Licht: 0","165424","3","3","5","10","14","3","","0","0","1","0","0"
"POINT (9.782048429000042 52.360951712000031)","Unfall 165456 (2024) Kat:3, Licht: 0","165456","3","6","2","10","15","3","","0","0","1","0","0"
"POINT (9.763616754000054 52.368866856000068)","Unfall 165457 (2024) Kat:3, Licht: 0","165457","3","7","0","10","12","3","","0","1","0","0","0"
"POINT (9.679066406000061 52.395215110000038)","Unfall 165458 (2024) Kat:3, Licht: 0","165458","3","1","9","10","16","3","","0","0","1","0","0"
"POINT (9.731847819000052 52.364873665000061)","Unfall 165459 (2024) Kat:3, Licht: 2","165459","3","3","5","10","06","3","","2","1","1","0","0"
"POINT (9.792855365000037 52.403282639000054)","Unfall 165460 (2024) Kat:3, Licht: 0","165460","3","6","2","10","13","3","","0","0","1","0","0"
"POINT (9.740107159000047 52.399637679000080)","Unfall 165461 (2024) Kat:3, Licht: 0","165461","3","3","5","10","18","3","","0","1","1","0","0"
"POINT (9.754165393000051 52.390700087000027)","Unfall 165462 (2024) Kat:3, Licht: 0","165462","3","6","6","10","13","3","","0","1","0","1","0"
"POINT (9.808410234000064 52.332122099000060)","Unfall 165491 (2024) Kat:3, Licht: 1","165491","3","1","8","10","06","1","","1","0","1","0","0"
"POINT (9.716651847000037 52.372640036000064)","Unfall 165500 (2024) Kat:3, Licht: 2","165500","3","7","8","10","02","5","","2","0","0","0","0"
"POINT (9.677878716000066 52.395528252000076)","Unfall 165508 (2024) Kat:3, Licht: 0","165508","3","7","0","09","15","2","","0","1","0","0","0"
"POINT (9.703788900000063 52.328867833000061)","Unfall 165509 (2024) Kat:3, Licht: 2","165509","3","2","4","09","20","2","","2","1","1","0","0"
"POINT (9.726732714000036 52.345584526000039)","Unfall 165510 (2024) Kat:3, Licht: 0","165510","3","6","4","09","09","2","","0","0","1","0","0"
"POINT (9.736019624000050 52.393018418000054)","Unfall 165511 (2024) Kat:3, Licht: 0","165511","3","7","6","09","12","2","","0","0","1","1","0"
"POINT (9.826885077000043 52.330096892000029)","Unfall 165533 (2024) Kat:3, Licht: 0","165533","3","1","0","10","15","5","","0","0","0","0","1"
"POINT (9.704699445000074 52.334746699000050)","Unfall 165539 (2024) Kat:3, Licht: 0","165539","3","7","0","09","17","1","","0","1","0","0","0"
"POINT (9.708702670000037 52.373024525000062)","Unfall 165540 (2024) Kat:3, Licht: 0","165540","3","7","0","09","09","1","","0","0","0","0","0"
"POINT (9.771774015000062 52.421315261000075)","Unfall 165544 (2024) Kat:3, Licht: 0","165544","3","4","6","09","15","1","","0","0","1","1","0"
"POINT (9.709350497000059 52.340209459000050)","Unfall 165567 (2024) Kat:3, Licht: 0","165567","3","5","1","09","10","7","","0","1","1","0","0"
"POINT (9.716097465000075 52.387746604000029)","Unfall 165568 (2024) Kat:3, Licht: 0","165568","3","3","5","09","16","7","","0","1","1","0","0"
"POINT (9.708803216000035 52.372989932000053)","Unfall 165569 (2024) Kat:3, Licht: 0","165569","3","7","0","09","18","7","","0","1","0","0","0"
"POINT (9.773099388000048 52.350783737000029)","Unfall 165570 (2024) Kat:3, Licht: 1","165570","3","3","0","09","18","7","","1","1","0","0","0"
"POINT (9.764990337000029 52.393762296000034)","Unfall 165571 (2024) Kat:3, Licht: 0","165571","3","6","2","09","14","7","","0","0","1","0","0"
"POINT (9.692690782000057 52.396664738000027)","Unfall 165576 (2024) Kat:3, Licht: 0","165576","3","2","5","09","14","7","","0","1","1","0","0"
"POINT (9.615833469000052 52.418770099000028)","Unfall 165608 (2024) Kat:3, Licht: 1","165608","3","2","4","12","15","2","","1","0","1","0","0"
"POINT (9.732729828000060 52.376732258000061)","Unfall 165609 (2024) Kat:3, Licht: 2","165609","3","2","5","12","20","2","","2","1","1","0","0"
"POINT (9.731161717000077 52.380375746000027)","Unfall 165610 (2024) Kat:3, Licht: 0","165610","3","6","6","12","12","2","","0","0","1","1","0"
"POINT (9.704490035000049 52.374474383000063)","Unfall 165611 (2024) Kat:3, Licht: 0","165611","3","5","3","12","09","2","","0","1","1","0","0"
"POINT (9.734729963000063 52.412438234000035)","Unfall 165612 (2024) Kat:3, Licht: 0","165612","3","6","2","12","09","2","","0","0","1","0","0"
"POINT (9.774217690000057 52.335618949000036)","Unfall 165613 (2024) Kat:3, Licht: 0","165613","3","2","5","12","10","2","","0","0","1","0","0"
"POINT (9.695486412000037 52.408862080000063)","Unfall 165617 (2024) Kat:2, Licht: 2","165617","2","2","6","12","21","2","","2","0","1","1","0"
"POINT (9.766371696000022 52.393987128000049)","Unfall 165619 (2024) Kat:3, Licht: 2","165619","3","6","2","12","16","2","","2","0","1","0","0"
"POINT (9.710653376000039 52.367314828000076)","Unfall 165639 (2024) Kat:3, Licht: 0","165639","3","7","0","12","12","1","","0","1","0","0","0"
"POINT (9.853662103000033 52.360559756000043)","Unfall 165675 (2024) Kat:3, Licht: 2","165675","3","3","5","12","18","6","","2","0","1","0","0"
"POINT (9.790620431000036 52.407197035000081)","Unfall 165676 (2024) Kat:3, Licht: 2","165676","3","6","2","12","16","6","","2","0","1","0","0"
"POINT (9.821421864000058 52.341780577000065)","Unfall 165677 (2024) Kat:3, Licht: 0","165677","3","3","5","12","14","6","","0","0","1","0","1"
"POINT (9.742912013000023 52.375137524000081)","Unfall 165715 (2024) Kat:3, Licht: 0","165715","3","3","5","12","11","5","","0","0","1","0","0"
"POINT (9.712935059000074 52.371558043000050)","Unfall 165716 (2024) Kat:3, Licht: 2","165716","3","7","0","12","17","5","","2","1","0","0","0"
"POINT (9.739933401000030 52.380938131000050)","Unfall 165717 (2024) Kat:3, Licht: 0","165717","3","7","2","12","07","5","","0","0","1","0","0"
"POINT (9.716457520000063 52.372702819000040)","Unfall 165735 (2024) Kat:3, Licht: 2","165735","3","7","0","12","21","4","","2","1","0","0","0"
"POINT (9.781712668000068 52.414125582000054)","Unfall 165738 (2024) Kat:2, Licht: 2","165738","2","3","5","12","07","4","","2","1","1","0","0"
"POINT (9.816175047000058 52.387141778000057)","Unfall 165739 (2024) Kat:2, Licht: 0","165739","2","4","6","12","12","4","","0","0","1","1","0"
"POINT (9.706864221000046 52.407839170000045)","Unfall 165740 (2024) Kat:3, Licht: 0","165740","3","3","5","12","13","4","","0","0","1","0","0"
"POINT (9.794322586000021 52.376341593000063)","Unfall 165770 (2024) Kat:3, Licht: 0","165770","3","4","6","12","16","3","","0","0","1","1","0"
"POINT (9.674234690000048 52.397520041000064)","Unfall 165771 (2024) Kat:3, Licht: 2","165771","3","6","2","12","16","4","","2","0","1","0","0"
"POINT (9.697646441000074 52.392218708000030)","Unfall 165772 (2024) Kat:3, Licht: 0","165772","3","5","0","12","13","3","","0","1","1","0","0"
"POINT (9.711091046000035 52.367231999000069)","Unfall 165773 (2024) Kat:3, Licht: 0","165773","3","7","0","12","11","3","","0","1","0","0","0"
"POINT (9.683604853000077 52.408843082000033)","Unfall 165799 (2024) Kat:3, Licht: 2","165799","3","3","5","12","16","2","","2","1","1","0","0"
"POINT (9.723017976000051 52.349815586000034)","Unfall 165800 (2024) Kat:3, Licht: 2","165800","3","6","2","12","18","2","","2","0","1","0","1"
"POINT (9.739074869000035 52.373466653000037)","Unfall 165801 (2024) Kat:3, Licht: 2","165801","3","7","6","12","21","2","","2","0","1","1","0"
"POINT (9.739389251000034 52.372139506000053)","Unfall 165802 (2024) Kat:3, Licht: 1","165802","3","7","6","12","15","2","","1","0","1","1","0"
"POINT (9.857128778000060 52.366685261000043)","Unfall 165803 (2024) Kat:3, Licht: 2","165803","3","1","0","12","00","2","","2","1","0","0","0"
"POINT (9.672216790000050 52.354125346000046)","Unfall 165804 (2024) Kat:3, Licht: 0","165804","3","7","7","12","08","2","","0","1","0","0","0"
"POINT (9.816447044000029 52.331702606000079)","Unfall 165805 (2024) Kat:3, Licht: 1","165805","3","7","0","12","18","2","","1","0","0","0","1"
"POINT (9.729641830000048 52.398556435000046)","Unfall 165806 (2024) Kat:2, Licht: 2","165806","2","5","1","12","17","2","","2","1","1","0","0"
"POINT (9.652819543000021 52.415594559000056)","Unfall 165808 (2024) Kat:3, Licht: 2","165808","3","2","5","12","05","2","","2","1","1","0","0"
"POINT (9.727489603000038 52.398912417000076)","Unfall 165821 (2024) Kat:3, Licht: 2","165821","3","6","0","12","16","1","","2","1","0","0","0"
"POINT (9.748310108000055 52.386446436000028)","Unfall 165822 (2024) Kat:3, Licht: 2","165822","3","6","6","12","18","1","","2","0","1","1","0"
"POINT (9.751591139000027 52.376944876000039)","Unfall 165823 (2024) Kat:3, Licht: 1","165823","3","5","5","12","16","1","","1","1","0","0","0"
"POINT (9.719694233000041 52.366476637000062)","Unfall 165829 (2024) Kat:3, Licht: 1","165829","3","7","2","12","16","5","","1","0","1","0","0"
"POINT (9.653080044000035 52.412926926000068)","Unfall 165846 (2024) Kat:3, Licht: 0","165846","3","3","5","11","12","7","","0","1","1","0","0"
"POINT (9.707658975000072 52.328788416000066)","Unfall 165848 (2024) Kat:3, Licht: 2","165848","3","2","2","11","17","7","","2","0","1","0","1"
"POINT (9.713460558000065 52.342282688000068)","Unfall 165885 (2024) Kat:3, Licht: 0","165885","3","2","5","11","10","6","","0","1","1","0","0"
"POINT (9.744280680000031 52.371361638000053)","Unfall 165886 (2024) Kat:3, Licht: 0","165886","3","3","5","11","13","6","","0","1","1","0","0"
"POINT (9.700530445000027 52.371881132000055)","Unfall 165887 (2024) Kat:3, Licht: 2","165887","3","7","0","11","21","6","","2","1","0","0","0"
"POINT (9.687229830000035 52.358504969000080)","Unfall 165888 (2024) Kat:3, Licht: 2","165888","3","5","1","11","17","6","","2","0","1","0","0"
"POINT (9.758147707000035 52.412986805000060)","Unfall 165889 (2024) Kat:3, Licht: 2","165889","3","2","6","11","17","6","","2","0","1","1","0"
"POINT (9.781391351000025 52.326114334000067)","Unfall 165890 (2024) Kat:3, Licht: 2","165890","3","3","5","11","17","6","","2","1","1","0","0"
"POINT (9.834150692000037 52.349138104000076)","Unfall 165892 (2024) Kat:2, Licht: 2","165892","2","5","1","11","20","6","","2","0","1","0","0"
"POINT (9.869310835000022 52.370898590000081)","Unfall 165893 (2024) Kat:3, Licht: 2","165893","3","2","5","11","06","6","","2","1","1","0","0"
"POINT (9.793144138000059 52.397014501000058)","Unfall 165912 (2024) Kat:3, Licht: 0","165912","3","6","2","11","08","5","","0","0","1","0","0"
"POINT (9.754920771000059 52.367416675000072)","Unfall 165942 (2024) Kat:3, Licht: 0","165942","3","3","5","11","10","4","","0","0","1","0","0"
"POINT (9.791904299000066 52.402737622000075)","Unfall 165943 (2024) Kat:3, Licht: 2","165943","3","2","5","11","16","4","","2","1","1","0","0"
"POINT (9.747385753000060 52.387605114000053)","Unfall 165944 (2024) Kat:3, Licht: 2","165944","3","3","5","11","16","4","","2","1","1","0","0"
"POINT (9.816538842000057 52.410556956000050)","Unfall 165945 (2024) Kat:3, Licht: 0","165945","3","4","6","11","13","4","","0","0","1","1","0"
"POINT (9.804750477000027 52.392276726000034)","Unfall 165946 (2024) Kat:3, Licht: 1","165946","3","3","5","11","08","4","","1","1","1","0","0"
"POINT (9.763044908000040 52.405978333000064)","Unfall 165976 (2024) Kat:3, Licht: 1","165976","3","7","0","11","06","3","","1","1","0","0","0"
"POINT (9.800105186000053 52.406056997000064)","Unfall 165977 (2024) Kat:3, Licht: 2","165977","3","4","6","11","19","3","","2","0","1","1","0"
"POINT (9.734615748000067 52.380179120000037)","Unfall 166007 (2024) Kat:3, Licht: 2","166007","3","2","6","11","19","2","","2","0","1","1","0"
"POINT (9.725325831000021 52.383530692000079)","Unfall 166028 (2024) Kat:3, Licht: 2","166028","3","7","0","11","17","1","","2","0","0","0","0"
"POINT (9.801916065000057 52.432009679000032)","Unfall 166029 (2024) Kat:2, Licht: 2","166029","2","3","5","11","17","1","","2","1","1","0","0"
"POINT (9.703487641000038 52.382380543000068)","Unfall 166030 (2024) Kat:3, Licht: 2","166030","3","1","3","11","00","1","","2","1","0","0","0"
"POINT (9.703261390000023 52.368390688000034)","Unfall 166054 (2024) Kat:3, Licht: 0","166054","3","1","0","11","08","7","","0","1","0","0","0"
"POINT (9.747291080000025 52.365219292000063)","Unfall 166079 (2024) Kat:3, Licht: 0","166079","3","5","3","11","13","6","","0","1","1","0","0"
"POINT (9.674084287000028 52.397597920000067)","Unfall 166080 (2024) Kat:3, Licht: 1","166080","3","4","6","11","07","6","","1","0","1","1","0"
"POINT (9.711137481000037 52.360502160000067)","Unfall 166082 (2024) Kat:3, Licht: 0","166082","3","6","3","11","13","6","","0","0","1","0","0"
"POINT (9.763459242000067 52.400681289000033)","Unfall 166083 (2024) Kat:3, Licht: 2","166083","3","3","5","11","17","6","","2","1","0","0","1"
"POINT (9.812295170000027 52.387068524000028)","Unfall 166104 (2024) Kat:3, Licht: 0","166104","3","3","5","11","12","5","","0","0","1","0","0"
"POINT (9.616870573000028 52.417932579000080)","Unfall 166105 (2024) Kat:3, Licht: 0","166105","3","2","2","11","14","5","","0","0","1","0","0"
"POINT (9.735794464000037 52.381204700000069)","Unfall 166106 (2024) Kat:3, Licht: 0","166106","3","3","5","11","08","5","","0","1","1","0","0"
"POINT (9.741836536000051 52.369036843000060)","Unfall 166107 (2024) Kat:3, Licht: 0","166107","3","5","5","11","08","5","","0","1","1","0","0"
"POINT (9.792492938000066 52.414564623000047)","Unfall 166108 (2024) Kat:3, Licht: 0","166108","3","7","0","11","14","5","","0","0","1","1","0"
"POINT (9.749266016000036 52.376177297000027)","Unfall 166109 (2024) Kat:3, Licht: 0","166109","3","7","0","11","12","5","","0","0","0","0","0"
"POINT (9.767320580000046 52.357990084000051)","Unfall 166143 (2024) Kat:3, Licht: 0","166143","3","6","2","11","14","4","","0","0","1","0","0"
"POINT (9.730109041000048 52.369045481000057)","Unfall 166144 (2024) Kat:3, Licht: 2","166144","3","3","5","11","05","4","","2","1","1","0","0"
"POINT (9.711560935000023 52.370766417000027)","Unfall 166145 (2024) Kat:3, Licht: 2","166145","3","2","5","11","17","4","","2","1","1","0","0"
"POINT (9.714036896000039 52.371195081000053)","Unfall 166146 (2024) Kat:3, Licht: 0","166146","3","6","4","11","14","4","","0","1","0","0","0"
"POINT (9.805070256000022 52.409146420000070)","Unfall 166147 (2024) Kat:3, Licht: 0","166147","3","6","2","11","10","4","","0","0","1","0","0"
"POINT (9.790242636000073 52.408531099000072)","Unfall 166148 (2024) Kat:3, Licht: 0","166148","3","1","0","11","10","4","","0","0","0","0","1"
"POINT (9.806417963000058 52.417236173000049)","Unfall 166164 (2024) Kat:3, Licht: 1","166164","3","3","5","12","15","6","","1","1","1","0","0"
"POINT (9.823383372000023 52.384332399000073)","Unfall 166173 (2024) Kat:3, Licht: 0","166173","3","2","6","11","07","3","","0","0","1","1","0"
"POINT (9.757466024000053 52.374332314000071)","Unfall 166174 (2024) Kat:3, Licht: 0","166174","3","5","1","11","12","3","","0","0","1","0","0"
"POINT (9.754913304000070 52.367388277000032)","Unfall 166212 (2024) Kat:3, Licht: 2","166212","3","3","5","11","05","2","","2","0","1","0","0"
"POINT (9.695560719000071 52.408846118000042)","Unfall 166213 (2024) Kat:3, Licht: 0","166213","3","1","0","11","14","2","","0","0","0","0","0"
"POINT (9.737409715000069 52.380766357000027)","Unfall 166214 (2024) Kat:3, Licht: 1","166214","3","4","6","11","17","2","","1","1","0","1","0"
"POINT (9.731167837000044 52.373815084000057)","Unfall 166240 (2024) Kat:3, Licht: 2","166240","3","5","1","11","18","1","","2","1","1","0","0"
"POINT (9.725462688000050 52.387583344000063)","Unfall 166250 (2024) Kat:3, Licht: 2","166250","3","7","0","11","20","7","","2","1","0","0","0"
"POINT (9.717095501000074 52.338102096000057)","Unfall 166251 (2024) Kat:2, Licht: 0","166251","2","1","0","11","15","7","","0","1","0","0","0"
"POINT (9.769469367000056 52.336224283000035)","Unfall 166252 (2024) Kat:3, Licht: 0","166252","3","7","0","11","13","7","","0","0","1","0","0"
"POINT (9.717998064000028 52.362147063000066)","Unfall 166272 (2024) Kat:3, Licht: 1","166272","3","3","5","11","16","6","","1","1","1","0","0"
"POINT (9.716426512000055 52.388607175000061)","Unfall 166273 (2024) Kat:3, Licht: 0","166273","3","3","5","11","14","6","","0","0","1","0","0"
"POINT (9.702980100000048 52.374871789000053)","Unfall 166274 (2024) Kat:3, Licht: 1","166274","3","5","0","11","17","6","","1","1","1","0","0"
"POINT (9.703355847000068 52.374772897000071)","Unfall 166275 (2024) Kat:3, Licht: 0","166275","3","5","1","11","12","6","","0","1","1","0","0"
"POINT (9.726066869000022 52.381754003000026)","Unfall 166280 (2024) Kat:3, Licht: 0","166280","3","3","5","11","15","6","","0","1","1","0","0"
"POINT (9.790523459000042 52.411021394000045)","Unfall 166282 (2024) Kat:3, Licht: 0","166282","3","7","4","11","07","6","","0","0","1","0","0"
"POINT (9.665672119000021 52.421467246000077)","Unfall 166286 (2024) Kat:3, Licht: 0","166286","3","2","3","11","12","6","","0","0","1","0","0"
"POINT (9.805985198000030 52.413721787000043)","Unfall 166305 (2024) Kat:3, Licht: 0","166305","3","7","0","11","08","5","","0","0","0","0","0"
"POINT (9.790889565000043 52.328366402000029)","Unfall 166306 (2024) Kat:3, Licht: 0","166306","3","6","2","11","15","5","","0","0","1","0","0"
"POINT (9.751657779000027 52.385914740000032)","Unfall 166307 (2024) Kat:3, Licht: 2","166307","3","2","6","11","17","5","","2","0","1","1","0"
"POINT (9.751782566000031 52.386152988000049)","Unfall 166309 (2024) Kat:3, Licht: 0","166309","3","5","1","11","12","5","","0","0","1","0","0"
"POINT (9.791905470000074 52.403208676000077)","Unfall 166311 (2024) Kat:3, Licht: 2","166311","3","6","2","11","19","5","","2","0","1","0","0"
"POINT (9.750742682000066 52.394947146000050)","Unfall 166312 (2024) Kat:2, Licht: 0","166312","2","3","5","11","15","5","","0","1","1","0","0"
"POINT (9.741177647000029 52.378063706000034)","Unfall 166313 (2024) Kat:3, Licht: 0","166313","3","1","0","11","10","5","","0","1","0","0","0"
"POINT (9.698735777000024 52.328863426000055)","Unfall 166329 (2024) Kat:2, Licht: 1","166329","2","2","6","12","08","2","","1","0","1","1","0"
"POINT (9.757165548000046 52.388823302000048)","Unfall 166344 (2024) Kat:3, Licht: 0","166344","3","3","5","11","12","4","","0","1","1","0","0"
"POINT (9.732679769000072 52.379351522000036)","Unfall 166345 (2024) Kat:3, Licht: 0","166345","3","2","0","11","12","4","","0","1","1","0","0"
"POINT (9.693004365000036 52.348980613000037)","Unfall 166351 (2024) Kat:3, Licht: 2","166351","3","2","2","11","22","4","","2","1","1","0","0"
"POINT (9.731371161000027 52.398026988000026)","Unfall 166352 (2024) Kat:3, Licht: 2","166352","3","4","6","11","17","4","","2","0","1","1","0"
"POINT (9.788530063000053 52.402059079000026)","Unfall 166353 (2024) Kat:3, Licht: 2","166353","3","2","6","11","17","4","","2","0","1","1","0"
"POINT (9.744183321000037 52.373040280000055)","Unfall 166355 (2024) Kat:3, Licht: 0","166355","3","6","0","11","10","4","","0","1","0","0","0"
"POINT (9.732949877000067 52.379343909000056)","Unfall 166387 (2024) Kat:3, Licht: 2","166387","3","6","2","11","17","3","","2","0","1","0","0"
"POINT (9.711323826000068 52.370844461000047)","Unfall 166388 (2024) Kat:3, Licht: 0","166388","3","2","4","11","08","3","","0","0","1","0","0"
"POINT (9.700045563000060 52.334159372000045)","Unfall 166416 (2024) Kat:3, Licht: 0","166416","3","2","5","11","15","2","","0","1","0","0","0"
"POINT (9.752840993000063 52.370111610000038)","Unfall 166417 (2024) Kat:3, Licht: 0","166417","3","6","3","12","08","6","","0","0","1","0","0"
"POINT (9.690429913000060 52.374247840000066)","Unfall 166418 (2024) Kat:3, Licht: 2","166418","3","3","5","11","16","2","","2","1","1","0","0"
"POINT (9.781293560000051 52.326072434000082)","Unfall 166419 (2024) Kat:3, Licht: 2","166419","3","7","6","11","18","2","","2","0","1","1","0"
"POINT (9.733525901000064 52.382093639000061)","Unfall 166445 (2024) Kat:3, Licht: 0","166445","3","1","1","11","12","1","","0","0","1","0","0"
"POINT (9.706358110000053 52.371061168000040)","Unfall 166446 (2024) Kat:3, Licht: 2","166446","3","7","0","11","18","1","","2","1","0","0","0"
"POINT (9.830376190000038 52.346183475000032)","Unfall 166460 (2024) Kat:3, Licht: 2","166460","3","1","0","11","20","7","","2","0","0","0","0"
"POINT (9.791273788000069 52.374331814000072)","Unfall 166472 (2024) Kat:3, Licht: 0","166472","3","3","5","11","09","6","","0","0","1","0","0"
"POINT (9.747136709000074 52.387363449000077)","Unfall 166474 (2024) Kat:3, Licht: 0","166474","3","5","3","11","13","6","","0","1","1","0","0"
"POINT (9.695780034000052 52.372375562000059)","Unfall 166476 (2024) Kat:3, Licht: 2","166476","3","2","6","11","17","6","","2","0","1","1","0"
"POINT (9.869025822000026 52.368088789000069)","Unfall 166498 (2024) Kat:3, Licht: 0","166498","3","6","2","11","07","5","","0","0","1","0","0"
"POINT (9.711899560000063 52.370210432000079)","Unfall 166499 (2024) Kat:3, Licht: 2","166499","3","1","0","11","16","5","","2","1","0","0","0"
"POINT (9.761767797000061 52.334513925000067)","Unfall 166500 (2024) Kat:3, Licht: 2","166500","3","4","6","11","17","5","","2","1","0","1","0"