WKT,Name,OBJECTID,UKATEGORIE,UTYP1,UART,UMONAT,USTUNDE,UWOCHENTAG,STRZUSTAND,ULICHTVERH,ISTRAD,ISTPKW,ISTFUSS,ISTKRAD
"POINT (9.782417685000041 52.400369469000054)","Unfall 166501 (2024) Kat:3, Licht: 2","166501","3","4","6","11","19","5","","2","0","1","1","0"
"POINT (9.764207717000033 52.417379175000065)","Unfall 166503 (2024) Kat:3, Licht: 0","166503","3","3","5","11","13","5","","0","0","1","0","0"
"POINT (9.753910369000039 52.386240033000036)","Unfall 166504 (2024) Kat:3, Licht: 0","166504","3","2","5","11","11","5","","0","1","1","0","0"
"POINT (9.712923985000032 52.384723744000041)","Unfall 166513 (2024) Kat:3, Licht: 2","166513","3","3","0","11","19","5","","2","1","0","0","0"
"POINT (9.791299340000023 52.404156827000065)","Unfall 166541 (2024) Kat:3, Licht: 0","166541","3","3","5","11","10","4","","0","0","1","0","0"
"POINT (9.702869776000057 52.369203050000067)","Unfall 166542 (2024) Kat:2, Licht: 0","166542","2","2","6","11","14","4","","0","0","1","1","0"
"POINT (9.692581235000034 52.398579705000031)","Unfall 166543 (2024) Kat:3, Licht: 0","166543","3","2","5","11","07","4","","0","0","1","0","0"
"POINT (9.654931878000070 52.409679261000065)","Unfall 166570 (2024) Kat:3, Licht: 0","166570","3","5","0","11","15","3","","0","0","1","0","0"
"POINT (9.775551402000076 52.399223268000071)","Unfall 166571 (2024) Kat:3, Licht: 0","166571","3","1","0","11","12","3","","0","0","0","0","0"
"POINT (9.759602279000035 52.335221861000036)","Unfall 166573 (2024) Kat:3, Licht: 0","166573","3","7","3","11","16","3","","0","0","1","0","0"
"POINT (9.801432140000031 52.377088625000056)","Unfall 166574 (2024) Kat:2, Licht: 0","166574","2","5","1","11","14","3","","0","1","1","0","0"
"POINT (9.816334642000072 52.386903723000046)","Unfall 166613 (2024) Kat:3, Licht: 0","166613","3","2","4","11","07","2","","0","1","1","0","0"
"POINT (9.675225319000049 52.365442689000076)","Unfall 166621 (2024) Kat:3, Licht: 1","166621","3","6","2","11","14","3","","1","0","1","0","0"
"POINT (9.765452112000048 52.418582149000031)","Unfall 166630 (2024) Kat:2, Licht: 0","166630","2","1","0","11","13","1","","0","1","0","0","0"
"POINT (9.770089214000052 52.358792896000068)","Unfall 166649 (2024) Kat:2, Licht: 1","166649","2","7","0","11","20","7","","1","1","0","0","0"
"POINT (9.723028313000043 52.349620482000034)","Unfall 166651 (2024) Kat:3, Licht: 1","166651","3","2","4","11","19","7","","1","0","1","0","0"
"POINT (9.756441843000061 52.394477914000049)","Unfall 166652 (2024) Kat:3, Licht: 2","166652","3","3","5","11","00","7","","2","0","1","0","0"
"POINT (9.735977723000076 52.380768539000030)","Unfall 166655 (2024) Kat:3, Licht: 0","166655","3","2","5","11","16","7","","0","1","0","0","0"
"POINT (9.683247894000033 52.326450209000029)","Unfall 166667 (2024) Kat:3, Licht: 2","166667","3","3","5","11","06","6","","2","0","1","0","0"
"POINT (9.796021699000050 52.375467037000078)","Unfall 167369 (2024) Kat:3, Licht: 2","167369","3","2","0","12","20","3","","2","1","1","0","0"
"POINT (9.662932371000068 52.409774848000040)","Unfall 167370 (2024) Kat:3, Licht: 2","167370","3","2","6","12","20","3","","2","0","1","1","0"
"POINT (9.764379544000064 52.342861379000055)","Unfall 167371 (2024) Kat:3, Licht: 2","167371","3","3","5","12","18","3","","2","0","1","0","0"
"POINT (9.735324269000046 52.387078139000039)","Unfall 167372 (2024) Kat:3, Licht: 0","167372","3","5","1","12","13","3","","0","1","0","0","0"
"POINT (9.732605408000040 52.379210750000027)","Unfall 167398 (2024) Kat:3, Licht: 0","167398","3","3","5","12","10","7","","0","1","1","0","0"
"POINT (9.741450479000036 52.371156927000072)","Unfall 167409 (2024) Kat:3, Licht: 0","167409","3","2","4","12","09","6","","0","1","1","0","0"
"POINT (9.747769388000052 52.395363118000034)","Unfall 167423 (2024) Kat:3, Licht: 2","167423","3","3","5","12","04","4","","2","1","1","0","0"
"POINT (9.791187943000068 52.396832848000031)","Unfall 167433 (2024) Kat:3, Licht: 0","167433","3","6","2","12","10","3","","0","0","1","0","0"
"POINT (9.675759461000041 52.356776829000069)","Unfall 167450 (2024) Kat:3, Licht: 0","167450","3","7","0","12","11","2","","0","1","1","0","0"
"POINT (9.767622990000064 52.358079287000066)","Unfall 167452 (2024) Kat:3, Licht: 2","167452","3","2","5","12","18","2","","2","0","1","0","0"
"POINT (9.814074516000062 52.331899007000061)","Unfall 167487 (2024) Kat:3, Licht: 0","167487","3","1","5","12","13","7","","0","0","1","0","0"
"POINT (9.763111331000061 52.395153778000065)","Unfall 167488 (2024) Kat:3, Licht: 2","167488","3","6","2","12","17","7","","2","0","1","0","0"
"POINT (9.738626849000070 52.381393512000045)","Unfall 167489 (2024) Kat:3, Licht: 1","167489","3","3","5","12","15","7","","1","1","1","0","0"
"POINT (9.669679440000039 52.365457829000036)","Unfall 167492 (2024) Kat:3, Licht: 0","167492","3","4","6","12","13","7","","0","0","1","1","0"
"POINT (9.791334414000062 52.374348172000055)","Unfall 167518 (2024) Kat:3, Licht: 0","167518","3","7","5","12","11","6","","0","1","1","0","0"
"POINT (9.769081000000028 52.356052291000026)","Unfall 167520 (2024) Kat:2, Licht: 0","167520","2","1","8","12","11","6","","0","0","1","0","0"
"POINT (9.716893659000050 52.338672927000061)","Unfall 167521 (2024) Kat:3, Licht: 0","167521","3","6","2","12","13","6","","0","0","1","0","0"
"POINT (9.719753641000068 52.367441367000026)","Unfall 167522 (2024) Kat:3, Licht: 2","167522","3","7","0","12","18","6","","2","1","1","0","0"
"POINT (9.742420951000042 52.390295341000069)","Unfall 167523 (2024) Kat:3, Licht: 2","167523","3","7","0","12","20","6","","2","0","1","0","0"
"POINT (9.806086510000057 52.404245741000068)","Unfall 167527 (2024) Kat:3, Licht: 0","167527","3","5","1","12","15","6","","0","0","0","0","0"
"POINT (9.765537187000064 52.354100771000049)","Unfall 167558 (2024) Kat:3, Licht: 0","167558","3","7","5","12","14","5","","0","1","1","0","0"
"POINT (9.743940161000069 52.370985290000078)","Unfall 167559 (2024) Kat:3, Licht: 1","167559","3","3","5","12","16","5","","1","0","1","0","0"
"POINT (9.739865323000060 52.382968909000056)","Unfall 167560 (2024) Kat:3, Licht: 1","167560","3","6","2","12","16","5","","1","0","1","0","0"
"POINT (9.743421521000073 52.389700736000066)","Unfall 167561 (2024) Kat:3, Licht: 0","167561","3","7","5","12","13","5","","0","1","1","0","0"
"POINT (9.745859735000067 52.382280227000081)","Unfall 167562 (2024) Kat:3, Licht: 2","167562","3","7","6","12","07","5","","2","0","1","1","0"
"POINT (9.730523387000062 52.374849002000076)","Unfall 167568 (2024) Kat:3, Licht: 0","167568","3","7","5","12","13","5","","0","0","1","0","0"
"POINT (9.662903271000062 52.409727920000080)","Unfall 167596 (2024) Kat:3, Licht: 1","167596","3","7","7","12","16","4","","1","1","0","1","0"
"POINT (9.689443135000033 52.349524398000028)","Unfall 167597 (2024) Kat:3, Licht: 1","167597","3","6","2","12","15","4","","1","0","1","0","0"
"POINT (9.726257993000047 52.377253857000028)","Unfall 167598 (2024) Kat:3, Licht: 1","167598","3","3","5","12","16","4","","1","1","1","0","0"
"POINT (9.724778736000076 52.368479349000040)","Unfall 167599 (2024) Kat:3, Licht: 0","167599","3","3","5","12","09","4","","0","1","1","0","0"
"POINT (9.738138344000049 52.381803182000056)","Unfall 167600 (2024) Kat:2, Licht: 0","167600","2","3","5","12","14","4","","0","1","1","0","0"
"POINT (9.823802894000039 52.383437518000051)","Unfall 167624 (2024) Kat:3, Licht: 2","167624","3","3","5","12","22","3","","2","1","1","0","0"
"POINT (9.803981255000053 52.377767982000080)","Unfall 167625 (2024) Kat:3, Licht: 0","167625","3","5","1","12","13","3","","0","0","1","1","0"
"POINT (9.690518459000032 52.395212562000040)","Unfall 167626 (2024) Kat:3, Licht: 2","167626","3","3","5","12","18","3","","2","1","1","0","0"
"POINT (9.841669889000059 52.392235964000065)","Unfall 167627 (2024) Kat:3, Licht: 0","167627","3","5","1","12","15","3","","0","1","0","0","0"
"POINT (9.716961400000059 52.341756784000040)","Unfall 167628 (2024) Kat:3, Licht: 1","167628","3","2","5","12","15","3","","1","1","1","0","0"
"POINT (9.675044233000051 52.397262735000027)","Unfall 167654 (2024) Kat:3, Licht: 1","167654","3","7","2","12","07","2","","1","1","0","0","0"
"POINT (9.710601009000072 52.334737570000073)","Unfall 167655 (2024) Kat:3, Licht: 1","167655","3","6","4","12","07","2","","1","1","0","0","0"
"POINT (9.872684788000072 52.378527611000038)","Unfall 167656 (2024) Kat:3, Licht: 2","167656","3","5","1","12","07","2","","2","0","0","0","0"
"POINT (9.771353724000051 52.338728746000072)","Unfall 167657 (2024) Kat:3, Licht: 0","167657","3","3","5","12","11","2","","0","1","1","0","0"
"POINT (9.726118490000033 52.381724082000062)","Unfall 167660 (2024) Kat:2, Licht: 0","167660","2","5","0","12","09","2","","0","1","1","0","0"
"POINT (9.732293864000042 52.379093625000053)","Unfall 167676 (2024) Kat:3, Licht: 2","167676","3","4","6","12","00","1","","2","0","1","1","0"
"POINT (9.713300389000040 52.371440762000077)","Unfall 167677 (2024) Kat:3, Licht: 2","167677","3","7","0","12","00","1","","2","1","0","0","0"
"POINT (9.756550038000057 52.339919093000049)","Unfall 167678 (2024) Kat:3, Licht: 2","167678","3","6","6","12","02","1","","2","0","0","1","0"
"POINT (9.754142951000063 52.379162319000045)","Unfall 167680 (2024) Kat:3, Licht: 2","167680","3","1","8","12","02","1","","2","0","1","0","0"
"POINT (9.807818575000056 52.404107710000062)","Unfall 167692 (2024) Kat:3, Licht: 0","167692","3","5","4","12","14","7","","0","1","1","0","0"
"POINT (9.754455913000072 52.385552312000073)","Unfall 167693 (2024) Kat:3, Licht: 2","167693","3","5","1","12","20","7","","2","0","1","0","0"
"POINT (9.773708089000024 52.400381476000064)","Unfall 167695 (2024) Kat:2, Licht: 2","167695","2","4","6","12","17","7","","2","1","0","1","0"
"POINT (9.717705649000038 52.364339816000040)","Unfall 167696 (2024) Kat:3, Licht: 2","167696","3","3","5","12","23","7","","2","1","1","0","0"
"POINT (9.706484543000045 52.373785332000068)","Unfall 167711 (2024) Kat:3, Licht: 0","167711","3","3","5","12","12","6","","0","1","1","0","0"
"POINT (9.689673177000032 52.349481030000049)","Unfall 167718 (2024) Kat:3, Licht: 2","167718","3","2","6","12","17","6","","2","0","1","1","0"
"POINT (9.708776795000063 52.370557365000082)","Unfall 167754 (2024) Kat:3, Licht: 0","167754","3","3","5","12","13","5","","0","1","1","0","0"
"POINT (9.718288783000048 52.381112316000042)","Unfall 167789 (2024) Kat:3, Licht: 2","167789","3","4","6","12","18","4","","2","0","1","1","0"
"POINT (9.725423228000068 52.386559802000079)","Unfall 167790 (2024) Kat:3, Licht: 0","167790","3","5","1","12","09","4","","0","1","1","0","0"
"POINT (9.736081018000050 52.416207408000048)","Unfall 167793 (2024) Kat:3, Licht: 2","167793","3","3","5","12","16","4","","2","0","1","0","0"
"POINT (9.823149509000075 52.388623471000074)","Unfall 167817 (2024) Kat:3, Licht: 0","167817","3","7","0","12","08","3","","0","1","0","0","0"
"POINT (9.696188901000028 52.335870638000074)","Unfall 167818 (2024) Kat:3, Licht: 0","167818","3","5","1","12","14","3","","0","1","1","0","0"
"POINT (9.696952607000071 52.341443365000032)","Unfall 167819 (2024) Kat:3, Licht: 0","167819","3","6","2","12","08","3","","0","0","1","0","0"
"POINT (9.741007914000022 52.398807154000053)","Unfall 167822 (2024) Kat:3, Licht: 2","167822","3","3","5","12","07","3","","2","1","1","0","0"
"POINT (9.735448262000034 52.376742233000073)","Unfall 167823 (2024) Kat:2, Licht: 0","167823","2","5","0","12","12","3","","0","0","1","0","0"
"POINT (9.807192504000056 52.417369617000077)","Unfall 262419 (2024) Kat:3, Licht: 2","262419","3","1","8","01","03","2","","2","1","0","0","0"
"POINT (9.697012452000024 52.377742810000029)","Unfall 262423 (2024) Kat:3, Licht: 2","262423","3","7","0","01","19","5","","2","1","0","0","0"
"POINT (9.759706423000068 52.361201837000067)","Unfall 262436 (2024) Kat:3, Licht: 0","262436","3","4","6","01","12","2","","0","1","0","1","0"
"POINT (9.739816532000077 52.361867926000059)","Unfall 262442 (2024) Kat:3, Licht: 0","262442","3","6","3","02","16","1","","0","1","0","0","0"
"POINT (9.793269213000031 52.374800802000038)","Unfall 262448 (2024) Kat:2, Licht: 2","262448","2","4","6","02","21","3","","2","1","0","1","0"
"POINT (9.749908251000022 52.349296692000053)","Unfall 262454 (2024) Kat:2, Licht: 2","262454","2","7","7","02","19","3","","2","1","0","0","0"
"POINT (9.765748702000053 52.375080110000056)","Unfall 262455 (2024) Kat:3, Licht: 0","262455","3","7","7","02","17","4","","0","1","0","0","0"
"POINT (9.814330871000038 52.375763292000045)","Unfall 262466 (2024) Kat:3, Licht: 0","262466","3","7","0","03","13","7","","0","1","0","0","0"
"POINT (9.725807250000059 52.361868857000047)","Unfall 262470 (2024) Kat:2, Licht: 0","262470","2","1","0","03","11","5","","0","1","0","0","0"
"POINT (9.729382069000053 52.355426063000039)","Unfall 262478 (2024) Kat:3, Licht: 0","262478","3","1","7","03","17","4","","0","1","0","0","0"
"POINT (9.734183890000054 52.366543118000038)","Unfall 262487 (2024) Kat:3, Licht: 0","262487","3","6","6","04","19","1","","0","1","0","1","0"
"POINT (9.762806118000071 52.350084570000035)","Unfall 262493 (2024) Kat:3, Licht: 0","262493","3","6","6","04","11","4","","0","1","0","1","0"
"POINT (9.738165109000022 52.366497664000065)","Unfall 262494 (2024) Kat:3, Licht: 0","262494","3","6","3","04","07","4","","0","1","0","0","0"
"POINT (9.703175529000021 52.378387476000057)","Unfall 262500 (2024) Kat:3, Licht: 0","262500","3","3","5","04","10","1","","0","1","0","0","0"
"POINT (9.752479522000044 52.399319190000028)","Unfall 262501 (2024) Kat:3, Licht: 0","262501","3","6","4","04","19","1","","0","1","0","0","0"
"POINT (9.766645551000067 52.382147826000050)","Unfall 262502 (2024) Kat:3, Licht: 0","262502","3","7","0","04","15","2","","0","1","0","0","0"
"POINT (9.822345993000056 52.398061156000040)","Unfall 262507 (2024) Kat:3, Licht: 0","262507","3","3","5","04","17","5","","0","1","0","0","0"
"POINT (9.716246587000057 52.373754344000076)","Unfall 262508 (2024) Kat:3, Licht: 2","262508","3","7","0","04","01","1","","2","1","0","0","0"
"POINT (9.849044117000062 52.343478260000040)","Unfall 262524 (2024) Kat:3, Licht: 0","262524","3","7","6","05","13","5","","0","1","0","0","0"
"POINT (9.816680861000066 52.403479251000078)","Unfall 262533 (2024) Kat:3, Licht: 0","262533","3","7","0","05","11","5","","0","1","0","0","0"
"POINT (9.734008178000067 52.410346361000052)","Unfall 262534 (2024) Kat:3, Licht: 0","262534","3","1","0","05","14","5","","0","1","0","0","0"
"POINT (9.739926584000045 52.342984312000056)","Unfall 262535 (2024) Kat:3, Licht: 0","262535","3","2","5","05","18","5","","0","1","0","0","0"
"POINT (9.746512406000022 52.353757881000035)","Unfall 262544 (2024) Kat:3, Licht: 0","262544","3","4","0","05","18","7","","0","1","0","1","0"
"POINT (9.714072496000028 52.376779257000067)","Unfall 262545 (2024) Kat:3, Licht: 2","262545","3","1","9","05","01","1","","2","1","0","0","0"
"POINT (9.740862475000029 52.360488416000067)","Unfall 262550 (2024) Kat:3, Licht: 0","262550","3","1","0","05","08","3","","0","1","0","0","0"
"POINT (9.749329375000059 52.411722971000074)","Unfall 262552 (2024) Kat:3, Licht: 0","262552","3","6","0","05","13","4","","0","1","0","0","0"
"POINT (9.786102551000056 52.401302646000033)","Unfall 262553 (2024) Kat:3, Licht: 0","262553","3","4","6","05","19","4","","0","1","0","1","0"
"POINT (9.785827602000040 52.359203239000067)","Unfall 262554 (2024) Kat:3, Licht: 0","262554","3","1","9","05","15","4","","0","1","0","0","0"
"POINT (9.732314106000047 52.369756222000035)","Unfall 262555 (2024) Kat:3, Licht: 0","262555","3","6","4","05","19","4","","0","1","0","0","0"
"POINT (9.681264834000046 52.381392626000036)","Unfall 262558 (2024) Kat:3, Licht: 0","262558","3","1","8","05","10","7","","0","1","0","0","0"
"POINT (9.714054145000034 52.376646374000075)","Unfall 262559 (2024) Kat:3, Licht: 2","262559","3","7","0","05","03","7","","2","1","0","0","0"
"POINT (9.688272907000055 52.380877785000052)","Unfall 262563 (2024) Kat:3, Licht: 1","262563","3","7","0","05","04","1","","1","1","0","0","0"
"POINT (9.713085997000064 52.377991711000050)","Unfall 262569 (2024) Kat:3, Licht: 2","262569","3","7","7","05","03","5","","2","1","0","0","0"
"POINT (9.749640299000021 52.342356952000046)","Unfall 262573 (2024) Kat:3, Licht: 0","262573","3","4","6","05","14","7","","0","1","0","1","0"
"POINT (9.730585019000046 52.348248752000075)","Unfall 262581 (2024) Kat:3, Licht: 0","262581","3","7","0","05","15","6","","0","1","0","0","0"
"POINT (9.815706127000055 52.381214471000078)","Unfall 262583 (2024) Kat:3, Licht: 2","262583","3","5","1","06","00","7","","2","1","1","0","0"
"POINT (9.752455120000036 52.399312532000067)","Unfall 262588 (2024) Kat:3, Licht: 0","262588","3","6","4","06","16","4","","0","1","0","0","0"
"POINT (9.713296773000025 52.376377552000065)","Unfall 262596 (2024) Kat:3, Licht: 2","262596","3","6","4","06","03","1","","2","1","0","0","0"
"POINT (9.757468613000071 52.382360114000051)","Unfall 262603 (2024) Kat:3, Licht: 0","262603","3","3","5","06","12","5","","0","1","0","0","0"
"POINT (9.719711598000060 52.345969243000070)","Unfall 262604 (2024) Kat:3, Licht: 0","262604","3","6","8","06","10","5","","0","1","0","0","0"
"POINT (9.683385674000021 52.383228299000052)","Unfall 262606 (2024) Kat:3, Licht: 0","262606","3","7","0","06","21","6","","0","1","0","0","0"
"POINT (9.715382244000068 52.333516055000075)","Unfall 262609 (2024) Kat:3, Licht: 0","262609","3","1","0","06","15","2","","0","1","0","0","0"
"POINT (9.738540522000051 52.363235036000049)","Unfall 262616 (2024) Kat:3, Licht: 0","262616","3","6","2","06","14","6","","0","1","0","0","0"
"POINT (9.734012600000028 52.361200271000030)","Unfall 262619 (2024) Kat:3, Licht: 0","262619","3","7","0","06","15","7","","0","1","0","0","0"
"POINT (9.796725161000040 52.405556268000055)","Unfall 262628 (2024) Kat:2, Licht: 0","262628","2","4","6","06","17","3","","0","1","0","1","0"
"POINT (9.772038256000030 52.417994517000068)","Unfall 262634 (2024) Kat:3, Licht: 0","262634","3","1","0","06","20","4","","0","1","0","0","0"
"POINT (9.739626932000021 52.353528607000044)","Unfall 262635 (2024) Kat:3, Licht: 0","262635","3","3","5","06","14","4","","0","1","0","0","0"
"POINT (9.749901143000045 52.398767554000074)","Unfall 262637 (2024) Kat:2, Licht: 0","262637","2","7","0","06","08","5","","0","1","0","0","0"
"POINT (9.781047285000056 52.405962464000027)","Unfall 262640 (2024) Kat:3, Licht: 0","262640","3","7","0","06","09","6","","0","1","0","0","0"
"POINT (9.693005657000072 52.378601885000080)","Unfall 262646 (2024) Kat:3, Licht: 0","262646","3","7","0","07","13","3","","0","1","0","0","0"
"POINT (9.763539045000073 52.348111477000032)","Unfall 262650 (2024) Kat:3, Licht: 0","262650","3","7","0","07","16","6","","0","1","0","0","0"
"POINT (9.749828571000023 52.342349631000047)","Unfall 262651 (2024) Kat:3, Licht: 2","262651","3","6","3","07","00","7","","2","1","0","0","0"
"POINT (9.725817411000037 52.361860214000046)","Unfall 262652 (2024) Kat:3, Licht: 0","262652","3","7","0","07","11","7","","0","1","0","0","0"
"POINT (9.717491092000046 52.354565251000054)","Unfall 262656 (2024) Kat:3, Licht: 0","262656","3","7","0","07","17","2","","0","1","0","0","0"
"POINT (9.773474416000056 52.400542710000082)","Unfall 262658 (2024) Kat:3, Licht: 0","262658","3","2","3","07","16","4","","0","1","1","0","0"
"POINT (9.790509480000026 52.358011504000046)","Unfall 262663 (2024) Kat:3, Licht: 0","262663","3","1","0","07","11","1","","0","1","0","0","0"
"POINT (9.760810309000021 52.329015203000040)","Unfall 262664 (2024) Kat:3, Licht: 0","262664","3","6","0","07","11","2","","0","1","0","0","0"
"POINT (9.785827602000040 52.359203239000067)","Unfall 262667 (2024) Kat:3, Licht: 0","262667","3","7","0","07","15","3","","0","1","0","1","0"
"POINT (9.715604953000025 52.382074899000031)","Unfall 262668 (2024) Kat:3, Licht: 0","262668","3","6","3","07","18","3","","0","1","0","0","0"
"POINT (9.769978889000072 52.356882292000080)","Unfall 262678 (2024) Kat:3, Licht: 0","262678","3","3","5","07","09","1","","0","1","0","0","0"
"POINT (9.785827602000040 52.359203239000067)","Unfall 262679 (2024) Kat:2, Licht: 0","262679","2","7","0","07","09","1","","0","1","0","0","0"
"POINT (9.755160986000021 52.344235333000029)","Unfall 262687 (2024) Kat:3, Licht: 0","262687","3","3","0","07","15","5","","0","1","0","0","0"
"POINT (9.713119188000064 52.383601624000050)","Unfall 262688 (2024) Kat:3, Licht: 0","262688","3","7","0","07","15","5","","0","1","0","0","0"
"POINT (9.734104799000022 52.359943193000049)","Unfall 262698 (2024) Kat:3, Licht: 0","262698","3","4","6","08","18","7","","0","1","0","1","0"
"POINT (9.785118219000026 52.359186232000070)","Unfall 262699 (2024) Kat:2, Licht: 0","262699","2","7","0","08","11","7","","0","1","0","0","0"
"POINT (9.738356524000039 52.357593288000032)","Unfall 262700 (2024) Kat:3, Licht: 0","262700","3","5","4","08","15","7","","0","1","0","0","0"
"POINT (9.732527791000052 52.377530970000066)","Unfall 262701 (2024) Kat:3, Licht: 2","262701","3","7","0","08","00","1","","2","1","0","0","0"
"POINT (9.665835405000053 52.411895341000047)","Unfall 262706 (2024) Kat:3, Licht: 0","262706","3","7","0","08","15","2","","0","1","0","0","0"
"POINT (9.744407841000054 52.345462955000073)","Unfall 262708 (2024) Kat:3, Licht: 0","262708","3","3","5","08","10","3","","0","1","0","0","0"
"POINT (9.754031775000044 52.336777660000052)","Unfall 262718 (2024) Kat:3, Licht: 0","262718","3","6","0","08","17","7","","0","1","0","0","0"
"POINT (9.783913288000065 52.358039455000039)","Unfall 262723 (2024) Kat:3, Licht: 0","262723","3","6","4","08","11","1","","0","1","0","0","0"
"POINT (9.778776816000061 52.355035662000034)","Unfall 262725 (2024) Kat:3, Licht: 0","262725","3","6","3","08","15","2","","0","1","0","0","0"
"POINT (9.716246587000057 52.373754344000076)","Unfall 262727 (2024) Kat:3, Licht: 0","262727","3","6","4","08","17","2","","0","1","0","0","0"
"POINT (9.710956241000076 52.380049626000073)","Unfall 262734 (2024) Kat:3, Licht: 0","262734","3","6","4","08","08","7","","0","1","0","0","0"
"POINT (9.826397295000049 52.394387397000060)","Unfall 262736 (2024) Kat:3, Licht: 2","262736","3","6","6","08","22","2","","2","1","0","1","0"
"POINT (9.757117291000043 52.364585763000036)","Unfall 262741 (2024) Kat:3, Licht: 0","262741","3","7","1","08","09","4","","0","1","1","0","0"
"POINT (9.727932826000028 52.330277431000070)","Unfall 262745 (2024) Kat:3, Licht: 0","262745","3","7","0","08","14","5","","0","1","0","0","0"
"POINT (9.696751636000045 52.407842177000077)","Unfall 262748 (2024) Kat:3, Licht: 0","262748","3","2","5","08","12","7","","0","1","0","0","0"
"POINT (9.762971963000041 52.387177001000055)","Unfall 262753 (2024) Kat:3, Licht: 0","262753","3","1","0","08","16","3","","0","1","0","0","0"
"POINT (9.793269213000031 52.374800802000038)","Unfall 262759 (2024) Kat:3, Licht: 0","262759","3","3","5","08","16","4","","0","1","1","0","0"
"POINT (9.693346026000029 52.378447684000037)","Unfall 262769 (2024) Kat:3, Licht: 0","262769","3","6","4","09","11","1","","0","1","0","0","0"
"POINT (9.750526453000077 52.348497252000072)","Unfall 262770 (2024) Kat:3, Licht: 0","262770","3","7","0","09","17","1","","0","1","0","0","0"
"POINT (9.843210479000049 52.394765339000060)","Unfall 262773 (2024) Kat:2, Licht: 1","262773","2","7","0","09","20","2","","1","1","0","0","0"
"POINT (9.774898010000072 52.377901727000051)","Unfall 262783 (2024) Kat:3, Licht: 0","262783","3","7","0","09","16","5","","0","1","0","0","0"
"POINT (9.689826685000071 52.334540476000029)","Unfall 262787 (2024) Kat:3, Licht: 0","262787","3","7","5","09","13","6","","0","1","0","0","0"
"POINT (9.729818787000056 52.400021206000076)","Unfall 262797 (2024) Kat:2, Licht: 1","262797","2","7","0","09","18","4","","1","1","0","0","0"
"POINT (9.746235153000043 52.392903386000057)","Unfall 262800 (2024) Kat:2, Licht: 0","262800","2","7","0","09","11","5","","0","1","0","0","0"
"POINT (9.740866740000058 52.352873103000036)","Unfall 262803 (2024) Kat:3, Licht: 0","262803","3","6","3","09","15","1","","0","1","0","0","0"
"POINT (9.792768215000024 52.356562506000046)","Unfall 262805 (2024) Kat:3, Licht: 0","262805","3","7","0","09","18","2","","0","1","0","0","0"
"POINT (9.774838853000062 52.380817329000081)","Unfall 262808 (2024) Kat:3, Licht: 0","262808","3","3","5","09","16","4","","0","1","0","0","0"
"POINT (9.747805487000051 52.342746123000040)","Unfall 262814 (2024) Kat:3, Licht: 0","262814","3","7","0","09","14","7","","0","1","0","0","0"
"POINT (9.788707662000036 52.358922835000044)","Unfall 262819 (2024) Kat:3, Licht: 0","262819","3","7","0","09","13","2","","0","1","0","0","0"
"POINT (9.768379169000070 52.359929888000067)","Unfall 262823 (2024) Kat:3, Licht: 2","262823","3","7","0","09","19","4","","2","1","0","0","0"
"POINT (9.836418968000032 52.338442678000035)","Unfall 262830 (2024) Kat:3, Licht: 0","262830","3","1","0","09","17","2","","0","1","0","0","0"
"POINT (9.791077522000023 52.406585306000068)","Unfall 262832 (2024) Kat:3, Licht: 0","262832","3","6","4","10","11","4","","0","1","0","0","0"
"POINT (9.682693421000067 52.383487310000078)","Unfall 262838 (2024) Kat:3, Licht: 0","262838","3","7","0","10","09","3","","0","1","0","0","0"
"POINT (9.682693421000067 52.383487310000078)","Unfall 262839 (2024) Kat:3, Licht: 0","262839","3","7","0","10","09","3","","0","1","0","0","0"
"POINT (9.757419308000067 52.331430979000061)","Unfall 262846 (2024) Kat:3, Licht: 0","262846","3","7","0","10","17","5","","0","1","0","0","0"
"POINT (9.821502285000065 52.383457572000054)","Unfall 262849 (2024) Kat:3, Licht: 0","262849","3","7","0","10","09","1","","0","1","0","0","0"
"POINT (9.752377405000061 52.342222229000072)","Unfall 262851 (2024) Kat:3, Licht: 0","262851","3","6","3","10","15","3","","0","1","0","0","0"
"POINT (9.812152704000027 52.369137577000060)","Unfall 262855 (2024) Kat:3, Licht: 0","262855","3","7","2","10","15","7","","0","1","0","0","0"
"POINT (9.767782772000032 52.349668396000027)","Unfall 262856 (2024) Kat:3, Licht: 0","262856","3","1","0","10","12","4","","0","1","0","0","0"
"POINT (9.770905076000076 52.350616197000079)","Unfall 262859 (2024) Kat:3, Licht: 0","262859","3","1","8","11","14","7","","0","1","0","0","0"
"POINT (9.737383586000021 52.357564719000038)","Unfall 262861 (2024) Kat:3, Licht: 2","262861","3","6","4","11","17","3","","2","1","0","0","0"
"POINT (9.843551456000057 52.371045830000071)","Unfall 262875 (2024) Kat:1, Licht: 2","262875","1","1","0","12","20","1","","2","1","0","0","0"
"POINT (9.693043474000035 52.378584489000048)","Unfall 262877 (2024) Kat:3, Licht: 0","262877","3","7","0","12","09","3","","0","1","0","0","0"